name,ra,dec,glon,glat,hard_hs,hard_hm,hard_ms,flux_aper_b,simbad_otype,prob_AGN,predicted_class
2CXO J054010.8-691954,85.04602845527296,-69.33185932546313,279.7173549696101,-31.51580620007861,0.15865084322299,0.11492816989382,0.044971892567145,3.7998165908559e-11,cm,0.4567644240802785,stellar
2CXO J053516.4-052322,83.81863228814609,-5.389694880830104,209.0107593840232,-19.38402506863695,-0.18363522798251,0.016239850093691,-0.19862585883823,2.7013994622286996e-12,HH,0.6492232962860207,AGN
2CXO J121032.5+392420,182.63569990212136,39.40583501406621,155.07717980833638,75.06306226243775,0.77326670830731,0.83822610868207,-0.18613366645846,1.875564322657e-11,Rad,0.9129107076819628,AGN
2CXO J113151.5-123158,172.96487380773056,-12.533000299067862,274.42717864174244,45.888176922106815,0.14366021236727,0.33104309806371,-0.19612742036227,7.7429613766872e-12,gLS,0.7035222157877605,AGN
2CXO J053517.9-052245,83.82478698402525,-5.379322340743287,209.00389151535936,-19.37386820494459,0.1686445971268,0.21361648969394,-0.046221111805122,2.0232287966401997e-12,IR,0.5127938846308018,AGN
2CXO J053455.9-052313,83.73323850720283,-5.3869902374426255,208.96742112012623,-19.458621092377157,-0.51842598376015,-0.21361648969394,-0.34353529044347,1.1496867317651e-12,Or*,0.01820448338476142,stellar
2CXO J195928.3+404401,299.86813349688555,40.7339051435116,76.18986395564988,5.7553946753569605,0.8844472204872,0.90943160524672,-0.12991880074953,4.0571045800567e-12,BH?,0.815153152947683,AGN
2CXO J053518.3-052237,83.82654729460944,-5.377094564203922,209.00262590894292,-19.37129741848045,0.084946908182386,0.09369144284822,-0.0087445346658339,1.4588630765003e-12,IR,0.5945323032719365,AGN
2CXO J053522.8-052457,83.84533842175756,-5.416036091216201,209.048410113202,-19.372225063946647,-0.8157401623985,-0.368519675203,-0.63960024984385,7.0953844755861e-13,SB*,0.001253916040100251,stellar
2CXO J053541.9-052812,83.92494014725924,-5.4701826093037225,209.13756363654372,-19.326014171416546,-0.7158026233604,-0.33479075577764,-0.50093691442848,7.4395231144185e-13,Or*,0.00619935313922469,stellar
2CXO J174451.6-292042,266.2151700425145,-29.345092877828225,359.56465022016937,-0.0718966464142982,0.99562773266708,,0.28732042473454,3.8502394876785e-11,X,0.0671774123183585,stellar
2CXO J174534.6-290130,266.3944404935105,-29.025238001914325,359.91917779557446,-0.0385309830881156,0.92317301686446,0.95690193628982,-0.473454091193,1.0683939170107e-15,X,0.0,stellar
2CXO J095753.2+690348,149.4720829679635,69.06336040712037,141.9334657351415,41.07104887804778,-0.0037476577139288,0.15365396627108,-0.15740162398501,6.3111413633787e-12,ULX,0.949373727924935,AGN
2CXO J053515.2-052256,83.81361150414267,-5.3824878797367,209.0015486141644,-19.385222891327555,0.011242973141786,0.089943785134291,-0.078700811992505,1.0058070425221999e-12,Or*,0.6268038174568927,AGN
2CXO J113151.5-123157,172.96488847100193,-12.532647117387343,274.4269763870672,45.88850114864398,-0.21611492816989,0.08369768894441,-0.29356652092442,1.5030050906624998e-12,gLS,1.0,AGN
2CXO J095550.1+694046,148.95889667895062,69.67972092092324,141.4119969443134,40.56425408420733,0.92442223610244,0.6420986883198,0.69331667707683,3.1426935584584e-12,PoG,0.861942016283586,AGN
2CXO J174445.4-295045,266.18926732504667,-29.84583047533728,359.12592707578824,-0.3143217074521794,0.9893816364772,0.98563397876327,0.14241099312929,3.5636448777094e-11,X,0.05021712606666016,stellar
2CXO J053521.0-052348,83.83770876346188,-5.396910400838044,209.02668711460765,-19.37035045831886,-0.10118675827608,-0.016239850093691,-0.084946908182386,6.4222488144508e-13,Rad,0.4355117452562633,stellar
2CXO J174536.6-290132,266.40269465294284,-29.025795363662365,359.9224629276678,-0.0449815957731804,0.99937539038101,0.83073079325422,0.28357276702061,4.1368342610007006e-16,X,0.006476061637987649,stellar
2CXO J174534.8-290143,266.39504428100986,-29.028861429014917,359.91636033693374,-0.040869760921474,0.99937539038101,0.83073079325422,0.21986258588382,1.1381236922068e-15,X,0.007729977678087901,stellar
2CXO J053834.6-685306,84.64452641791729,-68.88515995257784,279.2147309070792,-31.70768067651849,-0.82948157401624,-0.42473454091193,-0.62585883822611,1.6411098338811e-12,Er*,0.03504336964759927,stellar
2CXO J133705.1-295207,204.27135793260413,-29.86855134865917,314.6004232566176,31.96681758603281,-0.23485321673954,0.10743285446596,-0.33354153653966,1.5326402326946998e-12,ULX,0.7787232721043407,AGN
2CXO J123048.6+122332,187.70256277546605,12.392290369946371,283.76471009652573,74.4912844004072,-0.45221736414741,-0.06371018113679,-0.39850093691443,7.9807267510019e-13,PoG,0.9830817547783312,AGN
2CXO J053517.5-051739,83.82299853375923,-5.294427768296521,208.92280020715975,-19.33703379809793,0.71705184259838,0.25234228607121,0.56714553404122,4.0010969909894997e-13,Or*,0.3076162422784541,stellar
2CXO J053517.3-052544,83.82233252905058,-5.429107034388923,209.0497910640067,-19.398563195104032,0.25983760149906,0.27857589006871,-0.01998750780762,1.989121793102e-12,Y*?,0.6489094324141758,AGN
2CXO J053515.6-052256,83.81517112760076,-5.382370066868381,209.00218186781711,-19.383784813435483,-0.2423485321674,-0.1261711430356,-0.11992504684572,4.930905535228099e-13,Y*?,0.2685757127646704,stellar
2CXO J053445.1-052504,83.68826311741628,-5.4178481310471405,208.9751265560216,-19.512512625765204,-0.46595877576515,-0.18488444722049,-0.30730793254216,7.7132294391609e-13,Or*,0.03500550783617581,stellar
2CXO J053520.7-052144,83.8363474402122,-5.362308146931503,208.9933276743633,-19.3559062768256,0.02998126171143,-0.0062460961898814,0.036227357901312,8.7277190822239e-13,Or*,0.46988696635105337,stellar
2CXO J031948.1+413046,49.95072564482308,41.51287055560879,150.5751905573829,-13.2602116581647,0.5946283572767,0.34978138663335,0.29856339787633,9.6571491043155e-15,X,0.17110744543480233,stellar
2CXO J031947.9+413046,49.94965948660979,41.51299180645847,150.57443762636788,-13.26055074472167,-0.99937539038101,0.99937539038101,-0.99937539038101,0.0,X,0.24883903223849263,stellar
2CXO J053517.0-052333,83.82111719825627,-5.392786658202525,209.01486874053867,-19.38321719459081,0.96064959400375,0.52217364147408,0.88069956277327,4.6086102689986e-13,Rad,0.18550704723062925,stellar
2CXO J053841.6-690513,84.67332647376577,-69.08706445574936,279.44913305441526,-31.67464401131018,-0.38975640224859,-0.21986258588382,-0.18613366645846,3.1438876354908997e-13,SB*,0.7596656285877337,AGN
2CXO J053511.5-052602,83.79792745505904,-5.434023935886509,209.0427940223003,-19.422456617977414,-0.32479700187383,-0.19737663960025,-0.13616489693941,3.0478293640087e-13,Or*,0.044699567223063494,stellar
2CXO J234443.9-424312,356.1830179715944,-42.72017295464804,339.62931315465704,-69.34148945460214,0.04996876951905,0.28981886321049,-0.2423485321674,3.0961752113131997e-12,Rad,0.9397793975548586,AGN
2CXO J180951.0-194351,272.46287024985463,-19.731121586311435,10.72682333451074,-0.1584125070229539,-0.62960649594004,-0.57838850718301,-0.082448469706433,1.1342685169444e-12,IR,0.010253095470165436,stellar
2CXO J095533.1+690354,148.88823950735974,69.0652735766017,142.09184020859422,40.90007439941298,0.20362273579013,0.36976889444097,-0.17863835103061,4.0707030827067995e-12,X,0.8375829558479276,AGN
2CXO J053520.2-052056,83.83429558709798,-5.349116208664599,208.97987911490537,-19.351758920886954,0.26608369768894,0.022485946283573,0.24609618988132,3.0198077904223e-13,Or*,0.078632130193925,stellar
2CXO J053439.7-052425,83.66566295269422,-5.40714007145003,208.95419576163832,-19.527734328647213,-0.69331667707683,-0.35477826358526,-0.44846970643348,4.1664398058462e-13,Or*,0.012891292631100499,stellar
2CXO J004247.1+411628,10.696482157311776,41.27452058949781,121.184063074416,-21.567862493683734,-0.99937539038101,0.99937539038101,-0.99937539038101,,PN,0.03962252864925059,stellar
2CXO J004248.5+411521,10.702155978404504,41.25587302266746,121.18792290011888,-21.58665177300347,0.088694565896315,0.20237351655215,-0.11617738913179,1.0429224111353e-12,X,0.5955745252496876,AGN
2CXO J004252.5+411854,10.71883574457354,41.315117073722575,121.20367630625306,-21.527895619030367,0.059962523422861,0.12242348532167,-0.06371018113679,9.035264754179599e-13,XB?,0.5716032307034292,AGN
2CXO J053509.7-052326,83.79072036187,-5.390837472672312,208.9985132826428,-19.40932486508285,-0.4422236102436,-0.11617738913179,-0.34353529044347,4.3192663844989e-13,Or*,0.037934880337588496,stellar
2CXO J053523.8-053047,83.84934127261829,-5.513237779842389,209.14224294994284,-19.412599997982436,-0.77951280449719,-0.42348532167395,-0.53216739537789,3.4836743632358e-13,Or*,0.031049677628044673,stellar
2CXO J120309.6+443152,180.79003799523707,44.53129186156925,148.8831363471204,70.08517532591351,-0.23985009369144,0.28981886321049,-0.4946908182386,6.769324278417199e-12,SN*,0.8834709453269288,AGN
2CXO J173324.5-332320,263.3524788761431,-33.388920759040985,354.84089330576603,-0.1603976078660302,0.85946283572767,0.2423485321674,0.77576514678326,4.5090109260481e-14,Cl*,0.03166864312313112,stellar
2CXO J020537.9+644941,31.408008832108465,64.82812852677489,130.71938025312426,3.0841307682885333,0.31605246720799,0.18738288569644,0.13741411617739,1.1140838611663e-12,?,0.37893660259914624,stellar
2CXO J053517.5-052324,83.82317001509318,-5.39022449819885,209.01342635544688,-19.38023555626697,0.24359775140537,0.39100562148657,-0.20986883198001,2.4187569221703e-16,HH,0.05183868406599185,stellar
2CXO J053526.2-052736,83.85922298129185,-5.460211490164613,209.09680329139888,-19.37986618297701,-0.59587757651468,-0.28232354778264,-0.37726420986883,2.8525175397405e-13,Or*,0.05796729149167486,stellar
2CXO J043125.0+181616,67.85460168409918,18.27131340235043,178.79165804134996,-19.98898575075742,-0.79325421611493,-0.38975640224859,-0.58463460337289,1.3358258255605998e-12,Or*,0.013066920865523133,stellar
2CXO J053517.0-052232,83.82085945656968,-5.375840132128641,208.99872443614944,-19.37578011621567,-0.21486570893192,-0.11118051217989,-0.10618363522798,3.2205114231106e-13,Y*?,0.1483405189900687,stellar
2CXO J053520.7-051548,83.83648924580916,-5.263644146667898,208.90016232926823,-19.311115977759652,0.64084946908182,0.29731417863835,0.42348532167395,9.3603802888044e-13,Or*,0.6861552542378953,AGN
2CXO J053518.6-052033,83.8277762572958,-5.342698041143174,208.97069963766847,-19.35464275896545,0.069956277326671,-0.024984384759525,0.094940662086196,4.5273212947231e-13,Or*,0.3747829587185244,stellar
2CXO J055211.3-072722,88.04740061438429,-7.456249842737554,212.9263428389406,-16.54532560496042,0.94940662086196,0.82698313554029,0.56714553404122,1.7586066509913e-11,ev,0.6386969055337555,AGN
2CXO J174536.3-290145,266.4014717576017,-29.02934470678912,359.9188763195302,-0.0459183202997478,0.99937539038101,0.95315427857589,0.99937539038101,2.2141362787419e-15,X,0.002506961856659123,stellar
2CXO J013328.6+302723,23.36954427230114,30.456625309239858,133.56412430846294,-31.545703167022776,0.0074953154278576,0.1524047470331,-0.14490943160525,2.6287333620078996e-12,X,0.8821994598964475,AGN
2CXO J111459.4-611433,168.74783349494214,-61.24272911271317,291.59693999798844,-0.5116415662188505,0.75452841973766,0.32854465958776,0.56589631480325,5.0031917166208e-13,LP?,0.0461467894952053,stellar
2CXO J053514.8-052304,83.8119630024118,-5.38474648607148,209.00289690735173,-19.38770831781812,0.67707682698314,0.1524047470331,0.58213616489694,8.727241478856501e-15,Y*?,0.00354807639660095,stellar
2CXO J133007.5+471106,202.53145909042723,47.18507060431736,104.73518314127486,68.55285824248102,-0.45596502186134,-0.20986883198001,-0.27108057464085,2.2318799513642e-13,UX?,0.9571888592777756,AGN
2CXO J024240.7-000047,40.66965926576995,-0.0132197439213806,172.1036719643945,-51.933710959066445,0.99937539038101,0.74453466583385,0.99937539038101,5.8498674185267e-13,IR,0.6711592805391394,AGN
2CXO J163231.9+823216,248.13311135123445,82.53785818812918,115.76376154301168,31.195859358599822,0.042473454091193,0.19362898188632,-0.15115552779513,5.6107513434541996e-12,ClG,0.9034099226735779,AGN
2CXO J203315.0+411850,308.3127742106194,41.3140111419732,80.22397438321312,0.7873226016398545,0.39725171767645,0.17489069331668,0.23985009369144,4.4068087603139e-12,SB*,0.0866059303972558,stellar
2CXO J053531.4-052516,83.8810062463699,-5.421161496357142,209.07027275758077,-19.34287106023535,-0.47095565271705,-0.21986258588382,-0.28107432854466,2.3919566600777e-13,Or*,0.011274169046161096,stellar
2CXO J053503.0-053001,83.76254769977061,-5.500487955863111,209.0887882326979,-19.483913892001247,-0.45846346033729,-0.21986258588382,-0.26608369768894,2.9249154157262e-13,Or*,0.040251595382364724,stellar
2CXO J053527.4-052628,83.86434058986038,-5.441170910513123,209.0812401548185,-19.36671556458852,-0.6158650843223,-0.2423485321674,-0.43972517176765,1.1772413260832e-13,Or*,0.029277465566719382,stellar
2CXO J004254.9+411603,10.728837373203532,41.26754429750061,121.20992701802228,-21.57570611070465,-0.036227357901312,0.089943785134291,-0.1261711430356,4.6654801766438e-13,X,0.4539318143162514,stellar
2CXO J053517.0-052339,83.821084041988,-5.394375052599811,209.01635465813732,-19.3839650880916,-0.17114303560275,-0.0737039350406,-0.098688319800125,4.7937639509295e-14,PoC,0.05752840460404516,stellar
2CXO J174536.6-290109,266.40264473877573,-29.019303466135515,359.9279812081527,-0.0415617658980578,0.87570268582136,0.96564647095565,-0.61711430356027,1.4019328940926e-15,X,0.004590733936817792,stellar
2CXO J174534.2-290151,266.3928662487567,-29.030957103483864,359.9135792997288,-0.0403364496414031,-0.99937539038101,-0.23235477826359,-0.27482823235478,0.0,X,0.02467128502805498,stellar
2CXO J053505.6-052519,83.77350950705454,-5.422123302709435,209.01988280648595,-19.438756718378027,-0.26108682073704,-0.032479700187383,-0.22985633978763,4.2109546468476e-13,Or*,0.44469557084062666,stellar
2CXO J174534.2-290150,266.39265512301563,-29.03065918750435,359.9137373684989,-0.0400236473951881,-0.051217988757027,0.28981886321049,-0.24109931292942,,X,0.02791839226611849,stellar
2CXO J174536.8-290114,266.4035223809119,-29.020710125999063,359.9271804575829,-0.0429497418471157,0.89319175515303,0.80699562773267,0.18613366645846,5.6635622795979e-16,EmO,0.008883110726766287,stellar
2CXO J133001.0+471343,202.5041793716836,47.22888453838398,104.83028539336878,68.52042090803081,0.046221111805122,0.18363522798251,-0.13866333541537,3.6762921996558e-13,Cl*,0.8602702987767745,AGN
2CXO J053515.9-052349,83.81648732279803,-5.397191781486491,209.01682346431133,-19.38932058841101,0.14366021236727,0.073703935040599,0.071205496564647,3.2697993278162996e-13,mm,0.30514473573438355,stellar
2CXO J174537.2-290125,266.40519662196834,-29.02388756371248,359.9252311967141,-0.0458548777845368,0.89943785134291,0.99937539038101,-0.99937539038101,1.4896336454999e-15,X,8.67299399770309e-05,stellar
2CXO J053816.3-692331,84.56780201337017,-69.39209833315289,279.81023874228447,-31.676370312402547,-0.88694565896315,-0.45721424109931,-0.72204871955028,1.0065526851426e-12,LM*,0.06342767098349908,stellar
2CXO J053515.1-052254,83.81330421392886,-5.381763866865623,209.00071739911337,-19.38516820505448,0.55715178013741,0.19113054341037,0.40849469081824,7.847825586462799e-14,Or*,0.033944173069051765,stellar
2CXO J174536.3-290209,266.40127359184487,-29.035984722853584,359.91311863045263,-0.0492302492549059,0.80949406620862,0.92317301686446,-0.4946908182386,1.2600115428339e-15,X,0.006253916040100251,stellar
2CXO J004545.5+413942,11.439904996768462,41.661736669466464,121.79446556893213,-21.197469764600527,0.13491567770144,0.22985633978763,-0.097439100562149,5.3782118520908996e-12,X,0.6003409601915685,AGN
2CXO J053521.3-052643,83.8391647772612,-5.445572810644538,209.07339287838695,-19.391060889424107,-0.55090568394753,-0.26733291692692,-0.33354153653966,1.7718408832477e-13,Or*,0.013497746521902538,stellar
2CXO J053514.6-052233,83.8110629419931,-5.376048568735613,208.9942439417844,-19.384572636470267,-0.2735790131168,-0.13991255465334,-0.13866333541537,2.3375176006856e-13,LM*,0.04490006086553337,stellar
2CXO J053516.8-052342,83.82011101582611,-5.395090174079594,209.0165662844431,-19.385152504574677,0.99937539038101,0.99937539038101,-0.1524047470331,5.5236379808529e-17,PoC,0.06708147004274241,stellar
2CXO J174534.5-290201,266.3940404961645,-29.03365718236217,359.9118098395199,-0.0426197692645794,0.99437851342911,0.99312929419113,0.012492192379763,5.3044026009962e-14,X,0.018545633271921717,stellar
2CXO J174534.4-290102,266.39363201007586,-29.01743688565658,359.92546756857536,-0.0338623652856965,0.99937539038101,0.91442848219863,0.99937539038101,1.9406863866831e-15,X,0.0,stellar
2CXO J141309.9-652020,213.29136957562932,-65.33916214078448,311.32597239002484,-3.80800207329137,0.95315427857589,0.72954403497814,0.73454091193004,4.0175135416271e-12,X,0.3794096630759017,stellar
2CXO J174536.5-290208,266.4024561705636,-29.0356400735381,359.9139515379042,-0.0499331699574946,0.99937539038101,0.99937539038101,-0.99937539038101,8.505297453226601e-16,X,8.67299399770309e-05,stellar
2CXO J053515.3-052333,83.8140836932863,-5.392605704176467,209.0113399508676,-19.38938044455987,-0.60087445346658,-0.32479700187383,-0.34103685196752,1.5767322922984e-14,Rad,0.001253916040100251,stellar
2CXO J174536.4-290210,266.4020497352519,-29.0361832437845,359.9133027711195,-0.0499128849869581,0.92567145534041,0.96064959400375,-0.38351030605871,4.5579135446063e-15,X,0.0025,stellar
2CXO J113151.5-123200,172.96469949187338,-12.533340062855082,274.4271709122884,45.88779696738261,-0.27607745159275,0.011242973141786,-0.28607120549656,5.324001891705e-13,gLS,1.0,AGN
2CXO J031819.9-662910,49.58317781748264,-66.48647294896536,283.3402248943756,-44.64595943446961,0.18613366645846,0.21361648969394,-0.027482823235478,2.2076839082266997e-12,Cl?,0.682710907898882,AGN
2CXO J054320.3-410154,85.83485172645908,-41.03192241343374,246.7697932606186,-29.72949335564369,0.368519675203,0.44472204871955,-0.091193004372267,8.849966273830499e-12,HS?,0.7553747621671882,AGN
2CXO J053515.5-052337,83.81467113311913,-5.393738205007432,209.01269114688725,-19.38937110958179,-0.10868207370394,0.024984384759525,-0.13241723922548,1.3116312998459001e-15,HH,0.07042070698550827,stellar
2CXO J053517.7-052314,83.82386789784681,-5.387464218576018,209.01114990966556,-19.378367330283147,-0.76202373516552,-0.40474703310431,-0.49594003747658,1.685114119667e-15,Y*?,0.01169299948620881,stellar
2CXO J053457.7-052353,83.74082998208405,-5.39820814773318,208.9816577046626,-19.45695590751377,0.2211118051218,0.026233603997502,0.19612742036227,3.7720441321274996e-13,Or*,0.27240732904362697,stellar
2CXO J141310.0-652044,213.2917036254464,-65.34571184643197,311.3240611496341,-3.814269558002031,0.66083697688944,0.37101811367895,0.38351030605871,1.3765916274887999e-12,X,0.43525990975769313,stellar
2CXO J174537.0-290110,266.4042215415518,-29.019643405714167,359.92840949179043,-0.0429157747030313,0.92317301686446,0.97189256714553,-0.50218613366646,4.5484748107868e-15,X,0.013479000017154836,stellar
2CXO J174536.7-290107,266.40327192180644,-29.018762517586623,359.92872868831853,-0.0417480227305249,0.8682073703935,0.99937539038101,-0.99937539038101,1.1216754044933e-15,X,0.0017568738999186122,stellar
2CXO J053511.6-051657,83.79844875872766,-5.282655220376466,208.8999436616224,-19.35349798429414,-0.25484072454716,-0.18988132417239,-0.068707058088695,2.1491651980112999e-13,X,0.014815716993954288,stellar
2CXO J174536.6-290211,266.40271963090754,-29.03640262581544,359.9134206992717,-0.0505271029499826,0.99937539038101,0.87820112429731,0.99937539038101,1.2484615059635e-15,X,0.01650651973524828,stellar
2CXO J174533.8-290126,266.39084979330505,-29.024084244865836,359.9185263293688,-0.0352500133748102,0.99937539038101,0.99937539038101,-0.99937539038101,7.6279110209526e-16,X,8.67299399770309e-05,stellar
2CXO J190140.8-365233,285.4201056780412,-36.87613780789543,359.99200916480754,-17.784436716799682,-0.088694565896315,0.10368519675203,-0.18988132417239,7.525036620699e-12,Ae*,0.960717577647539,AGN
2CXO J034444.7+320402,56.18636300928239,32.06733795104293,160.58511755386084,-17.851620107914734,-0.44097439100562,-0.28107432854466,-0.18113678950656,9.8979064384521e-14,Or*,0.002507832080200502,stellar
2CXO J053516.7-052404,83.81987130647644,-5.401148280066322,209.0221796622357,-19.388105387077267,0.074953154278576,0.081199250468457,-0.0062460961898814,2.2947728539059e-13,Or*,0.3378364413654367,stellar
2CXO J174536.1-290149,266.4007395030054,-29.03034243297349,359.91769112642453,-0.0458917173266995,0.99937539038101,0.99937539038101,-0.54840724547158,5.0990060163083005e-15,X,0.004888722376678232,stellar
2CXO J053517.8-052315,83.82425098204624,-5.3876678828639815,209.01152533406665,-19.37811931346988,-0.57339163023111,-0.24984384759525,-0.37726420986883,1.3748694117368e-14,Y*?,0.008021220243680573,stellar
2CXO J174536.8-290124,266.403708865633,-29.02349636782796,359.92488727297547,-0.0445406668073287,0.95440349781387,0.92442223610244,0.16989381636477,2.361190670715e-15,X,0.008216728522310599,stellar
2CXO J193030.1+185214,292.62556349696706,18.8705548144467,54.09620678251844,0.2651784496432456,0.95065584009994,0.67582760774516,0.7682698313554,1.1158193627577999e-12,Rad,0.256304457039147,stellar
2CXO J053511.9-052032,83.79986820246728,-5.34250361596113,208.9571860868279,-19.37933306420133,0.38226108682074,0.086196127420362,0.30605871330418,1.7133297022876999e-13,Rad,0.15990621098934374,stellar
2CXO J174534.2-290200,266.3928996153991,-29.03357225876851,359.91136250491934,-0.0417241497455254,0.99937539038101,0.93941286695815,-0.098688319800125,8.720141622517501e-16,X,0.002507832080200502,stellar
2CXO J095532.9+690033,148.88748378853188,69.00939831293013,142.1525088892631,40.93201665906217,-0.21736414740787,0.1261711430356,-0.33479075577764,4.0622188548122e-12,HII,0.9979240600000417,AGN
2CXO J095550.7+694043,148.96113679565525,69.67879963321302,141.4123849088526,40.5654233120527,0.99937539038101,0.52342286071205,0.99937539038101,2.1285026667952e-13,PoG,0.6689666112525988,AGN
2CXO J053516.9-052300,83.82073815729296,-5.3835985957511845,209.00600119898195,-19.379397609989464,0.16239850093691,-0.0049968769519051,0.16739537788882,4.5349092084772006e-15,Rad,0.026732675910310855,stellar
2CXO J053526.1-052005,83.85905836943829,-5.334977708005488,208.97834194738545,-19.32337452893978,0.27108057464085,-0.018738288569644,0.28856964397252,7.8731661742149e-14,Or*,0.02544043312389375,stellar
2CXO J113151.3-123157,172.96399097967765,-12.532769644529733,274.4259197045596,45.88800962707024,-0.10868207370394,0.097439100562149,-0.20487195502811,1.0424457402341e-13,gLS,0.8491089538596073,AGN
2CXO J174535.3-290220,266.3973460931087,-29.03897442561427,359.9087776145291,-0.0478572790922465,0.99937539038101,0.99937539038101,0.99937539038101,3.2138098853704002e-15,X,0.0033426919712808943,stellar
2CXO J004259.6+411919,10.748547660718202,41.32204716479949,121.22791366489936,-21.52176180602473,-0.038725796377264,0.079950031230481,-0.11742660836977,4.0915198226799e-13,s?r,0.4416804018414412,stellar
2CXO J053833.4-691158,84.6393859649196,-69.19974643264861,279.58229184706795,-31.67374441195193,0.8107432854466,0.59587757651468,0.40849469081824,9.8609065447131e-14,X,0.7246687580715404,AGN
2CXO J045510.9+302159,73.79577579374723,30.366384721218967,172.56770325076985,-8.193403731983862,-0.77826358525921,-0.33104309806371,-0.60212367270456,3.6748976428555997e-13,Pl?,0.02858306575148276,stellar
2CXO J053520.0-052105,83.83354812390473,-5.351633629371698,208.98190155713291,-19.35356173711866,0.83073079325422,0.45346658338538,0.60462211118051,2.9685097464045997e-13,Or*,0.10905524771711027,stellar
2CXO J190134.8-370056,285.3952338888096,-37.01586467897909,359.8475013473932,-17.81586446576215,-0.71455340412242,-0.32354778263585,-0.50968144909432,1.3917357171638998e-12,Or*,0.0028660270760006495,stellar
2CXO J140319.6-412258,210.83177034876724,-41.38303504046227,317.14880945902064,19.495628364620163,-0.56589631480325,-0.1261711430356,-0.47220487195503,1.6365140112663998e-12,ULX,0.06009898588746705,stellar
2CXO J174535.9-290052,266.3998741073076,-29.01452516149049,359.93079715700924,-0.0370040423400707,0.72579637726421,0.99937539038101,-0.99937539038101,3.2739167715585004e-16,X,8.67299399770309e-05,stellar
2CXO J004242.5+405152,10.677315624276504,40.86458370587862,121.15247593743452,-21.977003759837576,0.0,0.12866958151156,-0.12742036227358,8.5771904591423e-13,X,0.8186219358265048,AGN
2CXO J095550.9+694045,148.9624668840782,69.67916267220548,141.41164208548085,40.56558680927623,0.99937539038101,0.99937539038101,0.99937539038101,3.9475369967941e-14,PoG,0.2661619992744412,stellar
2CXO J004257.9+411104,10.741281768988983,41.18464645346889,121.21682399832768,-21.65888388803744,-0.064959400374766,0.06371018113679,-0.12866958151156,4.2378240027222e-13,X,0.7367582729954836,AGN
2CXO J053515.5-052514,83.81482252638943,-5.420608491186811,209.03817059599012,-19.401388889255472,-0.27232979387883,-0.15615240474703,-0.1211742660837,1.4374923036567e-13,Or*,0.008361411149485387,stellar
2CXO J053518.8-052141,83.82856415877927,-5.361440021759343,208.98879077564797,-19.36242413559064,-0.36227357901312,-0.1948782011243,-0.18113678950656,9.0412882085647e-14,Or*,0.0005025109855618331,stellar
2CXO J030826.2+040639,47.1093061208623,4.11093287190864,174.85811928079073,-44.51333916792328,-0.32729544034978,-0.031230480949407,-0.29856339787633,2.4295227881092e-12,SN*,0.9264661183691281,AGN
2CXO J174536.5-290058,266.40249340774244,-29.016244249245634,359.9305233843226,-0.039854820105028,0.58213616489694,0.79075577763898,-0.4159900062461,4.2830389676694003e-16,X,0.001253916040100251,stellar
2CXO J053517.8-051835,83.82454293965435,-5.30977559357222,208.93804112190696,-19.342611495045517,0.88819487820112,0.48094940662086,0.70955652717052,3.0234225782492997e-13,X,0.09570585688128382,stellar
2CXO J004259.8+411605,10.749449733991298,41.26827428644037,121.2266046452556,-21.575525171003505,0.1211742660837,0.20362273579013,-0.084946908182386,4.0031906079203e-13,GlC,0.32008069975272674,stellar
2CXO J053526.3-052539,83.8598193175788,-5.427825596992786,209.06646571497896,-19.36469725659057,-0.097439100562149,-0.10618363522798,0.0074953154278576,1.172222749962e-13,Or*,0.022627182272876443,stellar
2CXO J053527.2-052336,83.86376336600165,-5.393486144525904,209.03588476893063,-19.345667176182804,0.0062460961898814,-0.052467207995003,0.058713304184884,1.2578671924256999e-13,Or*,0.0409441360956567,stellar
2CXO J174535.2-290048,266.3968337574938,-29.013567553723345,359.930229050514,-0.0342357533972105,0.99937539038101,0.86445971267958,-0.13741411617739,1.1126857792248001e-15,X,0.0027576730845586105,stellar
2CXO J174537.5-290125,266.4064760919131,-29.023796399238336,359.9258919257459,-0.046762315174286,0.92816989381636,0.99937539038101,-0.99937539038101,2.977164204267e-15,X,8.67299399770309e-05,stellar
2CXO J174540.6-290001,266.4192319241772,-29.00052445265225,359.95156779691405,-0.044160046482908,0.99937539038101,0.99937539038101,-0.841973766396,3.8542515737729004e-15,X,0.0017568738999186122,stellar
2CXO J053509.7-052128,83.79069681117608,-5.357861204938532,208.96732337280224,-19.39442602486454,0.56589631480325,0.077451592754528,0.51093066833229,1.4497823934641e-13,Or*,0.03563822312863816,stellar
2CXO J184736.6-015633,281.90271396612934,-1.9425992154530167,30.76685286377222,-0.0346445431897365,0.98313554028732,0.97064334790756,0.24984384759525,1.0749242441837e-12,HII,0.05876243167219453,stellar
2CXO J013324.4+304402,23.35174695828084,30.73400020331544,133.4847312844447,-31.276295689780188,-0.01998750780762,0.06371018113679,-0.08369768894441,7.205148239556699e-13,X,0.5607567484988174,AGN
2CXO J053527.7-051804,83.86561704805649,-5.301243037898595,208.94959949645647,-19.302281692880324,0.59837601499063,0.18238600874453,0.46720799500312,2.6369715268042e-13,Or*,0.08248313394930325,stellar
2CXO J053601.9-051736,84.0079212223028,-5.293477969028418,209.01020054704105,-19.1724188556668,-0.6945658963148,-0.28856964397252,-0.50718301061836,1.9188085551510998e-13,Or*,0.006160372374445772,stellar
2CXO J174536.7-290121,266.40324328442966,-29.02256660211762,359.9254687345496,-0.043708735240549,0.99937539038101,0.74453466583385,0.99937539038101,9.448424753428501e-16,X,0.00022857061275769513,stellar
2CXO J004337.2+411443,10.905355395359436,41.2453808164977,121.35174272428952,-21.602383208518987,0.12492192379763,0.17114303560275,-0.046221111805122,5.4386755191336e-13,GlC,0.5278242663292585,AGN
2CXO J141312.1-652013,213.30079219457127,-65.33715816448654,311.33034231835063,-3.8073222759833976,0.77951280449719,0.41224234853217,0.5421611492817,8.304876129623199e-13,X,0.3951959416284839,stellar
2CXO J174537.2-290107,266.405091667162,-29.018881236120095,359.9294564785631,-0.0431681059350583,0.94815740162398,0.89319175515303,0.28107432854466,2.3874686614591e-15,X,0.00988687248225218,stellar
2CXO J174533.7-290138,266.390303280509,-29.02760658229013,359.91527106592133,-0.0366777689452336,0.99937539038101,0.99937539038101,-0.99937539038101,8.810587540718301e-15,X,0.00017655668264950276,stellar
2CXO J004218.6+411401,10.577637266577028,41.23381382846287,121.0864186567082,-21.605225010454003,0.20112429731418,0.23610243597751,-0.036227357901312,4.9898784659206e-13,GlC,0.6004843788207935,AGN
2CXO J174537.6-290144,266.4068595563085,-29.02900757394459,359.92161864210743,-0.0497636195060662,0.99437851342911,0.99937539038101,-0.2473454091193,1.6745639176131e-14,X,0.004003757044458359,stellar
2CXO J174534.0-290201,266.3919408212105,-29.03373170981457,359.9107895574752,-0.0410917615067455,0.93191755153029,0.97064334790756,-0.50968144909432,3.3234108129137003e-15,X,0.0074724281289630535,stellar
2CXO J094541.9-141934,146.42468411517024,-14.32644169772755,249.7057748841281,28.7805174000025,0.73454091193004,0.44971892567146,0.42598376014991,5.287663115112799e-12,HII,0.8102432281553924,AGN
2CXO J174533.9-290102,266.39134648100355,-29.017527919094448,359.924348347575,-0.0322040058381559,-0.99937539038101,-0.54840724547158,-0.58463460337289,0.0,X,0.014499676863468154,stellar
2CXO J053502.0-052636,83.75868200616515,-5.443451668490311,209.0329790041152,-19.461566582949228,-0.57214241099313,-0.2948157401624,-0.33354153653966,1.229495010501e-13,Or*,0.007939724160442835,stellar
2CXO J174536.1-290051,266.4004638661652,-29.014224617508543,359.9313224117972,-0.0372876353909594,0.81698938163648,0.99937539038101,-0.99937539038101,6.5668046825876e-16,X,8.67299399770309e-05,stellar
2CXO J132959.0+471318,202.4960781431101,47.221812257566,104.8361468284356,68.52912038448075,0.67457838850718,0.25484072454716,0.50718301061836,2.1922792968691e-13,X,0.7614767708260405,AGN
2CXO J174536.4-290053,266.4019278031567,-29.01498417943755,359.9313411692815,-0.0387760953137205,0.99937539038101,0.99937539038101,-0.99937539038101,1.5528363548195e-15,X,0.0025945620201775327,stellar
2CXO J053516.4-052256,83.81870116928911,-5.382337974783622,209.00383690124983,-19.380635984374955,0.94565896314803,0.49594003747658,0.8369768894441,5.3114137343232e-15,IR,0.010646642413619243,stellar
2CXO J053509.0-052959,83.78778431203631,-5.499850267514782,209.1002238136288,-19.461215832957212,-0.74328544659588,-0.40099937539038,-0.48844472204872,1.5200381441406e-13,Or*,0.016671090583017346,stellar
2CXO J174533.5-290130,266.3898304007582,-29.025269306279487,359.9170503866952,-0.0351068306609239,0.48719550281074,0.6158650843223,-0.23485321673954,2.8702183731796003e-16,X,0.007722582413577412,stellar
2CXO J174536.0-290050,266.4001137811722,-29.01400899468531,359.93134692661846,-0.0369139782148953,-0.99937539038101,-0.99937539038101,-0.51093066833229,0.0,X,0.018258339353474803,stellar
2CXO J053523.3-051850,83.84748951013694,-5.314034213431799,208.95302669142885,-19.32416659794301,-0.48219862585884,-0.23485321673954,-0.27857589006871,1.1268371215058e-13,Or*,0.02360247385957372,stellar
2CXO J230108.2+585244,345.2842585617509,58.87906647981104,109.08724029013338,-0.9956396747970672,0.43597751405372,-0.049968769519051,0.47470331043098,1.477998541989e-12,?,0.09621025488658183,stellar
2CXO J053450.7-052401,83.71130286193937,-5.400462114070857,208.96968487995736,-19.48419172429085,-0.7945034353529,-0.45221736414741,-0.53341661461587,1.2180548325411e-13,Or*,0.006350630985645498,stellar
2CXO J174537.5-290153,266.406506859273,-29.031394719669773,359.9194204274987,-0.0507441411251887,0.75078076202374,0.99937539038101,-0.99937539038101,7.682123768118501e-16,X,8.67299399770309e-05,stellar
2CXO J053500.1-052301,83.75046516343696,-5.383909194156669,208.97273631067264,-19.44193224258021,-0.55215490318551,-0.14865708931918,-0.43972517176765,6.769657550961e-14,Or*,0.0751626932609522,stellar
2CXO J053523.6-052331,83.84856336762954,-5.392206855816132,209.0274213491823,-19.35858506188785,0.077451592754528,-0.077451592754529,0.15365396627108,5.9749222843051e-14,Y*?,0.026929529212610367,stellar
2CXO J174534.9-290118,266.3957436777423,-29.02193221392085,359.9225930807278,-0.0377809188354302,0.99937539038101,0.99562773266708,0.16239850093691,1.8468903337375e-14,X,0.00960791011474727,stellar
2CXO J053506.2-052202,83.77616486388877,-5.367441687564042,208.96944013334212,-19.41166355396688,0.59837601499063,0.11992504684572,0.5159275452842,1.7538754884047e-13,Or*,0.047817060417371805,stellar
2CXO J053514.5-052315,83.81059664813199,-5.387773688122032,209.00510664019217,-19.390290885689097,0.99937539038101,0.99937539038101,-0.99937539038101,6.5062554260075e-15,X,0.02294408708016148,stellar
2CXO J174533.6-290140,266.3900848316441,-29.02786456791171,359.91495134057806,-0.0366491938874817,-0.99937539038101,-0.99937539038101,0.011242973141786,,X,0.004492030211547649,stellar
2CXO J053516.3-052403,83.81823877519412,-5.400919485552216,209.02118405974156,-19.38945145895879,-0.059962523422861,-0.02998126171143,-0.02998126171143,1.2790444086698e-13,X,0.07097029021172518,stellar
2CXO J132518.2-430304,201.3260296582198,-43.05136852805127,309.4811865930669,19.38930187547425,-0.13616489693941,-0.0012492192379763,-0.13491567770144,5.9940233983892e-13,UX?,0.6015677753038579,AGN
2CXO J174536.7-290056,266.4030105797542,-29.015810690334057,359.9311290868512,-0.0400149321508082,0.50218613366646,0.81948782011243,-0.55965021861337,5.080041040529901e-16,X,0.003002510985561833,stellar
2CXO J053504.7-051742,83.76983550460642,-5.295056423812754,208.89798685222567,-19.384516429049643,0.27982510930668,0.071205496564647,0.21236727045596,1.1253679367593e-13,Or*,0.06493619096470307,stellar
2CXO J174537.2-290104,266.4050258870261,-29.01783795933274,359.9303169856087,-0.0425754312196195,0.87320424734541,0.8682073703935,-0.096189881324172,8.795715762367101e-16,X,0.005014793936859625,stellar
2CXO J053452.7-052753,83.7198608856985,-5.464969468821184,209.0348052194514,-19.50576517212933,-0.35352904434728,-0.1736414740787,-0.19113054341037,1.3826686935482e-13,Or*,0.01903431761449196,stellar
2CXO J174537.2-290207,266.40529229450635,-29.035406279871623,359.9154430928811,-0.051927843534284,0.52841973766396,0.76951905059338,-0.41723922548407,5.037750353838701e-16,X,0.001253916040100251,stellar
2CXO J053520.1-052133,83.83389833405613,-5.359334612651801,208.98934767924865,-19.35673539305651,-0.16364772017489,-0.13741411617739,-0.027482823235478,1.4208390553951998e-13,Or*,0.022992133694943594,stellar
2CXO J125614.2+565225,194.0593609656288,56.87367272666528,121.610776818422,60.24226619947654,0.59337913803873,0.66208619612742,-0.11367895065584,6.3088639148772e-13,Rad,0.9761452005467226,AGN
2CXO J174534.8-290217,266.3954029235906,-29.038345562763872,359.9084290685475,-0.0460795727766061,0.86445971267958,0.99937539038101,-0.99937539038101,1.9606400715156e-15,X,8.67299399770309e-05,stellar
2CXO J004221.4+411601,10.589474781312616,41.26698498172958,121.09733898617844,-21.57241610719883,0.081199250468457,0.058713304184884,0.023735165521549,3.5519709786500997e-13,XB?,0.4255024331772056,stellar
2CXO J053514.9-052328,83.81222442428225,-5.391395109736795,209.00930773420072,-19.39048370900282,0.077451592754528,-0.032479700187383,0.10993129294191,3.8594037932309996e-15,Or*,0.03366314438382473,stellar
2CXO J081331.2+254502,123.38038167484984,25.75086766668838,196.88098160091783,28.627164941723795,-0.23360399750156,0.014990630855715,-0.2473454091193,4.751314748207e-13,mm,0.9576459783426209,AGN
2CXO J053513.6-051954,83.8067552135991,-5.33188189990455,208.95043596738088,-19.36841100372531,0.79700187382886,0.39225484072455,0.58838226108682,4.0363297443028997e-13,PoC,0.2468870467745883,stellar
2CXO J053518.0-052205,83.82511465770654,-5.36815080618743,208.99348721193607,-19.368523180604505,0.62460961898813,0.12742036227358,0.53966271080575,1.0213777767021e-13,Or*,0.030894469046370263,stellar
2CXO J174533.5-290128,266.3896170209389,-29.024703050255216,359.917436435464,-0.0346524907199592,0.7632729544035,0.99937539038101,-0.99937539038101,7.4297968650413e-16,X,8.67299399770309e-05,stellar
2CXO J130522.2-492912,196.3426873391876,-49.48672834097241,305.2564831507901,13.322123293397844,0.28856964397252,0.12866958151156,0.16489693941287,6.0981394558091e-13,X,0.5615818296659992,AGN
2CXO J042922.7+003707,67.34466163420655,0.618777704094208,194.29592204516484,-30.800576144367653,-0.48344784509681,-0.033728919425359,-0.45596502186134,1.8481705370031998e-12,CV?,0.8486499194259127,AGN
2CXO J004207.7+411814,10.532243661423252,41.3041369122008,121.0526678139216,-21.53364105946815,0.12866958151156,0.13116801998751,-0.0024984384759525,4.3614871708979997e-13,XB?,0.5097969479706764,AGN
2CXO J174537.7-290130,266.4074193767243,-29.02527677022849,359.92505810176755,-0.0482376333226603,0.85946283572767,0.99937539038101,-0.99937539038101,4.891337724834e-16,X,8.67299399770309e-05,stellar
2CXO J053514.3-052253,83.80983535552713,-5.381694890606369,208.99899594623076,-19.38821697682896,0.97439100562149,0.5471580262336,0.91317926296065,2.2749947265043e-14,X,0.033423290035580464,stellar
2CXO J174535.9-290047,266.39999225050747,-29.013117434815168,359.93205251001035,-0.0363587066206533,0.79700187382886,0.92692067457839,-0.5946283572767,1.4839690337351001e-15,X,0.005101077002580127,stellar
2CXO J224030.2+032130,340.1259293805865,3.3583622300194182,71.79857066497887,-46.10860626581076,0.14865708931918,0.12242348532167,0.026233603997502,1.0294021692237e-13,LeI,0.8053220613670322,AGN
2CXO J053521.6-052526,83.84028771203168,-5.424044535310539,209.0535719553025,-19.38033095390505,-0.39100562148657,-0.24984384759525,-0.15615240474703,5.6038013717336e-14,Or*,0.005055758682404177,stellar
2CXO J174535.1-290224,266.39656674217247,-29.040242584818643,359.9073401803167,-0.0479365449066725,0.99937539038101,0.99937539038101,-0.99937539038101,2.1917791393425003e-15,X,0.00017655668264950276,stellar
2CXO J004732.9-251748,11.887447071632153,-25.29703031610049,97.25092556888976,-87.97175895407565,0.35852592129919,0.31730168644597,0.046221111805122,1.6717394512523e-12,ULX,0.8916217926540055,AGN
2CXO J174537.0-290058,266.40422773242267,-29.01621973509206,359.9313345377322,-0.0411365443414855,0.84821986258588,0.99937539038101,-0.99937539038101,1.0190325564129e-15,X,8.67299399770309e-05,stellar
2CXO J174537.7-290155,266.40716007546825,-29.031950887733124,359.9192432850238,-0.0515214088251224,0.93566520924422,0.89569019362898,0.18113678950656,3.5673626792732e-15,X,0.01139007258342541,stellar
2CXO J174536.3-290222,266.40135446630734,-29.039599980174124,359.9100697678277,-0.0511743503376884,0.99937539038101,0.99937539038101,-0.99937539038101,2.732011674622e-15,X,0.00017655668264950276,stellar
2CXO J174537.3-290211,266.4057854742098,-29.036642073807265,359.9146129542325,-0.052939765246947,0.91817613991255,0.94316052467208,-0.3210493441599,9.4604182280981e-16,X,0.0,stellar
2CXO J174533.8-290159,266.39092506506563,-29.03310792697492,359.9108591235721,-0.0400087055487078,0.99937539038101,0.94316052467208,0.052467207995003,1.5841747931682e-15,X,0.011113625164842777,stellar
2CXO J174533.4-290138,266.38950929448083,-29.027431345286203,359.91505882530544,-0.0359939223166878,0.99937539038101,0.99937539038101,-0.99937539038101,9.6899265502898e-16,X,8.67299399770309e-05,stellar
2CXO J132527.0-430104,201.3626305800524,-43.01804316759558,309.5141936285751,19.418578008051814,0.99937539038101,0.92816989381636,0.99937539038101,1.3479409709644e-13,X,0.09828477837781739,stellar
2CXO J053514.3-052308,83.8096354840643,-5.385632155708109,209.00262299963995,-19.390175559096942,0.5683947532792,0.11992504684572,0.48094940662086,2.7400383243316998e-14,IR,0.020575880703767993,stellar
2CXO J053517.9-051613,83.82495830383232,-5.270391217301915,208.901025733958,-19.32440888007983,0.50218613366646,0.088694565896315,0.43222985633979,1.5587037029629e-13,Or*,0.04506530990321696,stellar
2CXO J053513.5-052355,83.80661615527782,-5.398709732101194,209.0135463628615,-19.398771863758583,0.98563397876327,0.90568394753279,0.74328544659588,3.9944629460246996e-13,mm,0.2616275933030365,stellar
2CXO J192433.0+501429,291.137810404917,50.24140606046176,81.85803732295837,15.579891088875902,0.45596502186134,0.62585883822611,-0.23735165521549,1.7131325451424998e-12,Sy*,0.853811358247563,AGN
2CXO J073625.5+653539,114.10641290849418,65.59436948879733,150.57672927699278,29.14104893604054,-0.09369144284822,-0.026233603997502,-0.067457838850718,9.639795623123e-13,Rad,0.6891540015587638,AGN
2CXO J053513.6-053057,83.80674090463896,-5.516094978208545,209.1246348392827,-19.451721168516,-0.53966271080575,-0.26483447845097,-0.3210493441599,8.579939217801799e-14,Or*,0.005392581290149252,stellar
2CXO J123959.4-113722,189.99764994240763,-11.62304757648459,298.4606122140467,51.14929053753291,0.026233603997502,0.098688319800125,-0.0737039350406,8.222850334266699e-13,GlC,0.9717376005539232,AGN
2CXO J001918.7+590820,4.828274048728758,59.13892974008223,118.81462146882512,-3.4757641771443435,-0.67707682698314,-0.25234228607121,-0.51217988757027,1.4305045415381998e-12,SB*,0.026098332281743183,stellar
2CXO J083141.6+524517,127.92378018114836,52.75486999041732,165.75474336394902,36.24051221043212,0.0074953154278576,0.1211742660837,-0.11492816989382,4.5476600650312e-13,mm,0.9585829958695113,AGN
2CXO J053516.0-052306,83.81692919817476,-5.385312115689884,209.005802704228,-19.383554713041303,-0.2998126171143,-0.14865708931918,-0.15740162398501,7.2879419016033e-14,HH,0.04711786510550937,stellar
2CXO J174537.8-290127,266.40756626250527,-29.02429055728832,359.925966801906,-0.0478334340890449,0.85571517801374,0.94316052467208,-0.4946908182386,1.3860437172102e-15,X,0.006253916040100251,stellar
2CXO J053516.3-052248,83.81810692931055,-5.380269082727,209.0015972655897,-19.380227688343616,-0.28357276702061,-0.14116177389132,-0.12866958151156,1.9887838164712e-16,Or*,0.08725208610582502,stellar
2CXO J161736.2-510224,244.4008896613377,-51.040220373518,332.4288907347366,-0.3737738366009956,0.91193004372267,0.45721424109931,0.77951280449719,1.7738479017064998e-12,X,0.12785976913785166,stellar
2CXO J053516.0-052036,83.81694560919811,-5.343396456465595,208.96618706313228,-19.364574927361524,-0.31730168644597,-0.12742036227358,-0.19737663960025,9.188043478849499e-14,PoC,0.04317934261493063,stellar
2CXO J174538.0-290022,266.40863736878714,-29.006255093778297,359.9418490353612,-0.0392363354265168,0.99562773266708,0.99312929419113,0.16739537788882,1.7842727416132998e-13,X,0.057532567604209016,stellar
2CXO J174537.8-290142,266.40784713972016,-29.0285622946881,359.922448614134,-0.0502686799950687,0.91442848219863,0.96814490943161,-0.40599625234229,3.0906741931917003e-15,X,0.0,stellar
2CXO J053530.4-052422,83.87705170841463,-5.406400208256481,209.0544325236401,-19.3397080918382,-0.65084322298563,-0.31105559025609,-0.42598376014991,3.8044749742282e-14,Or*,0.002090733936817792,stellar
2CXO J174537.6-290204,266.4067201504856,-29.03465336615089,359.91673618534344,-0.0526011292709265,0.94440974391006,0.8844472204872,0.27108057464085,1.7880703275667e-15,X,0.01553047828055717,stellar
2CXO J104544.1-592428,161.43384950821417,-59.40786754431136,287.54399720755407,-0.3448286775414919,-0.6945658963148,-0.3997501561524,-0.40724547158026,1.5139341509900998e-12,SB*,0.028185874623390682,stellar
2CXO J053531.2-051855,83.88030110389593,-5.315482551524583,208.97006516815745,-19.295690354333377,-0.69331667707683,-0.24359775140537,-0.53966271080575,6.5537632234481e-14,Or*,0.04595104377211579,stellar
2CXO J174534.1-290051,266.3921249120424,-29.014281594337223,359.927473766143,-0.0310932517988307,0.81324172392255,0.99937539038101,-0.99937539038101,4.553354415824101e-16,X,8.67299399770309e-05,stellar
2CXO J053518.8-051613,83.82874512751494,-5.270454561235948,208.9028953605729,-19.32107567433453,-0.79825109306683,-0.38850718301062,-0.59337913803873,9.790920887148199e-14,Or*,0.009403395912968592,stellar
2CXO J131327.4+363538,198.36446435902255,36.59386974089207,98.06009692533732,79.44791400748788,0.034978138663335,0.24859462835728,-0.21486570893192,4.0262614208954e-12,rB,0.9070137950628653,AGN
2CXO J053519.6-051325,83.83189774931225,-5.223843308662494,208.86037155202652,-19.29716112762155,0.76202373516552,0.2948157401624,0.60212367270456,7.349925080654099e-14,Or*,0.02239909631437,stellar
2CXO J053458.7-052117,83.74496075934752,-5.354930256101441,208.9427023336833,-19.433706150580534,0.18113678950656,0.0012492192379763,0.17988757026858,9.664643569022e-14,Or*,0.019835505551765317,stellar
2CXO J004243.7+411632,10.68225045320429,41.27564110395625,121.17261322046124,-21.56635512032793,-0.0074953154278576,0.10868207370393,-0.11617738913179,2.4500483379022e-13,X,0.5765311441928437,AGN
2CXO J123048.4+122333,187.70211365825423,12.392462474656233,283.76295213479784,74.49131738087915,-0.61086820737039,-0.1686445971268,-0.49344159900062,1.1861729030853998e-13,Gl?,0.7164870243071461,AGN
2CXO J174533.6-290158,266.39032106847344,-29.03302962770974,359.9106507407281,-0.0395171822780621,0.99937539038101,0.62336039975016,0.72454715802623,4.8954513983269e-16,X,0.027422523853555508,stellar
2CXO J004722.6-252050,11.84427142322403,-25.34758696516694,95.62141709441264,-88.00003687886141,-0.42723297938788,-0.14241099312929,-0.30231105559026,4.6856889184435e-13,ULX,0.8615697061136778,AGN
2CXO J095534.8+690408,148.89548070771752,69.06888316831052,142.08596495100048,40.90011014195282,-0.058713304184885,0.22236102435978,-0.27857589006871,1.8325310845769e-14,X,0.7172573635740562,AGN
2CXO J053610.5-051945,84.04389287640697,-5.32933926955467,209.06121505843183,-19.156706052443223,-0.60587133041849,-0.20112429731418,-0.46096189881324,2.9233550338806996e-13,Or*,0.04165855990922446,stellar
2CXO J013451.8+302909,23.716238519622948,30.48598770816218,133.90129786128995,-31.45907405812786,0.092442223610244,0.18238600874453,-0.092442223610244,2.094354930452e-12,X,0.7124086806811198,AGN
2CXO J182432.4-245208,276.1354271956561,-24.86888901483588,7.798372397211679,-5.578943218938417,0.33728919425359,0.24859462835728,0.097439100562149,5.326192379307699e-13,X,0.7167686174361505,AGN
2CXO J053514.9-052339,83.81229194365977,-5.394227002107601,209.01201748147068,-19.391704699836573,-0.56589631480325,-0.30356027482823,-0.316052467208,5.7390664961351e-14,HH,0.02034802349170401,stellar
2CXO J053455.9-052926,83.73328892325202,-5.490705822029068,209.06556988440437,-19.505474520623004,-0.38975640224859,-0.16989381636477,-0.23485321673954,9.561782516514e-14,Or*,0.008351611833577166,stellar
2CXO J175233.2-293946,268.13871173606697,-29.662794149455884,0.1552993671731174,-1.6702410211855876,-0.26608369768894,-0.096189881324172,-0.1736414740787,1.3947303612731e-13,X,0.005631848476759619,stellar
2CXO J174533.7-290057,266.39057088917684,-29.016041646233237,359.9252633970675,-0.0308506034241102,0.99937539038101,0.91692692067458,0.031230480949407,5.656192575163301e-16,X,0.010859443913777668,stellar
2CXO J195932.9+404340,299.8876843237655,40.72790888359731,76.19242402536608,5.739616233060708,0.21486570893192,0.21111805121799,0.0049968769519051,1.6867777982149998e-13,Rad,0.19712041548725387,stellar
2CXO J053525.0-052258,83.85442112602902,-5.382923098164854,209.02144145768776,-19.349184678315407,0.38351030605871,0.087445346658338,0.30480949406621,1.2442223993534e-13,Or*,0.1239713711078496,stellar
2CXO J053511.8-052103,83.79952677903532,-5.350947283833542,208.96500481080983,-19.383457504974597,0.67832604622111,0.21111805121799,0.54590880699563,1.5195705183657e-13,Or*,0.03937538427049803,stellar
2CXO J004334.3+411323,10.892982479932869,41.2230949654102,121.34095474288866,-21.62435241266894,-0.08369768894441,0.039975015615241,-0.12367270455965,5.2861845882128e-13,X,0.7245958713756295,AGN
2CXO J174537.1-290055,266.40493524278395,-29.01547365114339,359.9322937148293,-0.0412759005091697,0.83947532792005,0.87195502810743,-0.26983135540287,7.6277722141062e-16,X,0.0,stellar
2CXO J174540.3-290009,266.4180923525332,-29.00259488964824,359.9492812737845,-0.0443878381735395,0.99937539038101,0.9419113054341,0.99937539038101,2.0716096939017e-15,X,0.002506961856659123,stellar
2CXO J053448.8-052317,83.70345616573155,-5.388326971950807,208.95445625628412,-19.48566818850942,-0.54965646470956,-0.26983135540287,-0.32854465958776,6.070814204399099e-14,Or*,0.005893446802663097,stellar
2CXO J174537.6-290209,266.4068509037289,-29.036099581080013,359.91556133522033,-0.0534522080570962,0.67707682698314,0.69706433479076,-0.072454715802623,3.9407584154326e-16,X,0.0016701439599415815,stellar
2CXO J174535.7-290114,266.3988408122134,-29.020781298807773,359.92498662331883,-0.0394927035919104,0.85571517801374,0.94940662086196,-0.53841349156777,8.712649374325501e-16,X,0.0005025109855618331,stellar
2CXO J053514.0-051951,83.80854286125623,-5.331091488836004,208.9505428524919,-19.36646609365984,-0.78825733916302,-0.41973766396002,-0.55215490318551,4.7103623461539e-14,Or*,0.0027576730845586105,stellar
2CXO J095652.4+411522,149.21844281110936,41.256236405400536,179.7859624736622,51.70916490554741,-0.49094316052467,-0.096189881324172,-0.41474078700812,6.2177718871390996e-12,HVC,0.9259204681476482,AGN
2CXO J053554.3-052644,83.97638559031066,-5.445611832595096,209.1388586603688,-19.269225798117915,-0.33728919425359,-0.10243597751405,-0.24359775140537,2.6840995954081997e-13,Y*?,0.04959718839606936,stellar
2CXO J190714.3+091919,286.80967313228746,9.322104260412422,43.020912446793794,0.7655730895081333,0.96814490943161,0.66458463460337,0.85071830106184,3.2112484654444e-12,Rad,0.19717877506540396,stellar
2CXO J123049.0+122329,187.7043398807623,12.39165374675036,283.77161645619003,74.49119611714272,-0.5683947532792,-0.1736414740787,-0.43722673329169,1.2745812360105e-13,PoG,0.9299254918477622,AGN
2CXO J053521.6-052146,83.8403373906014,-5.363063967883314,208.99594708152293,-19.35270561924328,0.18613366645846,0.054965646470956,0.13366645846346,6.7110348769275e-14,Or*,0.05789032158501207,stellar
2CXO J095546.5+694040,148.94391097221245,69.67800818829309,141.41782268586104,40.56102450783652,0.20612117426608,0.0087445346658337,0.19737663960025,2.7678734237909e-13,Rad,0.6702017222566318,AGN
2CXO J174554.4-285454,266.4769053984405,-28.9152775653259,0.0506224711700328,-0.0428519611378614,0.99063085571518,0.97813866333542,0.42973141786383,3.3802878717334e-13,smm,0.1161206030286564,stellar
2CXO J174042.3-534028,265.17630729709924,-53.674694971047074,338.1649750911021,-11.960181702135744,0.52966895690194,0.31980012492192,0.25109306683323,3.6705108934623e-13,X,0.5287628123012657,AGN
2CXO J190940.4+493005,287.41857409631825,49.50150224011317,80.18116811329652,17.50555406597153,-0.61336664584635,-0.15990006246096,-0.50218613366646,5.883619768095e-13,Er*,0.031405728064930805,stellar
2CXO J123049.1+122322,187.70486442046035,12.389477378739116,283.775878560101,74.48927254220374,-0.99937539038101,-0.99937539038101,-0.99937539038101,0.0,GlC,0.1304704289281608,stellar
2CXO J153223.2-083200,233.09673120079287,-8.533589632749129,356.2233244230382,37.1720925139346,-0.51342910680824,-0.15740162398501,-0.38850718301062,2.6023884877681997e-12,SB*,0.7615157201280693,AGN
2CXO J004228.1+411000,10.61746714385805,41.16671289157525,121.11590837199928,-21.67341049787469,0.091193004372267,0.1736414740787,-0.08369768894441,3.4794144676512e-13,XB?,0.4436935033765341,stellar
2CXO J174538.0-290148,266.40844070841376,-29.03003316738684,359.9214635482367,-0.0514780075302802,0.95940037476577,0.97189256714553,-0.12742036227358,1.0260524854139e-14,X,0.0,stellar
2CXO J053502.8-052208,83.76184323331472,-5.368998251512248,208.9640708149525,-19.425083454813983,0.47095565271705,0.056214865708932,0.42598376014991,6.1554143729191e-14,Or*,0.021415695769641304,stellar
2CXO J050749.4+302404,76.95604547242266,30.401188990787407,174.20415384661243,-6.00335558421512,-0.60212367270456,-0.22236102435978,-0.43847595252967,3.3153820690312997e-13,Or*,0.058576809090404476,stellar
2CXO J053520.6-052353,83.83614409228898,-5.398126249552956,209.02708976510436,-19.372289667215103,-0.58088694565896,-0.31730168644597,-0.32354778263585,2.7620070889305e-14,Or*,0.009732916057255086,stellar
2CXO J081928.9+704219,124.87082746614637,70.70539874906535,144.28617643911988,32.72370909099752,-0.1736414740787,0.10368519675203,-0.27232979387883,4.681005245804499e-12,HII,0.970429918773305,AGN
2CXO J174540.8-290002,266.4201539083401,-29.000765826164034,359.95178182197947,-0.0449741127938385,0.90568394753279,0.90693316677077,-0.081199250468457,1.6894311532817001e-15,X,0.0020062680300201923,stellar
2CXO J004353.6+411655,10.973508293039629,41.28204240606715,121.40807147130394,-21.56738328671238,-0.50843222985634,-0.28981886321049,-0.25608994378513,4.4646513916855e-13,Cl*,0.658921492644366,AGN
2CXO J053515.1-044442,83.81301450923206,-4.745255577047581,208.39986850189712,-19.096498624631963,-0.5159275452842,-0.15365396627108,-0.39225484072455,1.5399662091866998e-12,Or*,0.030060992906361408,stellar
2CXO J163553.8-472540,248.974214433111,-47.42785707211955,337.099504500244,-0.006447387186872,0.99812617114304,0.99687695190506,0.14865708931918,1.8646195481677e-11,X,0.07203054410315052,stellar
2CXO J095534.9+690342,148.8955608556397,69.06176027954339,142.09364651554273,40.90423656299721,-0.1211742660837,0.10618363522798,-0.22485946283573,1.4945379642445998e-13,X,0.8995022473569705,AGN
2CXO J034555.6+680455,56.4816457461489,68.08201589083858,138.1162710154567,10.517372253859422,0.67457838850718,0.38975640224859,0.38600874453467,2.1332249778216998e-12,ULX,0.7840472113996587,AGN
2CXO J174535.2-290154,266.3968415725152,-29.03176843733359,359.9146980998132,-0.0437258478869979,0.94440974391006,0.94316052467208,-0.072454715802623,2.2689385803121002e-15,X,0.0,stellar
2CXO J223705.6+342431,339.2733408008571,34.40870966291213,93.7227762047967,-20.732780809504604,0.54840724547158,0.40349781386633,0.18488444722049,7.863120595077799e-13,SN*,0.6029629579427794,AGN
2CXO J053515.6-051746,83.81529956298584,-5.296417814950893,208.9210018951314,-19.344770098877856,0.65584009993754,0.22485946283573,0.50593379138039,6.9691432210377e-14,Or*,0.022239447066534565,stellar
2CXO J053526.0-052120,83.85859841167581,-5.355811671300676,208.997810898548,-19.333210523222824,0.61336664584635,0.15865084322299,0.50343535290443,1.0393802717348e-13,Or*,0.03470329229397645,stellar
2CXO J001528.9-391318,3.8705430002404455,-39.22182708857542,332.442794782807,-75.77516945940516,-0.61836352279825,-0.34103685196752,-0.35103060587133,1.1071530862508e-12,ULX,0.7919395018188343,AGN
2CXO J053530.9-052201,83.87914661382496,-5.367005528531487,209.01819831965216,-19.32003010123961,0.75202998126171,0.26983135540287,0.60337289194254,7.6887392414044e-14,LM*,0.027021477207535477,stellar
2CXO J123049.3+122321,187.7054698171177,12.389361537484184,283.77811806848734,74.48933879156034,-0.99937539038101,-0.99937539038101,-0.99937539038101,0.0,Gl?,0.1304704289281608,stellar
2CXO J053508.3-052756,83.78481937806276,-5.465868377569013,209.0666597159701,-19.44849181405646,0.28232354778264,-0.043722673329169,0.32229856339788,7.9244596009749e-14,Or*,0.03795958911778825,stellar
2CXO J132939.9+471236,202.41651688694932,47.21025056334186,104.95836977776548,68.56160991764203,-0.77576514678326,-0.44347282948157,-0.50593379138039,6.794831933830399e-14,X,0.34026348553509317,stellar
2CXO J053630.0-052006,84.12504512888586,-5.3351662109605,209.10540013047125,-19.087280211034376,-0.5159275452842,-0.18738288569644,-0.36352279825109,1.9137652083924e-13,Or*,0.015655580204003115,stellar
2CXO J133704.3-295121,204.2682243238587,-29.85598061204253,314.6003652367115,31.97967861393543,-0.069956277326671,-0.046221111805122,-0.022485946283573,1.7084264937269998e-13,X,0.439391765401099,stellar
2CXO J130532.8-492733,196.3869387252189,-49.45937046461633,305.2875607940444,13.347830301491149,0.63335415365397,0.2948157401624,0.4159900062461,4.574344534402e-13,ULX,0.5307626243251505,AGN
2CXO J180839.3-202439,272.16391285476175,-20.411063338402403,9.99593572997566,-0.2419504000907548,0.99687695190506,0.95940037476577,0.84072454715803,5.188164490034499e-12,IR,0.014116597860418698,stellar
2CXO J174533.2-290147,266.3887250148307,-29.02986344424148,359.91262572634554,-0.0366761237416458,0.75452841973766,0.63210493441599,0.13991255465334,4.1587512834047e-16,X,0.009602036040183915,stellar
2CXO J174538.0-290153,266.4085175458106,-29.0316191372264,359.92014483909105,-0.0523616486141444,0.94316052467208,0.99937539038101,-0.84322298563398,3.2634512948719998e-15,X,8.67299399770309e-05,stellar
2CXO J055949.6-481422,89.9566913221185,-48.239511735278604,255.48829615543912,-28.19629152431109,-0.83322923173017,-0.39100562148657,-0.65708931917552,1.6970985738699e-12,Pl,0.0631265409436364,stellar
2CXO J053515.4-052345,83.81434833815035,-5.395962279880711,209.0146398794704,-19.390663703840303,-0.41224234853217,-0.21486570893192,-0.21736414740787,1.4377047338254e-14,IR,0.014592682770036279,stellar
2CXO J100120.6+555355,150.3362649048853,55.89874584317499,157.56950330565374,48.18703764138738,-0.43847595252967,0.011242973141786,-0.4472204871955,1.025416223462e-12,X,0.977536332171824,AGN
2CXO J132953.7+471435,202.473840677744,47.24328164234555,104.8976600908358,68.5156414118956,0.12242348532167,0.20737039350406,-0.086196127420362,1.2284702122092e-13,X,0.7475269901440484,AGN
2CXO J033851.9-353539,54.71643762024519,-35.59417595856915,236.95486576688683,-53.5546740393219,-0.87070580886946,-0.38975640224859,-0.72704559650219,2.0119462910318e-13,ClG,0.030120729392364036,stellar
2CXO J175013.1-064228,267.554835612645,-6.707937845561669,19.799387942359164,10.37224145208434,-0.50093691442848,-0.13241723922548,-0.3947532792005,1.2594780433705e-13,Sy*,0.3095087538406956,stellar
2CXO J053523.3-052810,83.84716407115815,-5.469527568861064,209.09986209279427,-19.39478471024319,-0.57838850718301,-0.30356027482823,-0.33354153653966,2.1108631842029e-14,Or*,0.013538250533052514,stellar
2CXO J132938.6+582505,202.41089089420416,58.41825981509953,113.49223264965498,58.00430742552424,-0.62710805746409,-0.2211118051218,-0.47095565271705,9.928922534351998e-13,ULX,0.8714677693517031,AGN
2CXO J053958.7-690609,84.99474322154867,-69.1028190070212,279.452563484364,-31.55891590333929,0.42473454091193,0.26233603997502,0.18113678950656,8.6760690224061e-14,X,0.5677317534481737,AGN
2CXO J053528.3-051754,83.86813731056873,-5.298413030293128,208.9481296171032,-19.298762892069107,0.079950031230481,-0.049968769519051,0.12991880074953,8.2326775670373e-14,Or*,0.05750327800487148,stellar
2CXO J053528.2-052457,83.86754975422139,-5.416138747867257,209.0591050187149,-19.352548927155567,0.60836976889444,0.2261086820737,0.44347282948157,1.2738492390714e-13,HH,0.05436772108486721,stellar
2CXO J104357.5-593338,160.989834744615,-59.560727719688,287.4160109285042,-0.5852830289489652,-0.40474703310431,0.073703935040599,-0.45471580262336,2.6038689380098002e-15,Y*?,0.002593244922379625,stellar
2CXO J174534.7-290046,266.3948422008399,-29.013079408553786,359.9297381263464,-0.0324949045371708,-0.99937539038101,0.27982510930668,-0.75952529668957,0.0,X,0.009808954293360324,stellar
2CXO J053452.1-052231,83.71732765614661,-5.375566457755557,208.9490143247792,-19.46757858286646,-0.65209244222361,-0.3472829481574,-0.3947532792005,6.6849350907621e-14,Or*,0.00815056765496411,stellar
2CXO J140314.3+541806,210.8095805607184,54.301739947057946,101.97912427105872,59.80855452246497,0.0087445346658337,0.26358525921299,-0.25608994378513,3.4946204629985e-15,UX?,0.753936814000809,AGN
2CXO J174537.9-290159,266.4081367116481,-29.03316397244995,359.9186527541282,-0.0528822985058014,0.95440349781387,0.95940037476577,-0.11617738913179,1.8456099646931e-15,X,0.0,stellar
2CXO J174537.1-290051,266.4048046113468,-29.014312499018477,359.9332252823314,-0.0405734002346799,0.60087445346658,0.53716427232979,0.042473454091193,,X,0.03220734844367738,stellar
2CXO J172021.9+575826,260.091449059952,57.974059295497845,86.43763932343725,34.69704814288133,-0.87820112429731,-0.53466583385384,-0.64584634603373,1.0671876373857e-12,SB*,0.08323824447901211,stellar
2CXO J053516.9-052546,83.82064125165743,-5.429762076538571,209.0496034120742,-19.400361127821785,-0.51967520299813,-0.28357276702061,-0.27732667083073,4.0638411166959e-14,Or*,0.005007832080200502,stellar
2CXO J023420.0+323021,38.583547596671,32.50588001640762,146.86565662635135,-25.539643645076268,0.9106808244847,0.73079325421611,0.53841349156777,2.1054301428865e-11,Rad,0.8570100119306838,AGN
2CXO J053513.7-052206,83.80749414535563,-5.3686194997195456,208.98551642026183,-19.38438017383324,0.12367270455965,0.15865084322299,-0.036227357901312,5.9591797096605e-14,Y*?,0.19898218729898878,stellar
2CXO J174533.6-290054,266.3901676563984,-29.01529681108497,359.92571533135595,-0.030161490204044,0.99937539038101,0.90193628981886,-0.044971892567146,1.0965110575094e-15,X,0.009026383061518485,stellar
2CXO J053510.2-052321,83.79255635958373,-5.389334733904016,208.99796902197545,-19.407014917945745,0.72829481574016,0.27108057464085,0.56964397251718,1.0109298211554e-13,Or*,0.04068385506105609,stellar
2CXO J053514.7-052229,83.81135916283495,-5.374928773321985,208.99332673046345,-19.383803016224327,0.99063085571518,0.92067457838851,0.77826358525921,1.9342670451377999e-13,Mas,0.1224438015351422,stellar
2CXO J162719.5-244140,246.83130705557016,-24.694737494828622,352.97983747629985,16.56480059197547,-0.74453466583385,-0.36602123672705,-0.5209244222361,6.2936741121115e-13,Or*,0.024174976063640143,stellar
2CXO J053506.5-052441,83.7771757519796,-5.411532786290957,209.01161685787528,-19.43071189756221,-0.63585259212992,-0.30480949406621,-0.41099312929419,5.8299493842321e-14,Or*,0.01594441002018103,stellar
2CXO J174537.3-290221,266.40578505542385,-29.03923120525381,359.9124028287376,-0.0542884502937567,-0.80699562773267,-0.43972517176765,-0.47095565271705,0.0,X,0.0010037617554858934,stellar
2CXO J004717.5-251811,11.823272129833356,-25.303296224592223,95.70747150079946,-87.95194617149349,0.043722673329169,0.19737663960025,-0.15490318550906,2.5678668796554e-13,X,0.8535971391744412,AGN
2CXO J041831.1+282716,64.62962953975722,28.454398663224424,168.7102223413676,-15.48293752042967,-0.71080574640849,-0.2998126171143,-0.52217364147408,1.2958427941764e-12,Rad,0.011885439108441349,stellar
2CXO J053530.4-052538,83.87678363592192,-5.427383576361912,209.07414049752865,-19.349433655961093,0.17863835103061,0.14366021236727,0.036227357901312,1.0327490977739998e-13,Or*,0.15329597874519837,stellar
2CXO J033230.2-274504,53.125916434486896,-27.751365391022564,223.47843431405855,-54.42082914114883,-0.34353529044347,-0.024984384759525,-0.3210493441599,1.424460276758e-14,C?G,0.8581978879582877,AGN
2CXO J053504.0-052637,83.76696147965845,-5.443701942335317,209.0371679849358,-19.454328142324048,-0.54341036851968,-0.2261086820737,-0.36102435977514,4.1262278084144e-14,Or*,0.006104290297184372,stellar
2CXO J142942.7-624046,217.4280187313899,-62.679584728226494,313.939433074912,-1.9270800192895372,-0.53966271080575,-0.11867582760775,-0.44971892567146,7.258737868541e-13,Pl,0.027759131669554155,stellar
2CXO J053518.2-052315,83.82602541961472,-5.387662433085277,209.012367267746,-19.37654131465948,0.04996876951905,0.10743285446596,-0.057464084946908,1.8230001477732e-15,Or*,0.09403005985313317,stellar
2CXO J053529.4-051633,83.87276787693327,-5.275901687001326,208.9290758742018,-19.284458999474086,-0.49594003747658,-0.23610243597751,-0.29356652092442,8.972216354467e-14,Or*,0.018001141068113388,stellar
2CXO J053511.8-053155,83.79955122983682,-5.532120154129513,209.13636990419664,-19.465344276253116,-0.70580886945659,-0.2948157401624,-0.51842598376015,6.2785615638975e-14,Or*,0.021677690022549136,stellar
2CXO J053518.0-052934,83.8250745617259,-5.493016466801035,209.1115441314249,-19.425014236949337,-0.79200499687695,-0.46096189881324,-0.52217364147408,5.0369091675176996e-14,Or*,0.0,stellar
2CXO J053513.0-051903,83.80421741117965,-5.317788159966852,208.93590271223343,-19.36428439260663,0.31855090568395,0.017489069331668,0.30356027482823,9.2422693906833e-14,Or*,0.03401870026951368,stellar
2CXO J195922.8+404425,299.8452291923619,40.74040420489528,76.18641791840498,5.773606574237185,0.11867582760775,0.13991255465334,-0.022485946283573,1.1823838489270999e-13,Rad,0.231309938338077,stellar
2CXO J053657.1-691328,84.23790646371657,-69.22451266670913,279.63112502331614,-31.812278529403223,0.68457214241099,0.37851342910681,0.41349156777014,2.1177779038113e-13,Rad,0.7331513060540692,AGN
2CXO J130538.1-492545,196.40867786070956,-49.429212891209936,305.3038153597625,13.377141811917028,0.50468457214241,0.25234228607121,0.28856964397252,3.8453278903084996e-13,X,0.5942726036410017,AGN
2CXO J174537.7-290105,266.40719651955044,-29.01816278208066,359.93102871008443,-0.0443648225886688,0.92816989381636,0.93566520924422,-0.098688319800125,2.9577001405095003e-15,X,0.002507832080200502,stellar
2CXO J172508.8-341112,261.2869064510917,-34.18679756613263,353.22718958276386,0.8293381196058669,0.18238600874453,0.024984384759525,0.15740162398501,1.2322208504176998e-12,Cl*,0.10269835581769675,stellar
2CXO J053511.3-051911,83.79741436888474,-5.320008679126018,208.93475101873443,-19.37132952334864,-0.55340412242349,-0.23735165521549,-0.36352279825109,5.0948076803914e-14,Or*,0.010159465777339909,stellar
2CXO J080813.5+210608,122.05656238314384,21.10244247229002,201.35117383235095,25.9247415801955,-0.93441599000625,-0.61336664584635,-0.75078076202374,1.5812547221695998e-12,SB*,0.02046342878718007,stellar
2CXO J174536.8-290047,266.403634873496,-29.01319201633076,359.93364866702746,-0.0391164745582381,0.94565896314803,0.97938788257339,-0.45596502186134,3.7492680872242e-15,X,0.0,stellar
2CXO J053528.3-052503,83.8682709202053,-5.417599214423897,209.06082974028976,-19.35256891898145,-0.59837601499063,-0.26608369768894,-0.39350405996252,5.7411509754746e-14,Y*?,0.010648609649326962,stellar
2CXO J024240.8-000045,40.67027058138893,-0.0125711177833047,172.10369647307184,-51.93281978328376,-0.80449718925671,-0.368519675203,-0.61836352279825,4.7244182863209e-13,Rad,0.06587010547652249,stellar
2CXO J174535.0-290131,266.39584380869155,-29.02540054245393,359.9196784926147,-0.0396629785995533,0.99937539038101,0.99937539038101,-0.99937539038101,7.590049862857801e-16,X,8.67299399770309e-05,stellar
2CXO J132939.4+471243,202.4144041923755,47.21212548065765,104.96403463559436,68.56047512859705,-0.11867582760775,0.02998126171143,-0.1474078700812,8.7692608414934e-14,Cl*,0.918674999623624,AGN
2CXO J053512.7-051652,83.80305734339373,-5.281278599387629,208.90084552735183,-19.348783104640965,0.016239850093691,-0.084946908182386,0.10243597751405,7.8228528192921e-14,Or*,0.03644784603410431,stellar
2CXO J235751.0-323726,359.46256458731773,-32.62407259457864,4.370467889680538,-77.16301294655652,-0.26608369768894,0.26608369768894,-0.4946908182386,2.5438833672256e-14,ULX,0.8309143419805526,AGN
2CXO J174537.7-290211,266.4071754473497,-29.036563661298693,359.91531305949104,-0.0539361967971168,0.83447845096814,0.789506558401,0.037476577139288,6.647886325841301e-16,X,0.00856332555163982,stellar
2CXO J053515.4-052248,83.81451939378411,-5.380162484314669,208.9997836205301,-19.38336481604183,-0.079950031230481,-0.052467207995003,-0.027482823235478,9.6451626879676e-14,Y*?,0.05351033998581002,stellar
2CXO J173203.4-344516,263.0134600187977,-34.75556472039297,353.5423358631672,-0.6707064666243516,0.21236727045596,0.027482823235478,0.18613366645846,4.0012415015773e-11,X,0.14065495808969145,stellar
2CXO J004242.3+411445,10.676349654972968,41.24594289835941,121.16668345591395,-21.595872132775757,-0.25983760149906,0.0,-0.25983760149906,1.2167462410303e-13,X,0.9682472826005095,AGN
2CXO J121505.0+331150,183.77105302621987,33.197387832083265,173.03175977599057,80.0787446388753,0.087445346658338,0.29231730168645,-0.20986883198001,1.8005398765557998e-12,X,0.8324396796695704,AGN
2CXO J122548.8+333248,186.4534763905585,33.54682085377544,162.0954585715321,81.53285220261708,0.92192379762648,0.85696439725172,0.30605871330418,1.8598924349750997e-12,PoG,0.9648458740789715,AGN
2CXO J053456.8-052136,83.73681243319669,-5.360144225410707,208.9437392889945,-19.443300194136945,0.14865708931918,-0.042473454091193,0.18988132417239,6.5759032302625e-14,Or*,0.01734246740842444,stellar
2CXO J053525.7-052309,83.85715938556109,-5.3859251767578105,209.02558607641004,-19.348111241116285,0.48344784509681,0.16614615865084,0.34478450968145,7.626229504967899e-14,Or*,0.05638577988896538,stellar
2CXO J174537.5-290058,266.40654436656325,-29.016262081857203,359.9323539173227,-0.0428877580052204,0.91692692067458,0.9631480324797,-0.45346658338538,1.6849855917998002e-15,X,0.0,stellar
2CXO J174536.4-290228,266.4020001680668,-29.04141651818233,359.90881345358724,-0.052602695979039,0.99937539038101,0.99937539038101,-0.99937539038101,1.0048715092021e-15,X,8.67299399770309e-05,stellar
2CXO J053511.8-051925,83.79954895434292,-5.323931913391511,208.93947903803905,-19.371210380347424,0.48844472204872,0.091193004372267,0.4159900062461,1.3601604407309998e-13,Or*,0.04249122097473183,stellar
2CXO J053754.3-690222,84.47637156230473,-69.0394986526327,279.403106135729,-31.75002712185607,0.38475952529669,0.23860087445347,0.15990006246096,,X,0.5325552256019399,AGN
2CXO J174639.0-285351,266.66292111258304,-28.897694913754588,0.1502939857434113,-0.1728197720807137,-0.83073079325422,-0.39725171767645,-0.64834478450968,4.1768652976405997e-13,gD*,0.0,stellar
2CXO J053452.0-052443,83.71676026876611,-5.412017239900782,208.9832231871427,-19.48457334832684,-0.062460961898813,0.032479700187383,-0.09369144284822,1.2473713349086998e-13,Or*,0.16985291782090273,stellar
2CXO J174537.2-290049,266.4050416447943,-29.013840301927782,359.93373632298244,-0.040504298030785,0.90943160524672,0.88194878201124,0.043722673329169,8.798787367674e-16,X,0.02808598851583981,stellar
2CXO J184209.0+794617,280.5375321673065,79.77144225789773,111.43794785809212,27.07393416242755,0.024984384759525,0.24859462835728,-0.22485946283573,1.8353159230041998e-12,Rad,0.8981011390964541,AGN
2CXO J053514.3-052317,83.8097138063859,-5.3881768797085945,209.00506634502867,-19.391257144535825,0.99937539038101,0.99937539038101,-0.99937539038101,2.2611762941467e-14,X,0.029788540904545694,stellar
2CXO J174538.3-290136,266.4094888566666,-29.02692900515377,359.9245906127877,-0.050643003996778,0.96189881324172,0.94066208619613,0.16239850093691,2.2717094404381e-15,X,0.003927821755527726,stellar
2CXO J043138.3+181357,67.91006496537511,18.232577710834445,178.85899398358907,-19.97254898985377,0.95940037476577,0.57339163023111,0.85696439725172,4.4241291708475997e-13,Or*,0.48391366303587846,stellar
2CXO J174536.4-290151,266.40178411851684,-29.031100860092597,359.91751970843967,-0.0470664818446249,0.88819487820112,0.99937539038101,-0.99937539038101,5.8022735575259e-16,X,8.67299399770309e-05,stellar
2CXO J053526.3-052743,83.8596151972489,-5.462232572102074,209.09890153521823,-19.38043131657724,-0.72454715802623,-0.368519675203,-0.48594628357277,4.7959338206079995e-14,Or*,0.006135455726820703,stellar
2CXO J174533.1-290148,266.38805435665927,-29.03006209035027,359.9121505864672,-0.0362791750133073,0.8894440974391,0.789506558401,0.2423485321674,7.437229782635001e-16,X,0.019585339900160096,stellar
2CXO J053529.8-051605,83.87425246582944,-5.268357207583111,208.92265881240223,-19.27972442388075,-0.5159275452842,-0.16614615865084,-0.38226108682074,5.8774558211882e-14,Or*,0.03378986970558513,stellar
2CXO J174534.6-290044,266.39439989694483,-29.0125269584638,359.93000807580745,-0.031876889585352,0.87320424734541,0.94565896314803,-0.45596502186134,2.1050270136247002e-15,X,0.0,stellar
2CXO J034435.3+321004,56.14733167461111,32.1679387930938,160.49071108966504,-17.795621962278005,-0.17738913179263,-0.046221111805122,-0.13241723922548,4.0137012724293997e-13,Or*,0.5752099455104535,AGN
2CXO J151443.0+365050,228.67943327719536,36.84729665437845,59.85483985815363,58.31424564055949,0.041224234853217,0.26608369768894,-0.22735790131168,2.2063838525869e-12,reg,0.9701174473944622,AGN
2CXO J174534.9-290042,266.3957949485849,-29.01177755600812,359.9312834282323,-0.0325276364090188,0.93316677076827,0.99937539038101,-0.99937539038101,3.528983951176e-15,X,0.0010904916954629243,stellar
2CXO J123050.3+122332,187.7099167469457,12.392385092057234,283.7902397358018,74.49352229005295,0.99937539038101,0.99937539038101,-0.66958151155528,0.0,X,0.8093434420193658,AGN
2CXO J104359.6-593221,160.99832497666944,-59.53940399957576,287.4097893817981,-0.5644381080110803,-0.27607745159275,-0.24359775140537,-0.02998126171143,5.6289956235352e-15,Y*?,0.0008368178967175413,stellar
2CXO J053515.3-052215,83.81391696466994,-5.370982249179413,208.99081710897667,-19.379746481900824,0.86570893191755,0.47845096814491,0.66083697688944,1.0165842482852e-13,Or*,0.047645449640740335,stellar
2CXO J041833.8+573222,64.64093734925655,57.53971986143879,147.97896704452893,5.119089490393936,-0.52717051842598,-0.5209244222361,-0.0062460961898814,1.7410540391589e-14,?,0.02040694181915751,stellar
2CXO J085905.6-473041,134.77352770859352,-47.51134748240082,267.94124830668585,-1.0576501649281709,0.67083073079325,0.064959400374766,0.63335415365397,7.2896194738437e-13,IR,0.203703043312346,stellar
2CXO J053610.1-052204,84.04235315791766,-5.367938617417095,209.09692631733293,-19.17553222946888,-0.84946908182386,-0.50593379138039,-0.60087445346658,9.5126325212289e-14,Or*,0.005431892080242333,stellar
2CXO J174534.3-290046,266.3931911615458,-29.012945136734928,359.92910032370554,-0.0311926224094341,0.92567145534041,0.97439100562149,-0.53216739537789,2.4813094283431e-15,X,0.001253916040100251,stellar
2CXO J141253.5-652254,213.22300654700484,-65.38185514879305,311.28552101283066,-3.839719037615514,0.33104309806371,-0.038725796377264,0.36477201748907,2.1286836340384e-13,X,0.02833425428381058,stellar
2CXO J141239.0-652332,213.16270625093023,-65.39243827687541,311.25830228316454,-3.841996816359151,0.52592129918801,0.14490943160525,0.41224234853217,1.7970863569922998e-12,ULX,0.44649054960621903,stellar
2CXO J024104.8-081520,40.27001508655155,-8.255782185030258,182.0195186988789,-57.92546798875332,0.71830106183635,0.74328544659588,-0.054965646470956,1.9364051862393996e-12,X,0.9906388103334187,AGN
2CXO J053939.4-690029,84.91451112535708,-69.00825045762714,279.3458714626321,-31.597698609853467,0.36602123672705,0.26108682073704,0.11242973141786,5.6238461062774996e-14,X,0.556291510400998,AGN
2CXO J140414.2+542604,211.05906096734168,54.43458854760871,101.88219214911194,59.61781157249697,-0.66583385384135,-0.40474703310431,-0.35727670206121,3.0546262838185e-13,Rad,0.6790835768776983,AGN
2CXO J053508.6-052901,83.78625891542924,-5.483810331696559,209.084320376944,-19.4553224480463,0.23360399750156,-0.034978138663335,0.26733291692692,5.9369490702893e-14,Or*,0.019434071568783615,stellar
2CXO J053516.1-052237,83.81745479068394,-5.3770795575999095,208.9982705696944,-19.37936380666637,-0.092442223610244,-0.1998750780762,0.10993129294191,5.3646298582531005e-15,Rad,0.00981287953470519,stellar
2CXO J053509.2-053058,83.78845117405797,-5.516334178040851,209.1161390265758,-19.468070861479152,0.67582760774516,0.32979387882573,0.44347282948157,4.8836758697942e-14,Or*,0.06190439058632284,stellar
2CXO J053532.5-052610,83.88553838935167,-5.436253663924036,209.0867018256948,-19.345669510930627,-0.61211742660837,-0.2998126171143,-0.38101186758276,5.5720062432153e-14,Or*,0.008392576579121718,stellar
2CXO J142902.4+335038,217.260213680363,33.84408639869796,56.65371375850598,67.9891869938927,-0.69206745783885,-0.27732667083073,-0.51342910680824,2.9907407349150996e-12,X,0.2674703487470475,stellar
2CXO J150058.2-083108,225.242841840339,-8.519004560375965,348.8668396620312,42.51160942072532,-0.44347282948157,-0.084946908182386,-0.3735165521549,7.645686715357799e-12,SB*,0.955978540521112,AGN
2CXO J053513.7-052135,83.8071743874093,-5.359956531598497,208.97717410884707,-19.380744333344364,0.97564022485946,0.7632729544035,0.82448469706433,4.9765392184542e-14,PoC,0.007188111739010924,stellar
2CXO J004329.1+410748,10.871399992119336,41.13002266706797,121.32017473999308,-21.71683710965284,0.63335415365397,0.51467832604622,0.17489069331668,6.6261573818411e-13,s?r,0.4793718520811057,stellar
2CXO J053502.4-052046,83.76013846331966,-5.346300006170557,208.9417943133016,-19.416324911751417,-0.38600874453467,-0.27857589006871,-0.11992504684572,5.2054876316324e-14,Or*,0.0037558832758079696,stellar
2CXO J053523.6-052457,83.84865739453511,-5.415941313540477,209.04990422727928,-19.369235141280008,-0.63085571517801,-0.34478450968145,-0.36477201748907,1.2909813524584e-14,Or*,0.0,stellar
2CXO J003704.0-010908,9.26712668931134,-1.152345781825674,114.77585864600672,-63.7963086712869,0.63585259212992,0.49094316052467,0.20986883198001,6.7266727068104e-13,ClG,0.8864185070774436,AGN
2CXO J163905.4-464212,249.77283728391467,-46.70356797066068,338.0016390407812,0.0751156514200617,0.99687695190506,0.99063085571518,0.33728919425359,9.816424917853e-12,NIR,0.05524962700611325,stellar
2CXO J174540.4-290430,266.4183890539432,-29.07495170749245,359.8876527713592,-0.0823023320843112,0.98313554028732,0.98813241723923,-0.1474078700812,1.6504172216266999e-13,X,0.020366967424749458,stellar
2CXO J004735.2-251511,11.896857233701668,-25.253399153853312,97.98137926804048,-87.93576037035032,0.091193004372267,0.073703935040599,0.017489069331668,2.7179992349763e-13,X,0.8602067610543265,AGN
2CXO J174538.4-290136,266.409993828982,-29.02689299716309,359.92485138982084,-0.0510011280118014,0.96189881324172,0.99937539038101,-0.99937539038101,3.7547949840166e-15,X,8.67299399770309e-05,stellar
2CXO J053523.5-051856,83.84804538519086,-5.315820123188427,208.95497972679505,-19.324481497102425,-0.65708931917552,-0.3947532792005,-0.35352904434728,2.3739307080576998e-14,Or*,0.005007832080200502,stellar
2CXO J004303.3+412121,10.76372438692465,41.35603961227997,121.24143633275044,-21.488190371386857,-0.25234228607121,-0.042473454091193,-0.21236727045597,1.332554529041e-13,GlC,0.9643794535612114,AGN
2CXO J053521.3-052345,83.83903989260176,-5.3959529253007865,209.02641727239865,-19.368735470118388,-0.32854465958776,-0.20612117426608,-0.13116801998751,4.0881412985104e-14,Rad,0.007936895931264308,stellar
2CXO J123048.7+122331,187.70291805670468,12.39218273619407,283.76606885527553,74.49128550810133,-0.65334166146159,-0.26733291692692,-0.46720799500312,4.1781250608187e-14,Gl?,0.8841061834358609,AGN
2CXO J034615.7+681112,56.565644427057975,68.18685524066652,138.07444771912867,10.618760611687737,0.8632104934416,0.66958151155528,0.45596502186134,1.5726117033791999e-12,UX?,0.9237938684596625,AGN
2CXO J033829.0-352701,54.62090921631494,-35.450469556604574,236.71595499715653,-53.63586602254557,-0.89319175515303,-0.56714553404122,-0.65958775765147,2.5113335346887997e-13,X,0.0162835039138195,stellar
2CXO J233642.1+235529,354.1753818389134,23.924832346170803,101.75275373543434,-35.85436809998163,0.5683947532792,0.6208619612742,-0.081199250468457,2.3315190424580002e-12,Rad,0.8485460752840547,AGN
2CXO J004240.2+411845,10.667518262814326,41.31254262442799,121.1621677775564,-21.529074425246183,0.12742036227358,0.14490943160525,-0.017489069331668,1.3452765800603e-13,XB?,0.6444525759788969,AGN
2CXO J053519.2-052007,83.83043175241454,-5.335491562087217,208.96515685070767,-19.34902360166784,0.50843222985634,0.069956277326671,0.45346658338538,3.6042739446763e-14,Or*,0.03364660818876335,stellar
2CXO J053518.6-052256,83.82793719119485,-5.38245376015406,209.00835576598587,-19.372487700521745,0.44347282948157,0.12742036227358,0.33479075577764,7.983400560101399e-14,Y*?,0.13010204161659428,stellar
2CXO J053510.5-052156,83.79409749896035,-5.3656270785741365,208.9762895820236,-19.39492072914565,-0.58338538413492,-0.32354778263585,-0.3210493441599,4.826836174235e-14,Or*,0.018631473645104257,stellar
2CXO J195814.9-301111,299.5620775240982,-30.186559712135782,10.948677850348036,-26.76782105891101,0.67332916926921,0.67707682698314,-0.0074953154278576,2.9404269696335e-12,ClG,0.8730978447535698,AGN
2CXO J061912.8-580315,94.803851015359,-58.05410059338832,266.943442567906,-26.93084647208591,-0.43972517176765,0.059962523422861,-0.48719550281074,1.4050075912515998e-12,Er*,0.8098697248508755,AGN
2CXO J174538.1-290112,266.40886885283874,-29.0202103417737,359.9300429230977,-0.0466798371660369,-0.15365396627108,0.038725796377264,-0.17738913179263,1.6229689704456002e-16,X,0.005,stellar
2CXO J053514.6-052328,83.81106511228495,-5.391318514689503,209.00868184196008,-19.391478418774064,-0.99937539038101,-0.99937539038101,-0.48844472204872,0.0,Ir*,0.03936834270388257,stellar
2CXO J174534.8-290040,266.3953828816941,-29.01128841436892,359.9315131259984,-0.0319651784268321,0.82573391630231,0.99937539038101,-0.99937539038101,1.3578425154954e-15,X,0.0009235478366945722,stellar
2CXO J104355.1-593334,160.9795477082639,-59.55957706806968,287.4108696035821,-0.5867168891390517,-0.53966271080575,-0.49344159900062,-0.051217988757027,5.2675222149784e-15,Y*?,0.0,stellar
2CXO J053523.8-052334,83.84920195396512,-5.392855334951152,209.028339146578,-19.358311348261733,0.11992504684572,-0.096189881324172,0.21486570893192,3.2629095397804e-14,HH,0.013946107051479221,stellar
2CXO J053517.3-052014,83.8223632856492,-5.337439355570746,208.9631441460213,-19.357068776790204,-0.21486570893192,-0.16614615865084,-0.051217988757027,3.8822833701721e-14,Y*?,0.004242039058086997,stellar
2CXO J053532.8-053021,83.88699912063078,-5.505983132361566,209.1533312705737,-19.37588110190684,0.31480324797002,0.16239850093691,0.16114928169894,1.9205109751567999e-13,Or*,0.18480176322178113,stellar
2CXO J053513.6-052425,83.80672767193687,-5.407161989642332,209.02159175329788,-19.402495660833864,-0.55215490318551,-0.2948157401624,-0.30730793254216,2.8845479037401e-14,Or*,0.0063131665559979285,stellar
2CXO J235808.8-323403,359.5368062670116,-32.56769623458389,4.501831871796363,-77.24203106361927,-0.42223610243598,-0.094940662086196,-0.34103685196752,2.7176481893597e-13,X,0.9968848942933185,AGN
2CXO J053518.2-052307,83.82614674056259,-5.385374879619075,209.01026255749923,-19.375398832238275,0.41474078700812,0.13491567770144,0.29106808244847,1.0614494347343e-15,Y*?,0.08132918887552293,stellar
2CXO J104352.2-593236,160.967817452286,-59.54340199987095,287.3980178474774,-0.5752356481247963,-0.49843847595253,-0.12991880074953,-0.37601499063086,1.5815409213029001e-15,Y*?,0.003344649976918043,stellar
2CXO J192432.9+501427,291.13730848743216,50.24092367446121,81.85744447758614,15.579989213503287,-0.96939412866958,-0.79200499687695,-0.73204247345409,8.5667544744312e-14,Sy*,0.004635605521217978,stellar
2CXO J123048.8+122313,187.70350432749763,12.386980267458084,283.77393061793026,74.48649245647991,-0.12866958151156,-0.034978138663335,-0.09369144284822,9.8268818992163e-15,X,0.26889556980995716,stellar
2CXO J024002.4+610744,40.01036560867283,61.129047616706565,135.66256793071418,0.9706746549119222,-0.84072454715803,-0.4896939412867,-0.59587757651468,1.0739980204579e-12,SB*,0.0,stellar
2CXO J125053.3+410714,192.72223707686203,41.120513471151305,123.35950518908324,76.00728318479145,0.026233603997502,0.28482198625859,-0.25983760149906,7.4556405462663e-13,ULX,0.9394025635740139,AGN
2CXO J053508.8-053149,83.78699553930255,-5.530328134042152,209.12868713989408,-19.475684733775605,-0.54091193004372,-0.22860712054966,-0.35602748282324,7.5297101741857e-14,Or*,0.017079798480845707,stellar
2CXO J053514.0-052236,83.80868208045882,-5.37679795791041,208.9938155831869,-19.38702560298459,-0.48594628357277,-0.2735790131168,-0.24484697064335,6.3013782982701e-14,IR,0.004848407021376402,stellar
2CXO J053512.8-051523,83.80343506757083,-5.256600657313282,208.8777084708729,-19.337270131270248,-0.35103060587133,-0.22361024359775,-0.13866333541537,4.5631622815149e-14,Or*,0.018948489766950703,stellar
2CXO J053520.0-052043,83.83368129158174,-5.345524713778157,208.97619127754757,-19.350679086274077,0.57339163023111,0.26608369768894,0.36102435977514,1.0286937915305999e-13,Or*,0.0792545272132217,stellar
2CXO J053514.4-051725,83.81021405453043,-5.290336267471485,208.91282489739777,-19.34653123684989,-0.016239850093691,-0.042473454091193,0.024984384759525,7.3036761589548e-14,Or*,0.05324721631445366,stellar
2CXO J174534.4-290044,266.3934670620513,-29.012280557542823,359.9297932672997,-0.0310522295071525,0.60337289194254,0.80074953154279,-0.38850718301062,1.8884169260605002e-16,X,0.0037539160401002507,stellar
2CXO J053525.0-052346,83.85454000269414,-5.396316149232881,209.03415829619203,-19.35513680664242,-0.69706433479076,-0.39600249843848,-0.41723922548407,2.9850346287375e-14,Or*,0.001253916040100251,stellar
2CXO J183041.7-064518,277.6737777453078,-6.755155468702992,24.556185903402,1.5039794587193065,0.74328544659588,0.47220487195503,0.4159900062461,2.329875810382e-11,X,0.20551571670813612,stellar
2CXO J043334.0+242116,68.39195007500047,24.3546472940386,174.21416151814535,-15.71286736278735,-0.53216739537789,-0.21236727045597,-0.35977514053716,3.3707448849887997e-13,RNe,0.08225890163844082,stellar
2CXO J044653.0+170000,71.72107903298348,16.99999436646334,182.24774135368048,-17.86606933041922,-0.33104309806371,-0.048719550281074,-0.28732042473454,1.0559405605257e-12,Or*,0.39735899996014834,stellar
2CXO J123050.3+122337,187.7099168370297,12.393927349126692,283.7885162286374,74.49499411304285,-0.7632729544035,-0.31355402873204,-0.57713928794503,3.5253915645275003e-15,GlC,0.27304208302083266,stellar
2CXO J053518.2-052335,83.82586868622946,-5.393306854090796,209.01762874091736,-19.37923359070953,-0.14490943160525,0.0087445346658337,-0.15365396627108,1.0012719560773e-14,Or*,0.07508594826401196,stellar
2CXO J053531.6-053004,83.88206100932052,-5.501168454759855,209.14642421850823,-19.37809153087809,-0.71330418488445,-0.28107432854466,-0.53966271080575,3.8677521278335e-14,Or*,0.021346224452882798,stellar
2CXO J151335.1-590131,228.39636582712365,-59.02532693626135,320.3404937126662,-1.0446544490705008,-0.9106808244847,-0.84572142410993,-0.27857589006871,1.1574525357008e-13,X,0.0053269386820895305,stellar
2CXO J053457.7-052350,83.74048485455535,-5.397513535732744,208.9808358618569,-19.45694811220985,-0.61461586508432,-0.099937539038101,-0.5471580262336,1.3707293194947e-13,Or*,0.05296871456130866,stellar
2CXO J160834.5-390534,242.1439628768328,-39.092870932203525,339.53356989563883,9.383366021052234,-0.85196752029981,-0.38475952529669,-0.6945658963148,4.8023558111578e-13,a2*,0.009605527873677418,stellar
2CXO J024240.7-000046,40.66982086257792,-0.0128881716168449,172.103503567083,-51.93335701961784,-0.4946908182386,-0.12242348532167,-0.39725171767645,3.6244159470487e-13,IR,0.9438529990027966,AGN
2CXO J150116.5+014134,225.3189977484573,1.6928108011565826,359.1945106045845,49.82595911078525,-0.30855715178014,0.016239850093691,-0.32229856339788,7.9600492486374e-14,X,0.9983394204169239,AGN
2CXO J053517.5-051928,83.82307047242409,-5.324696006932717,208.9514380289335,-19.3506730358749,0.79950031230481,0.32854465958776,0.63835103060587,7.0629615175813e-14,Or*,0.01808759183268972,stellar
2CXO J133700.9-295202,204.2539279396656,-29.86745878802513,314.5832607986706,31.971021493365008,-0.81823860087445,-0.14366021236727,-0.78450968144909,3.453154635515e-15,Cl*,0.20636892512972416,stellar
2CXO J073509.1+654024,113.78807330996192,65.67353528955952,150.4806703905934,29.012720444545053,-0.89069331667708,-0.5159275452842,-0.69206745783885,5.6959462256294e-13,SB*,0.1252235529860127,stellar
2CXO J224030.1+032131A,340.1257423815546,3.358828669973699,71.79884385047482,-46.10814092396014,0.23610243597751,0.1686445971268,0.069956277326671,4.2063564940473996e-14,LeI,0.7785209751997515,AGN
2CXO J104352.0-593239,160.96671047773782,-59.54433674446024,287.3979621865,-0.576324447745124,0.036227357901312,-0.20986883198001,0.25359150530918,4.0936989306405e-15,Y*?,0.008895227936996167,stellar
2CXO J132528.6-430100,201.36967723072053,-43.01672491521011,309.5197981617342,19.419164155997173,0.21361648969394,0.10118675827608,0.11367895065584,1.6340382887792e-13,X,0.15463638110154881,stellar
2CXO J013651.0+154547,24.212821213109063,15.7630665536204,138.67606678307533,-45.715816623547056,0.044971892567145,0.19113054341037,-0.1474078700812,3.1489707285749e-13,UX?,0.8306250238240165,AGN
2CXO J004249.2+411815,10.705104192038732,41.30443078437779,121.19218318284068,-21.538205241713264,-0.11118051217989,0.033728919425359,-0.14490943160525,1.2651614138555e-13,XB?,0.7856518836434182,AGN
2CXO J142438.1+225600,216.1586494854764,22.933511749225914,26.83624617356848,68.50994478772624,-0.11367895065584,0.1211742660837,-0.23110555902561,8.516280572465e-13,LeI,0.9673750799930692,AGN
2CXO J004223.1+411407,10.59642254868544,41.23539178400921,121.10166643396202,-21.604184386717225,-0.069956277326671,0.082448469706433,-0.15115552779513,9.2651833622045e-14,XB?,0.6698976170375901,AGN
2CXO J141309.7-652020,213.29061467645204,-65.33904001428208,311.32571051730207,-3.80778794240177,0.12242348532167,0.096189881324172,0.026233603997502,3.3183520224002997e-13,X,0.1859508372477084,stellar
2CXO J174533.2-290200,266.38848870062884,-29.033661881283937,359.909276205821,-0.0384793246451415,0.77826358525921,0.87945034353529,-0.32729544034978,1.374575586749e-15,X,0.0016701439599415815,stellar
2CXO J053500.1-052516,83.75056633603435,-5.421214169109427,209.00806850925184,-19.458717002477137,-0.63460337289194,-0.32979387882573,-0.38600874453467,2.6873606180648e-14,Or*,0.0027186755747217774,stellar
2CXO J053513.9-052123,83.80821045722956,-5.356476308132994,208.9743789761276,-19.37824963738575,0.77326670830731,0.29606495940037,0.61961274203623,2.9604700937558997e-14,IR,0.031036359696879182,stellar
2CXO J143242.2-440939,218.17609028256345,-44.16088442347532,321.4526781952264,15.038822130881812,0.0012492192379763,0.15865084322299,-0.15740162398501,3.7299449737363e-13,X,0.9081986573952441,AGN
2CXO J053513.0-052029,83.80433188296547,-5.341714788864063,208.95857263402152,-19.37501298252317,0.12742036227358,-0.062460961898813,0.18863210493442,5.1432149802119e-14,IR,0.02943276746298924,stellar
2CXO J122946.8+075958,187.4452184094448,7.9994879140712865,286.92357678723954,70.19521645823188,-0.14615865084322,0.18488444722049,-0.32354778263585,1.6565860262202e-14,X,0.5414519614765462,AGN
2CXO J122946.9+080002,187.44571465953868,8.00072111056942,286.924079859695,70.19653297508299,-0.79700187382886,-0.27982510930668,-0.66458463460337,1.8088425696039998e-14,GlC,0.5625411663308646,AGN
2CXO J132532.0-430037,201.38376054221877,-43.010481451753165,309.53153517653976,19.423907076918557,-0.0037476577139288,0.12991880074953,-0.13366645846346,1.8541509057462998e-13,X,0.6053289342829046,AGN
2CXO J104352.1-593259,160.96720403619838,-59.54992470393796,287.40081072175195,-0.5811384420189696,-0.13616489693941,-0.13991255465334,0.094940662086196,3.5225762098496005e-16,RR?,0.0025,stellar
2CXO J053516.1-052110,83.81744693217547,-5.35300410726838,208.9755079166046,-19.36847766703452,0.067457838850718,0.059962523422861,0.0074953154278576,9.4471546827628e-14,Or*,0.21822873855211788,stellar
2CXO J053521.7-051946,83.84059472226329,-5.329528478311823,208.96437518800835,-19.33730147397832,0.97938788257339,0.78201124297314,0.83947532792005,1.1075919737649998e-13,Or*,0.026906954915925915,stellar
2CXO J174607.5-285951,266.53131385018366,-28.997576370956285,0.0051118427229105,-0.1263282025989697,0.4159900062461,0.23110555902561,0.20487195502811,2.9453150930936e-14,X,0.01356679557480544,stellar
2CXO J064105.3+093313,100.27234126371002,9.55372683272052,203.25340347227748,2.0668198780441727,-0.37851342910681,-0.039975015615241,-0.34353529044347,2.5525632233492e-13,Or*,0.007010333643677675,stellar
2CXO J053501.3-052811,83.75558259204666,-5.470028584044661,209.05664343810972,-19.47633328143797,0.64834478450968,0.36602123672705,0.35852592129919,5.7464829327819e-15,Or*,0.03874256867241718,stellar
2CXO J123048.3+122334,187.70126285123752,12.392963489941131,283.7594259989116,74.49154678488755,-0.42473454091193,-0.1998750780762,-0.24484697064335,3.6311199590316e-14,Gl?,0.9435693149198547,AGN
2CXO J095534.3+690350,148.89306364284596,69.0640589555231,142.09184041506697,40.902183084825474,-0.077451592754529,0.078700811992505,-0.15490318550906,3.3866980138798997e-14,X,0.8427654348414615,AGN
2CXO J190935.7+493036,287.3988928774827,49.5101632989248,80.1847016602894,17.52062049937543,-0.71705184259838,-0.28107432854466,-0.5471580262336,2.6836313018183e-13,SB*,0.022549939649142366,stellar
2CXO J053516.6-052240,83.81937843558774,-5.378010282312472,209.00006890736896,-19.37807687269172,0.99937539038101,0.79075577763898,0.5633978763273,1.3891787446914e-15,X,0.03617223292169259,stellar
2CXO J053526.0-052547,83.858400951632,-5.429943730694893,209.0677916648665,-19.36691433180533,0.1998750780762,0.053716427232979,0.14865708931918,4.8905522731197e-14,Or*,0.040462480510788164,stellar
2CXO J122946.3+075952,187.44289747404423,7.997829158511293,286.918218917011,70.19303973555485,-0.036227357901312,0.13991255465334,-0.17988757026858,6.3623400679316e-15,GlC,0.1490526908108084,stellar
2CXO J174534.7-290230,266.3948758627107,-29.04175743924709,359.9052769235779,-0.047464211957195,0.99937539038101,0.9156777014366,0.13491567770144,1.8105506099585e-15,X,0.012329100638391323,stellar
2CXO J122546.7+123943,186.4449464914935,12.662129851348643,279.1214304031734,74.33552732076505,0.91442848219863,0.90318550905684,0.061211742660837,2.9924163649676997e-12,X,0.9780411671018919,AGN
2CXO J064103.4+093118,100.26458249341208,9.52176308089874,203.27836212777663,2.045416734409647,-0.77951280449719,-0.40724547158026,-0.54590880699563,8.8969526333601e-14,Or*,0.0012558832758079697,stellar
2CXO J053517.9-051538,83.82499894221917,-5.260775685995453,208.891960791638,-19.320017597281826,-0.53716427232979,-0.23110555902561,-0.34978138663335,2.6784712427626998e-14,Or*,0.002131698682362344,stellar
2CXO J053519.6-052357,83.83172645983791,-5.399264853452925,209.0260576852837,-19.37672714172185,-0.40724547158026,-0.25109306683323,-0.1736414740787,2.9896505960235e-14,Rad,0.0015037570444583594,stellar
2CXO J174538.5-290136,266.41057130649574,-29.02689375968107,359.92511380909855,-0.0514325244977973,0.98188632104934,0.99937539038101,-0.99937539038101,6.4559772671382005e-15,X,0.0032185784167366492,stellar
2CXO J053522.2-052029,83.84277514609681,-5.341439920841075,208.97667337484933,-19.340756404632177,-0.90568394753279,-0.60587133041849,-0.66458463460337,3.5963008762154e-14,Or*,0.027435102607170424,stellar
2CXO J004429.5+412135,11.12323439122315,41.35996105773417,121.53143121816323,-21.492900455528385,-0.0049968769519051,0.16989381636477,-0.17489069331668,1.4066092800207e-12,GlC,0.7872299226207757,AGN
2CXO J122946.2+075953,187.44260217716328,7.998049668217606,286.91722152731523,70.19318085698247,-0.027482823235478,0.16989381636477,-0.20237351655215,6.8512850610715005e-15,GlC,0.07752802069674286,stellar
2CXO J122947.1+075954,187.4463502312518,7.9985675247534544,286.92745475427427,70.19460253965602,0.52467207995003,0.36976889444097,0.12367270455965,4.9987375896365e-15,GlC,0.41313853909074694,stellar
2CXO J095549.4+694043,148.95583344128727,69.67879432524954,141.41380438601914,40.56393022528098,0.99937539038101,0.99937539038101,0.99937539038101,,Gl?,0.33910327144528885,stellar
2CXO J053514.3-052322,83.81000948918904,-5.389729533101206,209.00667551062412,-19.39169694810549,-0.61711430356027,-0.25733916302311,-0.41973766396002,1.485982854801e-15,cor,0.014539921517396923,stellar
2CXO J053427.3-052422,83.61389652960156,-5.406141400795117,208.9285074449576,-19.573242294842323,-0.50468457214241,-0.20112429731418,-0.33728919425359,1.0159120634226998e-12,Or*,0.04670610941897638,stellar
2CXO J174536.4-290043,266.40173912690284,-29.0120467283275,359.9337623848454,-0.0371047003106942,0.98688319800125,0.98063710181137,0.033728919425359,8.9478434644368e-15,X,0.007935383913735836,stellar
2CXO J025434.0+413110,43.64198950993409,41.51962841456543,146.38454529781515,-15.677316192333809,0.40849469081824,0.22985633978763,0.19737663960025,7.8907113237102e-13,Rad,0.6103451507938971,AGN
2CXO J095524.7+690113,148.8533778984131,69.02038911999759,142.14990619583867,40.915703574204606,-0.99937539038101,-0.99937539038101,-0.7945034353529,0.0,UX?,0.007268488681568843,stellar
2CXO J175414.5-275435,268.56063335928843,-27.91004570254948,1.8539441550289304,-1.1000126377712178,0.92941911305434,0.50218613366646,0.80199875078076,2.4253932125017e-12,NIR,0.2612502630980061,stellar
2CXO J112320.7+013747,170.83635236520604,1.6298638113056532,259.59366732822144,56.89630880785055,0.061211742660837,0.08369768894441,-0.022485946283573,3.1654711392843e-13,LeQ,0.8494664763935933,AGN
2CXO J053522.4-052200,83.84354959004969,-5.366960893554424,209.0011640525329,-19.351616631399143,0.013741411617739,-0.11492816989382,0.12866958151156,3.5577083720544e-14,Or*,0.014957264071475603,stellar
2CXO J122946.7+080008,187.44475624721892,8.002362643374155,286.92016480884735,70.19788802738174,0.99937539038101,0.54465958775765,0.58463460337289,5.980132305869501e-15,GlC,0.44482056866898845,stellar
2CXO J053514.6-052042,83.81105592560664,-5.345106898273357,208.96499075896517,-19.370578202439205,0.46221111805122,0.11617738913179,0.36477201748907,3.2617116492587e-14,,0.026579741160774165,stellar
2CXO J013425.8+305518,23.607600785474176,30.92186262775527,133.69464263356397,-31.049803670188723,-0.012492192379763,0.084946908182386,-0.097439100562149,3.0054879780250997e-13,GlC,0.6943648418494511,AGN
2CXO J053527.0-051544,83.86275393680825,-5.262331599389823,208.91147344092045,-19.28720392155648,-0.23485321673954,-0.16489693941287,-0.072454715802623,4.7848345358755e-14,Or*,0.028853868519786666,stellar
2CXO J174532.9-290110,266.38732372744425,-29.019676049650517,359.9206817363307,-0.0303211970387151,0.96689569019363,0.94066208619613,0.18613366645846,3.3469481628832002e-15,LP?,0.002924060000041832,stellar
2CXO J053512.6-051935,83.8028656024843,-5.326477787179195,208.9434699065482,-19.369418195698533,0.12866958151156,-0.084946908182386,0.21111805121799,1.6033368842101e-14,Or*,0.025425660522960372,stellar
2CXO J122946.6+080015,187.4442254798305,8.0043879174157,286.91717946642325,70.19971976025833,0.08369768894441,0.33603997501562,-0.31355402873204,1.6189211972269e-15,GlC,0.28892133627836564,stellar
2CXO J053518.2-052953,83.8261358168013,-5.49836469969814,209.11710946277117,-19.42648821621925,-0.37601499063086,-0.067457838850718,-0.31730168644597,2.3789211333559996e-13,Or*,0.06334954300136136,stellar
2CXO J234349.4-151704,355.95621241906406,-15.284644908001084,66.51672133023142,-70.32565289991557,0.99937539038101,0.9369144284822,-0.11118051217989,1.1709610747928998e-12,Sy*,0.9322747089421425,AGN
2CXO J174534.6-290039,266.39430448080884,-29.011110930563007,359.9311731615942,-0.031067770732886,0.99937539038101,0.99937539038101,-0.99937539038101,1.4760510533721001e-15,X,0.003431379916895074,stellar
2CXO J183126.0-020516,277.85841960951734,-2.088077626634325,28.786670225797398,3.4925246565176438,0.82698313554029,0.48219862585884,0.57339163023111,8.254618645882999e-13,Y*?,0.3924321282939986,stellar
2CXO J053514.3-052232,83.80980449278144,-5.375754707900183,208.99336522621115,-19.38555705067653,0.99937539038101,0.88069956277327,0.99937539038101,,IR,0.029848481946042657,stellar
2CXO J053515.4-052722,83.81452703605504,-5.456343447470055,209.07182465293224,-19.417807093283017,-0.57589006870706,-0.35602748282324,-0.27607745159275,2.4444110949159e-14,Or*,0.007730414493777913,stellar
2CXO J223940.2+751321,339.9179260691732,75.22268476252721,114.69523235855404,14.500896724091046,0.039975015615241,0.014990630855715,0.024984384759525,9.1160583535124e-13,Or*,0.5542798809589682,AGN
2CXO J215022.5-055109,327.59377522716545,-5.852564586337522,50.85076134041351,-42.0379472102961,-0.95690193628982,-0.8157401623985,-0.64709556527171,4.8687635537155e-13,X,0.0295299339128585,stellar
2CXO J053519.6-052426,83.83191840222543,-5.407398333217338,209.03383909844564,-19.38023512699269,0.22485946283573,0.034978138663335,0.19113054341037,4.9865703912174e-14,Or*,0.021743098198383982,stellar
2CXO J162704.5-242715,246.76905889909585,-24.454378720564154,353.12924951274255,16.766019583347283,0.92692067457839,0.5946283572767,0.72329793878826,1.5708894072684e-14,Or*,0.029152182818179186,stellar
2CXO J132943.3+471134,202.43040344089852,47.19298080609976,104.91563223423393,68.57358435102798,-0.97314178638351,-0.60212367270456,-0.89444097439101,4.0356188845964e-14,UX?,0.04690552652703068,stellar
2CXO J132946.1+471042,202.44212712703225,47.17839389703136,104.87949748290453,68.58368851729827,-0.40349781386633,-0.064959400374766,-0.3472829481574,6.5167779307645e-14,Cl*,0.9945596702322874,AGN
2CXO J041437.7+053442,63.657366164229984,5.578442389077617,187.1006107156727,-31.033181418385198,0.22361024359775,0.1474078700812,0.078700811992505,4.0743052685918997e-13,LeI,0.8399950351679207,AGN
2CXO J053511.5-052447,83.7981844384675,-5.413372643774809,209.02338647765453,-19.412890122175355,0.94316052467208,0.5159275452842,0.83198001249219,8.192088904958e-14,Y*?,0.03395224621671577,stellar
2CXO J053518.5-052042,83.82715797358776,-5.345187756773473,208.97275753718716,-19.356318431627628,-0.16989381636477,-0.11367895065584,-0.056214865708932,9.943225332257401e-15,Or*,0.04215360819462811,stellar
2CXO J061536.3+710215,93.90151835012888,71.0375030552861,143.2960522164507,22.71868372717507,0.25109306683323,0.55465334166146,-0.35227982510931,2.8921708809326996e-12,Rad,0.8234039769655628,AGN
2CXO J004247.1+411406,10.69649654903418,41.23527877067973,121.18255019528338,-21.60707909073474,-0.789506558401,-0.57339163023111,-0.39600249843848,1.1570804933702e-13,X,0.2528660378701453,stellar
2CXO J053522.1-052424,83.84246054993963,-5.406904800464867,209.0384037168689,-19.37065123025357,0.12367270455965,-0.01998750780762,0.14241099312929,4.7840211383646e-14,Or*,0.03722972367575911,stellar
2CXO J174805.3-244637,267.0225040922795,-24.777189221604026,3.842154108382162,1.685990916861581,0.67707682698314,-0.037476577139288,0.69706433479076,5.2598624428229e-14,X,0.008142735574763608,stellar
2CXO J053522.9-053228,83.84552626982907,-5.541403227973684,209.16706985633888,-19.428708412305348,-0.60212367270456,-0.23360399750156,-0.42723297938788,4.5684032099319e-14,Or*,0.016991407807104873,stellar
2CXO J174533.3-290051,266.38889029573807,-29.014448576064385,359.92585713785064,-0.0287660759597446,0.93066833229232,0.8844472204872,0.17489069331668,2.2635436323018e-15,X,0.013231522459170223,stellar
2CXO J095524.2+690957,148.85103913246877,69.165982359908,141.99309589976792,40.83121388675001,-0.043722673329169,0.31605246720799,-0.35477826358526,6.2435924246611e-13,X,0.9031572412207648,AGN
2CXO J123048.2+122335,187.70090199580704,12.39306978294032,283.75804929431223,74.49154273050843,-0.22985633978763,0.35477826358526,-0.54091193004372,5.2684139183752e-14,PoG,0.8357768345424751,AGN
2CXO J031947.5+413047,49.94822252802186,41.51303459321559,150.57349116590282,-13.261108380412786,0.99937539038101,0.99937539038101,-0.30730793254216,0.0,X,0.39726233169731645,stellar
2CXO J122947.3+080002,187.4473140917827,8.00057057627375,286.9287191715843,70.19677963111513,0.054965646470956,0.64084946908182,-0.79200499687695,1.7808325243956e-15,GlC,0.3942918491947327,stellar
2CXO J004233.8+411619,10.64118340411278,41.27213864142775,121.13930913585334,-21.5687225111123,-0.084946908182386,0.081199250468457,-0.16364772017489,9.3134758099671e-14,XB?,0.7216863863626073,AGN
2CXO J132950.6+471155,202.4611879004549,47.19867336706121,104.86962694470763,68.55989680031766,0.85321673953779,0.85071830106184,-0.0012492192379763,6.5327553740945e-14,Cl*,0.8842655006689122,AGN
2CXO J174535.8-290236,266.39937335113984,-29.04359378656484,359.90575848515886,-0.0517770571427279,0.93816364772017,0.8894440974391,0.15740162398501,2.1555818509087e-15,X,0.015533970114050671,stellar
2CXO J123048.1+122335A,187.70080891220027,12.393207878551657,283.7575702866039,74.49164728743663,-0.44971892567146,-0.42973141786384,-0.021236727045597,1.6880540010397e-14,GlC,0.4742769096577166,stellar
2CXO J004255.3+412557,10.730784292736471,41.43250880962895,121.2177986406041,-21.410897791785874,0.25484072454716,0.13241723922548,0.1261711430356,3.8306908158768e-13,X,0.7207298346952367,AGN
2CXO J053522.2-052637,83.84252544365313,-5.443740226507037,209.07326318623367,-19.38724830550216,-0.71205496564647,-0.38600874453467,-0.44846970643348,2.2951712525409e-14,Or*,0.0037539160401002507,stellar
2CXO J174536.8-290117,266.40346802155443,-29.021615186864107,359.9263831915447,-0.0433807428661273,0.69706433479076,0.85196752029981,-0.45096814490943,3.7513717813711003e-16,EmO,0.0,stellar
2CXO J121651.8+375438,184.2158919644021,37.91075910642444,154.74129873355824,76.99982472574344,-0.43597751405372,-0.066208619612742,-0.38101186758276,9.4294633614506e-13,PoG,0.9970907339368179,AGN
2CXO J133719.8-295348,204.3324859970081,-29.896831425942526,314.6545831637204,31.92812829926464,-0.3472829481574,-0.052467207995003,-0.30106183635228,2.8285324666772e-13,SN?,0.9315372264314621,AGN
2CXO J174802.6-244602,267.0110612311846,-24.76743503293739,3.845148668702216,1.6999241304883197,0.9156777014366,0.5683947532792,0.72329793878826,7.842915426854799e-14,GlC,0.024023717723505634,stellar
2CXO J004627.0+420152,11.612616165184136,42.031228736623646,121.94103775687228,-20.830922996636964,-0.14865708931918,0.18238600874453,-0.32229856339788,3.7858301782947e-12,X,0.866663060555954,AGN
2CXO J122947.4+075955,187.44766449529948,7.998759705799096,286.93103563551443,70.1951111884656,-0.27607745159275,-0.39225484072455,0.26483447845097,2.8175287407928003e-16,GlC,0.17491988200241526,stellar
2CXO J122947.4+080007,187.44754889006012,8.002040333149312,286.9283091400913,70.19826116794185,-0.16239850093691,0.21111805121799,-0.36976889444097,5.2969254710221e-15,GlC,0.16071846719681268,stellar
2CXO J174535.6-290034,266.39862405277245,-29.0097013656107,359.9343447013456,-0.033557447765351,0.99937539038101,0.98188632104934,0.99937539038101,1.8853871875806e-14,X,0.004388386126811992,stellar
2CXO J053516.7-052231,83.81972743357676,-5.375346892548169,208.9977176568148,-19.3765620865215,-0.36727045596502,-0.1998750780762,-0.17988757026858,2.1321560451421e-14,Or*,0.008761748120300752,stellar
2CXO J113155.2-343627,172.97994346375458,-34.607616198299226,284.8738379509126,25.460333638873852,-0.77826358525921,-0.32854465958776,-0.60462211118051,2.0279736852676e-12,LM*,0.08995314838242599,stellar
2CXO J053516.8-052222,83.82038069797443,-5.372897157975945,208.99571370706755,-19.37487377409721,-0.59088069956277,-0.39350405996252,-0.25608994378513,2.8493613534814997e-14,LM*,0.003344649976918043,stellar
2CXO J053519.3-052542,83.83081942920228,-5.428454050004657,209.053223439932,-19.39073203290632,0.99937539038101,0.90068707058089,0.99937539038101,1.3241779638681e-14,Or*,0.027216563588079334,stellar
2CXO J053506.4-053335,83.77689381098145,-5.559800523530185,209.15176403402344,-19.497965520577765,0.078700811992505,0.53841349156777,-0.47970018738289,5.6645820764259e-14,Or*,0.15308767846245055,stellar
2CXO J053507.2-052226,83.7803072226879,-5.374067512655785,208.9776835540929,-19.41098368066541,-0.61961274203623,-0.24109931292942,-0.44472204871955,2.6772723362528e-14,Or*,0.010113912186135514,stellar
2CXO J095601.3+694111,149.00541934781882,69.68645611590544,141.39238739100836,40.57344115539054,0.39725171767645,0.14241099312929,0.26983135540287,3.05716526275e-13,GlC,0.8465119828519481,AGN
2CXO J164115.4+534411,250.31449721848355,53.73641901420205,81.87804785724458,40.606483917920194,-0.71955028107433,-0.25983760149906,-0.56464709556527,6.8475951625438e-13,SB*,0.41242907099943715,stellar
2CXO J053505.6-052506,83.77372898341673,-5.418476515035072,209.01653842506943,-19.43691265083581,-0.70331043098064,-0.35103060587133,-0.46595877576515,1.3181842828415e-14,Or*,0.0042642591058625855,stellar
2CXO J053531.7-052934,83.88247785863382,-5.492836273840072,209.13874310259865,-19.373957297731195,-0.80699562773267,-0.40349781386633,-0.59837601499063,3.7133436802374997e-14,Or*,0.0018779324366593683,stellar
2CXO J031738.6-663303,49.41106349856136,-66.55097895015973,283.4720535148529,-44.65423895661837,-0.52592129918801,-0.1736414740787,-0.38850718301062,7.681815029022699e-13,SN*,0.9775550514232262,AGN
2CXO J181020.8-190410,272.5870831650832,-19.069587061242068,11.362633761520405,0.0586131064484205,0.99937539038101,0.58713304184884,0.27982510930668,1.09203327309e-14,X,0.005848120000083664,stellar
2CXO J123048.1+122335,187.70055661701,12.39307933220992,283.75683482440303,74.4914508833395,-0.18863210493442,-0.15865084322299,-0.02998126171143,1.6105460244857998e-14,PoG,0.40783084467811487,stellar
2CXO J174540.9-290002,266.42058249369904,-29.00062129130179,359.9521004624828,-0.0452187935182481,0.94565896314803,0.94815740162398,-0.13991255465334,1.7814103298163e-15,IR,0.001253916040100251,stellar
2CXO J053540.8-052141,83.9200808840057,-5.3615238957943125,209.03255312649665,-19.28120396311341,0.76577139287945,0.22236102435978,0.65459088069956,3.0005986755224e-14,Or*,0.018300166850239778,stellar
2CXO J003728.8-334442,9.370287040532048,-33.74515370244444,326.5138307041089,-82.73279269357654,-0.25234228607121,0.059962523422861,-0.30730793254216,1.1299764893595e-13,Rad,0.9928541133970543,AGN
2CXO J004239.5+411428,10.664715096720329,41.24123567805314,121.15709587140486,-21.600256372325724,-0.37976264834478,-0.18363522798251,-0.20986883198001,5.860862421317399e-14,XB?,0.6419889571333394,AGN
2CXO J034436.9+320645,56.153952795995735,32.11266244460683,160.53244807315295,-17.83445473418478,-0.017489069331668,0.0,-0.017489069331668,6.7903979967673e-13,Or*,0.5357338049089487,AGN
2CXO J122947.5+075951,187.4479347482852,7.997770725906466,286.9325239478667,70.19421933234428,-0.44971892567146,-0.058713304184885,-0.3997501561524,1.0114078260978001e-15,GlC,0.2712526230858693,stellar
2CXO J224030.1+032131,340.12569519961403,3.3584989981102824,71.7984648726492,-46.10834553894779,0.16739537788882,0.14241099312929,0.022485946283573,2.7765828012942e-14,LeI,0.7794308231243195,AGN
2CXO J143029.8+133911,217.6245027826102,13.653315675106311,7.648832367891681,63.24448851693841,0.70830730793254,0.85696439725172,-0.37976264834478,6.0669399099593e-13,Cl?,0.9820744641691469,AGN
2CXO J100434.9+411242,151.1454864784012,41.211857907539205,179.51324014121565,53.14943145675808,-0.33603997501562,0.067457838850718,-0.39350405996252,1.2646702918653e-13,LeQ,0.9952260524367431,AGN
2CXO J053552.8-052231,83.97011939470474,-5.375356244471929,209.0694912545356,-19.24302895904659,0.68831980012492,0.25109306683323,0.52841973766396,1.0944222782449e-13,Or*,0.046148017733518835,stellar
2CXO J174538.2-290210,266.4092638816712,-29.036178267936112,359.9165933402768,-0.0552939440014034,0.85571517801374,0.99937539038101,-0.99937539038101,4.879290665886801e-16,X,8.67299399770309e-05,stellar
2CXO J130518.5-492823,196.3271700533502,-49.473254090587446,305.2469059619699,13.336135805930962,0.40474703310431,0.30730793254216,0.11118051217989,2.3524228794661e-13,X,0.4367264373339378,stellar
2CXO J123050.0+122310,187.70866552566383,12.386387424495751,283.7925795928356,74.48743344497016,0.12742036227358,0.047470331043098,0.068707058088695,4.8094330134635e-15,GlC,0.16866099491436043,stellar
2CXO J104749.9+123456,161.95826977473052,12.582475424201904,233.4903089033225,57.63457625710079,0.052467207995003,0.17239225484072,-0.1211742660837,2.3195382682482e-13,X,0.8959582448615044,AGN
2CXO J053512.8-052133,83.80359190606981,-5.359403144305897,208.97494003135557,-19.383674697207613,0.9843847595253,0.77826358525921,0.88319800124922,1.0229179342117999e-13,LM*,0.03218295824656547,stellar
2CXO J053520.4-051713,83.8350751464784,-5.287285519926587,208.92182205664443,-19.323078002750183,0.24984384759525,-0.053716427232979,0.29856339787633,3.5780669265781e-14,Or*,0.020426531220903384,stellar
2CXO J053522.7-052313,83.84499678001453,-5.387053942957992,209.02084793885936,-19.35942119862407,0.55840099937539,0.09369144284822,0.4896939412867,2.0459248102017e-14,Or*,0.008478206720618959,stellar
2CXO J053530.9-051817,83.87883782584646,-5.304919420322057,208.95938695002664,-19.292208009972363,-0.6895690193629,-0.39350405996252,-0.40599625234229,2.8513224838608e-14,Or*,0.0031357737181044866,stellar
2CXO J172228.8-372656,260.6203133129429,-37.449100560798456,350.2284438918276,-0.5644348459259321,-0.63210493441599,-0.20737039350406,-0.4896939412867,1.0299936885048999e-12,Y*?,0.017693090050631344,stellar
2CXO J004235.2+412005,10.646672862033256,41.3349314173072,121.14623642283831,-21.5061252396172,0.20986883198001,0.13366645846346,0.078700811992505,1.1429605288526e-13,XB?,0.7142421531971486,AGN
2CXO J015751.4+375305,29.464269675106948,37.884795260628735,137.13095897378608,-23.148774732103583,-0.82698313554029,-0.38600874453467,-0.64834478450968,2.7698433871836997e-13,X,0.011490855574847277,stellar
2CXO J132957.5+471048,202.4898872503916,47.18018659098028,104.80029665573514,68.56885073649406,-0.17489069331668,-0.024984384759525,-0.15115552779513,4.6009446255201e-14,UX?,0.7671065018638142,AGN
2CXO J053528.9-051617,83.87059769759674,-5.271674472870657,208.9240461241454,-19.284471436692844,-0.42848219862586,-0.22985633978763,-0.21986258588382,2.4483301353791998e-14,Or*,0.0033426919712808943,stellar
2CXO J123048.8+122330,187.7036520733284,12.391897679306505,283.76894619634203,74.49122795794236,-0.70705808869457,-0.25733916302311,-0.54965646470956,6.2658479289336e-14,PoG,0.4494796578499749,stellar
2CXO J054707.9+001756,86.78298013606423,0.2989440331584917,205.1735472990111,-14.127087010124434,0.35852592129919,0.17738913179263,0.19362898188632,7.5228869012503e-13,RNe,0.6786742520607868,AGN
2CXO J174804.6-244709,267.0195897223132,-24.78592533000077,3.833301778329617,1.683749295721897,0.90568394753279,0.50718301061836,0.73828856964397,7.880261032806e-14,X,0.0033368178967175415,stellar
2CXO J053516.4-052234,83.81871167345076,-5.376425325978843,208.99825218587475,-19.37795185712613,-0.58588382261087,-0.38600874453467,-0.25608994378513,8.0055976959579e-15,Rad,0.0037617481203007525,stellar
2CXO J053504.6-052936,83.76944802573053,-5.4934121291624525,209.08538483649184,-19.474589202958143,-0.84697064334791,-0.46470955652717,-0.62835727670206,2.9506597491081e-14,Or*,0.0008368178967175413,stellar
2CXO J123050.2+122344,187.7094771457929,12.395755441791326,283.784939315021,74.49661032405268,0.99937539038101,0.99937539038101,-0.06371018113679,1.5647202802165e-15,Gl?,0.5105057919468929,AGN
2CXO J122947.2+075945,187.44691881625965,7.995934391951584,286.9309899694439,70.19219101154272,0.097439100562149,0.081199250468457,0.0,1.9470547714565002e-15,GlC,0.22258561422666467,stellar
2CXO J195859.6+404154,299.7486603774738,40.69867119303736,76.11245938654653,5.814648000231848,0.43098063710181,0.35352904434728,0.091193004372267,8.3592358150713e-14,X,0.2780995293065683,stellar
2CXO J053512.5-052344,83.80250649916479,-5.395608935158845,209.00865241467525,-19.40101831565721,-0.70081199250468,-0.33104309806371,-0.48094940662086,3.0636765884926e-14,Rad,0.005923673431334313,stellar
2CXO J174541.5-285814,266.42293200492645,-28.97081035811692,359.97861803333745,-0.0314443828000067,0.99937539038101,0.94316052467208,0.99937539038101,3.2911949734281e-14,Rad,0.011746810022651006,stellar
2CXO J110224.8-773335,165.6034767141864,-77.55992768092547,297.0426689341237,-15.952789210041182,-0.81324172392255,-0.33229231730169,-0.65958775765147,7.8451422515854e-13,LM*,0.0,stellar
2CXO J022231.4+422023,35.630951767141255,42.3399483260066,140.38096574662325,-17.424697203250723,0.5946283572767,0.23860087445347,0.41474078700812,2.6094298030865e-13,ULX,0.10205205585172412,stellar
2CXO J133739.7-125724,204.41575784009612,-12.956859730038236,320.0240054909107,48.37485221256389,-0.19113054341037,0.026233603997502,-0.21736414740787,2.6592304984737997e-12,ev,0.966416151000065,AGN
2CXO J132957.6+471206,202.49005486080372,47.20178033091869,104.82407304758084,68.54908298973842,-0.068707058088695,-0.082448469706433,0.013741411617739,3.8564794136658e-14,X,0.7075853438052391,AGN
2CXO J053454.1-052226,83.72547743922786,-5.374100610402236,208.9515220687917,-19.459679573739123,-0.13116801998751,-0.041224234853217,-0.089943785134291,9.654815601850899e-14,Ir*,0.08461238841423713,stellar
2CXO J053538.1-051810,83.90883661144647,-5.303104634332413,208.97199750843916,-19.26475187997285,0.8107432854466,0.23110555902561,0.71330418488445,4.9668781778519e-14,Or*,0.011700602057202213,stellar
2CXO J140729.7-270104,211.8740328862848,-27.017851769796817,323.1444456478916,32.85116731807844,-0.28732042473454,-0.011242973141786,-0.27607745159275,3.5219129895089995e-13,ClG,0.9962617481203008,AGN
2CXO J174532.8-290143,266.3866941075596,-29.02880427626643,359.9126042387797,-0.0346085831174618,-0.99937539038101,-0.99937539038101,-0.99937539038101,0.0,X,0.0004131150925057845,stellar
2CXO J100433.8+411234,151.14092467331614,41.20963061998384,179.51781030633583,53.146394150130114,-0.30730793254216,0.057464084946908,-0.35852592129919,1.0308039899705e-13,LeQ,0.994851877044542,AGN
2CXO J083600.3-262138,129.001332906195,-26.360589113733383,248.49988620657757,8.56230358825781,-0.77701436602124,-0.42598376014991,-0.52467207995003,1.1493241050311e-13,gD*,0.02307038903674221,stellar
2CXO J162230.0-241123,245.62507830340428,-24.189823429028788,352.61127824688054,17.72098705371815,-0.16489693941287,-0.024984384759525,-0.13991255465334,8.1544759902442e-13,Or*,0.6760050767810006,AGN
2CXO J123050.7+122338,187.711292074652,12.393978355986496,283.7932543583683,74.49544411498441,0.97189256714553,0.99937539038101,-0.23485321673954,0.0,GlC,0.8929957545822639,AGN
2CXO J181934.1-145803,274.8923379143271,-14.967663438998944,16.018983092361346,0.0803826608402934,-0.97688944409744,-0.89069331667708,-0.65708931917552,1.5170817598048e-13,NIR,0.0,stellar
2CXO J053516.3-052509,83.81818576359757,-5.41937561887015,209.03860993674255,-19.397845064331985,-0.35477826358526,-0.2685821361649,-0.094940662086196,1.4651234663149e-14,Or*,0.01582729242715145,stellar
2CXO J053518.9-052218,83.82897615248237,-5.371866502962463,208.9988433492948,-19.366775669980207,0.48094940662086,0.086196127420362,0.41099312929419,3.7578285366751e-14,Or*,0.020704916792612788,stellar
2CXO J174859.6-271220,267.24834387352905,-27.205799663593176,1.8655760717796144,0.2598724150096791,-0.74828232354778,-0.25608994378513,-0.60836976889444,1.273686319953e-14,Y*?,0.0006279416379039849,stellar
2CXO J004247.8+411549,10.699461491277418,41.26380764633658,121.18605369446595,-21.578649285732045,-0.84946908182386,-0.52217364147408,-0.5896314803248,1.2944315936218e-14,XB?,0.0789589391153598,stellar
2CXO J053513.4-052340,83.80603536604036,-5.394539738755553,209.00932622212488,-19.39740140163765,-0.046221111805122,-0.053716427232979,0.0074953154278576,2.4217614312973e-14,Or*,0.04559499077191354,stellar
2CXO J043334.5+242105,68.39404698531843,24.35153896462552,174.217907342607,-15.71342322283831,-0.30980637101811,-0.092442223610244,-0.22236102435978,2.6737436806561997e-13,Or*,0.2907211735700578,stellar
2CXO J174536.3-290114,266.4016232076608,-29.020685224793247,359.92633639788545,-0.0415192943533261,0.99937539038101,0.82448469706433,-0.2473454091193,1.4392361393361e-15,X,0.0015037570444583594,stellar
2CXO J053530.2-052551,83.87619715674589,-5.430997710841174,209.077277474702,-19.35158833155208,-0.79325421611493,-0.47970018738289,-0.50593379138039,2.321221414771e-14,IR,0.014234171538236274,stellar
2CXO J122946.4+075939,187.44354890185664,7.994393773608935,286.92257616873866,70.18987149719864,-0.024984384759525,0.037476577139288,-0.06371018113679,2.8141754055829003e-15,GlC,0.21354813871511716,stellar
2CXO J123049.9+122347,187.7081140394096,12.396644778633917,283.7791916678833,74.4970610373017,-0.5946283572767,-0.28607120549656,-0.35852592129919,3.2500921028035e-15,GlC,0.2993283831710087,stellar
2CXO J055200.4+323648,88.0020391688148,32.6133028693612,177.55240918385678,3.068834333311784,-0.73454091193004,-0.36976889444097,-0.49968769519051,6.6700422282576e-14,Pu*,0.006689299953836086,stellar
2CXO J174538.6-290132,266.41118569753166,-29.02567218582984,359.9264363875143,-0.0512546546272487,-0.41349156777014,0.99937539038101,-0.99937539038101,0.0,X,0.011769488417546069,stellar
2CXO J053527.8-052802,83.8662561936668,-5.467289189748962,209.1068502352006,-19.376819315755046,-0.49843847595253,-0.10368519675203,-0.4159900062461,5.1147919063723e-14,Or*,0.08873006179921085,stellar
2CXO J174539.7-290029,266.4157561155059,-29.00829174389233,359.94335408932375,-0.0456115075958238,0.9893816364772,0.96189881324172,0.5633978763273,4.0336113933929e-14,Cld,0.019050759990587723,stellar
2CXO J064123.0+092726,100.34601224922152,9.45741956022256,203.3723389549307,2.087494004009696,-0.77326670830731,-0.40724547158026,-0.53466583385384,1.1242187832495e-13,Or*,0.011240701290232918,stellar
2CXO J053523.4-052001,83.8478929042933,-5.3337787765534,208.97187719028864,-19.33274537198921,0.88319800124922,0.35852592129919,0.7682698313554,4.2541408402922e-14,Y*?,0.0064278217555277265,stellar
2CXO J063255.8+174644,98.23265775182892,17.779030508285885,195.02004909684692,4.063989378286613,0.44846970643348,0.22985633978763,0.24359775140537,1.1012996002590999e-13,X,0.07596002776599489,stellar
2CXO J104433.7-594415,161.1405148721915,-59.73761551780289,287.5662170917921,-0.7058117437474499,-0.91692692067458,-0.68207370393504,-0.62585883822611,2.9017958604726e-13,Pl?,0.00927731259563945,stellar
2CXO J004252.4+411648,10.718396758028971,41.28019288620115,121.20197983251666,-21.56278570018765,-0.30980637101811,0.017489069331668,-0.32604622111181,4.6666538865148e-14,ev,0.8192776509512854,AGN
2CXO J224030.2+032131,340.126103522358,3.358688595059072,71.79907792758623,-46.10849200736296,0.41099312929419,0.29731417863835,0.12742036227358,1.9699290631422e-14,LeI,0.7464312702422272,AGN
2CXO J095510.2+690502,148.7929152916969,69.08391820829247,142.09757222717275,40.86150084719581,0.0074953154278576,0.19612742036227,-0.18988132417239,2.3447890417409e-13,X,0.8927439607339356,AGN
2CXO J053218.7-710744,83.07793034173585,-71.1290425490496,281.9167858694671,-31.93081580296728,0.012492192379763,0.034978138663335,-0.022485946283573,5.274209338028499e-13,Rad,0.4811834581631529,stellar
2CXO J123049.1+122308,187.70484123346432,12.385667444544843,283.7800567464625,74.48563009671894,0.99937539038101,0.99937539038101,-0.036227357901312,0.0,Gl?,0.7839875375785563,AGN
2CXO J122945.8+075944,187.4411095931007,7.99570678516084,286.9147103720627,70.19054463627691,0.52217364147408,0.28232354778264,-0.048719550281074,7.123607549472801e-16,GlC,0.4199777220337012,stellar
2CXO J053533.1-051733,83.88802001275411,-5.292732022842334,208.9522591351464,-19.27853825054413,-0.76577139287945,-0.420986883198,-0.50843222985634,2.0087124244396e-14,Or*,0.013187827438300333,stellar
2CXO J053510.6-052255,83.79422403759042,-5.382262438035725,208.9920782426277,-19.402334839146217,0.92192379762648,0.48844472204872,0.78700811992505,3.1949441464751e-14,?,0.03583652683579566,stellar
2CXO J123048.2+122340,187.70119063356947,12.394713282687569,283.75721566198376,74.4931952701687,-0.99937539038101,-0.64459712679575,-0.99937539038101,1.1486289518382e-15,GlC,0.11248343899356424,stellar
2CXO J053511.1-052237,83.79665494891015,-5.377153511631786,208.9884086111888,-19.39786515528038,0.99063085571518,0.80074953154279,0.91692692067458,6.0941798984104e-14,Or*,0.008848478060277784,stellar
2CXO J053520.9-052150,83.83719679960035,-5.364120936481083,208.99544668307271,-19.355972332418453,-0.43722673329169,-0.31355402873204,-0.14116177389132,5.4392534788676e-15,Or*,0.010015350880144753,stellar
2CXO J053518.4-052329,83.82708070115962,-5.391474612572424,209.0164750701234,-19.37732867881087,-0.4159900062461,-0.11742660836977,-0.30855715178014,9.449933091937301e-16,Y*?,0.038644123923068915,stellar
2CXO J132502.7-430243,201.2612109609903,-43.04536286788027,309.43233292688234,19.40180504395956,0.31355402873204,0.28732042473454,0.028732042473454,1.4345618914075e-13,X,0.2411226962377247,stellar
2CXO J053511.1-053459,83.79640693350126,-5.583270088549545,209.18328035968707,-19.491232490185897,-0.48719550281074,-0.15740162398501,-0.35602748282324,5.4558782941505997e-14,Or*,0.020439724160442835,stellar
2CXO J053501.9-052055,83.75833910767301,-5.348683170584077,208.94318782512983,-19.41900106228413,0.72704559650219,0.23110555902561,0.59587757651468,4.5916407952562e-14,Or*,0.012743901391406147,stellar
2CXO J052426.3-693614,81.1093571130578,-69.60380415984271,280.2707613866731,-32.84254468946261,-0.52841973766396,-0.1474078700812,-0.41224234853217,5.972831747801999e-14,X,0.8354504681458699,AGN
2CXO J004332.3+411040,10.88493506030295,41.17796571948591,121.33284530511992,-21.669257835395506,0.81823860087445,0.64334790755778,0.368519675203,4.3363302950027e-13,X,0.7676487528643825,AGN
2CXO J132522.8-430124,201.3452987968309,-43.02355599956014,309.5000745035003,19.414885280665032,0.11118051217989,0.18613366645846,-0.076202373516552,7.7698246016917e-14,X,0.3357144654444511,stellar
2CXO J200911.2+323353,302.29695054602803,32.56477279548196,70.29969656493033,-0.2389993765669812,0.64584634603373,0.48844472204872,0.22735790131168,1.8058593016963e-11,SB*,0.08089023817954319,stellar
2CXO J132601.3-430528,201.5053317064437,-43.09126072610016,309.61270960555777,19.33142161603494,0.089943785134291,0.17863835103061,-0.089943785134291,2.6470764134953e-13,X,0.441528962010322,stellar
2CXO J041847.0+282007,64.69599844505706,28.335302964115023,168.84160734264967,-15.52248098479483,-0.38475952529669,-0.086196127420362,-0.30855715178014,1.5773049303524e-12,Or*,0.3404102284058269,stellar
2CXO J133004.3+471320,202.5179085627772,47.22249544652562,104.799921045075,68.52245591676561,0.17114303560275,0.14615865084322,0.024984384759525,7.6703390052181e-14,HII,0.7745007446651535,AGN
2CXO J034432.7+320837,56.13644379465154,32.143716077988934,160.4995840882775,-17.820123794416286,-0.49718925671455,-0.27482823235478,-0.25608994378513,5.3205385224658e-14,Or*,0.006052001637945817,stellar
2CXO J122946.2+080024,187.4427389894768,8.006748525695498,286.9112412285628,70.20164157605704,-0.63460337289194,0.024984384759525,-0.64709556527171,1.8574677465108e-15,Gl?,0.45701269684509,stellar
2CXO J122809.3+440508,187.0388416071196,44.08565346567441,136.8778464404293,72.40667798042337,-0.52342286071206,-0.30231105559026,-0.26233603997502,1.4954171092787e-13,X,0.8969044579980813,AGN
2CXO J123047.9+122320,187.6996205435596,12.38904623139169,283.7580863619701,74.48732901766662,-0.0012492192379763,-0.24609618988132,0.75452841973766,1.4989884343252001e-15,GlC,0.1483085519533562,stellar
2CXO J122810.9+440648,187.04561106918905,44.11345151105782,136.83509665480014,72.38159474746215,-0.52966895690194,-0.13991255465334,-0.41973766396002,1.7114862587996e-13,Rad,0.771153653592878,AGN
2CXO J201633.9-071145,304.141347307028,-7.195972285996556,36.1955546654303,-22.18514111080462,-0.62960649594004,-0.10993129294191,-0.55840099937539,2.6846058894474997e-12,LM*,0.37494250859199035,stellar
2CXO J122947.9+080008,187.44973271128012,8.002276376958966,286.93432126560435,70.19902559545568,-0.55215490318551,-0.058713304184885,-0.50718301061836,2.2033723914598002e-15,GlC,0.33442659228959504,stellar
2CXO J004245.5+411608,10.689938336177931,41.269038433338416,121.1785646354755,-21.573163145647243,-0.23860087445347,-0.046221111805122,-0.19362898188632,7.8801320415478e-14,XB?,0.9210243747918305,AGN
2CXO J033201.4-274647,53.00588180761963,-27.77985228191552,223.49959150025052,-54.530107561113056,0.80449718925671,0.69331667707683,0.24984384759525,1.1144469347577e-14,Rad,0.8767369358528566,AGN
2CXO J053522.0-052815,83.8419949059977,-5.47093323212175,209.09872615832307,-19.40001015929514,-0.55215490318551,-0.41973766396002,-0.17114303560275,1.5981622762893e-14,Or*,0.010074601396042432,stellar
2CXO J165258.8+022403,253.24540665952009,2.400885552379963,20.72900997925833,27.290873668336484,0.86695815115553,0.70830730793254,0.40849469081824,5.5736663098885e-13,Cl*,0.9706152161845566,AGN
2CXO J125052.7+410718,192.71971191357727,41.12189253006216,123.36732086421256,76.00588725597592,-0.21611492816989,0.084946908182386,-0.29606495940037,2.7850314636173e-13,UX?,0.9962539160401002,AGN
2CXO J070610.7+024449,106.54499841792888,2.7471398682693944,212.16296311528885,4.530933265142732,0.094940662086196,0.062460961898813,0.032479700187383,1.8142175650080998e-12,BL?,0.5997853636246185,AGN
2CXO J174538.4-290105,266.4100823677716,-29.01817292960161,359.9323348391914,-0.046524120263388,0.99937539038101,0.99937539038101,-0.99937539038101,2.5384253722429e-15,out,0.00017655668264950276,stellar
2CXO J123050.9+122325,187.71219805487036,12.390419645316523,283.8003892204973,74.49231216996628,-0.92816989381636,-0.61461586508432,-0.70206121174266,5.5490127893062e-15,X,0.1865776194032723,stellar
2CXO J053515.9-052109,83.81666068321942,-5.352732322144471,208.9748755196532,-19.369052763861635,0.32979387882573,0.0074953154278576,0.32229856339788,2.5454450400005e-14,Y*?,0.022956051925158812,stellar
2CXO J122947.8+075951,187.44941023671947,7.997646720731827,286.93679252031814,70.19446108870191,-0.60836976889444,-0.41973766396002,-0.24109931292942,1.6813761265124e-15,GlC,0.35272388154046674,stellar
2CXO J004244.6+411618,10.68609632598168,41.27168389160277,121.17556466196368,-21.57041471561219,-0.38475952529669,-0.054965646470956,-0.33603997501562,4.7050720904077e-14,XB?,0.7883833332563576,AGN
2CXO J053501.4-052820,83.75621397907116,-5.472494784908357,209.0592781873258,-19.47688735889968,-0.82698313554029,-0.56464709556527,-0.4896939412867,2.3067490608503e-14,Or*,0.004598566017018293,stellar
2CXO J053517.8-052053,83.8243639843194,-5.348337338046048,208.9744001406767,-19.360224422841853,-0.50468457214241,-0.37851342910681,-0.15490318550906,1.3218589095357e-14,Or*,0.005181737795627976,stellar
2CXO J122817.8+440634,187.0742449482084,44.10941492448504,136.774189443432,72.39155908521651,0.26233603997502,-0.038725796377264,0.29731417863835,1.6531031406064999e-13,UX?,0.714061463400316,AGN
2CXO J054008.2-691712,85.0343785623445,-69.28677997582956,279.66532401902634,-31.524851126777165,-0.91317926296065,0.11118051217989,-0.89818863210493,1.5189241784058e-14,X,0.15525863711082352,stellar
2CXO J053440.9-054517,83.67078354840044,-5.754836832772218,209.28596019708175,-19.680187449391628,-0.74078700811993,-0.37726420986883,-0.50468457214241,1.3081388004678999e-13,Or*,0.016432046093120815,stellar
2CXO J132832.4-424143,202.1352260673464,-42.69537250656502,310.1586788632411,19.655139868681616,-0.88194878201124,-0.49718925671455,-0.68332292317302,2.8310923509911e-13,Y*?,0.010658399735164616,stellar
2CXO J192457.3+501049,291.23887225763065,50.180314015702415,81.8273152554882,15.495991760874231,-0.7158026233604,-0.28107432854466,-0.54341036851968,2.6869441855129996e-13,Er*,0.03699950331474265,stellar
2CXO J053520.3-052213,83.83499476961777,-5.370448669667335,209.0003765898167,-19.36079033687265,-0.058713304184885,-0.14116177389132,0.08369768894441,3.8417601303549e-14,Or*,0.01596663047756314,stellar
2CXO J223603.5+335833,339.0148930918101,33.97587818955425,93.28371658394074,-20.987168636918984,0.78450968144909,0.90568394753279,-0.41973766396002,1.2009995152438998e-12,Rad,0.8891719578368799,AGN
2CXO J041628.1+280735,64.1171348519652,28.12650580674297,168.6333159755925,-16.035828269794994,-0.77326670830731,-0.35727670206121,-0.57464084946908,8.965558766109399e-13,Or*,0.01169626181049521,stellar
2CXO J034425.5+321229,56.10655079951107,32.20827768612738,160.4357388981568,-17.786758502234285,-0.62835727670206,-0.38101186758276,-0.32604622111181,5.3660983678478e-14,Or*,0.006679509867998435,stellar
2CXO J053506.1-052212,83.77572973315785,-5.3701398334109145,208.97178346223103,-19.41327075009852,0.22361024359775,-0.098688319800125,0.31480324797002,1.509253750218e-14,Y*?,0.019096314556462022,stellar
2CXO J173547.2-302855,263.94711275113366,-30.48217419869585,357.55744000040374,0.99056720357139,0.59712679575265,0.35602748282324,0.29231730168645,4.6317188586352e-14,GlC,0.004011589124658862,stellar
2CXO J174532.8-290152,266.3870139906269,-29.031210487936228,359.9106964012421,-0.0361013125247485,0.99937539038101,0.87695190505934,0.77826358525921,6.784352447350401e-16,X,0.029127303007062774,stellar
2CXO J053446.9-053414,83.69576594277231,-5.570722725812352,209.1234161969491,-19.57494207026178,-0.73953778888195,-0.4159900062461,-0.46720799500312,4.7003465432798e-14,Or*,0.0074826166893005785,stellar
2CXO J174536.8-290042,266.40356554542655,-29.01190037371712,359.9347195367627,-0.038391729795581,0.8894440974391,0.93816364772017,-0.43347907557776,1.1813998797136e-15,X,0.00413953547359038,stellar
2CXO J053517.8-054234,83.82453447183747,-5.709663746748085,209.31634890131036,-19.523265212372458,-0.68332292317302,-0.31730168644597,-0.4684572142411,2.5180483639923996e-13,Or*,0.017042306071744246,stellar
2CXO J095416.7+173628,148.56984719371536,17.607843763540064,216.53311574549804,48.17271744612594,-0.26608369768894,0.012492192379763,-0.27732667083073,3.1801714392257e-13,X,0.998127941637904,AGN
2CXO J053507.4-052640,83.7810486663999,-5.444528969934791,209.04467423658204,-19.442193524626106,-0.77701436602124,-0.55590256089944,-0.38725796377264,6.0590884101188e-15,Or*,0.002131698682362344,stellar
2CXO J053545.5-052822,83.93995160326068,-5.472948516638693,209.14733290767475,-19.3139330687004,-0.79575265459088,-0.40349781386633,-0.57464084946908,1.5561163417571e-14,Or*,0.0018818576780042357,stellar
2CXO J033646.1-355957,54.1924865833837,-35.999307294572404,237.6634972694716,-53.966071345396486,-0.5683947532792,0.053716427232979,-0.60337289194254,2.8474933567496996e-13,Rad,0.9054135189947786,AGN
2CXO J132558.7-430430,201.4945922069369,-43.075183272027424,309.6068951379918,19.34844831349162,-0.13491567770144,0.079950031230481,-0.21236727045597,2.2090923343659e-13,UX?,0.5953249974269356,AGN
2CXO J174538.7-290133,266.4115141369956,-29.026118292654804,359.9262052252918,-0.0517322026414769,0.99937539038101,0.95940037476577,0.99937539038101,2.9941298090484003e-15,X,0.0,stellar
2CXO J004245.2+411722,10.688365507284288,41.28950663435326,121.1780921339583,-21.55266555455492,-0.033728919425359,0.082448469706433,-0.11492816989382,3.7746608269872e-14,XB?,0.3466315586962761,stellar
2CXO J125053.0+410712,192.72116041465915,41.12023034700797,123.3628698227542,76.00755911891564,-0.49718925671455,-0.10493441599001,-0.41349156777014,2.4919010752699e-13,Rad,0.9569221402621502,AGN
2CXO J115518.2+193942,178.82616985118216,19.66176109748077,240.08745978763085,75.12941089207094,-0.39600249843848,-0.024984384759525,-0.37476577139288,7.588434894361599e-13,LeI,0.9857132697915383,AGN
2CXO J053504.5-052013,83.76892550020528,-5.337184767570391,208.93737502628724,-19.404397745396288,0.95065584009994,0.39850093691443,0.88819487820112,2.8808199657053e-14,Or*,0.02831729242832115,stellar
2CXO J053527.5-052830,83.86484916522056,-5.475306565590532,209.11376093624267,-19.3816917477296,-0.73828856964397,-0.35477826358526,-0.51967520299813,1.5910063461678e-14,Or*,0.001253916040100251,stellar
2CXO J123617.4+255855,189.07250276113652,25.982021164203932,230.7730048414777,86.42407062687053,-0.27482823235478,0.086196127420362,-0.35227982510931,3.4699011142377e-13,ULX,0.9908594439137777,AGN
2CXO J174536.2-290036,266.4009488158074,-29.010142144867228,359.9350278642266,-0.0355223964396229,0.78076202373517,0.99937539038101,-0.99937539038101,9.5813206288034e-16,X,8.67299399770309e-05,stellar
2CXO J053515.1-052223,83.8133501639191,-5.373360594516976,208.99279488167937,-19.38132576198032,-0.45846346033729,-0.23985009369144,-0.24484697064335,2.3217634622188998e-14,Or*,0.0020907339368177926,stellar
2CXO J132523.6-430009,201.34863726459275,-43.002614100320216,309.5057306438962,19.43528303979281,0.60337289194254,0.28607120549656,0.38351030605871,1.1066728256735e-13,X,0.07429875428305266,stellar
2CXO J095554.1+694039,148.9756541145032,69.67771519512321,141.40967306803154,40.57015105008647,0.83322923173017,0.78201124297314,0.14490943160525,4.6920761704292e-13,GlC,0.8886414012159298,AGN
2CXO J122945.5+075955,187.4398276203409,7.998654637540902,286.9089235836697,70.19308550732373,0.12866958151156,0.28732042473454,-0.19362898188632,2.1596988556629e-15,GlC,0.27723460475197553,stellar
2CXO J174537.9-290052,266.40820942663413,-29.01474278626562,359.93440934465497,-0.0433390195170689,0.99937539038101,0.88694565896315,0.19113054341037,0.0,out,0.018591170246306216,stellar
2CXO J053440.0-054009,83.66700817488237,-5.66938986698566,209.20317088577605,-19.64501304092371,-0.67457838850718,-0.27857589006871,-0.48844472204872,3.3939607243797997e-13,Or*,0.022489858648118793,stellar
2CXO J132528.5-430059,201.36908187160827,-43.01665596909496,309.51935133571743,19.41929321397985,0.23235477826359,0.04996876951905,0.18363522798251,1.0669884241956e-13,X,0.055969267770278774,stellar
2CXO J122945.6+075940,187.4402024974611,7.994615552208902,286.9129411453337,70.18926472358586,-0.12866958151156,0.17114303560275,-0.2948157401624,1.9626907173139e-15,Gl?,0.1319946337878757,stellar
2CXO J053736.1-690236,84.40071288033454,-69.04358557843116,279.4116057763551,-31.77642510038152,0.23360399750156,0.16114928169894,0.073703935040599,2.3218232932406e-14,X,0.4436544452596355,stellar
2CXO J053509.8-051933,83.79104452274481,-5.32607957880479,208.9374457715497,-19.37973304111276,-0.28607120549656,-0.18238600874453,-0.10993129294191,2.0566662194965e-14,Or*,0.0463721342165353,stellar
2CXO J053534.2-052718,83.89264266310158,-5.45510572672381,209.10791261686845,-19.347881941943253,-0.83198001249219,-0.50718301061836,-0.56214865708932,2.803199638662e-14,X,0.0,stellar
2CXO J120152.0-185133,180.46702142034928,-18.85919742363087,286.9509723736806,42.469130851269405,0.2261086820737,0.29606495940037,-0.0737039350406,2.1698531044441e-13,X,0.8842279102899773,AGN
2CXO J163352.3-480640,248.4682837624981,-48.111258564317744,336.3661228387839,-0.2181409765391349,-0.54341036851968,-0.21236727045597,-0.37476577139288,3.3046138860148996e-12,SB*,0.03720467293417285,stellar
2CXO J183128.6-020529,277.86942536423464,-2.0916358402449724,28.78856535259881,3.481120787757758,0.95690193628982,0.68457214241099,0.789506558401,7.2087861131144e-13,Y*?,0.3124160598445849,stellar
2CXO J064114.4+093321,100.3102609752803,9.555951550843886,203.268507348264,2.101104125741,-0.64084946908182,-0.24609618988132,-0.4684572142411,4.8650773565762e-14,Or*,0.006923386410041576,stellar
2CXO J174534.1-290118,266.3923356887742,-29.021967125337262,359.921010349515,-0.0352556572428795,0.99937539038101,0.92067457838851,0.99937539038101,2.2245739532366e-15,X,0.0,stellar
2CXO J174538.4-290104,266.4102139644542,-29.01780347437874,359.9327101463054,-0.0464298624028795,0.79325421611493,0.92192379762648,-0.4946908182386,2.4428131830172003e-15,out,0.008761748120300752,stellar
2CXO J123048.8+122347,187.7033492593198,12.396523224847344,283.7627146526718,74.4955531847076,0.99937539038101,-0.41474078700812,0.99937539038101,3.002349802194e-15,Gl?,0.18154185317146976,stellar
2CXO J053516.7-052019,83.81970851889162,-5.338878218929607,208.96323611417387,-19.360077029608064,0.066208619612742,-0.1736414740787,0.23610243597751,8.2955518465314e-15,Or*,0.01720398326630542,stellar
2CXO J053504.3-052313,83.76813586186893,-5.387124388436084,208.98421702678323,-19.42769756107548,-0.4684572142411,-0.11617738913179,-0.37226733291693,1.9173256321456e-14,Or*,0.05535615449184847,stellar
2CXO J053519.1-052234,83.82976489726838,-5.3762599991023965,209.00337312716172,-19.368062971756544,-0.49219237976265,-0.51967520299813,0.04996876951905,2.1805650663537002e-16,Y*?,0.002507832080200502,stellar
2CXO J123049.4+122349,187.70615056230335,12.397209637730771,283.7717133708915,74.49702662103931,-0.99937539038101,-0.94316052467208,-0.60961898813242,1.1838077023868e-15,Gl?,0.22981873005721787,stellar
2CXO J053520.6-052446,83.83595747108882,-5.412911214205772,209.0409790301918,-19.379141743529384,0.80824484697064,0.29731417863835,0.67332916926921,2.6470004045485e-14,Or*,0.009608997896843038,stellar
2CXO J032926.8+312647,52.36184557826374,31.44650670014511,158.3021586659474,-20.36297313371569,-0.63960024984385,-0.35352904434728,-0.36976889444097,1.9424825640855e-13,Or*,0.20684999860238545,stellar
2CXO J174539.2-290023,266.41346300148075,-29.006654095595664,359.94370719237713,-0.0430465376461528,-0.99937539038101,-0.99937539038101,-0.21736414740787,0.0,IR,0.006494531775024823,stellar
2CXO J174532.6-290118,266.38616330325976,-29.02193543333092,359.91822461065146,-0.0306326734673662,0.99437851342911,0.98313554028732,0.46346033728919,2.1961651388574e-14,X,0.007102036040183917,stellar
2CXO J053524.4-051659,83.85203302046017,-5.283208909272572,208.9260727996456,-19.306176638728903,0.28232354778264,0.12742036227358,0.15990006246096,6.1314213574999e-14,Or*,0.11017534620936177,stellar
2CXO J053516.2-052316,83.81787145189384,-5.3879390554636855,209.0087361368132,-19.383906386844213,-0.0024984384759525,0.15490318550906,-0.15740162398501,2.51512930235e-14,Y*?,0.24763200922708875,stellar
2CXO J191101.5+085247,287.7564058287569,8.879862454148906,43.059534490570336,-0.2678479040900834,-0.83322923173017,-0.40724547158026,-0.6420986883198,2.1717780352142998e-13,X,0.0,stellar
2CXO J013253.9+303311,23.22455157915925,30.553269023827383,133.39880054994427,-31.47442910426352,-0.1686445971268,0.01998750780762,-0.18863210493442,1.5581162609494e-13,X,0.9093809500636698,AGN
2CXO J111227.7-764423,168.11496357372573,-76.73975656313499,297.22810950838294,-14.976895936620474,-0.74078700811993,-0.40099937539038,-0.48219862585884,3.4986662990253997e-13,Or*,0.051137367043191634,stellar
2CXO J053520.0-052537,83.83352159947935,-5.427129508221863,209.0532603826222,-19.38773376863497,-0.46221111805122,-0.22236102435978,-0.26608369768894,2.0087604442871e-14,Or*,0.0025,stellar
2CXO J053515.8-052852,83.8162449184652,-5.481406007170302,209.09635010326528,-19.42760871594587,-0.32729544034978,-0.20986883198001,-0.1261711430356,2.2780872872094e-14,Or*,0.012114871971406394,stellar
2CXO J164348.5+171549,250.9525815025071,17.263718227697613,35.331694862743625,35.769467336945006,-0.17489069331668,0.087445346658338,-0.25858838226109,4.6863147461067e-13,ClG,0.9948015774313391,AGN
2CXO J112015.7+133513,170.06564994048995,13.587106715210274,240.84908242355797,64.77530436026596,0.64709556527171,0.32229856339788,0.40974391005621,5.690010415248199e-13,UX?,0.9574205367876203,AGN
2CXO J053621.3-052014,84.08893922569018,-5.337392718584308,209.0902936773948,-19.120349183055755,-0.85071830106184,-0.37976264834478,-0.67207995003123,1.8523610440359e-14,Ir*,0.0017889067667828731,stellar
2CXO J174536.1-290238,266.4007831513063,-29.044123639078077,359.90594846679727,-0.053105117773235,0.83822610868207,0.92317301686446,-0.43098063710181,1.2414431238272e-15,X,0.0,stellar
2CXO J172719.0-304949,261.82912557542545,-30.83036715251692,356.2679869617178,2.324550180450124,0.89818863210493,0.52717051842598,0.70580886945659,1.7767447413673998e-12,X,0.22758007833091984,stellar
2CXO J124826.1-411756,192.1089337268544,-41.29903298649026,302.3256078217545,21.569180234608517,0.46346033728919,0.28357276702061,0.20487195502811,1.1389421167089e-13,X,0.6434403304658437,AGN
2CXO J004149.8+410106,10.457577587788762,41.01859426631832,120.98008367298584,-21.81673952034049,0.11492816989382,0.097439100562149,0.017489069331668,2.8024088298243e-14,X,0.4291844452224797,stellar
2CXO J123049.7+122351,187.70739468418924,12.397599564693955,283.7756152339847,74.49776208110661,0.47220487195503,0.14241099312929,0.34353529044347,9.554891807116501e-15,GlC,0.08045660803810988,stellar
2CXO J132526.4-430054,201.36010098461716,-43.01509065943396,309.5126884720647,19.42175967809192,0.92442223610244,0.75577763897564,0.54965646470956,8.2563291884441e-14,X,0.07357212203914411,stellar
2CXO J053504.4-052356,83.76875214230847,-5.399070657446624,208.9958088020997,-19.43255450772561,-0.24109931292942,-0.19113054341037,-0.051217988757027,2.7973120752031e-14,Or*,0.021229814192228927,stellar
2CXO J140119.6+541839,210.33191920560355,54.31103548263263,102.4567147332403,59.95109508199317,-0.85321673953779,-0.38600874453467,-0.69081823860087,1.2328875596522998e-13,SB*,0.0609027305775392,stellar
2CXO J053522.4-052509,83.84339099471401,-5.419318675472545,209.05058442944517,-19.375438570996405,-0.68831980012492,-0.30356027482823,-0.48719550281074,1.7711876383344998e-14,Or*,0.009230264699380639,stellar
2CXO J120151.3-185224,180.4638513060106,-18.873584301679823,286.95209437693165,42.45445788558885,0.18988132417239,0.14116177389132,0.048719550281074,1.1013635893814999e-13,HII,0.9363573515814505,AGN
2CXO J170109.8-295439,255.29102824443817,-29.911001368615537,353.7300530388457,7.449456087762608,0.32479700187383,0.17489069331668,0.15865084322299,5.1624045391839e-13,Rad,0.6658456781911428,AGN
2CXO J053531.3-051602,83.88073188764008,-5.2673036408306,208.92475917017177,-19.27349479251774,-0.9893816364772,-0.91692692067458,-0.77076826983136,3.8731438761736e-14,Or*,0.0,stellar
2CXO J024025.6-082430,40.1068395283346,-8.408400755600768,182.0481160685311,-58.147121691004905,-0.023735165521549,0.098688319800125,-0.1211742660837,7.225229479554999e-13,X,0.9671835816380634,AGN
2CXO J053514.0-052338,83.80855886813657,-5.394022339962777,209.0100417774809,-19.39492674284988,-0.78575890068707,-0.48344784509681,-0.48469706433479,8.4398086083156e-15,HH,0.0,stellar
2CXO J022231.3+421957,35.63054519230735,42.33256051178363,140.38346768420254,-17.43169520065609,0.21986258588382,0.16614615865084,0.056214865708932,1.759741273363e-13,ULX,0.2064324641437631,stellar
2CXO J053532.7-052117,83.88627766975009,-5.355003882399149,209.0102604500496,-19.308268695009662,0.98813241723923,0.69581511555278,0.93816364772017,1.7992513589025e-14,Or*,0.004628794578068946,stellar
2CXO J053500.4-052514,83.75198827984383,-5.42067781764203,209.00824014377832,-19.45721189056523,-0.47970018738289,-0.24609618988132,-0.26608369768894,1.7941107216898e-14,?,0.0050982480257345105,stellar
2CXO J053516.2-052108,83.81781226857152,-5.352532979787921,208.97523705726343,-19.367940103656647,-0.074953154278576,-0.14990630855715,0.076202373516552,1.9213297119436e-14,Or*,0.0154625987764558,stellar
2CXO J024240.6-000049,40.66952801060268,-0.0136619660397827,172.1039975980514,-51.93412626299414,-0.73204247345409,-0.18613366645846,-0.63085571517801,2.3386250818087e-13,IR,0.46326846692887236,stellar
2CXO J053517.5-052145,83.8231130302508,-5.362639918194642,208.98732208667775,-19.36780699580017,0.77076826983136,0.40224859462836,0.53341661461586,4.5289824232669e-14,LM*,0.02444443603533485,stellar
2CXO J174532.7-290109,266.3862711216311,-29.019362215087984,359.9204698758482,-0.0293720677976969,0.97189256714553,0.96439725171768,0.032479700187383,3.770324725361e-15,X,0.007935383913735836,stellar
2CXO J174536.3-290035,266.40154473751454,-29.009962389156925,359.9354528404671,-0.0358735503274001,0.74328544659588,0.99937539038101,-0.99937539038101,1.2954209714348e-15,X,0.0009235478366945722,stellar
2CXO J053524.4-052439,83.85182612954952,-5.411072284974694,209.04681298708303,-19.364219764157685,0.62585883822611,0.12367270455965,0.54465958775765,2.7600214839238998e-14,Rad,0.012942345770394957,stellar
2CXO J043814.9-121714,69.56229599883477,-12.287344461907749,209.0658762556818,-35.06006819170408,-0.34978138663335,0.048719550281074,-0.39225484072455,9.0632691958416e-14,LeQ,0.9003542006690607,AGN
2CXO J002402.1-720542,6.008888338794293,-72.09504306756897,305.8982284536902,-44.87504936584907,-0.077451592754529,0.068707058088695,-0.14490943160525,9.3863361433954e-14,ev,0.654634170360757,AGN
2CXO J132527.4-430214,201.36433190044352,-43.03722329978575,309.5126617120938,19.39941197918392,-0.10368519675203,0.086196127420362,-0.18738288569644,4.8173472930882e-14,X,0.40805256757243596,stellar
2CXO J174532.7-290149,266.38663487978715,-29.03052799521838,359.91110612721803,-0.0354627209849556,0.99937539038101,0.63960024984385,0.99937539038101,0.0,X,0.0018818576780042357,stellar
2CXO J051959.0-454448,79.99592025875631,-45.74688112438849,251.56084271009507,-34.60461976756417,-0.9156777014366,-0.5159275452842,-0.75702685821362,4.1087931199053e-14,X,0.09684434925461614,stellar
2CXO J053514.2-052003,83.80922921180445,-5.3344962079702265,208.9540888110461,-19.36739777862845,0.47970018738289,0.17613991255465,0.33104309806371,3.2109734535246e-14,Or*,0.1083525938638674,stellar
2CXO J132507.4-430409,201.28099731288896,-43.069314397248455,309.4440082746872,19.3760873656287,-0.87695190505934,-0.46595877576515,-0.6945658963148,1.2180527635126e-13,Y*?,0.00811015985270469,stellar
2CXO J034437.8+320803,56.15784296035588,32.13448926890805,160.52040510869963,-17.815591495310326,-0.18113678950656,-0.0737039350406,-0.10618363522798,2.1779871012706e-14,Or*,0.09011102205242214,stellar
2CXO J174532.9-290200,266.3872921654263,-29.03361414742277,359.9087717293619,-0.037561577906315,0.65833853841349,0.99937539038101,-0.99937539038101,8.8231723999873e-16,X,8.67299399770309e-05,stellar
2CXO J053519.9-053353,83.83313787295066,-5.564987323907505,209.18348134782943,-19.45035882820345,-0.79325421611493,-0.46096189881324,-0.52217364147408,2.6702992564542e-14,Or*,0.0,stellar
2CXO J053525.7-052641,83.85726846839708,-5.444961304683821,209.08145068862828,-19.37470884419436,-0.34353529044347,-0.20861961274204,-0.14490943160525,2.5564709521986e-14,Or*,0.011909487546086337,stellar
2CXO J053516.7-052316,83.8197984730295,-5.38789412712521,209.009613629148,-19.382175055918506,0.41973766396002,0.20487195502811,0.23485321673954,3.1213176641316996e-14,Or*,0.15462096458322727,stellar
2CXO J053510.9-052448,83.79562355242024,-5.413529984165549,209.02231278634207,-19.4152351335862,-0.18863210493442,-0.16239850093691,-0.027482823235478,2.5101340686646e-14,Or*,0.010863784160484669,stellar
2CXO J114048.3-262908,175.20144892204678,-26.485726821520306,283.87178754324435,33.7583075872868,-0.0049968769519051,0.034978138663335,-0.038725796377264,1.6354265149484998e-13,EmO,0.8342047009630591,AGN
2CXO J053514.9-052412,83.81220848213684,-5.4035949595962895,209.0208352071336,-19.396015907863635,-0.42848219862586,-0.13991255465334,-0.30730793254216,2.6220752863866e-14,Or*,0.050626186626445795,stellar
2CXO J143359.1+400635,218.49643536769287,40.109942097866735,70.97900185951227,65.15288787356121,-0.78326046221112,-0.37101811367895,-0.58088694565896,5.884385701727099e-12,X,0.3116433565511207,stellar
2CXO J174552.1-290744,266.46725645198944,-29.129116468083986,359.8636471382817,-0.146960536236576,-0.64709556527171,-0.27607745159275,-0.45096814490943,2.3913406776829998e-14,X,0.0008368178967175413,stellar
2CXO J110940.1-762839,167.41661189527156,-76.4775289698382,296.96807591091755,-14.798665239693625,-0.74828232354778,-0.40474703310431,-0.49094316052467,2.8052510895177e-13,Or*,0.0449417180461038,stellar
2CXO J215340.8+174415,328.4200712076338,17.73765639063091,74.00685800092883,-27.795427431929813,0.72954403497814,0.39225484072455,0.47220487195503,3.1330588012605996e-13,Rad,0.8362374013664384,AGN
2CXO J093206.1+213058,143.02569703375684,21.51627636552041,208.68440650128704,44.53014278347563,-0.1261711430356,-0.0099937539038102,-0.11617738913179,2.1217637761564e-13,UX?,0.883966375035791,AGN
2CXO J053514.8-052231,83.81194331431811,-5.375449653667577,208.9940980948317,-19.38352000942991,-0.38101186758276,-0.27232979387883,-0.11992504684572,,Mas,0.004590733936817792,stellar
2CXO J004321.0+411750,10.837809911291174,41.29738737528882,121.2990376110933,-21.54871995398212,-0.069956277326671,0.0062460961898814,-0.074953154278576,3.4805961552256e-14,XB?,0.6542806219017065,AGN
2CXO J033227.6-274145,53.11508478814119,-27.69589663956129,223.38170286262635,-54.42194783353267,0.66583385384135,0.42598376014991,0.33354153653966,9.8282485594914e-15,X,0.9743086634802625,AGN
2CXO J053515.1-052346,83.81317384998908,-5.396286892378633,209.0143861157989,-19.39185336733479,-0.50593379138039,-0.38351030605871,-0.14865708931918,2.2412514792462e-15,HH,0.016113625164842778,stellar
2CXO J162726.9-244050,246.8622005456832,-24.680860283538056,353.01004573219063,16.552881310078497,0.97813866333542,0.83322923173017,0.77826358525921,5.7556952657883e-13,Rad,0.11059288173978153,stellar
2CXO J174538.6-290108,266.4109774072381,-29.01893088794847,359.93209564075283,-0.0475870740789951,0.99937539038101,0.79075577763898,0.013741411617739,0.0,HII,0.024719379689747085,stellar
2CXO J190201.9-370743,285.50826630698486,-37.12883650526447,359.7704187590955,-17.94042106925941,-0.82823235477826,-0.44597126795753,-0.60587133041849,1.1911388408847e-12,Or*,0.002506961856659123,stellar
2CXO J174534.3-290231,266.3929491474105,-29.04219679525294,359.9040241508062,-0.0462554956431653,0.9106808244847,0.9156777014366,-0.11617738913179,2.1008002205039e-15,X,0.0,stellar
2CXO J174551.9-285312,266.46636099078444,-28.8867617694826,0.0701648775050797,-0.0201262163518542,0.99188007495315,0.99188007495315,-0.067457838850718,1.021635644595e-13,X,0.008609284918135774,stellar
2CXO J004215.6+411720,10.565312625950298,41.289114601115,121.07873540279404,-21.549610637793137,0.13991255465334,0.13116801998751,0.0087445346658337,5.7185151668486e-14,XB?,0.49406882852082723,stellar
2CXO J134959.8+681847,207.4991393735163,68.31330074103155,114.92507251896208,47.89433579656818,-0.32479700187383,-0.0099937539038102,-0.316052467208,7.3271332163528e-13,blu,0.9941727628379237,AGN
2CXO J122947.8+075944,187.44942037283795,7.99559689947775,286.9383192891591,70.19247759958452,-0.021236727045597,0.22985633978763,-0.25733916302311,1.6242828869693e-15,GlC,0.166639371343269,stellar
2CXO J180402.8-242139,271.0119948611814,-24.36111732361777,6.028032850459476,-1.2396853632353932,-0.31855090568395,-0.08369768894441,-0.2423485321674,1.3548743884164e-13,Or*,0.0,stellar
2CXO J160822.4-390446,242.093647826614,-39.079671557679774,339.51381853538584,9.419694584149752,-0.047470331043098,-0.022485946283573,-0.023735165521549,2.6586565768793e-13,Or*,0.14006468609310452,stellar
2CXO J005837.1-713548,14.654892243754489,-71.59698341783994,302.12306467927544,-45.51998833552993,-0.99937539038101,0.99937539038101,-0.99937539038101,1.227190088004e-14,PN,0.17703167766845426,stellar
2CXO J122945.6+075936,187.4399853263145,7.993399662900983,286.913216147689,70.18803348405075,-0.11867582760775,0.19612742036227,-0.31355402873204,1.3192240760882001e-15,GlC,0.15837774283049735,stellar
2CXO J191021.8+090502,287.5910919261323,9.08416210585153,43.16527102844833,-0.028639319244779,0.99437851342911,0.96939412866958,0.6371018113679,3.8107084460527996e-13,X,0.0779169538205348,stellar
2CXO J123727.5+655211,189.36472245327167,65.86991455696942,125.21098949706597,51.19643410217915,-0.14490943160525,0.20612117426608,-0.34103685196752,1.0320520027095e-12,CV?,0.9948019924367011,AGN
2CXO J024618.9-301628,41.579017636980325,-30.27463970449755,226.91410165471623,-64.6808826392746,-0.11992504684572,0.081199250468457,-0.19862585883823,1.9051215194278997e-12,SN*,0.9643718246912951,AGN
2CXO J053514.7-053416,83.81156771101774,-5.571394863426407,209.17926582304332,-19.47240763574198,0.39350405996252,0.18863210493442,0.2211118051218,9.3614970902651e-14,Or*,0.16974021930446045,stellar
2CXO J053513.5-051745,83.80653932805734,-5.29601583890019,208.9164359055531,-19.352365471329783,0.95565271705184,0.47970018738289,0.87195502810743,1.6725133498044e-14,Or*,0.012568071864255253,stellar
2CXO J122947.6+080026,187.4486233601151,8.007393804304916,286.9274361201339,70.20371133370101,0.17489069331668,0.15490318550906,0.018738288569644,1.1989919822999e-14,Gl?,0.29521294952695,stellar
2CXO J111312.4-262754,168.30198052678315,-26.465167575923683,277.0814656094572,31.429131476822977,-0.87570268582136,-0.51717676452217,-0.65459088069956,1.7929315849352e-13,SB*,0.10068677171223993,stellar
2CXO J053514.3-052333,83.80998457329258,-5.392677082106942,209.00945048587096,-19.39305235705361,-0.26483447845097,-0.12991880074953,-0.13991255465334,2.5702208614665e-14,Rad,0.07366788437344413,stellar
2CXO J095551.4+694036,148.96439893977004,69.67667048658862,141.41379188775966,40.567585362481815,0.51967520299813,0.29231730168645,0.2685821361649,2.8573793847908e-13,GlC,0.8114345605044416,AGN
2CXO J144302.7+520137,220.7615075110425,52.027036503002776,90.52761581430038,57.500260431022085,0.16114928169894,0.33229231730169,-0.17988757026858,1.5594318510393e-12,Rad,0.8922166371433982,AGN
2CXO J034507.7+320026,56.28230549611772,32.00740004357018,160.69105187204994,-17.845344584936417,-0.55715178013741,-0.24359775140537,-0.36102435977514,3.3642603031671e-13,Or*,0.050403765412223495,stellar
2CXO J230738.6-224753,346.91107621336505,-22.79810445093873,37.62664293859504,-66.12545346589677,-0.13991255465334,0.058713304184884,-0.19737663960025,3.1703942600652997e-13,Bz?,0.9965115891246588,AGN
2CXO J174538.8-290113,266.41184582111873,-29.02035092011112,359.9312791754189,-0.0489750746515119,0.41349156777014,0.80449718925671,-0.58213616489694,3.993543827359e-16,X,0.01514407066690264,stellar
2CXO J034438.6+320841,56.16129149061243,32.14500383802666,160.5156787495761,-17.80564994920231,0.59212991880075,0.18738288569644,0.45471580262336,3.2678432520685e-13,Or*,0.13136015376487348,stellar
2CXO J053518.2-051306,83.8258589811685,-5.218420046189717,208.85236189685588,-19.300064436459223,0.10868207370393,-0.087445346658339,0.1948782011243,4.4570819167859e-14,Or*,0.02270698494823859,stellar
2CXO J225728.9-410211,344.37060543639654,-41.036734880855214,354.84069417640654,-62.79695252816845,0.0062460961898814,0.11492816989382,-0.10993129294191,4.0968634611379e-13,ULX,0.9508404641702703,AGN
2CXO J174558.9-290724,266.4956436791656,-29.12351096978889,359.88134013546164,-0.165217154659113,0.99937539038101,0.99937539038101,-0.99937539038101,9.094093333166e-14,X,0.0009266446393900131,stellar
2CXO J053554.4-044804,83.97705129184573,-4.801365233727611,208.53143811449925,-18.976494048554205,-0.62460961898813,-0.25109306683323,-0.4422236102436,5.2437568589205e-13,Or*,0.03150555112620012,stellar
2CXO J053042.6-043501,82.67763654748677,-4.583859853179869,207.69918379842,-20.029615418090216,-0.60462211118051,-0.1686445971268,-0.48469706433479,9.189542687816e-13,Or*,0.19309711876531485,stellar
2CXO J053515.3-052113,83.81415919726027,-5.353864753484717,208.97475131387745,-19.37178619325338,0.46096189881324,0.092442223610244,0.38351030605871,6.1097058104899e-15,X,0.01439846036413274,stellar
2CXO J174538.9-290133,266.4124193988939,-29.026071183238727,359.92665782250646,-0.0523833111980458,0.97688944409744,0.94815740162398,0.37726420986883,2.5153351641478e-15,X,0.002673905715427475,stellar
2CXO J053557.6-063812,83.99029826397924,-6.63699425341604,210.2750000309568,-19.791763805166333,-0.56714553404122,-0.19237976264834,-0.420986883198,4.4701858602563996e-13,Or*,0.09829988925845036,stellar
2CXO J053530.7-052430,83.8780037634582,-5.408650469910567,209.0570138348784,-19.339880258553244,-0.55715178013741,-0.24984384759525,-0.35602748282324,2.0833367369646e-14,Or*,0.009487067560397869,stellar
2CXO J064113.0+092731,100.30433352349884,9.45884200600663,203.35229059382615,2.0515660338272363,-0.82698313554029,-0.43972517176765,-0.60587133041849,6.6475657528072e-14,Rad,0.004594203959983414,stellar
2CXO J032910.3+312159,52.29331925635131,31.366397035554865,158.30400082030638,-20.462146051449476,0.53466583385384,0.043722673329169,0.50218613366646,2.7998386543635e-13,Or*,0.3430072655987575,stellar
2CXO J174539.0-290029,266.41280333403824,-29.00832340376557,359.9419817562869,-0.0434237567111953,0.88319800124922,0.69706433479076,0.45471580262336,2.9023275347935004e-16,out,0.009594203959983415,stellar
2CXO J100434.8+411239,151.14501431323964,41.2108749148055,179.5149521391696,53.1492358794904,-0.26983135540287,0.061211742660837,-0.32604622111181,1.0431573255405e-13,LeQ,0.9912663369659608,AGN
2CXO J053513.4-053048,83.80622718266898,-5.513452722745419,209.12188988433704,-19.450983764197787,-0.90818238600874,-0.57089319175515,-0.69706433479076,2.3403688354142e-14,Or*,0.00961140194824077,stellar
2CXO J182942.9+010206,277.4289953455728,1.0352398355876242,31.37426118444022,5.304646132103001,0.3997501561524,0.18988132417239,0.22735790131168,3.8044764319123996e-13,Or*,0.4483624870730537,stellar
2CXO J053520.5-052051,83.83552722819832,-5.347788973273356,208.979212823276,-19.35006478046737,0.47470331043098,0.10993129294191,0.38351030605871,2.5955028184329e-14,Or*,0.012399162600425694,stellar
2CXO J053527.5-052725,83.86461344280201,-5.457216266907746,209.09654182295424,-19.37372577194908,-0.64459712679575,-0.36976889444097,-0.36102435977514,1.226200780336e-14,Or*,0.0029240600000418325,stellar
2CXO J143240.7-441027,218.1696454549566,-44.17440984548018,321.44276058861584,15.028212374248284,0.14490943160525,0.59712679575265,-0.4946908182386,4.8841099487532e-13,Mas,0.6973693752061181,AGN
2CXO J033336.3-360825,53.40152174724472,-36.14036535323079,237.95604857163625,-54.5981148766242,0.82448469706433,0.87195502810743,-0.17114303560275,3.6205573049116997e-12,Cl*,0.9820805585228469,AGN
2CXO J053539.6-052750,83.91525977529062,-5.463963282415114,209.12706967967316,-19.33180039625408,-0.89444097439101,-0.50968144909432,-0.70455965021861,1.5975948583048e-14,Or*,0.0008368178967175413,stellar
2CXO J174536.5-290114,266.4021639196078,-29.02060587831404,359.92665048723865,-0.0418815169755511,0.99937539038101,0.49968769519051,0.92317301686446,3.6023631287182e-16,X,0.004170143959941581,stellar
2CXO J140229.9+542118,210.62456865593688,54.35520309944601,102.21705800462864,59.82221541974128,-0.88819487820112,-0.50093691442848,-0.69706433479076,7.2665650113e-14,UX?,0.15393731903955893,stellar
2CXO J141310.2-652017,213.2926179129944,-65.33830005475754,311.3267374965957,-3.807345039231452,0.53716427232979,0.0037476577139288,0.53466583385384,6.4692342460587e-14,X,0.01899178837708701,stellar
2CXO J122948.1+080019,187.45076021244893,8.005507333806547,286.93486896840136,70.20240789552273,0.11617738913179,0.24109931292942,-0.16114928169894,1.3096001582974001e-15,GlC,0.3672257093928355,stellar
2CXO J004216.5+405552,10.56897611020031,40.93125208675254,121.06694214965256,-21.907316074416237,-0.13491567770144,0.043722673329169,-0.17738913179263,8.9085610461091e-14,X,0.8571845982048453,AGN
2CXO J104401.6-593326,161.00672056798908,-59.55724834106192,287.4219288066934,-0.5781921767471139,0.75952529668957,0.27108057464085,0.59587757651468,8.1493490155518e-15,RR?,0.001253916040100251,stellar
2CXO J111815.1-324840,169.56315972418133,-32.8112685461506,281.20814429888395,26.09946686334808,-0.34853216739538,-0.17239225484072,-0.18738288569644,6.6667481468332e-13,UX?,0.7444336046397696,AGN
2CXO J174539.0-290126,266.4126221395022,-29.02411665594552,359.92841851051253,-0.051516371364279,0.94440974391006,0.99937539038101,-0.99937539038101,7.4378212122789e-15,X,0.001964662376636399,stellar
2CXO J123551.7+275604,188.9654078340709,27.93442869509525,198.89547720732767,86.45423213576834,-0.41973766396002,-0.011242973141786,-0.40974391005621,1.0539642182767999e-12,CGG,0.9735685506031786,AGN
2CXO J053526.4-052344,83.86039470551123,-5.395831198760904,209.0364938905765,-19.34971890974017,0.51842598376015,0.13741411617739,0.40974391005621,1.9802200772043e-14,Y*?,0.006138284703666319,stellar
2CXO J053513.2-052018,83.80543502194422,-5.338570719962672,208.95612766856752,-19.372610583702365,0.60087445346658,0.18488444722049,0.4684572142411,2.1811448784392e-14,Or*,0.05109293099514886,stellar
2CXO J053518.6-052313,83.82778219399557,-5.38719958485745,209.01276834016608,-19.374772098945783,0.92192379762648,0.80699562773267,0.4472204871955,4.1919249284911e-14,Or*,0.12709965322563885,stellar
2CXO J004800.2-250952,12.000865619794013,-25.164798558321667,101.30898844973152,-87.8907098177469,-0.39725171767645,-0.041224234853217,-0.36227357901312,4.3617349636986997e-13,PoG,0.9749836205305183,AGN
2CXO J172441.8-341141,261.1744453221129,-34.19482973312748,353.1682957684793,0.9017977092064148,-0.10868207370394,0.22985633978763,-0.33853841349157,1.7192019625855001e-15,NIR,0.0,stellar
2CXO J033211.3-275214,53.04752799290293,-27.87054098212377,223.6634970049408,-54.50708818041043,0.33728919425359,0.20487195502811,0.14116177389132,5.0461542840618e-15,?,0.9582133906668004,AGN
2CXO J224548.7+394116,341.4532020424158,39.687759830393176,98.13134584343469,-17.05839009280085,0.92442223610244,0.89069331667708,0.19113054341037,8.3718172095226e-13,Rad,0.7817506440241421,AGN
2CXO J123049.6+122353,187.70685946640745,12.398296382830967,283.77296926563315,74.498270694551,0.99937539038101,0.99937539038101,-0.99937539038101,1.5828583019276001e-15,X,0.4671102108639942,stellar
2CXO J053519.1-052326,83.82967859586392,-5.390848839259977,209.01712357992744,-19.37473893015489,-0.42223610243598,-0.23110555902561,-0.21111805121799,8.703758820773401e-15,Or*,0.003336817896717541,stellar
2CXO J034351.2+321308,55.96353394976478,32.21907199284628,160.33078892868105,-17.85586071289408,-0.54965646470956,-0.27732667083073,-0.31980012492192,2.7857267890969e-13,Or*,0.0623881386245984,stellar
2CXO J174536.9-290039,266.40379516422433,-29.01093643485681,359.9356469188413,-0.0380608757260649,0.98563397876327,0.98563397876327,-0.028732042473454,2.0702806804209998e-14,X,0.0033446499769180433,stellar
2CXO J135217.8+312646,208.07413660489203,31.446262738137868,54.59433106757711,76.0599789312962,0.92317301686446,0.91442848219863,0.057464084946908,6.5842958523154e-13,MIR,0.9515484997378514,AGN
2CXO J053513.5-052728,83.80639267936829,-5.45798397547893,209.0694952934994,-19.42577168207764,-0.7158026233604,-0.41973766396002,-0.42223610243598,7.0621053718188e-15,Or*,0.0,stellar
2CXO J053517.6-053202,83.82374606487832,-5.534035910510533,209.1497177206172,-19.444723460253872,-0.3210493441599,-0.12991880074953,-0.19862585883823,2.0073426123146e-14,Or*,0.057874087222468173,stellar
2CXO J053427.8-054137,83.6158744766604,-5.693781587958542,209.20191526256528,-19.701427462788416,-0.79575265459088,-0.420986883198,-0.56464709556527,1.9312889297345e-13,Or*,0.0031357737181044866,stellar
2CXO J053516.6-051723,83.81924439318169,-5.2898014509040046,208.91663485756013,-19.33827191055553,0.76202373516552,0.26483447845097,0.62211118051218,5.1446563824599994e-14,Or*,0.016502727259407744,stellar
2CXO J133247.1+502802,203.1964446928773,50.46721611240682,107.0291148613712,65.3651403489373,0.30106183635228,0.20612117426608,0.10118675827608,2.2533156938986998e-13,X,0.8926428859969328,AGN
2CXO J031714.3-410717,49.309860248808775,-41.12149345683622,247.55370228191373,-57.05222237322683,-0.094940662086196,0.056214865708932,-0.15115552779513,2.7025695605475e-13,X,0.9130395644804961,AGN
2CXO J125901.8+345114,194.75755401732704,34.85407854524016,111.51879038393568,82.10522439301464,-0.50343535290443,-0.10993129294191,-0.4159900062461,1.5664218060346e-13,Rad,0.8216802013638843,AGN
2CXO J213126.2+471724,322.8592182479981,47.290142158772326,91.5775487308951,-3.0364544900413244,-0.94316052467208,-0.84946908182386,-0.46595877576515,8.3022734929144e-14,X,0.009193640200543085,stellar
2CXO J053458.8-052803,83.74542206838305,-5.467661369682899,209.0495542296537,-19.484285293044643,-0.89319175515303,-0.54091193004372,-0.67957526545909,1.2181493635929999e-14,Or*,0.013116251485822432,stellar
2CXO J053512.5-052042,83.80249475835103,-5.345246532096744,208.96103354259748,-19.37824245949388,-0.93066833229232,-0.64584634603373,-0.71080574640849,1.1775566882164e-14,Or*,0.004847536797835023,stellar
2CXO J191043.6+091629,287.68194351388934,9.274871039140669,43.37584315377992,-0.0200818803366762,0.97813866333542,0.90318550905684,0.58213616489694,2.9560229049494996e-13,mul,0.03273028677658519,stellar
2CXO J053513.3-045145,83.80561943499004,-4.862507111721606,208.5068187115092,-19.15643084463083,-0.39225484072455,,,4.0437765346947e-13,Or*,0.2661974905876645,stellar
2CXO J174548.9-285751,266.4539883147352,-28.96438721412798,359.9982517049,-0.0512947624101666,0.99188007495315,0.99312929419113,-0.1736414740787,5.0233404434787e-14,HX?,0.005626137799660673,stellar
2CXO J034416.4+320954,56.068438985393925,32.16531766091763,160.43860462242208,-17.840409982726793,-0.59837601499063,-0.33479075577764,-0.32854465958776,1.1535042578942e-13,Or*,0.002924060000041832,stellar
2CXO J053517.9-052521,83.82478314594022,-5.422576978575349,209.04478566294875,-19.39343459315858,-0.57214241099313,-0.30106183635228,-0.32729544034978,1.1258387570871e-14,Or*,0.006681467873635584,stellar
2CXO J123047.7+122334,187.69873251947277,12.393049838566002,283.7505103931939,74.4908894337198,0.31105559025609,0.3997501561524,-0.10368519675203,2.0372185931841e-14,X,0.6948209048860545,AGN
2CXO J122946.6+080035,187.44439363804705,8.009855821814002,286.913652430058,70.2050581712284,0.99937539038101,0.26358525921299,0.33853841349157,9.7785649448902e-16,Gl?,0.3591352182103673,stellar
2CXO J004244.3+411158,10.68491021954577,41.199520351912426,121.17178746923888,-21.642498274041767,-0.14865708931918,0.061211742660837,-0.20737039350406,2.6414644481896e-14,XB?,0.806308287607234,AGN
2CXO J013438.8+305504,23.6617904871772,30.917960260165675,133.7487561221671,-31.044603129397665,-0.12492192379763,0.062460961898813,-0.18613366645846,1.8722098364737e-13,X,0.8417729239020082,AGN
2CXO J053454.2-052135,83.72600876881171,-5.359883346530711,208.9383299925067,-19.452773945243187,-0.78201124297314,-0.44472204871955,-0.5159275452842,1.7568388611153e-14,Or*,0.001253916040100251,stellar
2CXO J053538.3-052834,83.90980114953192,-5.476268597309674,209.1361014262405,-19.3422079899702,-0.69331667707683,-0.36477201748907,-0.43972517176765,2.4013158389354e-14,Or*,0.007507832080200502,stellar
2CXO J053510.6-052303,83.79435617753478,-5.384294169686735,208.99406238110444,-19.403136652611256,0.87195502810743,0.50718301061836,0.64459712679575,1.0112132452831e-14,IR,0.010442345770394957,stellar
2CXO J124938.6-060445,192.41104522782396,-6.079365002679045,302.11777831341885,56.78954704343344,-0.64334790755778,-0.15865084322299,-0.53966271080575,3.6648108607842995e-12,SB*,0.7059189267789655,AGN
2CXO J162359.0-273602,245.99591378602415,-27.60076089250052,350.2102890744601,15.182384402400444,-0.82073703935041,-0.4159900062461,-0.61336664584635,2.3981510517323e-13,Or*,0.0066048340470384855,stellar
2CXO J053517.8-052219,83.82430694314712,-5.372095030652593,208.9968300667916,-19.37102480781119,0.99937539038101,0.53841349156777,0.99937539038101,6.5060743799411e-16,IR,0.0254239167220035,stellar
2CXO J130527.4-492804,196.364429189504,-49.46805715389476,305.2720481059544,13.339977987357756,0.99937539038101,0.98188632104934,0.99937539038101,4.992092452719499e-13,Cl?,0.34141595362422594,stellar
2CXO J053504.5-052604,83.76879663790112,-5.434593379590476,209.02942789941,-19.4485802644603,-0.67707682698314,-0.3735165521549,-0.40599625234229,1.4510623437341e-14,Or*,0.0018818576780042357,stellar
2CXO J110545.6+000016,166.4401762337111,0.0045181150138066,255.47263818440544,52.8517222609386,-0.10243597751405,-0.053716427232979,-0.049968769519051,3.0863694390327e-13,UX?,0.6990993972224634,AGN
2CXO J053518.0-052400,83.82530537584489,-5.4003274453575845,209.02399743377825,-19.382909134916847,-0.69081823860087,-0.51967520299813,-0.26483447845097,7.6146024534817e-15,Or*,0.004177976040142083,stellar
2CXO J053510.4-052245,83.79372019476864,-5.379378154189768,208.9891105330516,-19.401477330902736,-0.64834478450968,-0.38725796377264,-0.3472829481574,2.1054377631611e-14,Or*,0.0029240600000418325,stellar
2CXO J034426.0+320430,56.10846139482999,32.07507870114135,160.52667654103132,-17.888005103879323,0.077451592754528,-0.056214865708932,0.13241723922548,1.9197347606844e-13,Or*,0.05503131264059674,stellar
2CXO J075542.4-293353,118.9270217365182,-29.564855010813268,246.2255738972829,-0.6151198418443233,0.60462211118051,0.48719550281074,0.16489693941287,1.5403845101084998e-12,Opt,0.1259537102185594,stellar
2CXO J110633.3-182123,166.6391139544204,-18.356621759599413,270.83361690295555,37.892289365017206,-0.15615240474703,0.14366021236727,-0.29356652092442,1.2759148377143999e-13,LeQ,0.9864947651342849,AGN
2CXO J032617.2-212006,51.57179637343785,-21.33522965894801,212.1825806687152,-54.36641801590299,-0.8844472204872,-0.45346658338538,-0.71955028107433,1.1767873133121e-13,Gl?,0.07077713488767366,stellar
2CXO J042653.4+260654,66.72298842546593,26.11495712765908,171.8053328201381,-15.696670927510173,0.9369144284822,0.79825109306683,0.54840724547158,1.3081556249315e-13,Or*,0.17610908286705138,stellar
2CXO J100434.0+411248,151.14190256154313,41.21357488274428,179.5111228769155,53.14649814469392,-0.22485946283573,0.15115552779513,-0.36352279825109,6.273791357319e-14,LeQ,0.9856956567979188,AGN
2CXO J105500.9-421504,163.75398853759145,-42.2511755106786,280.98003881671457,15.60426797673094,-0.7632729544035,-0.26733291692692,-0.62336039975016,1.2390048255486999e-12,a2*,0.02004524286170159,stellar
2CXO J053505.7-052353,83.77383894639308,-5.398383387213247,208.9975879437562,-19.42772710730036,-0.7945034353529,-0.45846346033729,-0.52717051842598,1.2341464079197e-14,Or*,0.0029240600000418325,stellar
2CXO J053509.4-052748,83.78958129181763,-5.463646049754507,209.06682965551929,-19.44325891538726,0.43222985633979,0.091193004372267,0.35602748282324,2.9551475494719e-14,Or*,0.04280858218228711,stellar
2CXO J174539.0-290121,266.4126488430861,-29.0228706115018,359.92949426518067,-0.0508871458050178,0.42973141786383,0.82823235477826,-0.61336664584635,1.1292191495934e-15,X,0.0031318484767596188,stellar
2CXO J054138.2-015309,85.40936823888097,-1.8858986935230628,206.50655449278787,-16.36449191015994,0.91692692067458,0.45846346033729,0.789506558401,4.4477040840967e-13,X,0.04547073714781151,stellar
2CXO J182431.0-245245,276.129425272803,-24.87926165845849,7.78660182815165,-5.5788759983531255,0.40724547158026,0.25109306683323,0.1736414740787,9.8009752517569e-14,X,0.15468159623035338,stellar
2CXO J212443.8-335844,321.1826528637346,-33.97920582981808,10.924903593516762,-45.43751235902128,-0.81324172392255,-0.51717676452217,-0.50968144909432,7.857728617070099e-14,Rad,0.24414050627445877,stellar
2CXO J095552.4+690306,148.96885174553722,69.0516512119913,142.08458993025903,40.93147001057519,0.056214865708932,0.17988757026858,-0.12492192379763,1.1530879250266e-13,X,0.864065662771248,AGN
2CXO J053513.8-052208,83.80762357365666,-5.369197481015461,208.9861246395055,-19.384526764093387,0.7632729544035,0.24859462835728,0.63335415365397,1.3168838044163e-14,Y*?,0.006061367546002672,stellar
2CXO J174540.3-290039,266.4179766002886,-29.01097082859261,359.9420788653947,-0.0486647469690295,0.87195502810743,0.85696439725172,-0.026233603997502,7.7121856287456e-16,IR,0.0032211865602836103,stellar
2CXO J133643.5-295107,204.181317981038,-29.851947761564247,314.51440055553246,31.999210460967333,0.35477826358526,0.15615240474703,0.20986883198001,5.808753723883e-14,X,0.4575032098875171,stellar
2CXO J133657.2-295339,204.2386397198336,-29.89432515598124,314.5614172943741,31.94748294789093,0.13741411617739,0.21861336664585,-0.08369768894441,5.793104714164899e-14,PN?,0.4184127030020339,stellar
2CXO J053516.2-052833,83.81772995940383,-5.476080716481651,209.0920211798458,-19.423883501555867,0.38226108682074,0.09369144284822,0.2998126171143,2.0083106870332e-14,Or*,0.05542629538365535,stellar
2CXO J122946.4+080034,187.4435060855842,8.009439626702962,286.91144311542,70.20443699467754,-0.32479700187383,-0.14116177389132,-0.17738913179263,7.654074912776401e-16,GlC,0.2468088293803345,stellar
2CXO J053508.7-052256,83.78639232156041,-5.382428044987323,208.98849491050072,-19.40936340635825,0.5633978763273,0.22485946283573,0.38725796377264,4.8699755120359995e-14,Or*,0.042356705740401936,stellar
2CXO J104356.6-593147,160.98616626019702,-59.52988115205549,287.39987247155506,-0.5589288211551573,-0.41723922548407,0.068707058088695,-0.45721424109931,1.7783232198726e-15,Y*?,0.0042633888823212064,stellar
2CXO J174538.8-290056,266.41185403469194,-29.01566146064845,359.9352856964971,-0.0465380925742458,0.96439725171768,0.99937539038101,-0.99937539038101,7.4278819974413e-15,Rad,0.001964662376636399,stellar
2CXO J053521.8-052208,83.84106703659802,-5.368980792625401,209.0018880970952,-19.354734716771315,-0.19737663960025,-0.13491567770144,-0.06371018113679,2.4481180202007e-14,Or*,0.021155442141046,stellar
2CXO J174804.0-244640,267.0170829107967,-24.77796883662264,3.83894492898061,1.6898047243432162,0.9843847595253,0.72454715802623,0.90693316677077,5.5549086168911e-14,LP?,0.0041814678736355835,stellar
2CXO J165512.2-414631,253.80085129570895,-41.77538465694413,343.6245466598967,1.0651602025669271,-0.031230480949407,0.11118051217989,-0.14241099312929,2.261726968472e-13,Y*?,0.039890795836184906,stellar
2CXO J040643.0+622040,61.67947033303216,62.34450057911944,143.5674697491774,7.579340150544571,-0.72204871955028,-0.27108057464085,-0.56089943785134,1.3904503598999e-12,SB*,0.07458527583983247,stellar
2CXO J004733.0-251719,11.887660184475465,-25.28886473759681,97.35390168762753,-87.96445256640826,0.99937539038101,0.99937539038101,-0.99937539038101,7.3609989875129e-14,Mas,0.7902985427628966,AGN
2CXO J053518.7-052201,83.828159302053,-5.367253040515006,208.99409228962543,-19.36541370083635,-0.26483447845097,-0.27607745159275,0.012492192379763,8.818543677617401e-15,Or*,0.018146642413619244,stellar
2CXO J131502.8-162922,198.76168854460911,-16.489537759570055,311.0933506652965,46.00775235764441,-0.316052467208,-0.021236727045597,-0.29731417863835,3.4806749278402997e-13,blu,0.9954275518335354,AGN
2CXO J231823.6-422213,349.5984845731573,-42.37045155064936,348.0781055064846,-65.6962633017259,0.88819487820112,0.92442223610244,-0.20362273579013,3.689132616185e-12,X,0.9670963920581472,AGN
2CXO J090953.2+310603,137.4720165331811,31.10088137175707,194.2750412336789,41.94410780301716,-0.27108057464085,-0.0049968769519051,-0.26733291692692,5.6921567419385995e-12,Gr?,0.9914371876635848,AGN
2CXO J143623.7+631726,219.09912719083505,63.290611526352734,104.92078581940352,50.00738185924354,0.066208619612742,0.13866333541537,-0.072454715802623,2.9570611901323e-13,X,0.9159136654517497,AGN
2CXO J053802.7-690258,84.51137540825687,-69.04974129032456,279.41335878011097,-31.7364032041627,0.14615865084322,0.1686445971268,-0.023735165521549,1.223493216841e-14,X,0.39261111392957315,stellar
2CXO J053428.9-054714,83.6206102926509,-5.787406545646653,209.2929506470798,-19.739427468042283,-0.59962523422861,-0.23860087445347,-0.420986883198,4.0917656924026e-13,Or*,0.07823495553774427,stellar
2CXO J123049.3+122318,187.7058210298508,12.388560328428602,283.7802378255379,74.48867677626966,-0.99937539038101,-0.99937539038101,-0.66708307307933,9.9682397966823e-15,GlC,0.2290117407322742,stellar
2CXO J044137.7+020349,70.40730226563278,2.06392449908577,194.7741076964822,-27.440789406143523,0.022485946283573,0.089943785134291,-0.067457838850718,6.315163077523299e-13,X,0.6578092051809838,AGN
2CXO J053518.8-052222,83.828495690007,-5.373039707294046,208.99972299049924,-19.367733038262145,0.38600874453467,0.19362898188632,0.20487195502811,3.8183204844613e-15,,0.1239295742002451,stellar
2CXO J151631.7+065852,229.13220458448063,6.981407188372222,9.319037235749104,50.14072828349906,-0.31105559025609,0.016239850093691,-0.32604622111181,6.1754254052063e-14,X,0.991691682194906,AGN
2CXO J010100.0-220332,15.250408765778332,-22.05924070974704,146.65361261608305,-84.48491685778671,-0.473454091193,-0.13616489693941,-0.36102435977514,1.2918677268776999e-13,Rad,0.8563195503617724,AGN
2CXO J133716.3-294939,204.31826175009743,-29.827601012763388,314.6573794323159,31.998409092210405,0.15615240474703,0.25359150530918,-0.10118675827608,5.399760867632e-14,X,0.46814843072177886,stellar
2CXO J111004.7-763545,167.51911256180733,-76.59590146257308,297.03910858416054,-14.897999294085984,-0.36976889444097,-0.17239225484072,-0.21111805121799,2.2999601479011e-13,Or*,0.06431567839221675,stellar
2CXO J053826.1-690012,84.60891719982124,-69.00353380176973,279.3546807048612,-31.707028907936035,0.35602748282324,0.1948782011243,0.17114303560275,1.7866649597075e-14,X,0.37361820293819714,stellar
2CXO J095500.0+690745,148.7503677341324,69.1291246320902,142.06018334618378,40.823110546273305,-0.078700811992505,0.15615240474703,-0.23360399750156,1.0947744107144999e-13,X,0.9620577927110265,AGN
2CXO J053517.5-052542,83.82313696554638,-5.428573060929907,209.04967000278995,-19.39760746800898,0.099937539038101,0.014990630855715,0.08369768894441,2.1017992258607e-14,?,0.06183727922590468,stellar
2CXO J172441.4-341147,261.17287207999334,-34.19670325334846,353.16601451607943,0.9018209662158184,0.10243597751405,0.17988757026858,-0.084946908182386,8.972911593146501e-15,IR,0.010693056998294447,stellar
2CXO J130507.3-493358,196.28067248926016,-49.56616013391049,305.2106915151669,13.245028578337603,0.10618363522798,0.17988757026858,-0.076202373516552,1.6190332214788998e-13,X,0.38286585215008495,stellar
2CXO J174538.1-290047,266.40910296098593,-29.013184625974333,359.9361464307248,-0.0431941792117588,0.99937539038101,0.98563397876327,0.99937539038101,7.796094948608301e-15,out,0.0008368178967175413,stellar
2CXO J053508.0-053244,83.78349694197681,-5.545656914822338,209.14152568137536,-19.48571473583532,0.13491567770144,0.062460961898813,0.073703935040599,1.426402302583e-14,HH,0.16769316398089693,stellar
2CXO J132528.8-430056,201.3703326536873,-43.015790142515534,309.52043973020426,19.42002284248834,0.50843222985634,0.2473454091193,0.29856339787633,4.2422505432278e-14,X,0.13559792749693508,stellar
2CXO J202610.4-453626,306.54355718082684,-45.607530379582975,354.52940874924894,-35.16461595200839,-0.25858838226109,0.0024984384759525,-0.25983760149906,2.5071953680837997e-13,LeI,0.9896074951093852,AGN
2CXO J053519.8-051534,83.83256396259168,-5.259735738829265,208.89459407544211,-19.312830487753985,0.99937539038101,0.77826358525921,0.99937539038101,3.2051641582984e-14,Or*,0.04081248612740709,stellar
2CXO J043814.7-121714,69.56160824547203,-12.287504718554825,209.06571161118745,-35.06074576196402,-0.27732667083073,0.01998750780762,-0.29606495940037,5.9312093785093e-14,LeQ,0.9019394000883765,AGN
2CXO J053545.4-052036,83.9393024085615,-5.343481152274384,209.0246793225578,-19.255974077297186,-0.73579013116802,-0.27607745159275,-0.57464084946908,1.9511131288502e-14,Or*,0.01356679557480544,stellar
2CXO J064117.9+093337,100.32469072958509,9.5602879190893,203.27114698567425,2.115743889274848,-0.73454091193004,-0.42223610243598,-0.45221736414741,2.6469668747405e-14,Or*,0.0,stellar
2CXO J053517.5-052256,83.8231689506062,-5.382444024050535,209.00607017846596,-19.376717021427755,-0.11617738913179,-0.076202373516552,-0.041224234853217,1.0763088567063999e-14,Or*,0.062335803151816284,stellar
2CXO J172445.3-341212,261.1890815315679,-34.20344493225702,353.167972817856,0.8869431050700272,-0.99937539038101,-0.99937539038101,0.33978763272954,1.4956922819108002e-16,NIR,0.0004131150925057845,stellar
2CXO J122941.0+075744,187.42083466265672,7.962313079406688,286.88180559525813,70.15321211127798,-0.032479700187383,0.1474078700812,-0.17863835103061,7.7886946564599e-14,GlC,0.9094459214236895,AGN
2CXO J051618.1+341845,79.07561858748392,34.31256072117569,172.08111755997257,-2.259094433120588,-0.97064334790756,-0.74578388507183,-0.8157401623985,4.1537443019633e-13,Or*,0.0018779324366593683,stellar
2CXO J053529.4-051845,83.87277016786516,-5.312684073018271,208.96382496026635,-19.301110035664163,0.79325421611493,0.23610243597751,0.68457214241099,3.0738942441136e-14,Or*,0.017255127068953078,stellar
2CXO J053518.0-052402,83.82516803413682,-5.400871095194733,209.02444588015163,-19.38327696300572,0.80824484697064,0.30480949406621,0.6683322923173,2.4182818576585e-14,Or*,0.009193640200543087,stellar
2CXO J123047.1+122415,187.6963463989088,12.404443079691148,283.7294245850998,74.50106137698235,-0.42723297938788,-0.1261711430356,-0.31730168644597,3.2387966830376e-14,Gl?,0.969249562760658,AGN
2CXO J132542.0-431042,201.42496620403267,-43.17831331115431,309.53818194809946,19.25351465242051,0.16989381636477,0.18488444722049,-0.016239850093691,1.8735271705938998e-13,UX?,0.21982390258852472,stellar
2CXO J033334.6-360936,53.394233541974245,-36.16011158781767,237.99062838957943,-54.602941809055096,0.099937539038101,0.15740162398501,-0.059962523422861,4.8683973783184e-13,ULX,0.8398361288716161,AGN
2CXO J171152.9-231722,257.9706503331489,-23.28961945300621,0.5624003176252887,9.424808453267325,0.35477826358526,0.30980637101811,0.047470331043098,1.6548335794825e-13,X,0.5205223391519397,AGN
2CXO J172443.6-341112,261.1820402665264,-34.18693187476103,353.17836029895483,0.901040156126912,-0.011242973141786,0.16489693941287,-0.18613366645846,2.4198328018408002e-15,NIR,0.006261748120300752,stellar
2CXO J053516.9-052220,83.82058762381001,-5.372387375126143,208.99533058882463,-19.374459412453653,-0.64584634603373,-0.36227357901312,-0.36477201748907,2.165456320619e-15,LM*,0.0008368178967175413,stellar
2CXO J172441.6-341147,261.1733321317456,-34.196732960006734,353.16620384069404,0.9014895465837948,0.43472829481574,-0.36102435977514,0.70331043098064,3.138727126606e-15,IR,0.002507832080200502,stellar
2CXO J182041.1-161530,275.17141246654,-16.25858075515848,15.007530225716687,-0.7656215132669496,0.79825109306683,0.43347907557776,0.55590256089944,2.1852708327283998e-13,X,0.030979711701187893,stellar
2CXO J053407.2-051141,83.53024997845557,-5.194821052070016,208.688531781494,-19.55175997455741,-0.36477201748907,-0.057464084946908,-0.31355402873204,1.5176581685294998e-12,Or*,0.2198947269547659,stellar
2CXO J053516.2-052224,83.81762234709197,-5.3734160859545135,208.9948872405049,-19.37755765284451,0.99937539038101,0.77326670830731,0.99937539038101,6.818888855619e-15,Or*,0.00024390028475045427,stellar
2CXO J053507.7-052101,83.78223161966707,-5.350412672825503,208.9562378744733,-19.398571090326342,0.99937539038101,0.72704559650219,0.99937539038101,2.1917089336866e-14,LM*,0.026580107863170645,stellar
2CXO J202208.4+100111,305.5351989368369,10.019824967864553,52.77820220598992,-14.983124673603047,0.27732667083073,0.35727670206121,-0.088694565896315,2.0108685962373996e-12,Rad,0.6655366061321463,AGN
2CXO J004304.2+411601,10.76766913134503,41.267037705099845,121.24127518597828,-21.577241460639108,-0.012492192379763,0.086196127420362,-0.098688319800125,2.6335571768629e-14,XB?,0.38878672218539906,stellar
2CXO J053515.4-051738,83.81437549319241,-5.29409244285312,208.91836294517583,-19.34453756491816,0.6208619612742,0.24109931292942,0.4472204871955,1.8505615302171e-14,Or*,0.025568701547790756,stellar
2CXO J174534.5-290236,266.3940927502656,-29.043609117015677,359.9033397589321,-0.0478447927189493,0.56964397251718,0.99937539038101,-0.99937539038101,1.7796992089090001e-16,X,8.67299399770309e-05,stellar
2CXO J013259.9+302104,23.24989406673774,30.35112055677675,133.46863158304245,-31.66885548359052,-0.37976264834478,-0.097439100562149,-0.29356652092442,1.0205600913437e-13,X,0.8273498959790695,AGN
2CXO J123049.7+122338,187.70733159210533,12.393975323824314,283.77944906440854,74.49428520062642,-0.87445346658339,-0.096189881324172,-0.85196752029981,7.9002228444828e-15,GlC,0.45179937892630057,stellar
2CXO J013923.9+292406,24.849974154052063,29.40189999140512,135.29821436746153,-32.315528950603166,-0.044971892567146,0.10993129294191,-0.15490318550906,9.710166202053699e-13,ev,0.8705343071600916,AGN
2CXO J053536.5-052009,83.90211582603467,-5.335922174157082,208.99979083951055,-19.285572013441385,0.29606495940037,-0.017489069331668,0.31230480949407,2.7264503053996e-14,Or*,0.018578119488499446,stellar
2CXO J123049.5+122355,187.7064909180509,12.398835522196917,283.7710807941331,74.49867750479301,-0.21486570893192,-0.17489069331668,-0.037476577139288,6.929228353019701e-15,X,0.19212565758817302,stellar
2CXO J033828.2-352710,54.61771252954122,-35.453067774709595,236.72043694708432,-53.63840970136113,-0.088694565896315,0.35103060587133,-0.46595877576515,2.481825617467e-15,GlC,0.5280777723026145,AGN
2CXO J053520.5-052042,83.83571350191414,-5.345325043085543,208.9769730284644,-19.34878439318749,-0.47470331043098,-0.41973766396002,-0.068707058088695,9.9791258313016e-15,Or*,0.0035037617554858937,stellar
2CXO J053516.7-052327,83.81986337784281,-5.391115624731668,209.01269032492937,-19.38357462473149,0.084946908182386,-0.18113678950656,0.26358525921299,1.5129152652945e-14,ISM,0.007098566017018293,stellar
2CXO J174806.1-244642,267.0258143058288,-24.77858347035217,3.842510824011595,1.6826970344600454,0.72579637726421,0.062460961898813,0.6945658963148,3.0785831818919996e-14,X,0.006102323061476653,stellar
2CXO J123618.5+621115,189.07746504251065,62.18752790263135,125.99625961130856,54.850624094553496,-0.30730793254216,-0.013741411617739,-0.2948157401624,1.8420728924383e-14,Rad,0.9499149187591699,AGN
2CXO J122948.0+075941,187.4502812856612,7.99482717994064,286.941319244538,70.19194294032772,0.17863835103061,0.27108057464085,-0.11617738913179,1.8227548368329e-15,GlC,0.3028104653299678,stellar
2CXO J180407.3-242222,271.0306856281736,-24.37278897736539,6.026219756963451,-1.2602479635189403,-0.4159900062461,-0.2685821361649,-0.16364772017489,4.3048589692157e-14,Or*,0.0,stellar
2CXO J182422.6-245102,276.094475436906,-24.85077009023641,7.797371219560115,-5.5376158122783234,0.74328544659588,0.43098063710181,0.45971267957527,1.0239438316106999e-13,X,0.07826233286398429,stellar
2CXO J174539.1-290112,266.4130945510576,-29.020229825086737,359.93195141742285,-0.0498440443978988,0.91942535915053,0.91317926296065,-0.016239850093691,6.827947446327801e-16,X,0.0053040884169009,stellar
2CXO J162210.1-240906,245.54228823263796,-24.1516175360394,352.58808462017885,17.802699133722065,-0.51717676452217,-0.28482198625859,-0.27108057464085,2.4957802656615997e-13,Or*,0.028147174031332874,stellar
2CXO J132525.7-430055,201.3572811078027,-43.01546986423458,309.5104675430873,19.4216717471213,0.16489693941287,-0.099937539038101,0.26108682073704,,PoG,0.007522626017060125,stellar
2CXO J160602.1+501113,241.50904030205947,50.187082084982464,78.52757854869715,46.613274093353525,-0.95190505933791,-0.71330418488445,-0.737039350406,3.8668392043892996e-13,SB*,0.017853520527144624,stellar
2CXO J130522.8-492900,196.3451509037535,-49.48363988547853,305.25830174652,13.325118009148534,0.78700811992505,0.43972517176765,0.53091817613991,1.2747689598278e-13,ULX,0.06883497693872317,stellar
2CXO J053518.2-052846,83.8262545986911,-5.4795631174788335,209.0993811967639,-19.417887376067856,-0.789506558401,-0.51967520299813,-0.45471580262336,9.7380257868768e-15,Or*,0.0016701439599415815,stellar
2CXO J174539.0-290055,266.41274061100216,-29.015336799127017,359.9359667318494,-0.0470307259192876,0.96689569019363,0.99937539038101,-0.58213616489694,2.3299140936086e-15,Rad,0.002089231503454204,stellar
2CXO J004241.4+411523,10.67263811147177,41.25660630456735,121.16410295753248,-21.585114000593077,-0.081199250468457,0.048719550281074,-0.12866958151156,2.9787086524247e-14,GlC,0.7656440016908879,AGN
2CXO J053450.9-054221,83.71233207299741,-5.705997079403467,209.25945626453773,-19.62126909773808,-0.79200499687695,-0.32604622111181,-0.62710805746409,1.4813946180543e-13,Or*,0.004427817044500192,stellar
2CXO J053518.9-052051,83.82895759030009,-5.347820830009572,208.9761056658152,-19.35591217677452,0.31480324797002,0.00999375390381,0.30605871330418,1.9287406623168998e-14,Or*,0.014403180063671616,stellar
2CXO J105907.1-770139,164.7797528765276,-77.02780126721292,296.63526659052263,-15.550017630875844,-0.6158650843223,-0.27232979387883,-0.41224234853217,8.888224783245199e-13,Or*,0.06387058583187319,stellar
2CXO J174538.3-290215,266.4098532711581,-29.037772052161497,359.9155014236012,-0.0565641442724742,0.6633354153654,0.91442848219863,-0.65084322298563,4.798082934205101e-16,X,0.002507832080200502,stellar
2CXO J123539.8+123322,188.9158956336132,12.55631593902572,287.93259052548734,74.96679135986662,-0.3997501561524,-0.061211742660837,-0.34603372891943,1.1341604942366999e-13,X,0.9931466424136194,AGN
2CXO J053511.8-051725,83.79938054632817,-5.290479604154534,208.907782960868,-19.35621409648921,-0.24484697064335,-0.24359775140537,-0.0012492192379763,1.5819854985887e-14,Or*,0.016075064470695958,stellar
2CXO J174538.3-290048,266.4096016789167,-29.013581675021,359.9360347500668,-0.0437733048822008,0.99937539038101,0.99937539038101,-0.67083073079325,9.1438911561536e-15,out,8.67299399770309e-05,stellar
2CXO J064048.5+093557,100.2025335987837,9.599267649922078,203.18140687586228,2.0263809905830343,0.64334790755778,0.1948782011243,0.50968144909432,1.3756091778021e-14,mm,0.007313316350395203,stellar
2CXO J053521.8-052355,83.84119193587662,-5.398751937199145,209.03009053864025,-19.368090549580547,-0.1474078700812,-0.11242973141786,-0.036227357901312,1.6646871421079e-14,Or*,0.014414283010972582,stellar
2CXO J064056.5+095410,100.23541426554208,9.902892849996864,202.9259123759964,2.1938608117248712,-0.36727045596502,-0.059962523422861,-0.31480324797002,3.7664658232259997e-13,Or*,0.0824979175488245,stellar
2CXO J124339.9+113309,190.9165594883393,11.552688244179372,295.87307094856715,74.31782420130695,-0.76702061211743,-0.35727670206121,-0.5633978763273,4.3396556766766e-14,GlC,0.4358409000318537,stellar
2CXO J122945.3+075940,187.4389028729728,7.994440677319232,286.90939043061684,70.18877609447485,-0.13741411617739,0.22860712054966,-0.35602748282324,3.5932338010673e-15,Gl?,0.06850728529999224,stellar
2CXO J174539.3-290102,266.4141301839495,-29.01747508602113,359.9347745979382,-0.0491819325798881,-0.16989381636477,0.41474078700812,-0.37851342910681,0.0,cor,0.02222769859561594,stellar
2CXO J125900.8+345047,194.75346308446888,34.84661750738565,111.53101874677304,82.11323187053107,-0.31855090568395,-0.13366645846346,-0.19237976264834,1.1612567215822e-13,HII,0.9560889145067638,AGN
2CXO J013612.6+154958,24.0524432040217,15.832886302400956,138.43716611481352,-45.68664131995277,-0.12367270455965,0.43098063710181,-0.52592129918801,5.2881282947002e-14,G?,0.8663096126015134,AGN
2CXO J174539.1-290106,266.4129269855956,-29.018479403889145,359.9333691951991,-0.0488070522725045,0.68831980012492,0.8157401623985,-0.30231105559026,1.1328719520533e-15,X,0.001253916040100251,stellar
2CXO J110941.9-763458,167.42427130166175,-76.58292841517078,297.0128962494136,-14.894765486809582,0.93816364772017,0.55340412242349,0.79950031230481,4.7063455700481e-13,Or*,0.09985658241016371,stellar
2CXO J095522.1+690510,148.84222063454865,69.08621664862231,142.08170245651027,40.87457972077154,0.077451592754528,0.19113054341037,-0.11617738913179,9.0886274630466e-14,X,0.8017092388765558,AGN
2CXO J165403.5-414729,253.5149287493564,-41.79163825832707,343.4776849122944,1.2205949970272736,-0.91193004372267,-0.69331667707683,-0.59337913803873,1.1360759224636e-13,SB*,0.019392766228038295,stellar
2CXO J053513.8-051852,83.80790555737997,-5.314750349667613,208.93479376920067,-19.35963473066366,0.44597126795753,0.18613366645846,0.28357276702061,6.6115894048624e-14,Or*,0.14184499348772486,stellar
2CXO J172441.4-341155,261.1726750080195,-34.198925869322274,353.1640843462516,0.9007065351922238,-0.041224234853217,0.0037476577139288,-0.042473454091193,2.1408885171365002e-15,IR,0.0037617481203007525,stellar
2CXO J053526.3-052500,83.86002440974738,-5.416868494405974,209.05620449461003,-19.35956105054243,-0.64459712679575,-0.27732667083073,-0.44597126795753,1.4057827153724e-14,IR,0.0,stellar
2CXO J122945.3+075936,187.43905301649303,7.993433775150797,286.9105523282191,70.18783754284964,0.34353529044347,0.27982510930668,0.053716427232979,3.191810083466e-15,GlC,0.28274932772966277,stellar
2CXO J180432.1-242127,271.1341852874551,-24.357754827808844,6.085575958317607,-1.3350386461009054,-0.11118051217989,-0.039975015615241,-0.071205496564647,1.1219310548059999e-13,Or*,0.001253916040100251,stellar
2CXO J034431.5+320844,56.13141253570893,32.14578184148916,160.4947584132627,-17.821267872865572,-0.60836976889444,-0.33479075577764,-0.3422860712055,1.1493318482485e-13,Or*,0.002924060000041832,stellar
2CXO J174532.4-290125,266.3852549387757,-29.0239111403704,359.9161244729155,-0.0309844534416848,0.95440349781387,0.58338538413492,0.82823235477826,2.0121416147268002e-15,X,0.0016701439599415815,stellar
2CXO J112352.2-592046,170.96770193563646,-59.34633207779714,291.9687712390039,1.6486667513614937,-0.86445971267958,-0.51842598376015,-0.62710805746409,2.8029624877722e-14,SB*,0.0,stellar
2CXO J174912.4-272538,267.3016832187712,-27.427273797822306,1.7001114159147028,0.105216490597368,0.97189256714553,0.99937539038101,-0.99937539038101,7.6062108510336e-13,MIR,0.13142534628867017,stellar
2CXO J171456.9+572648,258.737370062855,57.44678644506862,85.85509809291993,35.45462308879491,-0.20861961274204,0.078700811992505,-0.28232354778264,1.4708497609438e-13,X,0.9825021949608105,AGN
2CXO J111623.5-065738,169.09803327881525,-6.960793329083821,265.4783142825073,48.87532263926792,-0.40599625234229,-0.026233603997502,-0.38475952529669,3.1907169088792e-13,LeI,0.9891438323045424,AGN
2CXO J004255.6+411835,10.73170494267424,41.30977370261639,121.21385647166788,-21.53358000518545,-0.18113678950656,0.026233603997502,-0.20737039350406,3.1996432488718997e-14,GlC,0.935356876048418,AGN
2CXO J004242.0+411532,10.675312855185268,41.25889022686353,121.16635353096224,-21.582904990113484,-0.49594003747658,-0.22485946283573,-0.30480949406621,1.312766555345e-14,XB?,0.3779292642871858,stellar
2CXO J110629.4-182202,166.6228004823306,-18.36723907184113,270.8233135471985,37.87536844666381,-0.051217988757027,0.30730793254216,-0.35227982510931,3.6297174744162e-14,X,0.8343129524896437,AGN
2CXO J053545.3-052810,83.93915305348219,-5.469626710393146,209.1438122004468,-19.313141363017976,0.13866333541537,0.13616489693941,0.0024984384759525,1.4360289851618e-14,Or*,0.18136795403070788,stellar
2CXO J162157.2+381734,245.4883271551903,38.292900647004046,61.12043096861878,44.95437418923706,-0.73204247345409,-0.34353529044347,-0.51842598376015,2.2053953784948e-13,cC*,0.08037766981456343,stellar
2CXO J051935.8-323927,79.89918542641101,-32.65780971680043,236.02229171256397,-32.57141774545654,-0.10993129294191,0.21736414740787,-0.31980012492192,1.7821165086816998e-12,HII,0.866781862897533,AGN
2CXO J004209.0+412048,10.537774350512391,41.34671465043343,121.05890452990025,-21.49125653067124,0.43347907557776,0.25983760149906,0.19612742036227,9.8528496942656e-14,X,0.6783416745132251,AGN
2CXO J064102.5+093455,100.2605604894261,9.582162586700653,203.22278084603863,2.0694694753310583,-0.75452841973766,-0.40474703310431,-0.50218613366646,3.8051030763172e-14,Or*,0.007909348622876953,stellar
2CXO J074108.5+202544,115.28549152090136,20.42896280284755,199.49168769608667,19.79288430751752,0.95565271705184,0.91817613991255,0.2998126171143,2.4512966554256e-12,Sy*,0.9157216462130683,AGN
2CXO J174539.4-290104,266.41435244280115,-29.017983901417924,359.93444153687176,-0.0496129068128952,-0.99937539038101,0.12492192379763,-0.4684572142411,0.0,cor,0.017114010445882046,stellar
2CXO J103843.3+533101,159.6804232030919,53.51702726791903,156.59078643845243,54.04953924552592,-0.45846346033729,-0.056214865708932,-0.41349156777014,1.1590907386395e-13,HII,0.9848128795347051,AGN
2CXO J132554.5-425925,201.47736558729105,-42.99035941298261,309.60640635824274,19.43420047738936,0.15490318550906,0.14490943160525,0.011242973141786,3.9819497837995e-14,GlC,0.11039491098209427,stellar
2CXO J033851.5-353542,54.71471723876067,-35.59515436834263,236.95657190429228,-53.55604774936003,-0.32354778263585,0.042473454091193,-0.36102435977514,2.2928288650198e-14,GlC,0.9389275648857404,AGN
2CXO J120155.6-185214,180.48189392650116,-18.870703831296744,286.9734368211027,42.46165804651224,0.017489069331668,0.16364772017489,-0.1474078700812,4.0918143090091e-14,HII,0.8082342154953349,AGN
2CXO J004125.8+405845,10.357725892487563,40.97937503270586,120.8972347273256,-21.85283479513313,0.078700811992505,0.10993129294191,-0.031230480949407,2.3255066244827e-13,X,0.5629332462975016,AGN
2CXO J122948.3+080020,187.45150478995905,8.005554609512618,286.936943514005,70.2026363093471,-0.16989381636477,-0.084946908182386,-0.076202373516552,8.1208004943136e-16,Gl?,0.3031474749630401,stellar
2CXO J095554.6+694101,148.97770727516,69.68359302439252,141.40284124534892,40.56730062807907,0.99937539038101,0.76702061211743,0.99937539038101,1.7981276149709997e-13,GlC,0.5803476549664621,AGN
2CXO J133011.0+471041,202.54589345686657,47.17812300252582,104.70292365458084,68.55518223445452,-0.23485321673954,0.062460961898813,-0.29231730168645,1.7066238231145e-14,Cl*,0.9029088458852162,AGN
2CXO J053516.7-044032,83.81986521924625,-4.675676238645776,208.33762285809604,-19.05871906564441,-0.32729544034978,-0.042473454091193,-0.28856964397252,3.7826280481893e-13,Or*,0.40924382678124516,stellar
2CXO J203500.1+600908,308.7506013684955,60.152226486700535,95.72707781468,11.658654045237622,-0.81324172392255,-0.52467207995003,-0.50218613366646,1.2336465734355e-13,UX?,0.007602809299245134,stellar
2CXO J053535.2-052654,83.89681086980062,-5.448604173713318,209.1037534930239,-19.341242133053587,-0.8369768894441,-0.55340412242349,-0.52717051842598,1.4735749295253e-14,Or*,0.0008368178967175415,stellar
2CXO J034424.2+321019,56.10120816592792,32.172044605872266,160.4564624387646,-17.817482378028217,-0.08369768894441,-0.0012492192379763,-0.08369768894441,1.5331036137237e-13,Or*,0.176947532295027,stellar
2CXO J033851.4-353538,54.71449303473145,-35.59414541783157,236.9548817541773,-53.5562555650336,-0.80074953154279,-0.25109306683323,-0.68831980012492,1.2266481628315e-14,GlC,0.2809362289807725,stellar
2CXO J123048.6+122353,187.7028002705847,12.398292717738832,283.7588196912663,74.49708114478385,-0.56464709556527,-0.43098063710181,-0.17114303560275,8.486514090716401e-15,Gl?,0.42165442506606005,stellar
2CXO J125455.1+084654,193.72955931370177,8.78162386239227,305.66202459413194,71.63492024836526,-0.35727670206121,0.056214865708932,-0.40474703310431,7.632294484260299e-13,IG,0.9991701439599416,AGN
2CXO J053521.7-045312,83.84060749216945,-4.886633916929164,208.54634813704183,-19.1363574115782,-0.70705808869457,-0.29106808244847,-0.52467207995003,3.0676951480328e-13,X,0.030302538753524944,stellar
2CXO J174550.9-285430,266.4620529309975,-28.908525178617364,0.0496197758819879,-0.0282360939042065,0.99937539038101,0.98313554028732,0.99937539038101,4.926118285589e-14,X,0.013419366732007349,stellar
2CXO J122946.5+075924,187.44401178036776,7.990200288157632,286.92695263912645,70.18592243166451,-0.99937539038101,-0.99937539038101,-0.87695190505934,1.6370641708874001e-15,GlC,0.096212216738866,stellar
2CXO J123030.4+414142,187.62699358968015,41.69510670229465,138.000497282751,74.81509913297292,0.18113678950656,0.14865708931918,0.032479700187383,3.3714420075541e-13,ULX,0.4816867763174134,stellar
2CXO J174544.9-290027,266.43741988327,-29.00762337295158,359.95379315602,-0.0614364051137348,0.96189881324172,0.97189256714553,-0.35352904434728,3.8673186876689e-14,out,0.015949797215818212,stellar
2CXO J053516.1-052456,83.81750436662293,-5.415654227690611,209.0347658169756,-19.39676728274273,-0.24109931292942,-0.2211118051218,-0.01998750780762,5.5371922092887e-15,Or*,0.015024574850278614,stellar
2CXO J053516.2-052043,83.81789360189498,-5.345559162866237,208.96868404108235,-19.364711993794927,0.99188007495315,0.99687695190506,-0.5421611492817,5.4461680625493e-14,X,0.06592552714625736,stellar
2CXO J034440.1+321133,56.16713979455665,32.192814684291264,160.48748071688695,-17.76578211169879,0.15990006246096,0.043722673329169,0.11617738913179,1.9505675176316998e-13,Or*,0.11321223890559262,stellar
2CXO J072010.4+705736,110.04351383151096,70.95994759865722,144.40780322578553,27.86217458612426,-0.22236102435978,0.067457838850718,-0.28482198625859,2.2082030791402e-13,Rad,0.928661523302887,AGN
2CXO J160657.9-274308,241.74147244426263,-27.719015859302047,347.3994356764883,17.818745187049647,-0.49344159900062,-0.084946908182386,-0.42473454091193,7.8527508478337e-13,Ae*,0.09986806808250057,stellar
2CXO J130525.4-492831,196.3560758747076,-49.47558237409431,305.2660462691552,13.3327676795738,0.93441599000625,0.64709556527171,0.72579637726421,1.3169981612576e-13,X,0.13439923612097165,stellar
2CXO J120146.4-185642,180.44375119835115,-18.945172311491586,286.95232990887297,42.38038767263483,-0.091193004372267,0.076202373516552,-0.16739537788882,5.3971933717211e-14,X,0.8672991848864112,AGN
2CXO J174538.0-290223,266.40867431121774,-29.039776280264437,359.9132536767265,-0.0567285345827782,0.99937539038101,0.99937539038101,-0.99937539038101,6.7350961647099e-15,X,0.0033084051594091213,stellar
2CXO J004335.9+411433,10.899715859399636,41.24256910953233,121.34708550519314,-21.605054802317003,0.28232354778264,0.52966895690194,-0.32479700187383,1.1552701073817e-14,X,0.6614717868070425,AGN
2CXO J223036.1+392139,337.6504420842665,39.36084093563191,95.32616327541692,-15.845049718776874,-0.87070580886946,-0.36976889444097,-0.73828856964397,1.1728508383005e-13,SB*,0.010066627377918934,stellar
2CXO J011127.6-380500,17.865171693083198,-38.083489077245055,283.19364907262894,-78.26653256346474,-0.15865084322299,0.37851342910681,-0.50718301061836,1.0833695339612e-12,X,0.8910624782617503,AGN
2CXO J174042.6-534027,265.1775743849321,-53.67439357441745,338.16562477393694,-11.96068196135976,0.19737663960025,0.27482823235478,-0.082448469706433,7.145516459713999e-14,X,0.3373840789350006,stellar
2CXO J162538.1-242235,246.40877712950945,-24.37669766460625,352.9633312601553,17.063443037842607,0.93191755153029,0.51967520299813,0.79950031230481,3.8307456445822e-13,Or*,0.055449107084402344,stellar
2CXO J022233.4+422026,35.63939599574735,42.34074382299417,140.38676502685817,-17.42170151174195,0.99937539038101,0.46221111805122,-0.058713304184885,9.772151222883701e-16,X,0.1588858531058236,stellar
2CXO J132546.0-431103,201.44162372654296,-43.18432985027852,309.55002446240763,19.245850754480013,0.13991255465334,0.21361648969394,-0.076202373516552,1.4090190997073998e-13,X,0.24623201285355045,stellar
2CXO J053512.7-052034,83.80321019011592,-5.343024292687998,208.9592746562092,-19.37660153453174,-0.2685821361649,-0.28232354778264,0.014990630855715,7.694443890918401e-15,HH,0.018983460310336785,stellar
2CXO J174539.4-290117,266.41431494090966,-29.021476647512674,359.93144311302564,-0.0514045016697344,0.82698313554029,0.99937539038101,-0.99937539038101,3.2834210698089e-16,X,8.67299399770309e-05,stellar
2CXO J165258.9+022404,253.2455162767241,2.40132479050474,20.72950092100916,27.29099438167964,0.95065584009994,0.63835103060587,0.78825733916302,3.0822799430635e-13,Cl*,0.7979442030291009,AGN
2CXO J122945.4+075930,187.43934252704597,7.991744073610417,286.91260817863423,70.18627174815202,-0.39225484072455,-0.13241723922548,-0.27108057464085,1.9109298868157e-15,GlC,0.20340765636135963,stellar
2CXO J071338.1+434917,108.4090889739682,43.82156919138252,173.79223981612014,22.19923533999616,0.29231730168645,0.22361024359775,0.073703935040599,4.1377407483638e-13,Rad,0.8562569873289889,AGN
2CXO J174539.2-290107,266.4135278809149,-29.01871941145929,359.9334380795944,-0.0493806088048134,0.87445346658339,0.95190505933791,-0.45971267957527,1.3717255831814e-15,X,0.0,stellar
2CXO J053524.1-052132,83.85044908066317,-5.35906459884234,208.99699464908508,-19.341918046850104,-0.45596502186134,-0.30106183635228,-0.17613991255465,1.2426306343993e-14,Or*,0.003094495692303686,stellar
2CXO J004245.2+411611,10.68843628748698,41.26973959531159,121.17737875453167,-21.572421528064528,-0.32979387882573,-0.013741411617739,-0.31730168644597,3.7225995430307e-14,XB?,0.8489940006547744,AGN
2CXO J190834.0+001139,287.1420743946227,0.1941950483803678,35.06070053610778,-3.7219573849579546,-0.72454715802623,-0.46970643347908,-0.38600874453467,2.3161134068338998e-14,X,0.004389689758204737,stellar
2CXO J174539.4-290108,266.4141291867776,-29.01910979985632,359.9333787854751,-0.050032813953413,0.68707058088695,0.77826358525921,-0.20487195502811,6.0027864766728e-16,X,0.001253916040100251,stellar
2CXO J033851.8-353545,54.71583500037957,-35.59582956802995,236.9576693747704,-53.55512202273268,-0.63210493441599,-0.21111805121799,-0.48094940662086,9.3104118790809e-15,Gl?,0.5504872593732331,AGN
2CXO J103845.9+533004,159.69165881429103,53.50114302594421,156.60688148212677,54.06395102318466,0.49094316052467,0.25983760149906,0.26483447845097,2.4462519996121e-13,HII,0.9299870686359515,AGN
2CXO J221745.2+001857,334.4385751525604,0.3158247123588503,63.16435131431361,-44.00746253421736,-0.054965646470956,0.11242973141786,-0.16739537788882,4.9354093514394e-14,X,0.8645390140201243,AGN
2CXO J110633.5-182125,166.63995956172073,-18.356985651768547,270.8347284170342,37.89237375634605,-0.31855090568395,0.056214865708932,-0.36727045596502,5.4782368420835e-14,LeQ,0.8648755528868477,AGN
2CXO J001954.3+155741,4.976547010743445,15.961609421831602,111.94190750310425,-46.23619656277457,-0.53841349156777,-0.06371018113679,-0.49094316052467,7.110221644488399e-13,SN*,0.9865653813190224,AGN
2CXO J033852.5-353528,54.7187906717042,-35.59131789130418,236.9499749412101,-53.55283339698392,-0.091193004372267,0.2423485321674,-0.33229231730169,8.1548508854786e-15,GlC,0.49988341516557455,stellar
2CXO J004222.2+405924,10.592662632124473,40.990244563214056,121.0886275464574,-21.849048572313635,-0.041224234853217,-0.0074953154278576,-0.033728919425359,1.9501463431909997e-13,X,0.4494584433504379,stellar
2CXO J174539.3-290112,266.4139753428195,-29.02026798675347,359.9323200963588,-0.0505213559113663,0.49718925671455,0.54341036851968,-0.071205496564647,0.0,X,0.008655700250478064,stellar
2CXO J053504.6-052435,83.76959567562426,-5.410017745859819,209.0065647672121,-19.436757049577363,0.9369144284822,0.74078700811993,0.60337289194254,4.556155643045e-15,Or*,0.04124292762599687,stellar
2CXO J111007.0-762937,167.52876549079815,-76.4938031832627,296.9996271285908,-14.803274879335836,-0.68082448469706,-0.3422860712055,-0.4422236102436,1.9834232707703e-13,Or*,0.009983487660509048,stellar
2CXO J071850.4-245754,109.71027767346004,-24.965201841252835,238.20452619884784,-5.5211816762517625,0.54465958775765,,,2.0490681559902998e-13,Or*,0.18966512660773066,stellar
2CXO J111134.8-763621,167.89461203823248,-76.60594564279195,297.1260298332224,-14.873183670190096,-0.70455965021861,-0.32854465958776,-0.48844472204872,2.0935639605724e-13,Or*,0.018153604270278366,stellar
2CXO J064107.3+092554,100.28059522943757,9.43192562132136,203.36555259625283,2.0184425752444968,-0.8157401623985,-0.45096814490943,-0.57464084946908,3.4400118151248e-14,Or*,0.0,stellar
2CXO J080133.5+141442,120.3898218407664,14.245302629841804,207.6233245079019,21.84128437534716,-0.10243597751405,0.10993129294191,-0.20986883198001,3.5698226252303e-13,Rad,0.9503661011491871,AGN
2CXO J104244.6+120331,160.6858552254597,12.058684404424074,233.1242969630224,56.3004584620284,-0.18113678950656,0.10993129294191,-0.28607120549656,1.1936861957658999e-12,Rad,1.0,AGN
2CXO J172443.1-341111,261.17986883195897,-34.18663948371027,353.17759258447734,0.9026902183318074,0.38850718301062,-0.088694565896315,0.46970643347908,1.2770073619639e-14,NIR,0.0037617481203007525,stellar
2CXO J122945.3+080016,187.43896552301703,8.004615450459498,286.9021172435981,70.198648091144,0.1211742660837,0.19362898188632,-0.076202373516552,7.8305479547268e-15,Gl?,0.1601627570472302,stellar
2CXO J053715.2-691316,84.31340615606155,-69.22124621604584,279.6234751827985,-31.78609285882412,0.99937539038101,0.6633354153654,0.99937539038101,5.8435275343712e-14,X,0.634619219503202,AGN
2CXO J132604.2-424701,201.51765760045123,-42.7838379428822,309.66849498526915,19.63444698452432,-0.86945658963148,-0.51342910680824,-0.63960024984385,1.0251292172209999e-13,X,0.0035554934714393184,stellar
2CXO J235806.7-323757,359.5279830681636,-32.63241368944375,4.242767463418037,-77.21100213756654,-0.13366645846346,0.094940662086196,-0.22485946283573,1.3680082470348999e-13,X,0.9072581511988288,AGN
2CXO J084307.1-790452,130.77988657545922,-79.08121271787117,292.5585987115454,-21.641177100353776,-0.7632729544035,-0.2998126171143,-0.60087445346658,1.3069287467682e-12,Or*,0.10235334915085488,stellar
2CXO J132954.1+471137,202.47574975286727,47.19365765040693,104.83931676970904,68.56045808977962,0.23360399750156,0.22985633978763,0.0037476577139288,2.2333889576714998e-14,Cl*,0.5509484099440892,AGN
2CXO J172445.3-341218,261.18879160514257,-34.205253639290184,353.1663417476997,0.8861250814320699,-0.057464084946908,0.77326670830731,-0.80699562773267,1.6854886306068e-15,Y*?,0.0016701439599415815,stellar
2CXO J133700.8-295156,204.25369838017025,-29.865550104223505,314.58349757567555,31.97292998979466,0.17738913179263,0.27857589006871,-0.10743285446596,9.6250035311437e-14,SR?,0.48531308770712095,stellar
2CXO J044815.6-203138,72.065208622846,-20.52739445232194,219.5584447715939,-35.915956138600386,-0.14865708931918,0.1211742660837,-0.26483447845097,4.0483758543524e-13,blu,0.9841548584635913,AGN
2CXO J004733.3-251722,11.889193708054506,-25.289564164386416,97.38088551573534,-87.9656747172152,0.052467207995003,0.21236727045596,-0.16239850093691,2.2394938236742e-13,X,0.8644775982624708,AGN
2CXO J132957.4+471612,202.48952600070567,47.27000144347288,104.9007074161195,68.48690058413759,0.19612742036227,0.17239225484072,0.023735165521549,5.4018935714295e-14,X,0.5424621577719827,AGN
2CXO J053531.2-051931,83.88004975075529,-5.325520547415406,208.97942898920013,-19.300456828986583,-0.2998126171143,-0.18113678950656,-0.12492192379763,8.348455474040201e-15,Or*,0.06657927477084519,stellar
2CXO J125050.3+410712,192.70974793963387,41.11997894627661,123.39843482656649,76.0077309627374,-0.11118051217989,0.16989381636477,-0.27482823235478,1.681086802776e-13,X,0.9853541133970544,AGN
2CXO J053517.4-052105,83.8229288724425,-5.351711246778655,208.9769038328824,-19.3630253878821,0.95190505933791,0.4946908182386,0.86071205496565,7.4256290387251e-15,Y*?,0.024891820094475204,stellar
2CXO J033851.8-353546,54.71610825062521,-35.596151745962885,236.9582020588942,-53.55489173521015,-0.58213616489694,0.99937539038101,-0.99937539038101,2.0091559847029e-15,Gl?,0.49952499037647835,stellar
2CXO J174825.9-265835,267.1082962297112,-26.976437845729677,1.997839700698537,0.4849491203027378,-0.82698313554029,-0.473454091193,-0.57838850718301,6.0752238001249e-14,Y*?,0.0035520016379458176,stellar
2CXO J053510.8-052800,83.79541529676175,-5.466915846700961,209.0727064012692,-19.439556434555385,-0.84697064334791,-0.44097439100562,-0.64709556527171,1.2715368527639999e-14,Or*,0.0,stellar
2CXO J053851.8-690908,84.71575720291037,-69.15239455074843,279.5233723853014,-31.65219552436052,0.90943160524672,0.55340412242349,0.66958151155528,9.5637062493583e-15,X,0.5369228695886367,AGN
2CXO J172442.2-341230,261.175868321355,-34.20854212421303,353.1576142987402,0.8931173299081913,0.40474703310431,-0.042473454091193,0.46346033728919,1.1883278009602e-15,NIR,0.011255864873318738,stellar
2CXO J233614.1+020917,354.0588276548591,2.154741485967957,88.21547783599831,-55.564499600750224,0.15365396627108,0.20487195502811,-0.052467207995003,2.3331870676618e-13,GrG,0.8024658643594621,AGN
2CXO J140321.5+541945,210.8397557554496,54.32936081536415,101.97975716503228,59.77580341670263,-0.014990630855715,0.038725796377264,-0.053716427232979,6.1428818400157e-14,ClG,0.7704039486720611,AGN
2CXO J095552.7+694045,148.9696128605671,69.67938052756692,141.40950370558002,40.56747549692768,0.10743285446596,0.21486570893192,-0.10993129294191,1.2853205413338e-13,Rad,0.6541848439413849,AGN
2CXO J125341.2-393159,193.4219228970645,-39.53315795645027,303.4043605021018,23.336525884454502,0.52217364147408,0.5471580262336,-0.034978138663335,2.4045907171886996e-12,ClG,0.7250343086889495,AGN
2CXO J122608.0-000601,186.53370585147516,-0.1003556989037242,289.31266661032225,62.1004546164528,-0.088694565896315,0.11367895065584,-0.20112429731418,3.9677519586561e-13,LeI,0.9676853350289407,AGN
2CXO J043814.8-121715,69.56203270117658,-12.28779643069814,209.06624690095472,-35.06049058425748,-0.14366021236727,0.02998126171143,-0.17239225484072,6.8022209462835e-14,LeQ,0.858497911675656,AGN
2CXO J132526.1-430132,201.3589509736463,-43.02569516643177,309.5102373627514,19.411376109198645,0.10868207370393,-0.1948782011243,0.29606495940037,9.1054618013436e-14,X,0.014361662668988544,stellar
2CXO J134404.1-271411,206.0174479254166,-27.23652958988421,317.0939995984528,34.183675313230104,-0.067457838850718,0.11367895065584,-0.17988757026858,2.6986200662708997e-13,X,0.9937667519713227,AGN
2CXO J175054.1-294327,267.72569736053345,-29.724378561930227,359.91931080357926,-1.39299562751374,0.92067457838851,0.9419113054341,-0.25608994378513,5.7218015578691e-14,X,0.013403844979298416,stellar
2CXO J195302.4-520501,298.2600580562239,-52.083694514933896,346.2765472207984,-30.32932798676573,-0.56589631480325,-0.24984384759525,-0.368519675203,2.3789926549478e-13,Rad,0.6539725612628257,AGN
2CXO J052802.0-393444,82.0085533094067,-39.57910550555876,244.4651444898024,-32.32247786878225,0.40974391005621,0.25858838226109,0.1686445971268,1.296543652626e-12,X,0.9231804814319686,AGN
2CXO J034434.8+320633,56.1453392212174,32.10931442660912,160.52882062649147,-17.841701479298546,-0.54091193004372,-0.27982510930668,-0.30730793254216,6.4777106964507e-14,Or*,0.011986687013985597,stellar
2CXO J101812.9-585930,154.553703575108,-58.99184290710435,284.3004375996571,-1.7787676754119772,0.9419113054341,0.55590256089944,0.80824484697064,4.1353798842251997e-13,X,0.13850762647913048,stellar
2CXO J053519.8-051507,83.83278809798873,-5.252271301794644,208.88764974207385,-19.30925031723805,0.9631480324797,0.81698938163648,0.63460337289194,2.8672023106173e-14,IR,0.05220334225245246,stellar
2CXO J053515.8-052245,83.8159937980459,-5.379405114062048,208.9997715624194,-19.381713077831783,-0.56589631480325,-0.29856339787633,-0.3210493441599,8.444618624877e-15,Or*,0.01169189975346033,stellar
2CXO J195857.8+404856,299.7414537150962,40.81562652699857,76.21026897287823,5.87977039388048,0.38975640224859,0.31230480949407,0.087445346658338,4.3610767460529e-14,X,0.27950712105143116,stellar
2CXO J162718.1-242852,246.8256270435488,-24.481401722055136,353.143534330412,16.709503031068483,0.99063085571518,0.92816989381636,0.76577139287945,3.3838797118886996e-13,Rad,0.12971998455758993,stellar
2CXO J174533.5-290225,266.3897295814536,-29.04044559514628,359.90405190913395,-0.0429405509782399,0.87570268582136,0.99937539038101,-0.99937539038101,1.2764791331028001e-15,X,0.0009235478366945722,stellar
2CXO J125347.0+032630,193.44585865920703,3.441794034807641,304.38867361691814,66.30690709058848,-0.096189881324172,0.17114303560275,-0.26358525921299,1.4975805013798e-12,GrG,0.9941849378968013,AGN
2CXO J033341.8-360731,53.42431269575968,-36.12534796375838,237.92849708962063,-54.58052259839629,0.83198001249219,0.49219237976265,0.57464084946908,2.1003792796190998e-13,X,0.9896063980972188,AGN
2CXO J132528.7-425948,201.3697411914868,-42.99671749020831,309.5228102132901,19.43896896973921,0.026233603997502,0.12367270455965,-0.097439100562149,3.2542110009104e-14,X,0.24898089113070332,stellar
2CXO J172819.7-141555,262.08240658401246,-14.265419746707536,10.392221020919942,11.163661397882738,-0.11242973141786,0.031230480949407,-0.14241099312929,4.6112643500006e-12,Rad,0.7387198608512534,AGN
2CXO J174538.9-290023,266.41235406321493,-29.00647075886121,359.94335842532706,-0.0421231963813792,0.69206745783885,0.92317301686446,-0.6208619612742,1.0275384741975e-15,IR,0.002507832080200502,stellar
2CXO J123740.3+114727,189.4180393534348,11.791022667476025,290.3694040025049,74.32605084477761,-0.056214865708932,0.10993129294191,-0.16489693941287,2.8407019520855e-13,ULX,0.9364670766782658,AGN
2CXO J141312.5-652052,213.3020768201186,-65.34793822876352,311.3274870048918,-3.8177328592200808,0.87695190505934,0.48219862585884,0.68332292317302,9.615551985332e-14,X,0.02984554508840841,stellar
2CXO J174539.0-290022,266.4126981470356,-29.00620944907254,359.9437382460088,-0.0422439208825908,0.69706433479076,0.83447845096814,-0.31855090568395,4.1693203156762003e-16,IR,0.0,stellar
2CXO J164041.0-485112,250.17079206387652,-48.85340024289918,336.57224711467387,-1.5529420637351816,-0.27108057464085,-0.11492816989382,-0.15990006246096,1.8339967093355e-13,Or*,0.0043857645168598695,stellar
2CXO J053531.7-052120,83.88230952464926,-5.355750622487106,209.00907203232236,-19.31212987803135,0.97813866333542,0.77951280449719,0.83073079325422,2.8765096504686e-14,Or*,0.03013932805960287,stellar
2CXO J053514.2-052424,83.80949856955726,-5.406884314041329,209.0226518927922,-19.399909752411173,-0.65833853841349,-0.38101186758276,-0.368519675203,1.0088798825252999e-14,Or*,0.0,stellar
2CXO J165425.9-414955,253.6082066464014,-41.83215448459348,343.49005838209297,1.1410837023405418,-0.90193628981886,-0.63460337289194,-0.62460961898813,9.2245596114164e-14,SB*,0.001253916040100251,stellar
2CXO J170206.5-295644,255.5272093317094,-29.94563496730279,353.82707578610643,7.265507833324159,-0.85071830106184,-0.74828232354778,-0.26983135540287,2.2752809759745e-15,Pl,0.04460216917888932,stellar
2CXO J053451.7-053924,83.71563116531519,-5.656735360522613,209.2143540440635,-19.596121844901425,-0.80449718925671,-0.49968769519051,-0.50843222985634,5.3882360124199e-14,Or*,0.0038804340001365417,stellar
2CXO J121656.9+374335,184.23733103688917,37.72658561362284,155.17263170017222,77.15763551930722,-0.87195502810743,-0.57838850718301,-0.59212991880075,1.9089111576518e-13,X,0.1827174978106199,stellar
2CXO J172444.5-341235,261.1857473631688,-34.210050288027894,353.1609586821719,0.8855121339499398,0.99937539038101,0.4946908182386,0.43597751405372,3.4816329644193e-15,NIR,0.008607438557690262,stellar
2CXO J173930.0-294210,264.8753367606505,-29.70305028400993,358.64571365316965,0.7299282159702049,0.94690818238601,0.73579013116802,0.69081823860087,2.4120211058578e-11,LP?,0.148547898833438,stellar
2CXO J174805.0-244641,267.0209879487968,-24.77814458740751,3.8406247614149134,1.686677057158057,0.97314178638351,0.73329169269207,0.83198001249219,4.2745230915111e-14,X,0.005847249776542286,stellar
2CXO J024238.8-000055,40.66203225916763,-0.0153040619020068,172.09680292551474,-51.94038784683272,0.81698938163648,0.56464709556527,0.4684572142411,4.4379808876569e-13,X,0.92824636790124,AGN
2CXO J133701.6-294742,204.25679069005676,-29.79522609355844,314.60378988496984,32.041169008569724,0.28232354778264,0.21986258588382,0.066208619612742,3.9617163295594e-14,X,0.414886934928839,stellar
2CXO J053518.3-053142,83.82629839256384,-5.5284269505936745,209.14562751880592,-19.439923658687867,0.99937539038101,0.66208619612742,0.99937539038101,1.0800240929457e-14,PoC,0.023884513523688238,stellar
2CXO J170208.9-300311,255.5372876285305,-30.05324546513661,353.7459366463943,7.193557135264608,0.0087445346658337,0.057464084946908,-0.049968769519051,1.3981123874347e-13,X,0.21741174940639785,stellar
2CXO J174541.1-290113,266.4215491012071,-29.020497889137925,359.9355739420732,-0.0562943548407712,0.90068707058089,0.85321673953779,0.15740162398501,2.5332642205091e-15,X,0.011855013225976919,stellar
2CXO J172441.2-341138,261.1717992113406,-34.19408941062766,353.1676778402811,0.9040240747731014,0.51342910680824,0.25109306683323,0.29606495940037,8.5675937020679e-14,IR,0.001253916040100251,stellar
2CXO J053520.8-052129,83.8368347589199,-5.35834913514009,208.98981828384237,-19.35368229527248,-0.66458463460337,-0.45971267957527,-0.2948157401624,8.9302703322077e-15,Or*,0.006677976040142083,stellar
2CXO J053531.9-051619,83.88334348928544,-5.272180231296656,208.9306128120651,-19.273384562873016,0.34603372891943,0.23610243597751,0.11617738913179,1.2787932947759e-14,Or*,0.15240880640933674,stellar
2CXO J111507.5-611654,168.78156140986914,-61.28188643964461,291.62627712158144,-0.5422303488620028,0.52966895690194,0.0074953154278576,0.52342286071205,2.8562025791162e-14,IR,0.02647743584668286,stellar
2CXO J174541.9-285955,266.4247472714005,-28.998706465486865,359.9556324319364,-0.0473307486524296,0.99937539038101,0.93316677076827,0.71830106183635,1.2047638694863e-15,X,0.04262000991261936,stellar
2CXO J053816.3-690512,84.56790813852211,-69.08686278953748,279.4539617634592,-31.71204870653389,0.37101811367895,0.29231730168645,0.086196127420362,9.5571162864918e-15,X,0.36437760070014186,stellar
2CXO J053528.3-051822,83.86816796666773,-5.306343754617548,208.95563684620925,-19.302326002141257,-0.99937539038101,-0.99937539038101,-0.7682698313554,4.7243088032494e-15,Or*,0.0012499329892233257,stellar
2CXO J053456.9-052206,83.73723411761142,-5.368459721584737,208.9518045996169,-19.446688924497646,0.012492192379763,-0.053716427232979,0.066208619612742,1.9891239719906998e-14,Or*,0.026138872791855023,stellar
2CXO J172441.1-341143,261.1716469072811,-34.195400063058955,353.166522861964,0.9033915903346494,0.36727045596502,0.43222985633979,-0.1211742660837,2.2732913668204e-15,IR,0.025492203524578972,stellar
2CXO J053510.9-052224,83.79576431477358,-5.37354327721137,208.98456993241385,-19.397022557225128,-0.12991880074953,-0.099937539038101,-0.02998126171143,7.8658436938341e-15,Y*?,0.03654307869569723,stellar
2CXO J151558.6+561810,228.99439493055505,56.30291030604923,91.53973216720284,51.091692135422,-0.6208619612742,0.25484072454716,-0.75577763897564,2.7346618504638e-15,ULX,0.5853463015709026,AGN
2CXO J123558.5+275742,188.9939878231785,27.961696842459915,198.3752813239816,86.47297753165698,0.032479700187383,0.092442223610244,-0.059962523422861,8.384108013027999e-13,UX?,0.8789759620154431,AGN
2CXO J123049.1+122604,187.7048123070133,12.434563714214011,283.7251478870992,74.53227524631266,-0.44097439100562,-0.10993129294191,-0.3472829481574,2.3975657540093e-14,ULX,0.8137557855361898,AGN
2CXO J180317.2-300331,270.821736717646,-30.05887668930002,0.9730499986702044,-3.8846526894154407,0.2473454091193,0.19237976264834,0.058713304184884,2.0005702307349e-13,X,0.08238848203999544,stellar
2CXO J031713.8-411034,49.30765639284425,-41.17624457761352,247.6522585161834,-57.04098081148098,-0.13991255465334,-0.0024984384759525,-0.13741411617739,2.1642091759215e-13,UX?,0.9237293828717479,AGN
2CXO J174541.7-290103,266.4237852578666,-29.01775672442044,359.93893243157305,-0.0565356613336143,-0.36976889444097,0.19113054341037,-0.45596502186134,0.0,X,0.01539774834464266,stellar
2CXO J123050.7+122502,187.71162936223695,12.417223698553526,283.7684166230676,74.51772489846523,-0.013741411617739,0.073703935040599,-0.087445346658339,4.7110675233489e-14,X,0.7257546016201992,AGN
2CXO J174539.3-290124,266.4141653973787,-29.023373337898175,359.9297560121582,-0.0522809872567408,-0.99937539038101,-0.61711430356027,-0.37976264834478,0.0,rB,0.002590103253413411,stellar
2CXO J034421.5+321017,56.08983137870206,32.17148502770585,160.4490696426872,-17.824078925672588,-0.21361648969394,-0.10493441599001,-0.11118051217989,6.3709486909087e-14,Or*,0.10310493761873823,stellar
2CXO J120237.0+554120,180.65433022550087,55.6889569688984,136.76688353671332,60.10861664295156,-0.35477826358526,-0.12742036227358,-0.23735165521549,4.883112303811499e-13,ClG,0.9504697234496831,AGN
2CXO J053513.0-052214,83.80435621512771,-5.370868172062576,208.98614382629285,-19.38818367655674,-0.51342910680824,-0.27482823235478,-0.27607745159275,1.146822358846e-14,Or*,0.007090733936817793,stellar
2CXO J034355.5+320931,55.98126459607317,32.158835909618645,160.3833644752848,-17.892599788899428,-0.45721424109931,-0.25109306683323,-0.23110555902561,1.1244171804672999e-13,Or*,0.0075635907626046784,stellar
2CXO J195354.5+442450,298.47741126413257,44.41407076460274,78.8581245809884,8.509072677961923,-0.87320424734541,-0.34478450968145,-0.75452841973766,2.5671227122705997e-13,Er*,0.009442610981359815,stellar
2CXO J174532.7-290202,266.3863344484005,-29.03415779591896,359.907871346986,-0.0371302507322753,0.84697064334791,0.79575265459088,0.026233603997502,1.1603406254868e-15,X,0.00980940951153957,stellar
2CXO J125847.9+280448,194.69982966122984,28.079726805828265,63.61589318593788,88.11191362457569,-0.2261086820737,-0.052467207995003,-0.17613991255465,2.2527713518656e-14,X,0.8156944607648957,AGN
2CXO J054148.2-015602,85.45093840641954,-1.9338912766841203,206.5709813023687,-16.35007496479192,0.98563397876327,0.8632104934416,0.81948782011243,4.2824922428347996e-13,X,0.0605015898573152,stellar
2CXO J033830.7-352703,54.62800667837115,-35.4508842525097,236.7164310422812,-53.63007634659111,0.99937539038101,-0.057464084946908,0.99937539038101,,GlC,0.3820939619312042,stellar
2CXO J133731.0-294234,204.37923750349037,-29.709533520874384,314.7475804868116,32.10279512487233,0.11742660836977,0.20112429731418,-0.086196127420362,7.0841934392891e-14,X,0.3707330283502798,stellar
2CXO J132531.5-430002,201.38161542693547,-43.00079444596016,309.53132484732123,19.433718271475385,0.096189881324172,0.20362273579013,-0.11118051217989,5.0906893178919e-14,GlC,0.1917571009746987,stellar
2CXO J174539.6-290124,266.4151310196638,-29.023506140131364,359.93008253237366,-0.0530709024739155,0.5896314803248,0.99937539038101,-0.99937539038101,1.7308552842474e-16,rB,8.67299399770309e-05,stellar
2CXO J171411.5-293159,258.5480630017309,-29.533109330633,355.72369515653924,5.395574906867672,-0.71080574640849,-0.40849469081824,-0.42473454091193,1.3500560763961e-13,LX?,0.019838324608525183,stellar
2CXO J123050.8+122348,187.71195572893373,12.396936994922813,283.7922616527768,74.49846127948663,-0.32479700187383,-0.27857589006871,-0.0049968769519051,1.2114662352045e-15,GlC,0.14123202690271996,stellar
2CXO J093206.4+082644,143.02674278657463,8.445636379141899,224.89925095688892,39.40564408750331,-0.2473454091193,0.052467207995003,-0.29606495940037,1.5383297724999e-13,SN*,0.9968818576780042,AGN
2CXO J053526.1-052256,83.85900467342384,-5.382499113708159,209.02322837775128,-19.344923087199778,0.22735790131168,-0.032479700187383,0.25733916302311,8.776963872523901e-15,Or*,0.03799390869476858,stellar
2CXO J174534.9-290751,266.3955836432408,-29.131108894736187,359.8293380311109,-0.094553053079869,0.99937539038101,0.92192379762648,0.99937539038101,6.1691046503519005e-15,X,0.0,stellar
2CXO J162649.2-242003,246.7051241227565,-24.334250181216596,353.1833455355971,16.889064751202707,0.841973766396,0.38975640224859,0.67332916926921,2.4293754423265e-13,Or*,0.02294516482715482,stellar
2CXO J174539.3-290119,266.41375711641444,-29.02200062365766,359.9307417412461,-0.0512611142074997,0.92567145534041,0.99937539038101,-0.99937539038101,1.8452760778415e-15,X,8.67299399770309e-05,stellar
2CXO J095501.0+690726,148.75436850959744,69.12406584928998,142.06457380067036,40.82718309894365,0.44472204871955,0.36352279825109,0.092442223610244,6.5987428320038e-14,s?b,0.5932009349812879,AGN
2CXO J053537.5-052716,83.90655674845038,-5.454553129999199,209.1140244436908,-19.3352763589027,-0.88319800124922,-0.52841973766396,-0.66208619612742,7.6753904254543e-15,Or*,0.007239429699674564,stellar
2CXO J033808.7-353419,54.536554748882565,-35.57200724778149,236.92390989070785,-53.70149474569676,-0.84322298563398,-0.40349781386633,-0.66708307307933,1.1173124446385999e-13,X,0.04992487616464235,stellar
2CXO J174541.9-290032,266.4247502689116,-29.00916713087265,359.9467042996942,-0.0527818075176389,0.99937539038101,0.99937539038101,-0.99937539038101,4.1243099861213005e-15,IR,0.0037246330792504523,stellar
2CXO J060732.2-061215,91.88440458561844,-6.204240712776815,213.51199055243524,-12.575431282386855,0.23860087445347,0.12242348532167,0.11992504684572,1.8305720657232999e-13,X,0.2139797185122218,stellar
2CXO J172443.5-341237,261.1815676606848,-34.210595691482446,353.1585647832151,0.8880647144131373,0.99937539038101,-0.41099312929419,0.99937539038101,2.9307975407777e-15,IR,0.0,stellar
2CXO J191051.5-595901,287.7149174161341,-59.98381663462592,336.49349812093624,-25.62713281903152,0.016239850093691,0.013741411617739,0.0024984384759525,5.2576926403572e-14,CV?,0.5940274472312694,AGN
2CXO J163349.3+563636,248.45539257434177,56.61039474060491,85.87447845695351,41.106798976796,-0.18363522798251,0.072454715802623,-0.25234228607121,3.1982470782528e-13,X,0.9975,AGN
2CXO J172441.4-341218,261.1725333250861,-34.20531743113802,353.1587314017748,0.8972109905623118,0.99937539038101,-0.092442223610244,0.99937539038101,2.2018065970836e-15,IR,0.0037617481203007525,stellar
2CXO J053521.4-051710,83.83940499391855,-5.286301422041395,208.92296107660283,-19.318788304115607,0.99937539038101,0.72454715802623,0.99937539038101,,NIR,0.008962495946278655,stellar
2CXO J053508.3-052829,83.78497877875952,-5.474859181069662,209.07524125639583,-19.452413887037658,0.89943785134291,0.81823860087445,0.26233603997502,9.1172629057053e-15,Or*,0.14665792611704367,stellar
2CXO J134442.0+555312,206.1753436199369,55.88690450770855,108.10610318868564,59.68177879048819,0.2735790131168,0.43098063710181,-0.18113678950656,2.07213931365e-13,C?G,0.9310418752250724,AGN
2CXO J033852.4-353549,54.71872381410179,-35.59699457656908,236.95952959255817,-53.552744244988,0.63960024984385,0.53216739537789,-0.31855090568395,1.910541388883e-15,Gl?,0.6887583125198453,AGN
2CXO J064059.5+093510,100.24810227944124,9.586341214119985,203.21344764219015,2.0604489567111264,-0.13741411617739,-0.10743285446596,-0.02998126171143,8.1761847097464e-14,Or*,0.0005025109855618331,stellar
2CXO J053501.2-052016,83.75541658416864,-5.338047844636422,208.93173583370043,-19.41678194091145,-0.82448469706433,-0.4422236102436,-0.59837601499063,1.4075112980778e-14,Or*,0.0,stellar
2CXO J053524.6-052242,83.85275254870942,-5.378503952313076,209.0164679123473,-19.348667253407825,0.32729544034978,-0.0012492192379763,0.32729544034978,1.1149017918324e-14,Or*,0.03484485305733294,stellar
2CXO J123050.0+122330,187.70862353255188,12.391708233511148,283.7864877562571,74.49249892108134,-0.40724547158026,0.036227357901312,-0.43847595252967,7.7195413839794e-15,GlC,0.3200558036938802,stellar
2CXO J050749.5+302404,76.95648249525055,30.40129920147878,174.20428950324148,-6.002986770281547,0.45346658338538,0.71205496564647,-0.44097439100562,8.4798565473362e-14,Or*,0.28824332745958636,stellar
2CXO J104352.1-593348,160.96733785706635,-59.56348704942357,287.40724826460445,-0.5930759545750331,-0.33104309806371,0.1474078700812,-0.45346658338538,3.9621511752907005e-15,Y*?,0.005595755907941457,stellar
2CXO J141312.1-652007,213.30064286279423,-65.33531187462883,311.3308593869769,-3.805548441797931,0.9419113054341,0.59837601499063,0.78575890068707,1.3695700461641e-13,X,0.02489170104985951,stellar
2CXO J180416.3-242438,271.0683440452773,-24.410835967341534,6.009889960668823,-1.3088003900791036,0.0087445346658337,0.037476577139288,-0.02998126171143,9.7127969936165e-14,Or*,0.011102323061476653,stellar
2CXO J060729.8-614827,91.8742934124989,-61.8075564085514,270.9719639759569,-28.816731657262316,0.99937539038101,0.99437851342911,-0.037476577139288,7.229625706901899e-13,GrG,0.8132208867518658,AGN
2CXO J160103.1-513353,240.2631317642412,-51.56493284411834,330.1689872668548,0.9896263199707542,0.91817613991255,0.36727045596502,0.82948157401624,1.3265041537506e-13,X,0.0037224373302076705,stellar
2CXO J004234.9+405720,10.645572616401637,40.95580843505903,121.13025131318544,-21.88495807775328,-0.023735165521549,0.14615865084322,-0.16989381636477,2.1258028682881998e-13,XB?,0.7540160208500052,AGN
2CXO J174542.5-290049,266.4272123207604,-29.013654230501107,359.9439954824364,-0.0569570093376401,0.8632104934416,0.99937539038101,-0.99937539038101,2.3404856705242e-15,X,8.67299399770309e-05,stellar
2CXO J004248.7+411624,10.702928896322987,41.273441331013466,121.18922777194965,-21.569115792932763,-0.18613366645846,0.056214865708932,-0.24109931292942,3.5964818679186e-14,X,0.927231174700418,AGN
2CXO J053520.3-052617,83.83482880378443,-5.438186982294019,209.0643399805093,-19.391572229377537,-0.81199250468457,-0.55965021861337,-0.45846346033729,3.2675192056504e-15,Or*,0.0016701439599415815,stellar
2CXO J172442.5-341112,261.1771934373062,-34.18701098449991,353.17604131675193,0.904311960399096,0.37851342910681,0.18863210493442,0.19362898188632,4.9587810539473e-15,IR,0.00844541369924192,stellar
2CXO J182029.8-161040,275.12436200549587,-16.17806688878896,15.057258990389302,-0.6878334194078175,0.9156777014366,0.49094316052467,0.7682698313554,6.5442073589945e-14,X,0.012153869481243225,stellar
2CXO J043019.1+351745,67.57979916949421,35.29597662381003,165.3509049607862,-8.97894180554549,0.042473454091193,0.0037476577139288,0.039975015615241,3.8085860674055997e-13,Or*,0.46831418008298475,stellar
2CXO J124824.4-054558,192.10195138807887,-5.766136417803616,301.544353666889,57.09744728955518,0.69831355402873,0.35602748282324,0.45596502186134,1.3935808366439998e-13,X,0.886492397535542,AGN
2CXO J110158.4-605649,165.49370678284595,-60.94728894418176,290.032150857265,-0.8471244180291932,0.99188007495315,0.9106808244847,0.82198625858838,1.5366870833581e-13,X,0.02608234737395766,stellar
2CXO J041937.9+022436,64.90812908780276,2.410007756063791,190.97593724070828,-31.848656506005263,-0.85071830106184,-0.52592129918801,-0.58713304184884,6.8478234236429e-14,ClG,0.18806626428434403,stellar
2CXO J174535.7-290109,266.39894302494747,-29.019296394188093,359.92630058102844,-0.038795246463797,0.99937539038101,0.9843847595253,0.044971892567145,3.7152686506276e-15,smm,0.019020151978638152,stellar
2CXO J053512.7-052038,83.80327453788607,-5.344161489650871,208.960380349418,-19.37705907203373,-0.90318550905684,-0.60337289194254,-0.65708931917552,9.9382590015775e-15,HH,0.02147133334256522,stellar
2CXO J132601.5-473305,201.50663028618132,-47.55164255476183,308.9598004094325,14.914871111308567,0.34353529044347,0.2211118051218,0.13116801998751,9.180692122022999e-14,C*,0.30521244890135085,stellar
2CXO J225617.4+624011,344.0728226571591,62.66993373722197,110.14468455696154,2.6923959168335045,-0.3422860712055,-0.20487195502811,-0.1474078700812,4.0684225094427e-14,Or*,0.0018779324366593683,stellar
2CXO J111204.4-610543,168.01871046521228,-61.0952502464796,291.21571934242786,-0.504210747377764,-0.88569643972517,-0.60087445346658,-0.60961898813242,1.6295849269742e-13,SB*,0.015154761376233773,stellar
2CXO J135602.8+182218,209.0119676562325,18.371710719538807,5.823336476313807,72.74657807450389,-0.071205496564647,0.38226108682074,-0.43972517176765,2.8215313817775996e-13,Rad,0.9591461310918619,AGN
2CXO J174541.6-285952,266.4233971909356,-28.99798934122609,359.95562950331094,-0.0459492247385005,0.99937539038101,0.98688319800125,0.99937539038101,2.1962658306593e-14,X,0.009437182952557044,stellar
2CXO J024239.5-000028,40.66475338810977,-0.0078155897546018,172.0918876582388,-51.93301910707913,-0.35852592129919,-0.18613366645846,-0.18363522798251,1.6507212282757e-14,X,0.8802430626422008,AGN
2CXO J053510.4-052149,83.79358284258655,-5.363753349318411,208.97427231419,-19.394529844706472,0.99937539038101,0.85446595877577,0.99937539038101,2.4853275031315e-14,LM*,0.03594395804700344,stellar
2CXO J101618.7-333349,154.0779527422552,-33.5638259561692,269.42187099999313,19.026758031595463,-0.064959400374766,0.52841973766396,-0.57339163023111,3.5683214645776996e-13,SN*,0.5034287892746041,AGN
2CXO J033852.1-353553,54.717394666711016,-35.59807681159944,236.96139686753057,-53.55379720909335,0.59212991880075,0.28232354778264,0.018738288569644,2.4778325704545e-15,Gl?,0.7999000127882795,AGN
2CXO J025942.8-163542,44.92868328969399,-16.595178111427174,200.0763898767554,-58.539560275035136,-0.14241099312929,0.053716427232979,-0.19362898188632,7.0488644760709e-13,gLS,0.9991701439599416,AGN
2CXO J054611.5-000220,86.54826328491038,-0.0389936765635453,205.3670384348772,-14.493341103208706,0.71330418488445,0.15740162398501,0.62710805746408,1.7018654255659e-13,Y*?,0.027929392655415962,stellar
2CXO J172443.4-341240,261.18124314851525,-34.21112947058279,353.15797238274087,0.8879867088485408,0.60961898813242,0.6683322923173,-0.26608369768894,8.7373182447229e-15,IR,0.002090733936817792,stellar
2CXO J053521.8-052353,83.84086655782767,-5.398297945583475,209.0295060481693,-19.36817413389096,-0.091193004372267,-0.16614615865084,0.076202373516552,1.041176465454e-14,Or*,0.018037972933844435,stellar
2CXO J034623.7+235539,56.59905553000442,23.92774187808303,166.59800154999022,-23.75370523360531,-0.042473454091193,0.014990630855715,-0.057464084946908,1.8324148151988e-13,X,0.6011245459608117,AGN
2CXO J190150.6-365809,285.4611941282519,-36.96945123230708,359.91281496365343,-17.848482038727404,0.99937539038101,0.98313554028732,-0.62460961898813,1.0340721944777999e-13,Or*,0.18299528144906113,stellar
2CXO J041840.6+281915,64.66930173804985,28.32096562968237,168.83564396502138,-15.549402741939703,0.39600249843848,0.041224234853217,0.36102435977514,8.322671110176099e-13,Ae*,0.3802679490710497,stellar
2CXO J174513.1-285623,266.3049551580684,-28.93980961007953,359.95125660698284,0.0728087624520257,0.99937539038101,0.99937539038101,-0.99937539038101,4.872904500764e-14,X,0.005911001419643371,stellar
2CXO J141309.5-652021,213.28987281200452,-65.33942088234446,311.3252968643256,-3.808053500071276,0.76452217364147,0.39350405996252,0.53091817613991,9.4849850811526e-14,X,0.03183304389864167,stellar
2CXO J053508.2-052403,83.78432723944547,-5.400923035774721,209.004997746,-19.419563359949816,-0.43347907557776,-0.27857589006871,-0.17489069331668,6.5788063161735e-15,Or*,0.0,stellar
2CXO J053512.8-052043,83.8033933730332,-5.345426484367968,208.9616328793448,-19.377526063488087,-0.39850093691443,-0.20112429731418,-0.21361648969394,1.6590474490161e-14,IR,0.014181467873635585,stellar
2CXO J064011.1+093806,100.04672216204796,9.635110169258382,203.0792691435213,1.906112678713263,-0.69206745783885,-0.16114928169894,-0.59212991880075,2.1294373293305e-14,Or*,0.015295865556014874,stellar
2CXO J124842.9-411541,192.1791570999244,-41.26149658336728,302.38187473717915,21.607344633185424,-0.24484697064335,0.038725796377264,-0.27982510930668,4.469711940439e-14,X,0.8877767925185566,AGN
2CXO J005027.8-174009,12.615974803201766,-17.669275867946343,121.5203905055471,-80.53835386003233,-0.32354778263585,0.037476577139288,-0.35602748282324,2.2691949915716e-13,LeI,0.9952260524367431,AGN
2CXO J174804.5-244642,267.0190649104701,-24.778387116826806,3.8395155406015977,1.6880474662594325,0.99937539038101,0.93191755153029,0.99937539038101,1.1744191620927e-14,X,0.0016736357934350825,stellar
2CXO J053437.9-054109,83.65805680498954,-5.685833713391289,209.2144881749676,-19.66038018288794,-0.81823860087445,-0.42223610243598,-0.60462211118051,1.0497725506909999e-13,Or*,0.003340287919883163,stellar
2CXO J132958.6-313240,202.4943211940216,-31.54464890176875,312.4718352640128,30.61218357858636,-0.76202373516552,-0.35602748282324,-0.55715178013741,6.299521520718599e-13,SB*,0.02945628762229531,stellar
2CXO J041437.7+053444,63.65718692831626,5.578951623667263,187.1000088365174,-31.03302279197444,0.068707058088695,0.037476577139288,0.031230480949407,1.0151686193057999e-13,LeI,0.6332242946647885,AGN
2CXO J034438.4+320735,56.16024921582675,32.126574037719344,160.52737799281854,-17.820359570641497,-0.39100562148657,-0.21236727045597,-0.19362898188632,6.8501727643649e-14,Or*,0.009272091186063086,stellar
2CXO J174541.2-290210,266.4217432935184,-29.03629789688192,359.9221753017653,-0.0646696586709303,0.99937539038101,0.98813241723923,0.99937539038101,3.5185495521739e-14,X,0.030426872855031685,stellar
2CXO J043159.3-612747,67.99736274127696,-61.46305597932344,272.1235532628196,-40.06187825365996,-0.25858838226109,0.032479700187383,-0.28981886321049,6.57847485024e-13,X,0.9987539160401002,AGN
2CXO J053515.1-052217,83.81314578715427,-5.371490921856614,208.9909297528868,-19.38066133707435,0.99937539038101,0.99937539038101,0.841973766396,1.1676229424853e-14,BD*,0.050396307877216245,stellar
2CXO J004245.0+411523,10.687855874718764,41.25642193519223,121.1763905762552,-21.585714609355428,-0.31105559025609,-0.072454715802623,-0.24359775140537,1.0620789671456e-14,PN,0.7070169502739718,AGN
2CXO J203348.6-593641,308.4526966120791,-59.611614037947824,337.26089190990405,-36.00243372636769,0.97314178638351,0.79700187382886,0.78575890068707,5.0014139582635e-13,X,0.6801020954331733,AGN
2CXO J174540.1-290125,266.4172547565788,-29.02386060738508,359.93074738334616,-0.0548407060880582,0.99937539038101,0.99937539038101,-0.99937539038101,0.0,X,0.0022727167159770517,stellar
2CXO J053513.4-052107,83.80596740595763,-5.352025445546371,208.96910025770248,-19.37822705256824,0.52592129918801,0.021236727045596,0.50843222985634,5.0398985751311e-15,Or*,0.0073124461268538245,stellar
2CXO J174525.5-290028,266.3565897352711,-29.00803043264148,359.91660993824524,-0.0013141050098414,0.99562773266708,0.99562773266708,-0.17239225484072,3.372354749562e-14,X,0.008551068023243886,stellar
2CXO J042649.2+255611,66.70544798892615,25.936347835627853,171.933030984474,-15.827231884735038,-0.024984384759525,0.12742036227358,-0.15115552779513,1.6525947493515e-13,X,0.7917480139985372,AGN
2CXO J052222.2+333237,80.59273574001122,33.543815040919306,173.43321635094273,-1.6679281029531767,0.76202373516552,0.43972517176765,0.48469706433479,5.3037105381322e-14,Y*?,0.011264369730252875,stellar
2CXO J130521.1-492740,196.33817288309024,-49.46138480994336,305.2549194994037,13.34759062153912,0.35103060587133,0.27607745159275,0.08369768894441,7.4700196635306e-14,X,0.5551463527378795,AGN
2CXO J193121.4-723921,292.83933391596383,-72.65597045631391,322.50020982960103,-28.76579183358593,0.40724547158026,0.30980637101811,0.11118051217989,1.9069919977193e-13,Rad,0.898968403959612,AGN
2CXO J151339.8-590248,228.41598646026125,-59.04680660048427,320.338015584306,-1.0682582962566616,-0.92816989381636,-0.89319175515303,-0.19862585883823,9.2973628962572e-14,X,0.004702922285530413,stellar
2CXO J141310.0-652029,213.2918916701052,-65.34158929547341,311.3254224076722,-3.810376391081746,0.95190505933791,0.62460961898813,0.80699562773267,1.052838229429e-13,X,0.03181864787081832,stellar
2CXO J052552.5-694455,81.4689949432053,-69.74886703223258,280.41434041636626,-32.693985859642034,-0.35227982510931,0.091193004372267,-0.42973141786384,9.2529204639344e-14,X,0.9226693914086276,AGN
2CXO J053515.9-052220,83.8164177333096,-5.37251518814333,208.99346038907757,-19.378219630313826,0.011242973141786,-0.013741411617739,0.024984384759525,9.760794461721501e-15,Rad,0.050005158765482866,stellar
2CXO J173418.4-255759,263.5770832478605,-25.96646768948848,1.1861391791682927,3.7025574606044622,0.74578388507183,0.51342910680824,0.35727670206121,5.2584354685132e-14,X,0.023794837057584072,stellar
2CXO J141155.2+341510,212.98026149486805,34.25279859404204,60.27507610896611,71.33089427793928,-0.032479700187383,0.14865708931918,-0.18113678950656,1.7997894152000998e-13,C?G,0.9406104393713806,AGN
2CXO J174534.7-290240,266.3946947130264,-29.044754694015467,359.90263625619315,-0.0488909208027933,0.99937539038101,0.99937539038101,-0.38975640224859,7.019593661055801e-16,X,0.0,stellar
2CXO J092455.8+021925,141.23252985282647,2.3236993913847237,230.4160500420452,34.78646740692239,-0.35977514053716,-0.031230480949407,-0.33104309806371,9.8191072297908e-14,LeI,0.9783891732510184,AGN
2CXO J172442.0-341118,261.175038366404,-34.188498416573694,353.17380883939467,0.9049504551259856,0.99937539038101,0.32979387882573,0.99937539038101,1.0744323232149999e-14,IR,0.002510453690152624,stellar
2CXO J182933.0+011716,277.38772734816325,1.2878426253931905,31.581138120182167,5.456596130235246,-0.062460961898813,-0.14116177389132,0.079950031230481,1.3826207888505998e-13,Or*,0.03485657508761605,stellar
2CXO J053530.7-052146,83.87812685473995,-5.36295782562978,209.0138863811569,-19.319104390497703,0.32979387882573,-0.0012492192379763,0.32979387882573,1.4135542086436999e-14,LM*,0.03714098982196002,stellar
2CXO J221641.5-173253,334.1732650918284,-17.54817155338694,39.728664797303,-53.11684327722294,-0.32229856339788,0.032479700187383,-0.35103060587133,1.5781425650558e-13,UV,0.9991701439599416,AGN
2CXO J053518.3-052404,83.8263933128427,-5.401354526631079,209.02548779645247,-19.38240765681693,-0.79200499687695,-0.37226733291693,-0.59337913803873,1.5350642245776e-14,Or*,0.0031357737181044866,stellar
2CXO J164505.0+573741,251.27107650462665,57.62810741215961,86.75973224813491,39.39940145585908,0.043722673329169,0.17114303560275,-0.13116801998751,3.5562683423763e-14,X,0.7062247492367968,AGN
2CXO J201225.5-564951,303.1066558246504,-56.830794566913866,340.862904714922,-33.38042368534863,-0.018738288569644,0.18988132417239,-0.20737039350406,8.158730255132e-14,G?,0.6755625962236281,AGN
2CXO J063415.2+175100,98.56347938889576,17.8501188261836,195.10081153283485,4.376664317733044,0.14615865084322,0.11492816989382,0.031230480949407,8.0671235986174e-14,X,0.10108042746680879,stellar
2CXO J043814.8-121713,69.56187658482526,-12.287190801337712,209.0654967477033,-35.0603764969109,-0.26608369768894,0.064959400374766,-0.32479700187383,5.850391708691e-14,LeQ,0.8405058271977256,AGN
2CXO J100517.2-074352,151.32193299605552,-7.731238891499401,247.80555698428336,36.78240349294385,-0.0024984384759525,,,1.1940282709866e-14,Gl?,0.25351221454852485,stellar
2CXO J130540.7-492603,196.41985791338857,-49.434242647358985,305.3109837664064,13.371707741070802,0.87820112429731,0.48094940662086,0.68707058088695,7.6987351670125e-14,X,0.06184756296780392,stellar
2CXO J004718.4-251914,11.827173089444443,-25.32072604985023,95.5748101811564,-87.96909101143572,0.072454715802623,0.27232979387883,-0.20487195502811,1.1208398170449e-13,X,0.8498850015715813,AGN
2CXO J223125.0+391914,337.8542621135591,39.32056324050334,95.44263906760716,-15.96304282326323,-0.34853216739538,-0.13616489693941,-0.22236102435978,7.1863275624166e-14,X,0.30127382356203347,stellar
2CXO J123049.9+122400,187.70817565336085,12.40011256703578,283.77552698250776,74.50038818441679,-0.0099937539038102,0.19362898188632,-0.20362273579013,1.3263647191089999e-14,X,0.2798026104523805,stellar
2CXO J112830.9+583340,172.1290639197175,58.5613449116652,141.90869076882706,55.40595521703092,0.34103685196752,0.26108682073704,0.087445346658338,1.7637242944791e-13,Rad,0.9561771721993864,AGN
2CXO J053513.6-052846,83.80697157890444,-5.479591766192812,209.0902105161628,-19.43502350879222,-0.420986883198,-0.34353529044347,-0.084946908182386,4.8249715065435e-15,Or*,0.002507832080200502,stellar
2CXO J132506.3-430221,201.2762274985984,-43.03918621615822,309.4447610361532,19.406408162162972,-0.33479075577764,-0.06371018113679,-0.27732667083073,8.6690347493142e-14,X,0.10704542088360439,stellar
2CXO J125906.6-015058,194.7775633384501,-1.849506258754433,306.88407131550355,60.96335277132596,-0.14241099312929,0.026233603997502,-0.16739537788882,1.5963475563752e-13,Rad,0.972114241350871,AGN
2CXO J133736.7-294819,204.40299131073016,-29.80528074801636,314.7476546959562,32.00485241840435,-0.12242348532167,0.14241099312929,-0.26108682073704,4.0837186006774e-14,X,0.5964501930376858,AGN
2CXO J174540.5-285549,266.41876578482834,-28.930524469112004,0.0111073639509457,-0.0073469398959509,0.99562773266708,0.98313554028732,0.55215490318551,2.7429707431686998e-14,X,0.008188694941259565,stellar
2CXO J004717.6-251826,11.82356629956962,-25.30759195396109,95.65988989343248,-87.9559006685259,-0.27482823235478,-0.084946908182386,-0.1948782011243,6.0502271349709e-14,X,0.9453122796117771,AGN
2CXO J174543.6-290044,266.4320364012792,-29.012317073485733,359.9473342633514,-0.059861836427,0.96064959400375,0.99937539038101,-0.94440974391006,4.415043933717e-15,X,0.004888722376678232,stellar
2CXO J053452.3-053008,83.7180032447385,-5.502203675183448,209.0691568661181,-19.52424359787946,-0.87695190505934,-0.56089943785134,-0.60961898813242,9.8452482494858e-15,Or*,0.049127780573876116,stellar
2CXO J174541.7-285945,266.4238584719409,-28.99605825753976,359.9574880759323,-0.0452877326259018,0.94815740162398,0.99937539038101,-0.99937539038101,4.325187791448e-15,X,0.004888722376678232,stellar
2CXO J053521.2-052259,83.8385287480055,-5.383184753008497,209.01410294943375,-19.36341407048916,0.21361648969394,0.021236727045596,0.19362898188632,1.211476334292e-14,Or*,0.03098074463754156,stellar
2CXO J232014.4+081222,350.060427868666,8.206318053235853,87.70194989973764,-48.32821157482472,-0.90818238600874,-0.56089943785134,-0.70705808869457,1.4167325567471e-13,ClG,0.03068634888690699,stellar
2CXO J174540.0-290125,266.4169836161509,-29.023850130353765,359.93063281638,-0.0546328699420989,0.94940662086196,0.96814490943161,-0.28856964397252,4.3460314392949e-15,X,0.0,stellar
2CXO J122946.1+075922,187.4422817470355,7.989621642025692,286.92247921419124,70.18493724930437,-0.23860087445347,-0.031230480949407,-0.20861961274204,,GlC,0.968194737636113,AGN
2CXO J121104.5+502850,182.76885292760824,50.48060337729781,138.47417385761344,65.41216170833958,0.48594628357277,0.20612117426608,0.30980637101811,2.1894718162403998e-13,ULX,0.8133478532488122,AGN
2CXO J174541.3-285945,266.42228818988565,-28.99610340551066,359.9567341071763,-0.0441388464791849,0.94066208619613,0.99937539038101,-0.99937539038101,1.2112740931067e-15,X,8.67299399770309e-05,stellar
2CXO J174543.1-290048,266.4298249746396,-29.01359040295741,359.945240016575,-0.0588741472791847,0.99937539038101,0.99937539038101,-0.99937539038101,4.6468088439871e-16,X,8.67299399770309e-05,stellar
2CXO J132204.4-450323,200.51850743673825,-45.05644361612779,308.59656363550783,17.47807702961863,-0.89818863210493,-0.57963772642099,-0.66458463460337,6.969784657809499e-13,Or*,0.001219997765162084,stellar
2CXO J053518.4-052406,83.82694885288538,-5.401977536004889,209.0263419965098,-19.382196149343432,-0.56589631480325,-0.34103685196752,-0.27857589006871,1.0320498603652e-14,Or*,0.015111508882404872,stellar
2CXO J172441.7-341118,261.1741605631046,-34.18858199689108,353.1733315422511,0.9055040521456666,0.48594628357277,0.35602748282324,0.072454715802623,5.7865842054926005e-15,IR,0.0008368178967175413,stellar
2CXO J171238.8-373647,258.16162968219817,-37.61297698360352,348.96856133694826,0.9326055986310768,0.97564022485946,0.75952529668957,0.83572767020612,3.7395857870689e-13,Rad,0.07937378605261043,stellar
2CXO J174503.8-290051,266.2660928868013,-29.01447825826618,359.86982045001014,0.0628398401417587,0.99937539038101,0.95440349781387,0.71830106183635,,X,0.0760732836305936,stellar
2CXO J174541.5-285945,266.42305682502183,-28.995989628456908,359.95718142587566,-0.0446534570299978,0.95440349781387,0.99937539038101,-0.99937539038101,1.8559686067775e-15,X,8.67299399770309e-05,stellar
2CXO J053536.2-052020,83.90089626620716,-5.338951461488016,209.00207072635132,-19.28802562767941,0.38975640224859,0.12367270455965,0.27982510930668,1.226589315362e-14,Or*,0.06450431476734371,stellar
2CXO J082301.7-423654,125.75728436958394,-42.61503211704596,260.17293323987514,-3.0894635864926774,-0.74578388507183,-0.34478450968145,-0.53966271080575,2.2664411181467999e-13,Y*?,0.0016701439599415815,stellar
2CXO J181113.6-193341,272.8068778273854,-19.561433420863853,11.031790615384594,-0.3602910895121837,-0.80199875078076,-0.33603997501562,-0.63585259212992,1.0216241484919999e-13,X,0.0,stellar
2CXO J053528.6-045503,83.86920959769111,-4.917688608314278,208.58933832272567,-19.125094974431835,-0.7945034353529,-0.37226733291693,-0.59962523422861,2.2941432662361e-13,Or*,0.0,stellar
2CXO J013145.7+003042,22.94062999704613,0.5116478595000914,143.8946041505522,-60.70835037368849,-0.82948157401624,-0.46470955652717,-0.59212991880075,2.7279587461024e-13,Pe*,0.12341896478427367,stellar
2CXO J044552.8-591456,71.47017176421718,-59.248856859169656,268.7798600021192,-38.9681956843781,0.17738913179263,0.18988132417239,-0.012492192379763,2.6792660194878997e-13,HII,0.824212173632143,AGN
2CXO J053505.8-052701,83.77437953344338,-5.450496584770409,209.0471361612667,-19.45081324903352,-0.71330418488445,-0.37226733291693,-0.46346033728919,1.3532248555567e-14,Or*,0.0030103430657623348,stellar
2CXO J053344.9-053106,83.43720308588718,-5.518335349868121,208.9502916351872,-19.78085830252634,-0.36727045596502,-0.13741411617739,-0.24109931292942,1.7747862339644998e-13,Or*,0.2110464275017284,stellar
2CXO J053408.9-052405,83.53737520050231,-5.401589725347306,208.8876038606017,-19.63911778735062,-0.38850718301062,-0.054965646470956,-0.33978763272954,3.3457242010829e-13,Or*,0.1660784631228079,stellar
2CXO J053503.5-052925,83.76486512638303,-5.490584645053907,209.0805228696564,-19.477381028348702,-0.61461586508432,-0.40474703310431,-0.27732667083073,9.826204788267e-15,Or*,0.009256427025662085,stellar
2CXO J123050.1+122301,187.708791666014,12.383650305909676,283.79607612102524,74.48485810831355,0.44472204871955,0.23610243597751,0.22485946283573,1.1275572373493e-14,GlC,0.16412162523229962,stellar
2CXO J203308.7+411318,308.286539993999,41.22184388638971,80.13815459599826,0.7483365838601853,-0.18113678950656,-0.49094316052467,0.33978763272954,1.1380031232464e-13,SB*,0.006689299953836086,stellar
2CXO J023308.9+612522,38.28703222095265,61.422782553953496,134.78553848852448,0.91410005156874,0.32354778263585,0.20737039350406,0.12492192379763,2.0872417823065e-13,Or*,0.013537485977267883,stellar
2CXO J122602.3+125951,186.5095463931925,12.99751618583952,278.8756059069443,74.6703971365931,-0.23610243597751,0.0049968769519051,-0.24109931292942,1.1577362067427998e-13,ULX,0.9955969925447534,AGN
2CXO J042941.5+263257,67.4231244426926,26.549425200407207,171.8995309388961,-14.938880966589084,-0.37226733291693,-0.094940662086196,-0.28732042473454,5.3850471785887e-13,LM*,0.3791415310383522,stellar
2CXO J174541.0-285940,266.4209204511849,-28.99471449662951,359.95729653032174,-0.0423941710463433,0.76951905059338,0.99937539038101,-0.99937539038101,1.1801265654359e-15,smm,8.67299399770309e-05,stellar
2CXO J004249.1+411742,10.704714416252957,41.29500147557484,121.19150389838732,-21.547617914041705,-0.65833853841349,-0.42223610243598,-0.32604622111181,8.5724222073878e-15,XB?,0.1712171512942229,stellar
2CXO J174533.1-290046,266.3882738196327,-29.013015418139208,359.9267993340732,-0.0275590762631946,0.99937539038101,0.93941286695815,0.41224234853217,2.8625031855176e-15,X,0.004594203959983414,stellar
2CXO J113622.4-605314,174.09343899984663,-60.88744244137651,293.926473529445,0.6650664184673502,-0.86570893191755,-0.4684572142411,-0.66708307307933,2.9150033173245997e-13,Y*?,0.002506961856659123,stellar
2CXO J053518.4-051637,83.82692902329052,-5.277097299409022,208.908303439701,-19.325696436431414,-0.75202998126171,-0.31730168644597,-0.56964397251718,3.7260673965783e-13,Or*,0.01393914223907649,stellar
2CXO J172441.5-341224,261.1730005307876,-34.20677736337111,353.1577409535548,0.8960708365529891,0.99937539038101,-0.30730793254216,0.99937539038101,1.4118211123005e-15,IR,0.0,stellar
2CXO J041921.5+021000,64.8397953290123,2.1667867279671897,191.16760233117017,-32.04196308220156,-0.13116801998751,0.091193004372267,-0.21986258588382,4.2168350123961e-13,Rad,0.8188727779506622,AGN
2CXO J054006.3-690151,85.0264220808258,-69.03111995797411,279.36747980818086,-31.55539403259881,0.14116177389132,0.30356027482823,-0.17114303560275,2.3778170294828e-14,X,0.40881403187180104,stellar
2CXO J203451.0+601043,308.7129924154672,60.178778728252816,95.73825005878052,11.689238171055166,-0.17613991255465,-0.077451592754529,-0.10118675827608,2.1429263752809998e-13,ULX,0.1385876745623985,stellar
2CXO J053509.8-045849,83.7911613054116,-4.980431567507042,208.61109708940592,-19.222872810061947,0.77201748906933,0.45096814490943,0.47970018738289,1.3141870487879e-13,X,0.1370802357762049,stellar
2CXO J000917.2-321938,2.3216106000537025,-32.32734131115892,0.7859383972961551,-79.48338566535938,0.92816989381636,0.59587757651468,0.7420362273579,4.720977846896899e-13,X,0.9045285355679721,AGN
2CXO J141430.1-651622,213.62542729257075,-65.2728748780219,311.4796213377002,-3.788858431994836,0.31480324797002,0.32229856339788,-0.0087445346658339,1.0113183948000001e-13,X,0.1399430547762803,stellar
2CXO J064031.8+093600,100.13258078228888,9.600169432202836,203.1490749035871,1.9654381068158373,-0.70206121174266,-0.22485946283573,-0.56464709556527,3.8151562733023e-14,Or*,0.01657125539358576,stellar
2CXO J132532.4-430134,201.38516539126115,-43.02613827061473,309.5302912703575,19.408260522379297,0.78700811992505,0.51467832604622,0.45846346033729,7.6677035290816e-14,X,0.08567786245978656,stellar
2CXO J093209.6+213106,143.0403200210402,21.518525973261973,208.68711523766464,44.54379553824541,-0.21736414740787,-0.16114928169894,-0.058713304184885,8.313538510627999e-14,X,0.6336125711843098,AGN
2CXO J174543.1-290053,266.42997653128475,-29.01494093487579,359.9441561676444,-0.0596907102232731,0.99937539038101,0.93191755153029,0.13616489693941,1.0988137529528e-15,X,0.010487650762646511,stellar
2CXO J172445.0-341234,261.18775148038515,-34.2095459952747,353.162307338918,0.8844245872549887,0.18238600874453,-0.082448469706433,0.26733291692692,3.8419783736063e-15,NIR,0.002507832080200502,stellar
2CXO J132527.4-430128,201.36452576645115,-43.02448835853948,309.5146947311946,19.412002527983784,0.64709556527171,0.29231730168645,0.43722673329169,5.1448263422936e-14,GlC,0.05283317386474298,stellar
2CXO J053456.2-052229,83.73445389864946,-5.374777316689599,208.9564509731239,-19.452016088407717,0.97813866333542,0.79075577763898,0.82448469706433,2.6617469109520998e-14,X,0.047273943190542456,stellar
2CXO J174539.3-285951,266.41392695210163,-28.997721855671145,359.95154294372884,-0.0387394977283265,0.99937539038101,0.96439725171768,-0.051217988757027,1.0291472716209e-15,out,0.005014793936859625,stellar
2CXO J174539.8-285901,266.416128235463,-28.983812132637624,359.9644191293782,-0.0331366688978409,0.99937539038101,0.97189256714553,0.99937539038101,1.4523185157328e-14,X,0.0016736357934350825,stellar
2CXO J174541.2-285942,266.4217437524088,-28.99502881584404,359.95740333823187,-0.0431725981678417,0.99937539038101,0.99937539038101,-0.77076826983136,6.265221987369401e-16,smm,8.67299399770309e-05,stellar
2CXO J174539.6-285949,266.415267013175,-28.99696999306784,359.95279532334405,-0.039348267527481,0.87445346658339,0.72579637726421,0.33728919425359,0.0,out,0.0031349034945631076,stellar
2CXO J013449.0+303328,23.704348999044555,30.557951660902543,133.87297086036293,-31.3905217605732,-0.0062460961898814,0.15115552779513,-0.15615240474703,7.1784401088199e-14,X,0.44974784343447916,stellar
2CXO J064102.5+093513,100.26077388074192,9.586949823500344,203.21861522530116,2.0718426940950487,-0.72829481574016,-0.35852592129919,-0.49594003747658,1.4075440901607e-14,smm,0.007311141808204576,stellar
2CXO J104354.3-593257,160.9765803236687,-59.5492937510712,287.4047081340333,-0.5783474367105325,-0.95565271705184,-0.8157401623985,-0.63460337289194,7.3272912257866e-14,SB*,0.01418385011470544,stellar
2CXO J053519.7-052029,83.83224281154975,-5.341526983725805,208.971725940664,-19.35014710334988,0.40349781386633,-0.15490318550906,0.52966895690194,2.5868297957924e-15,Y*?,0.006468666373477161,stellar
2CXO J123551.6+621757,188.96547856218228,62.29919769562331,126.0662227604651,54.73416322242189,0.11118051217989,0.2423485321674,-0.13491567770144,8.7449703093468e-15,X,0.8988306638595117,AGN
2CXO J174539.4-285949,266.4143127569388,-28.997088594783715,359.9522592764978,-0.0386976244950941,0.99937539038101,0.79950031230481,0.99937539038101,4.0959943685249004e-16,out,0.0,stellar
2CXO J120153.5-185310,180.4729717294448,-18.886180305648843,286.9678095320565,42.44452463413169,-0.4422236102436,-0.081199250468457,-0.3735165521549,3.2489208824655e-14,MoC,0.983170130503803,AGN
2CXO J085332.7+511849,133.38629080520752,51.313682321354776,167.32563151513548,39.67974856060355,-0.6371018113679,-0.097439100562149,-0.57464084946908,4.0659702496124e-14,X,0.8589740450003057,AGN
2CXO J053427.0-053229,83.61268407243347,-5.541451317415386,209.05604488238575,-19.63549639260943,-0.69581511555278,-0.33104309806371,-0.47470331043098,5.9488196648875e-14,Or*,0.009943720904569632,stellar
2CXO J064115.6+092633,100.31518142472066,9.442592909805368,203.37164527730235,2.053667022215128,-0.6683322923173,-0.35103060587133,-0.41224234853217,2.6355766413536e-14,Or*,0.0,stellar
2CXO J033830.8-352659,54.62847132990629,-35.44987581628074,236.71471633779984,-53.629720962362605,0.4159900062461,0.031230480949407,0.42598376014991,0.0,GlC,0.6010166708284315,AGN
2CXO J101005.9-124857,152.52457710688384,-12.816018718677189,253.29032609138108,34.08118283991234,-0.99937539038101,-0.99937539038101,-0.88569643972517,2.1041769627144998e-13,SB*,0.004174863212806537,stellar
2CXO J053416.4-053645,83.5685534946258,-5.612572657011969,209.10236582441203,-19.70680459138062,-0.67832604622111,-0.29356652092442,-0.47970018738289,9.5238759900471e-14,Or*,0.02099082460485623,stellar
2CXO J172446.1-341127,261.1923270222084,-34.19101467916648,353.179764875958,0.8917073364350249,0.99937539038101,-0.56589631480325,0.99937539038101,7.2925054074728e-16,IR,0.0,stellar
2CXO J123050.5+122356,187.7104084684364,12.398963266676166,283.7845998398163,74.49994338449702,-0.2948157401624,0.25484072454716,-0.51342910680824,6.844439089808e-15,X,0.33343280021111626,stellar
2CXO J173916.3-534313,264.81827240905386,-53.720419463179184,338.0160730489771,-11.7995851090075,-0.82573391630231,-0.58088694565896,-0.46595877576515,7.8116970413922e-14,X,0.022611770047427936,stellar
2CXO J174517.3-290625,266.3221377003756,-29.1070909681417,359.81638120116986,-0.027278343846499,0.62460961898813,0.43847595252967,0.25359150530918,2.6901880248639e-14,X,0.007850621563560837,stellar
2CXO J165108.1+045933,252.78396862235536,4.992498831926983,23.048941506637437,28.9469387506647,-0.71705184259838,-0.41224234853217,-0.43222985633979,6.3522399173282e-14,ClG,0.57508409204996,AGN
2CXO J010301.1-491424,15.754969735945735,-49.23998500237125,297.9296284357473,-67.77562282655286,0.094940662086196,0.2948157401624,-0.20612117426608,5.9949634714435e-14,Rad,0.7337176455198912,AGN
2CXO J085333.6+511929,133.390189649947,51.32490511659991,167.3108266471863,39.681185059171305,-0.38351030605871,-0.014990630855715,-0.36976889444097,2.4190996382644e-14,ULX,0.9265120459300407,AGN
2CXO J174539.0-290203,266.41267543038816,-29.034214472645854,359.9198235612422,-0.0568168417610815,0.83073079325422,0.99937539038101,-0.99937539038101,1.326576128884e-15,X,0.0009235478366945722,stellar
2CXO J235841.6+623437,359.6735446237592,62.57706141142735,116.90131473694936,0.324497436068632,-0.87445346658339,-0.5471580262336,-0.62835727670206,1.9305457404674998e-13,X,0.0008368178967175413,stellar
2CXO J174539.7-285944,266.41591235275405,-28.995582598134007,359.954273634126,-0.0391073039903195,0.82698313554029,0.92067457838851,-0.43098063710181,1.0037275249559e-15,X,0.0,stellar
2CXO J110318.7-605514,165.8280033542594,-60.920649152182094,290.1696855740779,-0.7567165912174151,-0.83447845096814,-0.50218613366646,-0.57214241099313,1.2732656590269998e-13,X,0.0029240600000418325,stellar
2CXO J225725.8-610348,344.35763943985376,-61.06334706947817,324.4699431536973,-51.030501566321824,-0.20861961274204,0.036227357901312,-0.2423485321674,3.0591103693931e-13,Rad,0.9906427355747636,AGN
2CXO J053510.3-054633,83.79307728654317,-5.776059608070025,209.364282035318,-19.581125416690973,-0.18113678950656,-0.0737039350406,-0.10868207370394,2.4471786860548e-13,Or*,0.08138384508943776,stellar
2CXO J164129.4+400559,250.37282105398504,40.10005243907274,63.81673618330433,41.25064011132427,-0.89194253591505,-0.51342910680824,-0.69831355402873,2.3227789320246e-13,SB*,0.043849408744446844,stellar
2CXO J065744.0-560817,104.43386131631844,-56.13836756740488,266.18666163247303,-21.4086844689667,-0.37851342910681,0.0074953154278576,-0.38600874453467,1.5472483955195998e-13,ClG,0.9173096303060924,AGN
2CXO J195923.0+404420,299.84600000116063,40.73896114658826,76.1854810379512,5.77235972130485,0.096189881324172,0.16364772017489,-0.069956277326671,2.2020120210378e-14,Rad,0.15788529103076035,stellar
2CXO J174546.2-285906,266.4425590798844,-28.985068430475952,359.9753890534936,-0.0535276662261412,0.99937539038101,0.98063710181137,0.91692692067458,2.2767491543644e-14,X,0.01664622447803689,stellar
2CXO J053554.6-045807,83.97764570162906,-4.968881826551582,208.68953975913612,-19.052120333009487,-0.89569019362898,-0.58463460337289,-0.65459088069956,2.1554514583625e-13,X,0.00911702521538109,stellar
2CXO J174540.0-285944,266.4169993564881,-28.995718270910317,359.95465311791105,-0.0399895364371117,0.69206745783885,0.99937539038101,-0.99937539038101,3.6230492775716e-16,X,0.0013406459800772818,stellar
2CXO J034424.5+320357,56.10237640444723,32.065818712103585,160.52875143809823,-17.898418413746388,-0.35352904434728,-0.24359775140537,-0.11742660836977,2.4245906716159e-14,Or*,0.01925735524624862,stellar
2CXO J185834.9-081414,284.6454400586025,-8.237495283964117,26.38935026721289,-5.323725897229614,-0.31355402873204,-0.12742036227358,-0.19237976264834,1.5445501263385998e-13,NIR,0.03370576537155558,stellar
2CXO J174543.6-290017,266.4318482067108,-29.00480471260685,359.9536615286769,-0.055808639106191,0.50593379138039,0.99937539038101,-0.99937539038101,0.0,out,0.0022409228973457626,stellar
2CXO J110950.0-763647,167.45814955519438,-76.61326328354552,297.03276944318424,-14.919525458402791,-0.30730793254216,-0.12242348532167,-0.19237976264834,1.3414509667244e-13,Ae*,0.15645079553393385,stellar
2CXO J123049.8+122402,187.70750210154733,12.40061773459441,283.77261262136665,74.50067351125927,-0.18363522798251,0.15740162398501,-0.33354153653966,6.8719053775016e-15,GlC,0.1710188245123248,stellar
2CXO J174533.4-285617,266.3895160486677,-28.93837527030471,359.99106864605284,0.0104118131019093,0.98313554028732,0.97688944409744,0.078700811992505,2.3150036065418e-14,X,0.007521755793518747,stellar
2CXO J180355.2-241659,270.9802573777988,-24.283295145192447,6.081641925818071,-1.1762816098222757,-0.51842598376015,-0.15365396627108,-0.39600249843848,6.308476579773e-14,Or*,0.008764347919924996,stellar
2CXO J180429.3-242528,271.12231684917447,-24.42448562318949,6.022095177394698,-1.358324975455058,-0.29606495940037,-0.098688319800125,-0.20237351655215,1.5676408850166e-13,Or*,0.0,stellar
2CXO J174533.3-285328,266.38913002420907,-28.8911455360856,0.0312017036120286,0.0353136191680612,-0.36477201748907,-0.32604622111181,-0.23110555902561,7.8232912172997e-15,X,0.0037539160401002507,stellar
2CXO J024241.6-000109,40.67335581959475,-0.0192649273567788,172.114707139305,-51.93568998341268,0.13241723922548,0.20612117426608,-0.084946908182386,1.4889255453376e-15,X,0.8278441955285386,AGN
2CXO J174543.3-290059,266.43073493834413,-29.01643487960173,359.9432262942439,-0.0610349810790723,0.99937539038101,0.92442223610244,-0.21986258588382,1.1680419481878001e-15,X,0.0,stellar
2CXO J095549.4+690811,148.95591711605022,69.13657936908642,141.99636942579582,40.87866547965183,0.043722673329169,0.15740162398501,-0.11367895065584,6.5964836009819e-14,X,0.7873772662607134,AGN
2CXO J022311.4+425931,35.79754165518557,42.99206052478033,140.25370560311023,-16.772424134379907,-0.45471580262336,-0.094940662086196,-0.37726420986883,1.806711886929e-13,IR,0.11554397309635084,stellar
2CXO J174536.3-290111,266.40151686723334,-29.01981622250457,359.9270296598279,-0.0409871288729624,0.10993129294191,0.013741411617739,0.096189881324172,7.2825601763052e-16,X,0.013768709976959876,stellar
2CXO J141314.8-031227,213.31194489172756,-3.2077140874214645,339.15011331833034,53.81004662084735,0.82073703935041,0.77826358525921,0.11617738913179,7.2626241279106e-13,Rad,0.9846057389803953,AGN
2CXO J074316.6+650929,115.81938753284464,65.15829436794873,151.0967063336083,29.844364037508104,-0.25109306683323,0.057464084946908,-0.30480949406621,1.2976247601189e-13,X,0.9646747538112571,AGN
2CXO J083435.2-451137,128.64661767088376,-45.1937619723552,263.48597291882123,-2.9046623609162223,-0.96564647095565,-0.72454715802623,-0.79575265459088,5.2280038081152e-14,X,0.0016701439599415815,stellar
2CXO J174541.0-285936,266.42091932567416,-28.99344229184564,359.9583819831579,-0.0417306209300487,0.92442223610244,0.94690818238601,-0.28232354778264,1.5098797851489999e-15,X,0.0,stellar
2CXO J122628.2+090111,186.61788131842127,9.019813350083428,283.7205594987625,70.95447826312775,-0.23110555902561,0.089943785134291,-0.31480324797002,2.0509254262321998e-13,Rad,1.0,AGN
2CXO J104348.6-593324,160.95280922435336,-59.556758083992825,287.39758719266865,-0.5905995650742838,-0.82698313554029,-0.54091193004372,-0.51467832604622,1.3920179634326e-14,SB*,0.003510723612145016,stellar
2CXO J174554.4-285817,266.47673736693787,-28.97132962044089,0.0026856115660386,-0.0719021650891238,0.99937539038101,0.99937539038101,0.31105559025609,3.6195552918794e-14,X,0.04421298920638463,stellar
2CXO J053533.2-051957,83.88854129924118,-5.33267071582379,208.99023878031036,-19.29615329394784,0.38226108682074,-0.069956277326671,0.43972517176765,5.1231184899107e-15,Or*,0.024299133140839424,stellar
2CXO J031951.4+413424,49.96456986429303,41.57355806986229,150.5496902153606,-13.203872124397362,-0.43847595252967,0.034978138663335,-0.46595877576515,1.9234593178878e-14,X,0.4720460169782269,stellar
2CXO J112830.6+583348,172.1278703765538,58.56342044695973,141.90757456183564,55.40388308497848,-0.54965646470956,-0.29606495940037,-0.30106183635228,6.2152092121707e-14,SN*,0.9436782969816625,AGN
2CXO J053518.8-052306,83.82864992204105,-5.385312293280786,209.01139837161315,-19.373147934668747,0.90068707058089,0.52717051842598,0.68457214241099,1.1707103922612001e-15,Y*?,0.011276542057160378,stellar
2CXO J034438.5+320800,56.16061006546329,32.13351787552704,160.52294810875506,-17.81483474076803,-0.29856339787633,-0.11367895065584,-0.19113054341037,5.5535700297951e-14,Or*,0.11410224582176384,stellar
2CXO J064101.3+093408,100.25589322011854,9.568919335667577,203.2324673746641,2.0593276195609964,-0.74578388507183,-0.32354778263585,-0.55715178013741,2.3873473276308998e-14,Or*,0.005,stellar
2CXO J122932.1+134405,187.3837804562893,13.734750507761088,280.9482478735452,75.66323917918334,-0.18363522798251,-0.0062460961898814,-0.17863835103061,3.6784552404573996e-13,X,0.9516903239840948,AGN
2CXO J192414.7+501519,291.0614153377587,50.25536649588816,81.85077289998993,15.630214275514106,-0.91692692067458,-0.53466583385384,-0.74828232354778,3.2750979638179997e-14,SB*,0.04092255291056289,stellar
2CXO J183127.4-020511,277.86442494764697,-2.086676114085344,28.79067932352192,3.4878377406063485,0.79700187382886,0.41349156777014,0.5683947532792,1.7144189227363998e-13,Y*?,0.06979567296664133,stellar
2CXO J130521.7-492736,196.34031643127597,-49.46019919167888,305.2564168636178,13.348697060546607,0.31480324797002,0.23735165521549,0.08369768894441,5.2145349524512e-14,X,0.41079280290819,stellar
2CXO J112728.7-395257,171.8698713107508,-39.88264643217353,285.9017929625881,20.19643337153573,-0.83073079325422,-0.36602123672705,-0.66708307307933,9.5507865142071e-13,X,0.00814622740825711,stellar
2CXO J053524.2-052957,83.85104416102257,-5.499272597583364,209.1298450401733,-19.404779213681927,-0.41099312929419,-0.20237351655215,-0.2261086820737,1.531321702106e-14,Or*,0.010850524051481396,stellar
2CXO J053506.4-052704,83.7767742156276,-5.451360330883556,209.04909614510325,-19.449077386646817,-0.75702685821362,-0.48719550281074,-0.42598376014991,7.9351057710225e-15,Or*,0.0056427355747636085,stellar
2CXO J034437.9+320329,56.1582761306392,32.05818767411071,160.57209840350737,-17.873907904769762,0.13991255465334,0.14990630855715,-0.0099937539038102,6.4963405958361e-14,Or*,0.29396271195603907,stellar
2CXO J073220.1+854232,113.0840138735844,85.70899516635008,127.70724270199348,27.80902229889954,-0.90693316677077,-0.45721424109931,-0.7682698313554,1.9886562672171e-13,ClG,0.0668106607505794,stellar
2CXO J072506.1+750158,111.27551037327557,75.03287444342457,139.8004686325402,28.30437053147158,-0.93191755153029,-0.59337913803873,-0.75577763897564,2.4558159476031e-13,SB*,0.04288819189688503,stellar
2CXO J134816.4+265052,207.06858950189883,26.847934375637465,34.907441128344296,77.34188060528051,-0.089943785134291,0.27108057464085,-0.36727045596502,3.1141518301948e-13,X,0.9593200450146475,AGN
2CXO J165423.8-415016,253.59947146410275,-41.837824052508246,343.4815535621904,1.1425665666420086,-0.30356027482823,-0.11992504684572,-0.19113054341037,6.4833519491726e-14,Y*?,0.005014793936859624,stellar
2CXO J033852.1-353522,54.71712869465489,-35.58961143313427,236.94716070465827,-53.55422748671648,-0.024984384759525,-0.013741411617739,-0.014990630855715,1.9118778559108e-15,PN?,0.7264812080479777,AGN
2CXO J171405.7-381030,258.5239269971877,-38.175261207333406,348.6809448929388,0.3711860363795001,0.96939412866958,0.65084322298563,0.86445971267958,7.3950709950768e-13,IR,0.2167791320379928,stellar
2CXO J174539.1-290156,266.41320607140915,-29.03249370805376,359.92153407162294,-0.0563163958991911,0.71080574640849,0.99937539038101,-0.99937539038101,0.0,X,0.0022409228973457626,stellar
2CXO J130528.9-492943,196.37058853612984,-49.495562374004926,305.2745721613083,13.31229192507473,0.32229856339788,0.13991255465334,0.18988132417239,4.6555224710498e-14,X,0.11871196780180808,stellar
2CXO J180409.1-242019,271.0381423941551,-24.338860073603204,6.05912384435073,-1.2495168219456128,-0.10368519675203,-0.058713304184885,-0.043722673329169,6.5261142997045e-14,Or*,0.006681467873635585,stellar
2CXO J132546.5-425702,201.4440407931785,-42.95077713560851,309.58673076821265,19.47682850987804,0.21236727045596,0.17239225484072,0.041224234853217,4.0955211860154e-14,GlC,0.09253607231621622,stellar
2CXO J095857.3+021314,149.7389570604164,2.22068625713148,236.51007823194573,41.82046778105514,-0.22735790131168,0.056214865708932,-0.27982510930668,3.1852507084395e-13,Rad,1.0,AGN
2CXO J174638.0-285325,266.6583845649109,-28.89058910765016,0.1543049175097821,-0.1657359646731401,0.92317301686446,0.7158026233604,0.56464709556527,8.4300559445155e-14,X,0.0035506952745829757,stellar
2CXO J053521.8-052240,83.8409738574058,-5.377842214387188,209.0102198820985,-19.3588262946076,-0.37226733291693,-0.36352279825109,-0.0087445346658339,4.9005450612808005e-15,Y*?,0.004177976040142083,stellar
2CXO J174601.0-285854,266.5043044186914,-28.981722881646625,0.0063610078352542,-0.0979040986067888,0.99937539038101,0.99937539038101,-0.9581511555278,4.2672678160955e-14,X,0.009545360881964823,stellar
2CXO J004725.2-251945,11.855104635194609,-25.329375694772956,96.10462864633256,-87.98814373658959,-0.15365396627108,0.11992504684572,-0.2685821361649,6.1032377310436e-14,X,0.9276212444527632,AGN
2CXO J053516.1-052306,83.8173782235167,-5.385220959260373,209.00593089787648,-19.38311478824044,-0.78450968144909,-0.44347282948157,-0.51967520299813,9.9279825870337e-15,HH,0.0,stellar
2CXO J032957.9-021320,52.4913663193758,-2.2224330947084154,186.5313463837114,-44.63587931402544,-0.049968769519051,0.089943785134291,-0.13991255465334,2.5929508370038e-13,Rad,0.8610083245678953,AGN
2CXO J053518.0-053031,83.82502620970422,-5.508838425679768,209.12648856405505,-19.43220530435411,-0.8369768894441,-0.44597126795753,-0.61211742660837,,Or*,0.010116427882724884,stellar
2CXO J053510.5-052416,83.79395512750295,-5.404652153886977,209.01312095245197,-19.412701416250155,0.9419113054341,0.68207370393504,0.7158026233604,9.8468656108846e-15,?,0.0269360204020021,stellar
2CXO J122518.3+124900,186.32649687805315,12.816563451146914,278.5092277218217,74.4357543042245,-0.28732042473454,0.023735165521549,-0.30855715178014,5.9819798239044e-14,X,0.9954848292251411,AGN
2CXO J002406.0-720456,6.02497862968022,-72.08230708358678,305.89401308042926,-44.88838246025,-0.084946908182386,0.037476577139288,-0.12242348532167,5.6002587594799e-14,UV,0.7326727522079564,AGN
2CXO J053508.2-052434,83.78459029261467,-5.409713630107165,209.01343642779375,-19.423305725882187,-0.52717051842598,-0.26233603997502,-0.30730793254216,1.0656528937334e-14,Or*,0.004173635793435082,stellar
2CXO J174543.4-290056,266.43086168996206,-29.015623236918547,359.9439768869443,-0.0607068635890381,0.99937539038101,0.91942535915053,0.79825109306683,1.4305365852461001e-15,X,0.009928587323742995,stellar
2CXO J034657.4+680619,56.73953374581731,68.10525660694326,138.1777900020558,10.595730459073808,0.11867582760775,0.19113054341037,-0.074953154278576,2.4743337884666997e-13,X,0.55096539038883,AGN
2CXO J033115.0-275518,52.81266550688554,-27.92187822899542,223.6989956134048,-54.7199226080816,-0.29231730168645,0.023735165521549,-0.31230480949407,5.2410589159747e-14,X,0.9912687099769597,AGN
2CXO J174542.0-285928,266.42514487631786,-28.991399695369196,359.9620508358995,-0.0438216248317139,0.99937539038101,0.94565896314803,-0.55715178013741,1.047859179584e-15,X,0.0005025109855618331,stellar
2CXO J100735.0+130144,151.89567037708338,13.02909799884318,224.85078165369745,49.24863116100522,-0.91193004372267,-0.45346658338538,-0.77201748906933,1.2374245426579e-13,SB*,0.03750248008103562,stellar
2CXO J141546.2+112943,213.9426515995073,11.49543132168033,358.73232670028807,64.77308385042303,0.68582136164897,0.26483447845097,0.51342910680824,6.3137175610559e-14,LeI,0.5101381226762844,AGN
2CXO J174541.7-285936,266.4240321121515,-28.99344391471742,359.9597988493682,-0.0440555863895615,0.9369144284822,0.94815740162398,-0.15115552779513,4.1976966946704e-15,X,0.0008368178967175413,stellar
2CXO J133701.0-295245,204.2544057920761,-29.87934965667715,314.58083365056626,31.95930294073525,0.036227357901312,0.18738288569644,-0.1524047470331,2.3853143316981e-14,HII,0.32785374677538426,stellar
2CXO J053622.4-062700,84.0933663065133,-6.450020033089045,210.1458441414273,-19.616665228312005,-0.3472829481574,-0.15865084322299,-0.19737663960025,4.4354875898819997e-13,Or*,0.138863725296928,stellar
2CXO J024241.9-000020,40.67459729150335,-0.0056128631896153,172.10128463133688,-51.92476212561008,-0.31980012492192,-0.22236102435978,-0.084946908182386,3.7705291312281005e-15,X,0.6045918670429988,AGN
2CXO J231552.9-423800,348.9705715844016,-42.63340200096484,348.1122647953431,-65.16405589427612,-0.73204247345409,-0.29231730168645,-0.55965021861337,5.3319558557945e-14,SB*,0.3397628450927565,stellar
2CXO J002353.9-720350,5.975013001609,-72.06393316127212,305.9193700583233,-44.904240593992746,-0.73579013116802,-0.25359150530918,-0.59212991880075,1.636715000084e-14,X,0.3640857409854882,stellar
2CXO J013346.5+303748,23.44402036535479,30.63021606563689,133.5990700535752,-31.363057938204268,0.11867582760775,0.10993129294191,0.0074953154278576,2.9482856774921e-14,Cl?,0.36615565444436604,stellar
2CXO J034428.4+320722,56.11864260195887,32.12286353161883,160.50146398349517,-17.845792064475358,-0.70081199250468,-0.37226733291693,-0.4422236102436,3.3786622498367e-14,Or*,0.0035830984901584133,stellar
2CXO J174540.8-285935,266.4203841398454,-28.993087878277464,359.95844066481294,-0.0411464148947006,0.99937539038101,0.99937539038101,0.75202998126171,6.2545356743102e-16,X,0.022948282304294364,stellar
2CXO J021808.1+570502,34.53391806345081,57.08395432404662,134.53590371342435,-3.8216305783148,0.33603997501562,0.24484697064335,0.098688319800125,6.140826091984e-14,Rad,0.12811430114588646,stellar
2CXO J053513.2-052052,83.80504854628293,-5.34795918582819,208.96481758279876,-19.377202711949465,0.81449094316052,0.40724547158026,0.60712054965646,9.1712906174715e-15,Ir*,0.008979968476843285,stellar
2CXO J174535.9-290246,266.39957658289995,-29.04637854348997,359.9034742330318,-0.0533797534559361,0.99937539038101,0.92941911305434,0.99937539038101,3.4125626766663e-15,X,0.0,stellar
2CXO J053524.3-052232,83.85141294600271,-5.375649263386029,209.01313016879303,-19.34856534045939,0.93816364772017,0.56214865708932,0.78825733916302,1.5373225781959e-14,Or*,0.007228138994858073,stellar
2CXO J004155.8-334618,10.48269521918479,-33.771707003113725,319.4806229298532,-83.04845523432901,-0.35852592129919,0.017489069331668,-0.37226733291693,1.0487727430553999e-13,Rad,0.9866901756527653,AGN
2CXO J033850.7-353546,54.71144572584001,-35.596371389848514,236.958733689154,-53.55867621839722,0.420986883198,0.11742660836977,0.28856964397252,3.3007721402881e-15,GlC,0.7358381818570467,AGN
2CXO J125053.0+410710,192.72104974357623,41.11966267746669,123.36323549403949,76.0081260248923,-0.14241099312929,0.23735165521549,-0.36727045596502,1.1675170988913e-13,Rad,0.9829117154737159,AGN
2CXO J133001.9+471506,202.50820760811385,47.25191118401935,104.84905423566993,68.49827531793004,0.25733916302311,0.20362273579013,0.056214865708932,1.4925541426397e-14,X,0.5749043776920234,AGN
2CXO J033852.9-353546,54.72050295489771,-35.59632119747284,236.95833481930924,-53.55131508393504,-0.34353529044347,0.15365396627108,-0.48719550281074,2.3085378010415e-15,Gl?,0.7111303213393819,AGN
2CXO J013331.2+303333,23.38019810961839,30.559303727515104,133.55175454836944,-31.44315630749696,-0.99188007495315,-0.9581511555278,-0.66583385384135,4.1029105171774e-14,Cl*,0.02769664533966471,stellar
2CXO J195355.2+442451,298.4802000032598,44.41442245187932,78.85943762720176,8.507521752824204,-0.92192379762648,-0.62835727670206,-0.69706433479076,1.5487506017713e-13,LM*,0.008820128412657051,stellar
2CXO J034510.4+680230,56.29348463471109,68.04181318488175,138.0858542952862,10.442116253794302,0.25234228607121,0.12242348532167,0.13366645846346,1.7260748798436998e-13,X,0.394964242764156,stellar
2CXO J053801.4-691228,84.50605036406824,-69.20807504336577,279.5984986321721,-31.719790941172715,0.55465334166146,0.27232979387883,0.32479700187383,1.0135811907308e-14,X,0.2965090592675359,stellar
2CXO J122254.7+154916,185.72817570928717,15.821219755387247,271.1365436361928,76.89765739657533,-0.1736414740787,-0.0062460961898814,-0.16739537788882,4.4462483252643997e-14,HII,0.8339844498700216,AGN
2CXO J174542.4-285927,266.4269739757797,-28.9909900611559,359.9632338659845,-0.0449739830551309,0.99937539038101,0.99937539038101,0.33728919425359,1.6595526047947e-15,X,0.008981935712551002,stellar
2CXO J053516.3-052150,83.81825044018359,-5.364054985936912,208.98633779757773,-19.37276465335129,-0.70331043098064,-0.368519675203,-0.44846970643348,3.8920478967569e-15,Or*,0.002090733936817792,stellar
2CXO J174804.6-244645,267.0192423480055,-24.77932719759298,3.838793123456296,1.6874243517978085,0.9156777014366,0.73079325421611,0.55215490318551,,X,0.004652603000982854,stellar
2CXO J004318.8+412017,10.828663221437466,41.33807570482782,121.29313653252078,-21.5078225263582,-0.99937539038101,0.99937539038101,-0.99937539038101,1.4902337438183e-14,HII,0.08549752259294896,stellar
2CXO J053514.7-052028,83.81147877794729,-5.341367526901428,208.9616581646674,-19.368510443502792,0.91942535915053,0.60087445346658,0.6895690193629,9.0756183873083e-15,IR,0.018792414603697107,stellar
2CXO J174537.6-290034,266.4069313327836,-29.00977334312866,359.9380686743306,-0.0397958624665215,0.96439725171768,0.97189256714553,-0.26233603997502,2.9611307079495e-15,X,0.0,stellar
2CXO J174041.6-534029,265.17377761346984,-53.67476441527249,338.1641495990314,-11.958917516965055,0.15740162398501,0.33978763272954,-0.19237976264834,9.8784161776415e-15,X,0.15905148051232157,stellar
2CXO J033207.9-273732,53.03313254814327,-27.62562498833769,223.2432596749677,-54.48300974516575,0.86570893191755,0.61836352279825,0.51467832604622,6.0943158534203e-14,X,0.9156353784006238,AGN
2CXO J053527.7-052118,83.86569508118214,-5.355232405727704,209.0006513746572,-19.32664735037197,0.9581511555278,0.72454715802623,0.75577763897564,1.7119480218471e-14,LM*,0.012530458097260628,stellar
2CXO J064059.2+093552,100.24707716030014,9.59785961101735,203.2027318849964,2.064809742718932,0.90693316677077,0.55965021861337,0.69956277326671,3.3904215227854e-14,Or*,0.02240824331144514,stellar
2CXO J033728.9-354108,54.37077954064,-35.6857228442164,237.12281609622076,-53.83289118062946,-0.35727670206121,-0.0012492192379763,-0.35602748282324,2.3074765250646e-13,X,0.9981318484767595,AGN
2CXO J164011.9-484817,250.0497453489903,-48.80470402705132,336.55588688322155,-1.4609980295949885,0.57214241099313,0.17863835103061,0.43847595252967,1.4547981651813998e-13,Or*,0.003506258607935533,stellar
2CXO J174538.8-285953,266.4119311112253,-28.998126979900366,359.9502877120937,-0.0374605263581984,0.99937539038101,0.89444097439101,0.99937539038101,2.0706403761816e-15,HII,0.0016701439599415815,stellar
2CXO J053513.5-052219,83.8063306191433,-5.3721012128721854,208.98825238670585,-19.38698851835492,-0.49094316052467,-0.32854465958776,-0.19237976264834,8.039936135169901e-15,Or*,0.004757677795586144,stellar
2CXO J053503.1-051829,83.76312271364128,-5.308295378292633,208.907291864166,-19.396470814306557,0.56714553404122,0.15490318550906,0.45096814490943,1.193763688507e-14,Or*,0.018026649020150432,stellar
2CXO J022727.5+333442,36.86466997892728,33.57869806502977,144.92280689394116,-25.15988073968298,0.1261711430356,0.19862585883823,-0.0737039350406,1.2737583214526998e-12,UX?,0.7166496098914886,AGN
2CXO J013325.5+304440,23.356527220858425,30.744633044659626,133.48709165019093,-31.265076593765077,0.014990630855715,0.24609618988132,-0.23235477826359,2.7945654024911e-15,X,0.5035629880576646,AGN
2CXO J002407.1-720545,6.029840682127201,-72.09606219377443,305.8890259061567,-44.87500518321547,-0.14990630855715,0.084946908182386,-0.23110555902561,3.325342055214e-14,ev,0.8539289836642134,AGN
2CXO J180413.7-242405,271.0574258648021,-24.401434073008,6.013206528893504,-1.295524265386188,-0.47720174890693,-0.17114303560275,-0.33229231730169,5.0785172122857e-14,Or*,0.007839319460194715,stellar
2CXO J044531.6-591454,71.38173757492558,-59.24845827346283,268.7917633347083,-39.01245841980487,-0.086196127420362,0.044971892567145,-0.13116801998751,1.7286378858231999e-13,HII,0.8932931547193108,AGN
2CXO J053523.3-052125,83.84724214599879,-5.357035992279647,208.99354624867016,-19.343847583209705,0.30480949406621,0.033728919425359,0.2735790131168,8.5848143519641e-15,Or*,0.031111825307792204,stellar
2CXO J123204.9-105600,188.02070959615023,-10.93347583699544,295.2610956701999,51.64976575852335,-0.48219862585884,-0.18238600874453,-0.32854465958776,2.9185394834658e-13,Bz?,0.9663710081310203,AGN
2CXO J180340.2-242320,270.917805407182,-24.388956696550743,5.961629986806114,-1.1786262131598584,-0.39225484072455,-0.18988132417239,-0.21861336664585,4.7318177846006e-14,Or*,0.006253916040100251,stellar
2CXO J233610.0+020900,354.0419578595963,2.1500152907976795,88.18554975575064,-55.56001830153737,-0.087445346658339,0.13116801998751,-0.21611492816989,1.2569430989854e-13,X,0.9640331920968679,AGN
2CXO J180412.4-241943,271.05202314009034,-24.328619129364707,6.074256687857521,-1.255512234696187,-0.42348532167395,-0.2211118051218,-0.22361024359775,3.0913911720996e-14,Or*,0.0,stellar
2CXO J174539.9-285940,266.41632400600633,-28.99449901261344,359.95538614125854,-0.038850151687729,0.88069956277327,0.96189881324172,-0.60337289194254,1.5740680483054e-15,X,0.0037539160401002507,stellar
2CXO J033237.6-273933,53.15703543175607,-27.659408059462088,223.3294402644717,-54.37968634082279,0.99937539038101,0.69956277326671,0.4159900062461,3.8978070685031005e-16,X,0.9639050760198791,AGN
2CXO J053534.3-052659,83.89329752699331,-5.449894049736283,209.103297625464,-19.344944973243027,-0.84072454715803,-0.50718301061836,-0.57713928794503,5.4414028233537e-15,Or*,0.001253916040100251,stellar
2CXO J132948.8+471121,202.4533235497913,47.18934967644866,104.87263066762505,68.57058718314931,0.012492192379763,0.20487195502811,-0.19237976264834,1.2000113608166999e-14,MoC,0.3599075990384282,stellar
2CXO J173258.8+434612,263.2452824375339,43.76999790363386,69.5293751236962,32.08466778017711,-0.27232979387883,-0.041224234853217,-0.23235477826359,9.3568399203334e-14,X,0.791474908053395,AGN
2CXO J223548.1-260129,338.9505794470533,-26.024797148774468,27.18746963054134,-59.74574553846285,0.023735165521549,0.16489693941287,-0.14241099312929,3.0966599224291e-13,UX?,0.9268004205365348,AGN
2CXO J174547.0-285332,266.4461124141394,-28.892440769496787,0.0560857254412589,-0.0079469368776234,0.97813866333542,0.99937539038101,-0.99937539038101,3.4938717805739e-14,X,0.006090051095533357,stellar
2CXO J182217.2+642332,275.57159368226735,64.3924614119344,94.06178357112046,27.3865065766717,-0.87945034353529,-0.49094316052467,-0.68332292317302,5.8579270118661e-14,UV,0.05859587645363341,stellar
2CXO J013505.0+303445,23.7710203874189,30.57919882642825,133.93399791062342,-31.35839671659539,-0.013741411617739,0.15490318550906,-0.1686445971268,7.140662788015699e-14,X,0.41949744810884304,stellar
2CXO J053530.9-052523,83.87887636315844,-5.42324484598996,209.0712262007728,-19.345704244266027,-0.92816989381636,-0.57339163023111,-0.75702685821362,8.8024137852837e-15,Or*,0.005350047783396856,stellar
2CXO J132953.3+471042,202.47218020643984,47.17851993516262,104.828528882871,68.57527352570818,-0.30480949406621,0.13616489693941,-0.41973766396002,2.1915971039021e-15,Cl*,0.34207038005618157,stellar
2CXO J053439.7-052456,83.66582696989127,-5.415668449613245,208.9623442248768,-19.531446808619425,0.79200499687695,0.39600249843848,0.56589631480325,2.5809091378187e-14,X,0.03053901624021239,stellar
2CXO J061806.5+222828,94.5271978891314,22.4745041954741,189.2356231258657,3.1605453230864886,0.5633978763273,0.11118051217989,0.48219862585884,1.5141652437647999e-13,X,0.035187073432385335,stellar
2CXO J053510.5-052216,83.79388908136582,-5.3712724263624025,208.98152739217312,-19.397660096712382,0.48219862585884,0.048719550281074,0.44472204871955,1.1176664828506999e-14,PoC,0.015316471850526274,stellar
2CXO J132937.9+471614,202.40804256027295,47.27065116876691,105.03937772099776,68.50867021298832,-0.074953154278576,0.16614615865084,-0.23860087445347,2.7219030943696e-14,X,0.8146817065008066,AGN
2CXO J053515.9-052146,83.81666616863151,-5.363049044114155,208.98463034828103,-19.373716139618143,-0.6895690193629,-0.36227357901312,-0.43472829481574,7.0041297877616006e-15,IR,0.0,stellar
2CXO J053514.4-051824,83.81018695627239,-5.306851909218887,208.92841923528965,-19.35403339407848,0.87070580886946,0.38475952529669,0.72454715802623,6.4818530525658005e-15,Or*,0.0025058740745633533,stellar
2CXO J174538.8-290209,266.41223039122906,-29.03618683861017,359.91793728890485,-0.057512264128706,0.99937539038101,0.99937539038101,-0.99937539038101,3.0180915159816e-15,X,0.00017655668264950276,stellar
2CXO J053513.5-052031,83.80660396078429,-5.342032865162549,208.9599585895862,-19.373139674907105,-0.1686445971268,-0.10743285446596,-0.062460961898813,8.5754383856589e-15,Or*,0.04749488566045997,stellar
2CXO J174538.9-285949,266.41233236033145,-28.997057903804222,359.9513830802598,-0.0372031206981361,0.99937539038101,0.96814490943161,0.38101186758276,2.9501615139312003e-15,HII,0.004594203959983414,stellar
2CXO J190153.6-365708,285.47369881568306,-36.95237962702758,359.9333162876671,-17.851716746448748,0.85696439725172,0.7632729544035,0.26108682073704,9.796062022031299e-14,Ae*,0.2325001012248303,stellar
2CXO J053439.8-053006,83.6660585172728,-5.501825878098633,209.0440039328444,-19.570197347058578,-0.55840099937539,-0.13991255465334,-0.45221736414741,2.4487431116202e-14,Or*,0.11924918233462474,stellar
2CXO J132540.5-430114,201.41890802587227,-43.02077395722613,309.55698504426374,19.41011415449021,0.041224234853217,0.12991880074953,-0.089943785134291,3.6635236464224e-14,X,0.2176914580112063,stellar
2CXO J053528.1-052306,83.86722503946675,-5.385098474213844,209.0296085689508,-19.33879979221743,0.36227357901312,0.058713304184884,0.31105559025609,1.1817307016154e-14,Or*,0.03614053603669467,stellar
2CXO J124332.6+113002,190.88602815555464,11.50062172266477,295.7848816598053,74.26272715461388,-0.49344159900062,-0.16739537788882,-0.35477826358526,2.1694895203142e-14,X,0.8325717740738596,AGN
2CXO J110952.6-373902,167.46938508822018,-37.65078480580513,281.6110934724952,20.980371100235093,-0.85571517801374,-0.47095565271705,-0.64459712679575,2.0015557298544998e-13,Y*?,0.01818015552868336,stellar
2CXO J201207.6-563826,303.031931454918,-56.64077760187775,341.0908102953276,-33.341024671467615,-0.85071830106184,-0.44597126795753,-0.64459712679575,8.0484893816571e-14,X,0.058825929964941716,stellar
2CXO J174804.3-244636,267.0180643706667,-24.776739352867462,3.840458569337217,1.6896759144785185,0.9631480324797,0.85196752029981,0.62211118051218,3.4525340135186e-14,Rad,0.023992558949443833,stellar
2CXO J125052.5+410701,192.71909995128192,41.117119234049866,123.3694051859714,76.01065621008803,-0.79075577763898,-0.44971892567146,-0.52841973766396,5.1885235838676e-14,X,0.5588886582843129,AGN
2CXO J231613.6-423502,349.0568896967204,-42.58391108031051,348.1356757947914,-65.24398693834837,0.2735790131168,0.022485946283573,0.25359150530918,3.4311366926948e-14,Rad,0.5879371576722393,AGN
2CXO J051932.5+505431,79.8855745618738,50.90862613753464,158.79836761538996,7.751034376453556,0.28482198625859,0.27232979387883,0.012492192379763,8.035201906706799e-13,Rad,0.7456283543058331,AGN
2CXO J053505.6-052504,83.77375454880217,-5.417867740949407,209.01597485402013,-19.436614638062267,-0.8844472204872,-0.61836352279825,-0.58088694565896,7.815349279357e-15,Or*,0.08785634587949068,stellar
2CXO J174541.6-285933,266.4234382443859,-28.992738023001635,359.96013083880825,-0.0432444838113827,0.98688319800125,0.98563397876327,0.017489069331668,1.2076060520391e-14,X,0.005852482057118544,stellar
2CXO J132527.0-430159,201.3628155783099,-43.03307846266628,309.5121113175404,19.403670919323847,0.21861336664585,0.18363522798251,0.036227357901312,3.7091056387341e-14,X,0.09472473973242057,stellar
2CXO J004241.6+412105,10.673502610956916,41.351510669321264,121.16852495606877,-21.490296589292303,0.22485946283573,0.16614615865084,0.061211742660837,4.3567694762988996e-14,X,0.6318162528799024,AGN
2CXO J132615.8-425846,201.56603106008504,-42.97950463707669,309.67612498713635,19.435725636791805,0.082448469706433,0.17114303560275,-0.088694565896315,6.0086119308131e-14,X,0.24821786014773495,stellar
2CXO J174540.1-290052,266.4171155612678,-29.014699465461124,359.938503860777,-0.0499643913529851,0.91317926296065,0.89319175515303,0.0024984384759525,1.1458101542654e-15,X,0.00806176150145951,stellar
2CXO J053514.8-052346,83.8117704820387,-5.396221775510843,209.01365459451105,-19.393069976154447,-0.60836976889444,-0.36976889444097,-0.30605871330418,4.3702299373417005e-15,HH,0.002090733936817792,stellar
2CXO J003652.4-333316,9.218508083734378,-33.554690947135946,328.0868423524174,-82.84800038433195,0.28357276702061,0.29606495940037,-0.013741411617739,8.0372565171097e-14,Rad,0.8001307748817714,AGN
2CXO J112714.2+565624,171.8093222275263,56.940197857197,143.80824247968354,56.64318872796448,0.0012492192379763,0.16239850093691,-0.16114928169894,1.0597351758125e-13,Rad,0.910941055971547,AGN
2CXO J122811.2+440638,187.04665094454208,44.11067994851277,136.83546932343364,72.38446289376625,-0.59212991880075,-0.076202373516552,-0.53966271080575,7.315727708215599e-14,Cl*,0.9329928181670222,AGN
2CXO J082912.6+500652,127.302835862586,50.11454182076288,169.02505004889215,35.87683861290817,-0.40474703310431,0.054965646470956,-0.44971892567146,1.3519045790674999e-12,PoG,0.9356272827211158,AGN
2CXO J183127.6-020621,277.86512001030496,-2.1061142390724634,28.7737011312084,3.4782916358530582,0.9631480324797,0.70331043098064,0.80074953154279,2.5345614309809e-13,Y*?,0.05625357200832116,stellar
2CXO J122503.4+125319,186.26451399636937,12.888629010489252,278.1984727255184,74.47947880419542,-0.17239225484072,0.0049968769519051,-0.17738913179263,2.6728881297621e-14,X,0.7048917737345445,AGN
2CXO J172444.7-341202,261.18637195720373,-34.2007478807701,353.1689445829403,0.8903123750946726,-0.51467832604622,-0.52841973766396,0.022485946283573,8.8792962491466e-14,IR,0.0,stellar
2CXO J123049.0+122258,187.70426411997687,12.382814477085333,283.78123400572105,74.48273907820722,-0.33479075577764,-0.0024984384759525,-0.33354153653966,6.7322452114333e-15,GlC,0.20865540240337319,stellar
2CXO J181642.7-161322,274.1780099814096,-16.222861278320387,14.587632606820858,0.0914836900891186,0.99937539038101,0.9893816364772,0.99937539038101,2.0366662602157996e-12,X,0.07644170885076242,stellar
2CXO J100129.4+013633,150.37262779028106,1.6093671470972666,237.67343527179543,41.97863561991578,0.8844472204872,0.67832604622111,0.50718301061836,2.4515623192718e-13,GrG,0.9495583013093555,AGN
2CXO J172441.0-341221,261.17083634480343,-34.20600754134528,353.1573716158541,0.897983872442382,-0.99937539038101,-0.99937539038101,-0.11118051217989,7.509447500058501e-16,Y*?,0.0004131150925057845,stellar
2CXO J122944.8+080004,187.43677825363488,8.00127878052267,286.8983685805423,70.19487823087901,-0.27732667083073,0.02998126171143,-0.30480949406621,3.0408194500633002e-15,GlC,0.22895841633137592,stellar
2CXO J104348.7-593335,160.9533008910057,-59.55979389242757,287.3992351911718,-0.5931613181330895,-0.17863835103061,0.032479700187383,-0.20861961274204,4.3091234776517e-15,Y*?,0.004585504376823677,stellar
2CXO J123049.0+122405,187.7044809260401,12.40158450469981,283.7609941273051,74.50071329342785,-0.30231105559026,0.028732042473454,-0.32979387882573,4.5152479049313e-15,X,0.24835387371713902,stellar
2CXO J124001.0-113723,190.00440181139777,-11.623361538133338,298.4711639989688,51.14944527884333,-0.95190505933791,-0.79075577763898,-0.65459088069956,5.3854189384724e-14,GlC,0.15388683777318957,stellar
2CXO J162715.9-243843,246.8162622872869,-24.645523801846377,353.00897785795104,16.60756660978539,0.97064334790756,0.67582760774516,0.85821361648969,1.7445273590038998e-13,X,0.038391052252470116,stellar
2CXO J122612.3+125640,186.5516946034229,12.944322162878338,279.09424721657564,74.63621849119268,-0.42223610243598,0.16614615865084,-0.5471580262336,7.0085075356847e-15,Gl?,0.3987825337984379,stellar
2CXO J024315.0+322529,40.81280288228106,32.42491453814718,148.7673879619235,-24.77726891710562,-0.84946908182386,-0.43347907557776,-0.65708931917552,8.7107131629424e-14,Rad,0.005519272158129177,stellar
2CXO J053525.2-051535,83.85512958000146,-5.25987004531178,208.90550508344847,-19.29285789469852,0.60337289194254,0.50093691442848,0.1211742660837,1.1557758455476e-14,HH,0.09537600841112454,stellar
2CXO J130616.5-482747,196.56876298716796,-48.46340286317045,305.4696472221049,14.33522299008833,-0.87820112429731,-0.42223610243598,-0.71830106183635,,Pu*,0.01646929048622611,stellar
2CXO J034643.7+680611,56.681965744193576,68.10306364847372,138.1621799375345,10.580556490027885,0.40599625234229,0.18988132417239,0.23360399750156,1.6597867814423999e-13,X,0.423996490127324,stellar
2CXO J053440.8-063435,83.67039065166392,-6.576426001229439,210.0665045714685,-20.04911712527253,-0.57589006870706,-0.24109931292942,-0.38850718301062,3.3686523690121e-13,Or*,0.3388774337837691,stellar
2CXO J053510.4-052600,83.79366614035473,-5.433460333015224,209.04022715155347,-19.42598556861846,-0.60337289194254,-0.32729544034978,-0.3422860712055,4.5157303143183e-15,Or*,0.001253916040100251,stellar
2CXO J002404.9-720451,6.020709356714406,-72.08094467971281,305.8961337634968,-44.88953313023521,-0.37101811367895,-0.32979387882573,-0.046221111805122,5.4396827041688005e-15,X,0.20942809205067092,stellar
2CXO J104347.4-593321,160.94777880803406,-59.55610263470629,287.39502951924607,-0.5912202897524806,-0.088694565896315,0.064959400374766,-0.1524047470331,1.2741736919092e-15,RR?,0.0025,stellar
2CXO J103846.7+533007,159.694939074172,53.50195032270402,156.60388408244512,54.06511897559998,-0.46720799500312,0.028732042473454,-0.48594628357277,1.8287081758485e-14,Rad,0.9286792110712718,AGN
2CXO J174535.8-290159,266.399431135559,-29.03323683888896,359.91462461675275,-0.0464234895624055,0.99937539038101,0.9106808244847,0.99937539038101,5.3912960670254e-16,X,0.0,stellar
2CXO J015736.2+374510,29.40095989083721,37.75274528183802,137.1183482247769,-23.289501646215577,-0.87820112429731,-0.473454091193,-0.69331667707683,5.3382991561133e-14,SB*,0.014284927117285564,stellar
2CXO J132958.3+471332,202.49288511038517,47.22572747213982,104.84591071507847,68.52642644115528,-0.45721424109931,-0.34478450968145,-0.13241723922548,5.3566848465899e-15,Cl*,0.2694950830016701,stellar
2CXO J053518.5-052149,83.82723233207025,-5.363899552133396,208.9904797281964,-19.364719476182767,0.99937539038101,0.8157401623985,0.99937539038101,9.4134035559549e-15,LM*,0.00024390028475045427,stellar
2CXO J135943.7-475008,209.93225169498749,-47.83581953761928,314.6241444775912,13.479553990645506,-0.40474703310431,0.037476577139288,-0.43597751405372,7.063009421482199e-13,CV?,0.34575933737082776,stellar
2CXO J085450.5+621850,133.71064885545877,62.313917759110666,153.34793218937406,38.01224522752462,-0.26233603997502,-0.012492192379763,-0.25109306683323,8.6532693201231e-13,ClG,0.9935637405570019,AGN
2CXO J102433.3+040848,156.13904439796738,4.146911152727109,239.65134589751196,48.11508763265054,-0.16614615865084,0.041224234853217,-0.20612117426608,2.1203668437835e-13,X,0.9711103272629135,AGN
2CXO J004242.5+411659,10.677166029413913,41.28313833146934,121.16880088486678,-21.55872378597012,0.027482823235478,0.1686445971268,-0.14116177389132,2.3912797351599998e-14,X,0.49056742091443584,stellar
2CXO J174532.1-290129,266.3841023908017,-29.02500631522543,359.9146645541384,-0.0306951236549108,0.99937539038101,0.99937539038101,-0.99937539038101,5.4462610475316e-16,X,8.67299399770309e-05,stellar
2CXO J132549.2-425239,201.45520980347465,-42.87771339244353,309.6062545689905,19.548008338467188,0.22361024359775,0.20237351655215,0.022485946283573,1.2843172428133e-13,X,0.1524939511858903,stellar
2CXO J053518.3-052020,83.82661464797172,-5.338973290655626,208.9666244388105,-19.353988410896072,0.26233603997502,0.0012492192379763,0.26108682073704,6.1911738541042004e-15,Or*,0.02046692062067357,stellar
2CXO J122945.8+075918,187.4408597152316,7.988509308381153,286.91926812861766,70.18351055322528,-0.092442223610244,0.18488444722049,-0.2735790131168,,GlC,0.9474426284896666,AGN
2CXO J133005.1+471010,202.52127397275297,47.16970736491165,104.73528253295136,68.56970928539832,-0.63960024984385,-0.17863835103061,-0.5209244222361,8.5812918472702e-15,Cl*,0.3950233651548129,stellar
2CXO J110633.7-181916,166.64071119201708,-18.3211596753506,270.812883542171,37.92378944412169,-0.28107432854466,0.04996876951905,-0.32729544034978,3.5870052308661e-14,X,0.8828640061715178,AGN
2CXO J033843.5-353308,54.68134706822582,-35.55221167859685,236.88542410380185,-53.58425572294711,-0.17489069331668,0.097439100562149,-0.26733291692692,3.4290934316689e-14,X,0.9605553194626304,AGN
2CXO J073707.3+653455,114.2807358265685,65.58211721527137,150.59351208524734,29.21264530107661,-0.25359150530918,0.32354778263585,-0.52717051842598,3.5086073548699e-15,Cl*,0.35247196575498435,stellar
2CXO J132619.7-472910,201.58246223123356,-47.4863149386977,309.0216954291548,14.97244020768795,-0.96814490943161,-0.87820112429731,-0.59587757651468,4.1236980609357e-14,X,0.0964238154042331,stellar
2CXO J124345.0+113233,190.9374988558418,11.542668986283234,295.9525963064749,74.31014415511791,-0.21611492816989,0.013741411617739,-0.22860712054966,1.9016235583963e-14,PN?,0.8386520678798799,AGN
2CXO J053524.4-052631,83.85195004427885,-5.4420969776725405,209.0762053272476,-19.378136696871525,-0.17239225484072,0.064959400374766,-0.23110555902561,2.48052736359e-15,LM*,0.17818534128343066,stellar
2CXO J180432.2-242410,271.1344683287582,-24.402827544127945,6.046403509162064,-1.357354165485953,-0.32354778263585,-0.13991255465334,-0.19237976264834,1.2630812059065e-13,Or*,0.013370767827471668,stellar
2CXO J165355.6-415251,253.4816614733004,-41.88101328832788,343.39268753969435,1.1834350432491323,-0.94316052467208,-0.75827607745159,-0.64709556527171,5.3308751014272e-14,SB*,0.0,stellar
2CXO J174534.8-290245,266.3950681581043,-29.04590249460286,359.9018267433189,-0.0497676899716089,0.99937539038101,0.99937539038101,-0.99937539038101,2.4567668252559002e-15,X,0.00017655668264950276,stellar
2CXO J013356.7+303729,23.48656377346134,30.62493072264687,133.6423335434912,-31.36122249163284,-0.064959400374766,0.22860712054966,-0.28981886321049,3.8784417232354e-14,X,0.8052422007383627,AGN
2CXO J053519.6-052234,83.83207761424637,-5.376204009910774,209.00442432403247,-19.36598418748322,-0.37601499063086,-0.41848844472205,0.059962523422861,1.0179430088196001e-16,LM*,0.001253916040100251,stellar
2CXO J053505.8-052708,83.77455960214041,-5.45254834664731,209.049163007193,-19.45158091336188,0.22236102435978,0.072454715802623,0.15115552779513,8.2658594002831e-15,Or*,0.0381585488326201,stellar
2CXO J053514.6-052211,83.81109785570311,-5.3697753038290585,208.98832995404848,-19.381703452330203,0.99937539038101,0.99937539038101,-0.99937539038101,1.9483102574232e-14,,0.025291368600509016,stellar
2CXO J010532.9-721331,16.387459572627222,-72.22537282043072,301.4132749087713,-44.861244537433286,-0.50968144909432,-0.26108682073704,-0.28607120549656,7.4965312172154e-14,X,0.846729952889308,AGN
2CXO J114606.1+472855,176.52558816231056,47.482055443757616,150.74732354911325,65.96358446611717,0.057464084946908,0.31105559025609,-0.25858838226109,1.6248816171319e-13,SN*,0.8883724100635297,AGN
2CXO J053514.0-052221,83.80864849243812,-5.3728282473827305,208.99004655075208,-19.385259454309708,0.99937539038101,0.96939412866958,0.99937539038101,2.8924267159019e-14,Rad,0.07929868242010164,stellar
2CXO J164733.9-015311,251.89149177868887,-1.8865280961106303,15.822313242420918,26.275776420697365,0.10618363522798,0.22985633978763,-0.13741411617739,2.1520508357016e-14,X,0.6379830276976983,AGN
2CXO J164715.7-015646,251.81546584632952,-1.9463368078799157,15.721023398914031,26.30900194553752,0.066208619612742,0.31855090568395,-0.26483447845097,6.0569709177429e-14,X,0.6156543377201352,AGN
2CXO J160849.3-390539,242.20580888014456,-39.09440664098442,339.56799305151026,9.349413683382313,-0.50968144909432,-0.316052467208,-0.22985633978763,7.8013835911125e-14,Or*,0.04336539558358929,stellar
2CXO J132535.5-425935,201.39788148950265,-42.99307474383113,309.54496243978,19.439696495064123,0.31980012492192,0.38226108682074,-0.069956277326671,4.2194163414899995e-14,GlC,0.14169252463601276,stellar
2CXO J023233.1-211726,38.1382577053854,-21.290721446989565,204.2123093668948,-66.26349261062367,-0.20986883198001,0.11242973141786,-0.31355402873204,1.9001688895865998e-13,LeI,0.9987539160401002,AGN
2CXO J174544.0-290104,266.4333852739685,-29.017959509621303,359.9431318915915,-0.0638075406136106,-0.99937539038101,-0.99937539038101,-0.1736414740787,0.0,X,0.004492030211547649,stellar
2CXO J110840.7-763608,167.16921132118966,-76.60223309370689,296.964672881143,-14.935984191953896,-0.67083073079325,-0.37601499063086,-0.39350405996252,1.0047072265047e-13,Or*,0.025724082016577863,stellar
2CXO J120155.2-184917,180.48012121832005,-18.821496609286392,286.9539766997362,42.50875599746246,-0.45221736414741,0.013741411617739,-0.46221111805122,1.6273660621422e-14,X,0.8710763237450321,AGN
2CXO J151548.4-370916,228.95181830861827,-37.15448897953831,332.3923459801003,17.32479061354574,-0.97189256714553,-0.81823860087445,-0.74578388507183,1.1284586617825e-13,Or*,0.0046839788591974164,stellar
2CXO J032251.2-370948,50.713566200773016,-37.16351015832506,240.0754839509454,-56.66362675890624,-0.6945658963148,-0.38226108682074,-0.42348532167395,3.9247604308937e-14,UX?,0.6868910975671085,AGN
2CXO J133658.2-294833,204.24284882837503,-29.80924382224959,314.58640025032975,32.02996429059883,0.31105559025609,0.25608994378513,0.058713304184884,1.9799844301256e-14,X,0.47772066522678863,stellar
2CXO J095535.2+690316,148.89700168238505,69.05441411305428,142.10119986208855,40.90888872458869,0.021236727045596,0.14990630855715,-0.12866958151156,3.6743263289565e-14,X,0.8317572131654805,AGN
2CXO J053503.9-052941,83.76646399462243,-5.494809344521924,209.08528323861037,-19.477870338808216,0.92692067457839,0.62835727670206,0.70331043098064,2.3154651369226e-14,X,0.06851069211295506,stellar
2CXO J120623.0+524239,181.5959332318929,52.711029119162376,138.07893536871472,63.07210852746708,0.17489069331668,0.45096814490943,-0.30106183635228,6.52445882808e-13,X,0.9716088619360392,AGN
2CXO J123550.3+621808,188.96002396200103,62.30240544469346,126.07000786139037,54.730707531509246,0.30480949406621,0.24484697064335,0.06371018113679,1.1022273190182e-14,X,0.9681108236911432,AGN
2CXO J122947.7+075925,187.4488923267168,7.990491709773326,286.9405542923027,70.18740190520776,0.17863835103061,0.29356652092442,-0.12242348532167,7.271363706131e-15,Gl?,0.26407571526149964,stellar
2CXO J053526.9-052400,83.862400817381,-5.400169678600739,209.04155231667215,-19.349899702303095,-0.79825109306683,-0.58463460337289,-0.39725171767645,4.2178166172096e-15,Or*,0.007645237138240783,stellar
2CXO J132533.9-425859,201.3913421810788,-42.98321264941943,309.5414046677469,19.450131413187272,-0.10118675827608,0.066208619612742,-0.16614615865084,2.5576482694392e-14,GlC,0.19575645889740836,stellar
2CXO J182100.4-161036,275.2516653501507,-16.176767169992907,15.11600451815955,-0.795068539128053,0.071205496564647,0.021236727045596,0.04996876951905,5.1646746600904e-14,X,0.007513923713318244,stellar
2CXO J053522.3-052414,83.84302659659147,-5.40395839655991,209.03588829221133,-19.36881615220831,0.86071205496565,0.51967520299813,0.61086820737039,5.745925783533e-15,Or*,0.010438853936901457,stellar
2CXO J093939.3-044353,144.91409566688276,-4.731572741368776,239.97930213028883,33.81435436530772,-0.368519675203,0.036227357901312,-0.39850093691443,2.6405479383979e-13,blu,0.9949758981521286,AGN
2CXO J174537.5-290029,266.4065359698716,-29.008177126084878,359.9392509722492,-0.0386690827132375,0.87570268582136,0.89943785134291,-0.18363522798251,1.5165396403479001e-15,X,0.0,stellar
2CXO J053526.4-051611,83.86007432755957,-5.270015170080349,208.91745097394323,-19.293062724603637,0.11617738913179,-0.052467207995003,0.1686445971268,8.209049093352e-15,Or*,0.04358908216479206,stellar
2CXO J104837.7-601325,162.15728847208868,-60.22375875310056,288.24183872226666,-0.9025334130519452,-0.92567145534041,-0.63460337289194,-0.70580886945659,1.1590498018544e-13,Er*,0.0016701439599415815,stellar
2CXO J083924.9+192733,129.8538391152482,19.459169651944425,206.05433838427567,32.194649656556166,-0.88694565896315,-0.44097439100562,-0.73204247345409,5.9000155531263e-14,SB*,0.047263793608227404,stellar
2CXO J053515.6-052402,83.81507338820808,-5.40085243378934,209.01960965549847,-19.39223172686162,-0.70331043098064,-0.36976889444097,-0.44971892567146,3.6992744202183005e-15,Or*,0.002090733936817792,stellar
2CXO J132523.5-430138,201.34798505874835,-43.02733479065387,309.50157838919307,19.410869819646003,-0.0074953154278576,0.10743285446596,-0.11492816989382,,X,0.49595498937607696,stellar
2CXO J053531.6-051657,83.88183692179547,-5.282792300865934,208.93991687702157,-19.279527458485468,-0.19113054341037,-0.13366645846346,-0.057464084946908,6.4294126302783e-15,Or*,0.03405605714646037,stellar
2CXO J004220.9+411520,10.587293374228809,41.25560929594756,121.09511293766508,-21.5837214179845,0.33603997501562,0.19237976264834,0.15365396627108,2.5756300971276e-14,X,0.6387146951336703,AGN
2CXO J122944.7+075955,187.43628725395047,7.998799279545636,286.89879496430376,70.1923556404255,-0.067457838850718,-0.23735165521549,0.20612117426608,7.187131947318801e-16,GlC,0.20404885902336883,stellar
2CXO J110926.4-650225,167.36014420377046,-65.04027684019321,292.43584376101177,-4.268009418595439,0.52467207995003,0.35227982510931,0.20986883198001,2.7013295699807996e-12,X,0.7360387123092171,AGN
2CXO J053522.5-052343,83.84394684308222,-5.395472869710489,209.0283054620596,-19.36416135818745,-0.49968769519051,-0.33603997501562,-0.19237976264834,3.0202429883894002e-15,Or*,0.007522626017060125,stellar
2CXO J061706.2+222649,94.27601137764516,22.44714978371017,189.1500328666485,2.942994236055392,0.93566520924422,0.45346658338538,0.83198001249219,8.8906163461435e-14,X,0.057281038403270194,stellar
2CXO J013436.0+303449,23.65029044766908,30.580513297090278,133.81433162145697,-31.37750355325526,0.24359775140537,0.21236727045596,0.032479700187383,4.9491274954152e-14,HII,0.48149982550772713,stellar
2CXO J031937.5+413844,49.9062302584415,41.64567922965978,150.47148531765913,-13.1677282851559,0.44472204871955,0.41474078700812,0.028732042473454,2.1144406756619e-14,X,0.3035901449517269,stellar
2CXO J125053.7+410718,192.7238707101832,41.12177742705709,123.35437023354048,76.00603006226302,-0.042473454091193,0.23110555902561,-0.27108057464085,9.4808068550239e-14,X,0.8780324774826354,AGN
2CXO J181335.1-174957,273.3965209996927,-17.83260996181292,12.81641689912081,-0.0198456489828016,0.99937539038101,0.9893816364772,0.99937539038101,7.383846908746699e-13,Rad,0.12489571878695925,stellar
2CXO J053517.3-052400,83.82243675019447,-5.40007582891436,209.02239025805665,-19.385342437976096,0.99937539038101,0.64834478450968,0.99937539038101,3.0463465166356003e-15,Y*?,0.002958650618127364,stellar
2CXO J173403.8-261300,263.5158613446142,-26.216848873036387,0.9452279788270505,3.613608549403257,0.77076826983136,0.420986883198,0.51342910680824,9.0463963289986e-14,X,0.032210838379636376,stellar
2CXO J085804.2-472302,134.51770008166977,-47.383897289185015,267.73165996701965,-1.1052239579950178,0.84447220487195,0.37101811367895,0.68831980012492,2.3138655510589e-13,X,0.04082172688748476,stellar
2CXO J053528.5-052504,83.86897022673514,-5.417942426464934,209.06148782667057,-19.352103147221865,-0.85946283572767,-0.58713304184884,-0.53591505309182,2.1161201867291e-15,Y*?,0.018466559769127023,stellar
2CXO J172441.1-341116,261.1712657134308,-34.188102009537616,353.1723825075364,0.9077544030891008,-0.99937539038101,0.99937539038101,-0.99937539038101,0.0,IR,0.002599344457604487,stellar
2CXO J180414.0-242338,271.05852504575887,-24.39412790534971,6.020065936390286,-1.2928123169187242,-0.55590256089944,-0.34353529044347,-0.26108682073704,4.2180118758769996e-14,Or*,0.004590733936817792,stellar
2CXO J174539.3-285938,266.41411734068106,-28.994008453075807,359.95479937843186,-0.0369470896225921,0.97813866333542,0.99937539038101,-0.99937539038101,3.528938137925e-15,X,0.0010904916954629243,stellar
2CXO J110216.2-610617,165.56812816938316,-61.10505352949566,290.1295350142919,-0.9763839360052664,-0.86945658963148,-0.55090568394753,-0.60961898813242,3.3353377613059e-14,Y*?,0.0038149148807239343,stellar
2CXO J064117.7+092926,100.3238040875632,9.490613781372064,203.33277923977911,2.083158412598168,-0.62960649594004,-0.10243597751405,-0.5633978763273,2.7077856656871e-14,Or*,0.014308419241523242,stellar
2CXO J004705.4-251942,11.772788384931571,-25.328594129095155,94.24741365748392,-87.95332696770667,-0.66458463460337,-0.37976264834478,-0.37851342910681,1.3438955577856e-13,X,0.7132457824336618,AGN
2CXO J174541.4-285931,266.42265632821886,-28.99214222329924,359.9602831662439,-0.0423503177535194,0.74453466583385,0.91317926296065,-0.5471580262336,7.849206596546401e-16,X,0.0005025109855618331,stellar
2CXO J174541.0-285929,266.4209842500684,-28.99147887184372,359.96008755852324,-0.0407563226210633,0.90693316677077,0.94316052467208,-0.29606495940037,1.7292974817753e-15,X,0.0,stellar
2CXO J095546.6+694037,148.94433817660263,69.67717209866385,141.41860306976986,40.56163243009433,0.99937539038101,0.70705808869457,0.99937539038101,1.1150871180152e-13,Rad,0.5899447443975088,AGN
2CXO J053509.5-052800,83.79001270901125,-5.466747692270779,209.0699695694669,-19.44427775931604,-0.79700187382886,-0.54465958775765,-0.4422236102436,4.5989090747583e-15,Or*,0.0016701439599415815,stellar
2CXO J223655.9-221315,339.2331827799401,-22.22085148693349,34.598002259968204,-59.145247918965815,0.41224234853217,0.50968144909432,-0.12492192379763,2.5172553030067997e-12,SN*,0.9829512346499447,AGN
2CXO J174940.8-365745,267.4201173785067,-36.96252619096037,353.5544229466239,-4.868251103654283,0.2473454091193,0.068707058088695,0.18113678950656,3.4356295515746e-13,X,0.2538898912420722,stellar
2CXO J135605.3-342110,209.0224469003533,-34.35303272283828,317.83077951118673,26.641318855096557,0.75577763897564,0.57339163023111,0.31730168644597,5.7678170500606e-13,ClG,0.8025974055166768,AGN
2CXO J132954.5+470921,202.47726393254536,47.15604815239664,104.79482539950764,68.59439133766134,0.10993129294191,0.19612742036227,-0.087445346658339,1.0975303595683e-14,Cl*,0.1744573386164664,stellar
2CXO J132952.8+471644,202.4700118923546,47.27894879129736,104.94360197051073,68.4840917020434,0.19737663960025,0.24984384759525,-0.056214865708932,3.2783005169926e-14,X,0.6984981395450123,AGN
2CXO J064118.3+093941,100.32658955059202,9.661532954798652,203.18185773431355,2.163625052880283,-0.80824484697064,-0.316052467208,-0.64834478450968,8.4379950490322e-15,Or*,0.0,stellar
2CXO J120807.4+651028,182.03110013130163,65.17464198204436,130.1855811323819,51.33926165067855,-0.39100562148657,-0.018738288569644,-0.37476577139288,8.778434579816999e-14,Gl?,0.9987556483367652,AGN
2CXO J013301.9+303158,23.257997536059293,30.53290033797838,133.43646660648105,-31.489017136505677,-0.0087445346658339,0.16489693941287,-0.1736414740787,5.5835710841131e-14,PoG,0.3898965890231995,stellar
2CXO J174543.4-285900,266.43098484435905,-28.98350990925582,359.9714466393024,-0.0440728394998201,0.99063085571518,0.98563397876327,0.14490943160525,1.9950159201378e-14,X,0.008181733084600441,stellar
2CXO J053528.4-052620,83.86850162615247,-5.439018574707826,209.0811899295997,-19.36204770562812,-0.88819487820112,-0.62585883822611,-0.58838226108682,8.1182101928162e-15,Or*,0.09703835259993873,stellar
2CXO J033231.9-280310,53.13334530809016,-28.052943394900023,223.9930619695488,-54.45851525708076,-0.16614615865084,0.1261711430356,-0.28607120549656,5.5453668099658e-14,Rad,0.9912741288333439,AGN
2CXO J132953.7+471431,202.4741086453296,47.24210245808076,104.89589934017928,68.51664527054976,-0.89943785134291,-0.81199250468457,-0.31730168644597,6.1635946823682e-15,X,0.41818325283169644,stellar
2CXO J023546.8+344115,38.945219694591685,34.68734478897531,146.14065249605676,-23.438623599643613,-0.47470331043098,-0.053716427232979,-0.43222985633979,6.561966893249699e-13,Pu*,0.9101403903390538,AGN
2CXO J053520.9-052042,83.83751259855046,-5.345320748570307,208.9778281025246,-19.3471850874666,0.99937539038101,0.473454091193,0.99937539038101,7.4493788087333e-15,Or*,0.021081502599596673,stellar
2CXO J174426.5-290329,266.1104555348295,-29.05811756637552,359.7615016396124,0.1560495629512759,-0.76077451592755,-0.31730168644597,-0.58088694565896,6.0276595575122e-14,X,0.002507832080200502,stellar
2CXO J174538.6-285951,266.41085552163577,-28.997769105391637,359.9501030667844,-0.0364710861929119,0.67832604622111,0.77451592754528,-0.25733916302311,4.510964839745201e-16,HII,0.0016701439599415815,stellar
2CXO J125829.9+275818,194.62497702605677,27.971687742875,61.655316486464905,88.22195559483609,-0.48094940662086,-0.047470331043098,-0.44347282948157,2.4884631911545e-14,X,0.6719797228078768,AGN
2CXO J091645.3+514147,139.18901793806708,51.69636172117408,166.17414788346656,43.206898497765216,-0.25858838226109,0.021236727045596,-0.27857589006871,2.7815035983632e-13,X,0.9962539160401002,AGN
2CXO J033904.3+093910,54.76830681389083,9.652808356751226,176.62829518252522,-35.20482825120717,-0.90318550905684,-0.24984384759525,-0.7945034353529,1.9094887019175e-13,Er*,0.060294318965898534,stellar
2CXO J053520.5-052140,83.83557400410518,-5.361372883627982,208.9920743643028,-19.35616983550481,-0.35352904434728,-0.29356652092442,-0.064959400374766,8.1697855536787e-15,Or*,0.00851746791024975,stellar
2CXO J203426.1+600909,308.60890422025545,60.15256828723398,95.68594901391788,11.716544423220668,0.1211742660837,0.082448469706433,0.039975015615241,1.0070851819839999e-13,X,0.49468658927157116,stellar
2CXO J174543.4-285841,266.43117152376817,-28.97811627216971,359.9761359935164,-0.0414030158279583,0.99937539038101,0.99937539038101,-0.99937539038101,2.3801282215939998e-14,X,0.004571672537363997,stellar
2CXO J031946.1+413736,49.94237391784458,41.62694849358532,150.505235742872,-13.168479090566468,-0.20986883198001,0.14366021236727,-0.3422860712055,4.8623579736319997e-14,X,0.7428144705828096,AGN
2CXO J174541.2-285930,266.4217964983425,-28.991756302005086,359.9602208306674,-0.0415073005880522,0.71205496564647,0.85071830106184,-0.36976889444097,6.1308006310179e-16,X,0.0037539160401002507,stellar
2CXO J104346.9-593309,160.94579640029554,-59.552651482942494,287.39251923655496,-0.5886476120242764,-0.23735165521549,-0.16739537788882,-0.06371018113679,3.1077667419281e-15,Y*?,0.0011149801518211574,stellar
2CXO J064104.4+095150,100.26837388629168,9.863928884750765,202.9754388176066,2.204963341740706,-0.79825109306683,-0.43972517176765,-0.54965646470956,1.3169753580793998e-13,Or*,0.0037637153560084713,stellar
2CXO J163946.3-485635,249.9432197306257,-48.94304238385878,336.4058694973693,-1.5004473789927688,0.61711430356027,0.29606495940037,0.39225484072455,1.3503139115548e-13,Y*?,0.006064638319995468,stellar
2CXO J001142.8-152320,2.9285014214221974,-15.389229450088978,82.74673937085447,-75.06686828325476,-0.36227357901312,-0.092442223610244,-0.27982510930668,2.4288098432344e-13,ClG,0.9925217557935188,AGN
2CXO J090036.8+205340,135.1535443696814,20.894501830005225,206.4434537486584,37.36182400144134,0.63085571517801,0.71830106183635,-0.16239850093691,5.018078840878299e-13,ClG,0.890354827730235,AGN
2CXO J153457.1+233012,233.7381558021591,23.50359663138413,36.62793526490167,53.02882545929078,-0.58088694565896,-0.34353529044347,-0.2948157401624,1.789510817057e-14,Rad,0.689318186238506,AGN
2CXO J104634.9+134502,161.6456847486195,13.750784524660132,231.31108076887105,57.96501994914193,-0.034978138663335,0.34978138663335,-0.38101186758276,1.9233498567553e-13,Rad,0.9608251621812685,AGN
2CXO J053513.1-051730,83.8048841806222,-5.291814768404721,208.9116749382392,-19.35193259913893,0.8107432854466,0.26233603997502,0.6945658963148,1.2659502353509e-14,Or*,0.002090733936817792,stellar
2CXO J123305.1+170133,188.27128170723165,17.025890080216346,279.2036175866998,79.04262811495266,-0.70455965021861,-0.30855715178014,-0.50468457214241,8.6905427117221e-13,Rad,0.2762671988272977,stellar
2CXO J064115.7+092616,100.31565139209148,9.438018562521194,203.37592941268292,2.0519909210732887,-0.67083073079325,-0.30356027482823,-0.45971267957527,1.1065165137896e-13,X,0.005726189663638495,stellar
2CXO J053515.5-052126,83.81500659776464,-5.357471591178011,208.97856547638503,-19.37266592930272,0.97064334790756,0.97813866333542,-0.25484072454716,2.2419234549777e-14,X,0.1307324949559293,stellar
2CXO J165400.8-415238,253.50349798695905,-41.87737786362909,343.40576964093566,1.1731158893221298,0.19362898188632,0.11992504684572,0.074953154278576,1.2174623689632e-13,Y*?,0.0,stellar
2CXO J053517.4-051822,83.82288616387825,-5.306232042501951,208.93390097782705,-19.342478152084137,0.78825733916302,0.45846346033729,0.50343535290443,1.8730738441343e-15,Or*,0.024068833822461243,stellar
2CXO J182956.0+010025,277.4836535497259,1.006985719760353,31.374059102426656,5.243125200651444,0.31980012492192,0.022485946283573,0.2998126171143,1.3872590561417e-13,Or*,0.03883509746714127,stellar
2CXO J043157.7+182137,67.99075517743563,18.36050697810254,178.80475689323347,-19.83242633935309,-0.06371018113679,0.076202373516552,-0.13991255465334,5.0826541769663e-13,Or*,0.8361520841290596,AGN
2CXO J004733.1-251720,11.888150246921782,-25.28901312411458,97.3634200601981,-87.96477516262799,0.75327920049969,0.30855715178014,0.57713928794503,2.1736284380236998e-13,HII,0.7891425820492031,AGN
2CXO J053513.7-052202,83.80749537150677,-5.3674710942990895,208.98443132933932,-19.38385948584728,0.82573391630231,0.71330418488445,0.19237976264834,2.2902243684145e-15,mm,0.12794359732893593,stellar
2CXO J120902.2-512041,182.2592350439919,-51.34474689564146,296.2103611334178,10.972787878098876,-0.87070580886946,-0.47845096814491,-0.67207995003123,5.6561519920665e-13,Y*?,0.002340574941175901,stellar
2CXO J053519.2-053103,83.83009870070828,-5.517568341767624,209.13716600624664,-19.431644275644672,-0.41099312929419,-0.30480949406621,-0.11992504684572,8.1227740730627e-15,Or*,0.012726194374666029,stellar
2CXO J174534.6-290024,266.3944973215196,-29.006959479509863,359.93480427617965,-0.0290483652913333,0.99937539038101,0.93316677076827,0.81823860087445,7.320147198927e-16,X,0.0061746712836427435,stellar
2CXO J053534.0-045411,83.89178185363255,-4.903132839480656,208.58643705942004,-19.09844672912237,-0.59712679575265,-0.24984384759525,-0.40849469081824,1.5644990086898e-13,Or*,0.0239353449778524,stellar
2CXO J172637.7-050512,261.6574234940631,-5.086703960758084,18.258137692165302,16.27063192401576,-0.99937539038101,-0.99937539038101,-0.84447220487196,5.4417326392059e-13,SB*,0.0015435677159716021,stellar
2CXO J174542.6-285919,266.42774409769083,-28.98866073235952,359.9655731408676,-0.0443357460403483,0.8894440974391,0.91817613991255,-0.24984384759525,7.619127811091901e-16,X,0.00413953547359038,stellar
2CXO J053531.4-052816,83.88092324868308,-5.47121626730707,209.11755737182423,-19.365569427247767,-0.078700811992505,-0.11242973141786,0.034978138663335,3.7089251972736e-15,HH,0.043929669272646826,stellar
2CXO J174544.0-290106,266.43338458725214,-29.018568058223437,359.9426120824742,-0.0641239747776071,0.86071205496565,0.91317926296065,-0.26233603997502,1.5457312039037e-15,X,0.0,stellar
2CXO J120154.2-185201,180.476136286567,-18.867040252777706,286.9650183680288,42.46378772855405,-0.16989381636477,0.016239850093691,-0.18613366645846,3.0720466913172e-14,HII,0.9777383073347332,AGN
2CXO J004241.8+405155,10.674324928515432,40.865264868985314,121.15006548109784,-21.976240345076494,-0.43597751405372,-0.058713304184885,-0.38600874453467,3.1207046643742e-14,X,0.8390242190373542,AGN
2CXO J112018.3+125900,170.0762935696148,12.983515359583052,241.99446036948925,64.42448158590673,0.15865084322299,,,1.3810374321643998e-13,HII,0.8533098837890691,AGN
2CXO J053555.4-052342,83.98102743458867,-5.3952158214074775,209.09345395298743,-19.242323372445014,-0.86570893191755,-0.43222985633979,-0.67582760774516,7.3368060287046e-15,Or*,0.0038427989054449965,stellar
2CXO J174608.3-290623,266.53489614400337,-29.10654020575053,359.91367385570555,-0.185675327632182,0.95690193628982,0.97064334790756,-0.26358525921299,4.5976711558013e-14,X,0.012431502023380427,stellar
2CXO J053913.9-685728,84.80814943904454,-68.95787944487175,279.29197528726206,-31.64112645083422,-0.25733916302311,0.23360399750156,-0.46470955652717,2.4773781581966998e-14,X,0.7245646008689396,AGN
2CXO J174539.9-285933,266.4163017427787,-28.99264658769829,359.9569572060117,-0.0378685133049735,0.45096814490943,0.74953154278576,-0.45471580262336,0.0,X,0.007446789250297517,stellar
2CXO J125825.4-014252,194.6060737470882,-1.7146751331037886,306.5470898355012,61.108022958744655,-0.18738288569644,0.042473454091193,-0.22735790131168,8.5256850762178e-14,X,0.8828458181353583,AGN
2CXO J084223.6-790402,130.59872872854362,-79.0674662909877,292.526424455307,-21.66294070591133,-0.77701436602124,-0.33104309806371,-0.59962523422861,6.4632752194148e-13,Or*,0.04540740589751083,stellar
2CXO J042942.4+263248,67.42696385029012,26.54693034920092,171.90381801061284,-14.937952036527388,-0.61086820737039,-0.18113678950656,-0.48219862585884,3.3477644650613e-13,Or*,0.07409899143081099,stellar
2CXO J123157.7-074718,187.99040652580447,-7.788370126533196,294.55014416080763,54.766104284781576,0.0049968769519051,0.24609618988132,-0.24109931292942,2.201595002697e-12,Rad,0.9778490244387946,AGN
2CXO J174534.9-290248,266.3957792089584,-29.046857519531343,359.9013355571859,-0.0507959021115622,0.99937539038101,0.83947532792005,0.14490943160525,4.1566846632952003e-16,X,0.010487650762646511,stellar
2CXO J053515.3-051901,83.81393092233077,-5.317220633152845,208.94000711334823,-19.355403560547305,-0.80949406620862,-0.46346033728919,-0.54965646470956,6.508135381850101e-15,Or*,0.0,stellar
2CXO J174534.0-290030,266.39201994108896,-29.008504488876376,359.9323565829057,-0.0280043229439963,0.87820112429731,0.99937539038101,-0.99937539038101,2.5297639406526e-15,X,8.67299399770309e-05,stellar
2CXO J132509.1-425859,201.2882103571924,-42.98312005759692,309.46218197038297,19.46072478596365,0.20737039350406,0.25484072454716,-0.049968769519051,2.7498394146121e-14,GlC,0.1199599596084118,stellar
2CXO J181119.0-192632,272.829450905112,-19.44229888855005,11.1464469959392,-0.3215590182286802,0.66208619612742,-0.13241723922548,0.73079325421611,2.2279218068871e-14,X,0.0112108662517968,stellar
2CXO J053535.6-052935,83.89849750132214,-5.493359277618499,209.14687356382893,-19.359967444944463,-0.73579013116802,-0.30730793254216,-0.55090568394753,1.2427734419044e-14,Or*,0.002507832080200502,stellar
2CXO J132529.5-430055,201.37313710006947,-43.01542529904561,309.5226466722056,19.42009768397848,0.37726420986883,0.11992504684572,0.2685821361649,5.6904717548216e-14,X,0.08066792275719799,stellar
2CXO J095531.2+690418,148.88026233004496,69.07184756695864,142.08690131862824,40.8939586918982,0.13991255465334,0.23485321673954,-0.098688319800125,2.463536273727e-14,X,0.7574378564186052,AGN
2CXO J053516.6-052315,83.81923624347189,-5.387810726787896,209.0092663705248,-19.38263653574394,-0.13741411617739,0.3735165521549,-0.48594628357277,8.3014492115117e-15,Or*,0.18723361321305487,stellar
2CXO J035838.1+535918,59.658821664531445,53.988617380868334,148.31154715672704,0.6097282519108478,-0.87070580886946,-0.56464709556527,-0.59962523422861,1.7781415072993e-13,SB*,0.0021447709207823525,stellar
2CXO J115518.3+193941,178.82644988705533,19.66141527124785,240.08914903150296,75.12944549283925,-0.076202373516552,0.02998126171143,-0.10618363522798,3.4097464660768997e-13,LeI,0.8255091417671713,AGN
2CXO J004730.9-251826,11.879185747604538,-25.307404737193696,96.9340553058648,-87.97792534100182,0.44846970643348,0.53091817613991,-0.18238600874453,5.1826370428754e-15,X,0.5656756546011891,AGN
2CXO J174537.9-290024,266.40820487005453,-29.006985937756102,359.9410281516732,-0.0392942536236404,0.96939412866958,0.97564022485946,-0.21361648969394,6.0729324676599e-15,X,0.0,stellar
2CXO J180413.9-242623,271.0580279397325,-24.43992079142102,5.979929472864343,-1.3148824710952898,-0.36727045596502,-0.14366021236727,-0.23485321673954,4.1735156479979e-14,Or*,0.010646642413619244,stellar
2CXO J041610.3-554648,64.04320263406487,-55.78009449709288,265.6314867024494,-43.69143177458884,-0.012492192379763,0.21611492816989,-0.22735790131168,4.4360735698968996e-13,X,0.8950865691984053,AGN
2CXO J080207.4+004831,120.53099378838812,0.8088239860331002,220.4563686950724,16.05584138237945,0.26108682073704,0.27108057464085,-0.011242973141786,2.4044843402028997e-13,SN*,0.42929238346099796,stellar
2CXO J112830.6+583342,172.12786980884982,58.56173800923937,141.90921920925356,55.40528259370295,0.55715178013741,0.36976889444097,0.23485321673954,1.0206274271499e-13,Rad,0.9088992042585935,AGN
2CXO J130442.5-493449,196.1771946490192,-49.58039964368352,305.1410699853515,13.234415525553814,0.64709556527171,0.26483447845097,0.45971267957527,1.7125861239869e-13,X,0.09954668406444515,stellar
2CXO J110918.1-763029,167.3251852179834,-76.5081272383235,296.9603332900029,-14.835219722565792,0.53466583385384,0.25234228607121,0.32479700187383,1.5975974772265e-13,Or*,0.2599044995028962,stellar
2CXO J123050.9+122303,187.7121954145041,12.38419478026428,283.8073303395996,74.48637049038702,0.99937539038101,0.26233603997502,0.99937539038101,2.2322278519375e-15,GlC,0.21448944131352246,stellar
2CXO J053517.0-052858,83.8211171686761,-5.48287365372392,209.10006230045792,-19.423945380158205,-0.012492192379763,-0.099937539038101,0.088694565896315,5.384344929751e-15,Or*,0.022014289136831858,stellar
2CXO J053551.6-050809,83.96528380532692,-5.136015430303177,208.8412310012905,-19.138940133349607,-0.86570893191755,-0.37476577139288,-0.72579637726421,,Or*,0.005601457548962808,stellar
2CXO J034426.6+320358,56.11099687401384,32.066127550032746,160.5344371242259,-17.89350024156138,-0.72704559650219,-0.57339163023111,-0.25858838226109,1.6085033737456998e-14,Or*,0.0073098245169017015,stellar
2CXO J103522.2-244512,158.84239027459694,-24.753600095479957,267.56972347661184,28.61855670649872,0.20112429731418,0.27857589006871,-0.082448469706433,8.83876112701e-13,ULX,0.8111919902777974,AGN
2CXO J165436.0-415338,253.65022597472444,-41.89390084685263,343.4617949045485,1.077890537977457,0.19612742036227,0.14865708931918,0.048719550281074,1.1219298714006999e-13,bC*,0.006266972250459261,stellar
2CXO J120922.1+295559,182.34244787765533,29.933221599252175,193.5735590582449,80.34827897682501,0.10493441599001,0.15740162398501,-0.053716427232979,1.4173430326445998e-13,ULX,0.817894594148569,AGN
2CXO J015745.8+374145,29.44122106239581,37.6959647239694,137.1687543755939,-23.335275911301487,-0.26983135540287,-0.014990630855715,-0.25608994378513,6.8973724478923e-14,X,0.9585347689793627,AGN
2CXO J120150.0-184953,180.45840116969305,-18.8316260890452,286.9306027796373,42.49364733798359,-0.1524047470331,0.16114928169894,-0.30480949406621,3.083869707836e-14,X,0.9787135337148348,AGN
2CXO J184204.7-284232,280.5197184693028,-28.7090552397504,6.070854749758078,-10.787672507668653,-0.14490943160525,-0.0037476577139288,-0.14116177389132,1.2806646653538e-13,Rad,0.4007384606546045,stellar
2CXO J174704.6-285246,266.7695388307088,-28.879658379401587,0.2141431187100649,-0.2432677693429663,0.12742036227358,-0.11367895065584,0.36477201748907,3.1931158792108e-15,Y*?,0.0062558648733187375,stellar
2CXO J053513.7-052217,83.80737299355309,-5.371492284265069,208.9881744633309,-19.385787513544532,0.99937539038101,0.91193004372267,0.99937539038101,1.1127095475993e-14,mm,0.020963517771520467,stellar
2CXO J053512.2-052044,83.80112047097214,-5.345853910929994,208.96095124341807,-19.37973750308506,-0.022485946283573,-0.28232354778264,0.26233603997502,5.2463886070907006e-15,IR,0.001253916040100251,stellar
2CXO J165739.8-294926,254.41615600998895,-29.823934639977445,353.3333140726276,8.104163592912458,0.054965646470956,0.16489693941287,-0.10993129294191,1.8198831995597e-12,X,0.9275877215560503,AGN
2CXO J053513.0-052153,83.80438859322157,-5.364779614697492,208.98040322374837,-19.385400117862275,0.59212991880075,0.18363522798251,0.45721424109931,5.4971589919205006e-15,Rad,0.023373877487551153,stellar
2CXO J123038.4+413831,187.6601020294781,41.642179061817615,137.97319213059654,74.87308230058139,0.71955028107433,0.23485321673954,0.58213616489694,1.9853853145973998e-13,X,0.5230546234172683,AGN
2CXO J053512.4-044426,83.80190766224632,-4.740555612731471,208.39010528802692,-19.104211888114367,-0.2211118051218,-0.1736414740787,-0.048719550281074,1.4487006473514e-13,Or*,0.0281655856484786,stellar
2CXO J124252.3+131526,190.71820338732695,13.257453128346224,294.2948586713096,75.98536570069824,-0.088694565896315,0.079950031230481,-0.16739537788882,7.1044667645516e-13,HII,0.933846046766705,AGN
2CXO J112833.6+583346,172.14009108902928,58.56297548143497,141.89866882281646,55.40778910990405,0.84072454715803,0.53841349156777,0.5471580262336,1.3250240963419e-13,Rad,0.9716825437513426,AGN
2CXO J032743.3+311719,51.93070220743033,31.28891856283008,158.08946656192362,-20.71036673607614,-0.48469706433479,-0.1686445971268,-0.34353529044347,2.4535893271705996e-13,Or*,0.5518279289208483,AGN
2CXO J123047.8+122401,187.6993007690577,12.400287489728068,283.74438424300035,74.49796117353115,-0.60587133041849,-0.39725171767645,-0.25858838226109,5.7326565651062006e-15,GlC,0.2995569816567396,stellar
2CXO J053842.1-690555,84.67550765997646,-69.09869246796852,279.4626035994873,-31.672548830395,-0.50218613366646,-0.25109306683323,-0.28732042473454,4.2801254076505005e-15,X,0.13001420617602472,stellar
2CXO J142022.7-605322,215.0948984566486,-60.88956308183059,313.5403820595939,0.1370172048516438,-0.87445346658339,-0.66958151155528,-0.49094316052467,7.0713386635256e-14,Pu*,0.025813921288374057,stellar
2CXO J171432.9-292748,258.6372990482405,-29.4633927308668,355.8259734075468,5.372682725042903,-0.8632104934416,-0.75702685821362,-0.30605871330418,5.3305708532642996e-14,LX?,0.002922322273541218,stellar
2CXO J125611.5+565326,194.04806554040647,56.890827279262965,121.6244898798397,60.22535420221305,-0.22735790131168,0.048719550281074,-0.27232979387883,1.4187523885978e-14,X,0.908361528656544,AGN
2CXO J175144.9-293802,267.93737262683,-29.63392985193913,0.0910361406209602,-1.504940341353164,0.8369768894441,0.47095565271705,0.60087445346658,2.0263868985883e-14,LP?,0.012018451037019406,stellar
2CXO J174537.5-290011,266.4063105344113,-29.00335888966804,359.943260831588,-0.0359904060125984,0.99937539038101,0.99937539038101,0.99937539038101,1.4863218769268e-15,X,0.005842691971280895,stellar
2CXO J174804.9-282917,267.0205950077881,-28.488128911942077,0.6631490883854321,-0.229101379757775,0.99937539038101,0.92692067457839,0.99937539038101,2.7516412003167997e-13,X,0.028538069651451746,stellar
2CXO J053551.1-050709,83.96300957677573,-5.119184677490582,208.82426550890585,-19.133326966938156,-0.77576514678326,-0.38351030605871,-0.55715178013741,6.4460049266197e-13,Or*,0.020230481663241734,stellar
2CXO J053520.0-052226,83.833470098764,-5.374006041000733,209.0030113784804,-19.363753458840808,-0.16239850093691,-0.1524047470331,-0.0087445346658339,5.0943258788656e-15,X,0.022758477769711384,stellar
2CXO J174510.3-290649,266.2932264298954,-29.113687563884938,359.79757498448555,-0.0091710435771295,0.99937539038101,0.99937539038101,-0.99937539038101,6.9904937045721e-14,X,0.0023914041740115393,stellar
2CXO J122934.4+075851,187.3935903955171,7.980983743008907,286.79111395556697,70.16457178816192,-0.09369144284822,0.12866958151156,-0.21861336664585,3.5264877395431e-14,Gl?,0.9221665976619025,AGN
2CXO J203137.5+411321,307.90626117055103,41.22248549138156,79.96900854363211,0.9790092967361308,-0.21236727045597,-0.32604622111181,0.12242348532167,2.1649991246653e-13,SB*,0.005018285770353125,stellar
2CXO J053459.5-052400,83.74816451262524,-5.40010411883193,208.98695413586637,-19.451301419968036,0.420986883198,-0.01998750780762,0.43597751405372,3.1563512952429998e-15,?,0.039438406050910604,stellar
2CXO J124158.0+322851,190.4917742805692,32.48094576799677,143.3507262698478,84.26710170683656,-0.13741411617739,0.024984384759525,-0.16239850093691,8.5336961028942e-14,X,0.9267444529440655,AGN
2CXO J231616.1-423517,349.0674293710306,-42.58826821032692,348.1172210225837,-65.24840157730951,-0.52717051842598,-0.059962523422861,-0.48219862585884,3.7647876341401e-14,UX?,0.9720180988742217,AGN
2CXO J152225.3+253726,230.60558993073232,25.624056866741128,39.11412212417809,56.27642739999058,-0.90318550905684,-0.57089319175515,-0.68707058088695,5.8438065892418e-13,SB*,0.006514104821248228,stellar
2CXO J071603.5+470850,109.01492529877362,47.14722224572775,170.45122931496005,23.52736664968417,-0.016239850093691,0.17988757026858,-0.19612742036227,6.7095559314076e-14,LeI,0.5945538978520802,AGN
2CXO J174532.2-290112,266.38425156756784,-29.020215330014583,359.9188213921623,-0.028309488046676,0.91692692067458,0.99937539038101,-0.99937539038101,1.4710865069264002e-15,X,0.0009235478366945722,stellar
2CXO J172442.0-341105,261.1750228596811,-34.18486858873806,353.1768042698039,0.9070011756170814,-0.31105559025609,0.1736414740787,-0.45096814490943,1.0249466331066e-15,IR,0.004256427025662084,stellar
2CXO J053506.8-052209,83.77870080998849,-5.369263199698954,208.9723736922094,-19.410236184537617,-0.81199250468457,-0.30231105559026,-0.67207995003123,4.2460429777669006e-15,Or*,0.002510453690152624,stellar
2CXO J203436.5+600930,308.65219709864766,60.1584290577162,95.7034885307922,11.702277158866892,-0.75827607745159,-0.39600249843848,-0.51717676452217,6.070439421459999e-14,UX?,0.027422338649015995,stellar
2CXO J084900.5+444703,132.25215074220483,44.7841930500078,175.80791339753156,39.14147754178416,0.79075577763898,0.42598376014991,0.55090568394753,6.2041364855566e-14,X,0.6835183458297633,AGN
2CXO J123046.9+122334,187.69541400759147,12.392903628361172,283.7391093831548,74.4897792746872,0.41723922548407,0.12742036227358,0.28981886321049,4.5857447998865004e-15,GlC,0.1089829576378508,stellar
2CXO J095530.3+690039,148.87658861866095,69.01110120820425,142.15363677559597,40.92784479132726,-0.25234228607121,0.097439100562149,-0.30231105559026,4.846300459171e-16,Gl?,0.515836077413891,AGN
2CXO J174538.7-285948,266.4112437836892,-28.996834827092485,359.9510774564371,-0.036274203385248,0.99937539038101,0.94690818238601,0.99937539038101,4.1913021550357e-15,HII,0.002506961856659123,stellar
2CXO J183038.3-100247,277.6596272434181,-10.046413270242557,21.631881143556164,-0.0069708903503306,0.99937539038101,0.99562773266708,0.99937539038101,1.0246312446799e-12,IR,0.11228674665107866,stellar
2CXO J062246.5-000949,95.69400708176812,-0.1636376500129354,209.79735862081012,-6.448770018417841,-0.99937539038101,-0.67582760774516,-0.57339163023111,0.0,Y*?,0.04230629097147789,stellar
2CXO J012535.7+233041,21.39885143635206,23.51141934051956,132.97874607605434,-38.693055432877166,-0.93941286695815,-0.65958775765147,-0.73454091193004,7.0055528626328e-13,SB*,0.012853520527144622,stellar
2CXO J013329.2+304508,23.372113895468544,30.75237042323106,133.50075912956493,-31.254937166764822,-0.2211118051218,-0.034978138663335,-0.18738288569644,2.6008714557141e-14,X,0.9190825833014368,AGN
2CXO J064125.6+093443,100.35681110420046,9.578648703864056,203.26926681764652,2.152306073396648,-0.90318550905684,-0.52841973766396,-0.68332292317302,4.0368873585907005e-15,X,0.0,stellar
2CXO J053525.1-052225,83.85473832185704,-5.373664072885087,209.0128410992326,-19.344714665857744,0.2423485321674,-0.12492192379763,0.35602748282324,5.2450664328269e-15,Or*,0.011197675591876613,stellar
2CXO J122813.2+440655,187.0552136124827,44.11549237754963,136.81134465298416,72.38169812156744,-0.58088694565896,-0.3422860712055,-0.29606495940037,3.89301702647e-14,Cl*,0.8680751957494036,AGN
2CXO J180940.7-192543,272.4197331415571,-19.42889891528532,10.971711452998711,0.0233024018944313,-0.50093691442848,0.99937539038101,-0.99937539038101,0.0,X,0.01219007839442228,stellar
2CXO J122254.1+154912,185.72551030191855,15.820156690072997,271.1289525039893,76.89547916747338,-0.76702061211743,-0.33479075577764,-0.57963772642099,1.8311304361211e-14,X,0.5389951686505484,AGN
2CXO J132523.5-430220,201.3482113821591,-43.039033555993086,309.50002445966527,19.39926204934526,-0.081199250468457,0.077451592754528,-0.15865084322299,2.6151126353595e-14,X,0.25405783911135255,stellar
2CXO J042457.0+271156,66.2378659396187,27.19895490978597,170.66806372360645,-15.294231638276433,-0.81823860087445,-0.42598376014991,-0.60087445346658,2.2715807887329e-13,Or*,0.0035520016379458176,stellar
2CXO J053515.3-052224,83.81393201966114,-5.37364505779269,208.9933416373232,-19.38093783737686,-0.18113678950656,-0.11617738913179,-0.062460961898813,9.4443158195565e-15,Or*,0.0456993023501592,stellar
2CXO J115907.1+290842,179.7799544599003,29.14513975654697,199.96091833084083,78.2977327143484,0.95940037476577,0.82698313554029,0.63460337289194,2.9566478913401e-13,X,0.9301820285455463,AGN
2CXO J053834.8-685916,84.64532726992468,-68.98799170636025,279.3347909564913,-31.69582540659179,0.38101186758276,0.20986883198001,0.18363522798251,7.9291522396387e-15,X,0.2913594629384294,stellar
2CXO J123024.9+124558,187.60384933918,12.766267041585149,282.986662563264,74.81801250204347,-0.21361648969394,-0.033728919425359,-0.18113678950656,3.2753236080553e-14,X,0.9494262168651928,AGN
2CXO J053524.8-052509,83.85371724341383,-5.419494706801408,209.0556780361307,-19.36634897866248,-0.7420362273579,-0.46470955652717,-0.41973766396002,5.3937315130205e-15,Or*,0.0037539160401002507,stellar
2CXO J053517.8-052430,83.82425699714554,-5.408492354651324,209.0312168640152,-19.387532658377065,-0.40349781386633,-0.18863210493442,-0.23235477826359,6.1829429616412e-15,Or*,0.01080967943353196,stellar
2CXO J174541.9-290120,266.42474337118256,-29.022504830572466,359.9353157459582,-0.0597240865849606,0.99937539038101,0.93316677076827,0.8632104934416,1.7519267122096e-15,X,0.010138975600085023,stellar
2CXO J174544.2-290102,266.4342380509222,-29.017496906968308,359.9439151908012,-0.0642032095888849,0.79075577763898,0.87570268582136,-0.40474703310431,6.4815158256853e-16,X,0.004177976040142083,stellar
2CXO J174543.7-285947,266.4324205784211,-28.996432403332022,359.9610693552618,-0.0518754061728782,0.99937539038101,0.99437851342911,-0.24859462835728,2.9786222026817e-14,X,0.004789319902943132,stellar
2CXO J174535.2-290015,266.3969199817544,-29.00425738818398,359.9382146002169,-0.0294486995798591,0.87195502810743,0.99937539038101,-0.99937539038101,2.4769545563755e-15,X,8.67299399770309e-05,stellar
2CXO J183545.6-325926,278.9401153299941,-32.99059989967869,1.5340161693751162,-11.376757876137216,-0.91817613991255,-0.71455340412242,-0.59088069956277,6.2603969080829e-14,GlC,0.18882521608716116,stellar
2CXO J020931.2-101135,32.38013457098475,-10.193155400290038,174.01867592024186,-64.99720680107654,0.96564647095565,0.92816989381636,0.34603372891943,1.2347098567812e-13,X,0.9955944956923036,AGN
2CXO J141457.7-002058,213.7405638617206,-0.3496446387715733,342.49162101972263,55.969267747725645,-0.8632104934416,-0.55215490318551,-0.59212991880075,6.5740296073122e-14,ClG,0.5153746165161446,AGN
2CXO J174804.2-244625,267.017789304846,-24.77380997183374,3.842839912435761,1.6914015412977723,-0.079950031230481,-0.51717676452217,0.45221736414741,6.7305501770627005e-15,X,0.001253916040100251,stellar
2CXO J083615.2-262434,129.06344745755115,-26.409549792647795,248.5730545893269,8.57838698099155,-0.70580886945659,-0.38850718301062,-0.43722673329169,2.6846443218009998e-14,MoC,0.005013923713318246,stellar
2CXO J104401.7-593203,161.00724075523408,-59.53425562127767,287.41136136324366,-0.5577697676882621,-0.56964397251718,0.40724547158026,-0.76202373516552,4.8702598542899e-16,cor,0.003970633609184879,stellar
2CXO J174542.5-285914,266.4272236776776,-28.98745679440432,359.9663637577912,-0.0433200595370113,0.87945034353529,0.93316677076827,-0.3210493441599,8.4666284076884e-16,X,0.0,stellar
2CXO J160835.7-390348,242.14903246744396,-39.06340284984498,339.5569037308557,9.40217797457658,-0.85571517801374,-0.41224234853217,-0.68457214241099,5.5243748154879e-14,Or*,0.0,stellar
2CXO J174613.9-290220,266.55819879133924,-29.039107685584256,359.9818632713817,-0.1680064243281446,0.86570893191755,0.5683947532792,0.57464084946908,2.9171638682204e-14,X,0.01085855187990841,stellar
2CXO J143244.5-442021,218.18530173268653,-44.33930461705544,321.3861953557688,14.872233699544877,-0.34978138663335,-0.086196127420362,-0.27108057464085,4.2378611064931e-13,X,0.44401313383998575,stellar
2CXO J175130.0-293613,267.8752549923024,-29.603750652988957,0.0894497781523161,-1.443098902217432,0.94815740162398,0.58588382261087,0.81324172392255,1.5392188608282e-14,X,0.0065932355002949646,stellar
2CXO J053517.5-051832,83.82327185273942,-5.308993427258906,208.93669472086708,-19.343385894932357,0.77201748906933,0.20986883198001,0.66708307307933,1.0626744638699e-14,X,0.007695028945029698,stellar
2CXO J053424.0-044710,83.60040613353988,-4.786275544910142,208.33634807835443,-19.30380151575824,-0.83572767020612,-0.36102435977514,-0.67582760774516,1.5101758644525e-13,Or*,0.008433532842262788,stellar
2CXO J053513.0-052200,83.80427212740528,-5.366914926717143,208.98236628645543,-19.386469682539268,-0.75327920049969,-0.37726420986883,-0.51967520299813,,cor,0.01455967445076855,stellar
2CXO J053520.0-052522,83.83346124810657,-5.422889479282435,209.0492223971572,-19.385870234623777,0.9581511555278,0.90193628981886,0.33978763272954,7.321302557014901e-15,LM*,0.18121087304172576,stellar
2CXO J182432.3-245208,276.13469785151665,-24.869031044106105,7.797940024442036,-5.578420861251691,0.35602748282324,0.25983760149906,0.10493441599001,4.4294432448791e-14,X,0.26147810637729074,stellar
2CXO J171915.7-361532,259.8154993771984,-36.25920322542476,350.83855672111207,0.6431680063905578,-0.85071830106184,-0.48844472204872,-0.61961274203623,8.7751549518105e-14,Y*?,0.001253916040100251,stellar
2CXO J042715.1+261539,66.8133812680959,26.260979250627877,171.74812759097605,-15.538979136485752,0.48344784509681,0.24359775140537,0.27108057464085,4.3526270510354996e-14,X,0.3230261576490985,stellar
2CXO J195402.8+184250,298.5119153174328,18.713959249423304,56.72268120244479,-4.6532720071306,-0.58338538413492,-0.16489693941287,-0.46346033728919,1.1464091287922e-13,EB?,0.025386178320156227,stellar
2CXO J174543.1-290004,266.42973322318767,-29.00127252467812,359.95571336004866,-0.0523898783094803,0.99937539038101,0.97064334790756,-0.52841973766396,1.0293931248277e-14,X,0.00396866637347716,stellar
2CXO J124820.2-055153,192.0844167295004,-5.864940964736128,301.5162655747112,56.9982846784727,0.20237351655215,-0.026233603997502,0.2261086820737,2.8859722814088e-14,X,0.5214041947607618,AGN
2CXO J053521.5-052105,83.83981707717027,-5.35153849967193,208.9848051116232,-19.347952640761697,0.67207995003123,0.26608369768894,0.49219237976265,7.2869299682779e-15,Or*,0.012992890920866019,stellar
2CXO J053547.2-062910,83.94661459219424,-6.486264441110907,210.11108026509743,-19.763311379376432,-0.6945658963148,-0.23610243597751,-0.5471580262336,1.4072799746633998e-13,Or*,0.05634532262564636,stellar
2CXO J122613.1+125652,186.55500522115244,12.94785933101631,279.10063982251006,74.64069664262463,-0.092442223610244,-0.022485946283573,-0.068707058088695,7.2575607480936e-15,GlC,0.2699963382519811,stellar
2CXO J133641.0-295110,204.1709990785544,-29.852951925639992,314.50382967473087,32.00007087826784,-0.23485321673954,-0.21486570893192,-0.01998750780762,1.440414556836e-14,X,0.2439316067232171,stellar
2CXO J053516.6-051935,83.81920675920009,-5.326565903095688,208.9513596223304,-19.354949800390408,0.92816989381636,0.77701436602124,0.53091817613991,1.1880934290208e-14,mm,0.034844416241642924,stellar
2CXO J172440.6-341121,261.16944291992627,-34.1893443508609,353.1705072496528,0.9083031835348048,-0.33978763272954,0.038725796377264,-0.35977514053716,8.148800963373e-16,IR,0.0075069618566591225,stellar
2CXO J143823.4+341220,219.5975769730519,34.20572626752581,56.65762717847315,66.0185759707744,-0.25983760149906,0.046221111805122,-0.30231105559026,5.312234032125e-14,X,0.9907712115404369,AGN
2CXO J053521.3-052411,83.83886234769386,-5.40318765846525,209.0331722348117,-19.3721651500658,-0.73079325421611,-0.50218613366646,-0.36102435977514,5.1223766512708005e-15,Or*,0.0029240600000418325,stellar
2CXO J005450.3-373849,13.709738276623398,-37.647092340214776,299.25021900818865,-79.4568359456832,0.33603997501562,0.27732667083073,0.06371018113679,8.554457573995e-14,X,0.7553717290624274,AGN
2CXO J174540.8-290149,266.42007270922943,-29.030325917882053,359.9265121646972,-0.0603119427633346,0.9631480324797,0.98688319800125,-0.46970643347908,1.4200236843044e-14,X,0.0016701439599415815,stellar
2CXO J013325.4+305815,23.355998731642785,30.970943415492773,133.43646770283868,-31.042951140958404,-0.56214865708932,-0.32729544034978,-0.28607120549656,3.4260908079814e-14,X,0.46152124572021175,stellar
2CXO J053512.3-052351,83.80161339492656,-5.3977064125634096,209.01020929930317,-19.40276003370605,0.63585259212992,0.43472829481574,0.26733291692692,5.2839129250235e-15,Y*?,0.0847424953512196,stellar
2CXO J121857.8+471607,184.7410575409665,47.2687513989925,138.35175687902432,68.87540225469021,0.4422236102436,0.15865084322299,0.30480949406621,3.1022370746176e-13,UX?,0.807066654478769,AGN
2CXO J053604.9-064641,84.02070063914243,-6.778185860585348,210.42364875589416,-19.827654337618903,-0.87320424734541,-0.4896939412867,-0.66958151155528,7.7364327230028e-14,Or*,0.007104440091581648,stellar
2CXO J145308.7+580313,223.2864042008033,58.053692087437696,96.83846128926564,52.46492164916123,-0.20986883198001,0.053716427232979,-0.26108682073704,7.656433097039199e-14,X,0.9857477194161994,AGN
2CXO J172446.6-341200,261.1944595892321,-34.20010391726657,353.17323649248567,0.8851410559148748,0.099937539038101,0.10618363522798,-0.0087445346658339,2.4502749495444003e-15,NIR,0.0025,stellar
2CXO J053520.1-052228,83.83398486861438,-5.37452465572648,209.00374737717732,-19.363531015570167,-0.31230480949407,-0.25484072454716,-0.062460961898813,3.8524410945931e-15,Or*,0.0043818576780042355,stellar
2CXO J091922.9+691424,139.84566275990676,69.24011239150958,143.99997555885014,38.03665615292405,-0.20612117426608,0.042473454091193,-0.24609618988132,1.7989632163701e-13,X,0.9629020918732268,AGN
2CXO J053530.3-052736,83.87641354798734,-5.460302361018072,209.10508725640832,-19.364642038831374,-0.81199250468457,-0.34603372891943,-0.64584634603373,7.255159176137301e-15,Or*,0.0,stellar
2CXO J130522.7-492752,196.3444754359132,-49.464670622461895,305.25893536600745,13.344082330019791,0.64584634603373,0.28482198625859,0.4422236102436,4.4081811958417e-14,X,0.15830324624519068,stellar
2CXO J023309.9+612459,38.29142470682552,61.41649400628503,134.78988438341182,0.9090921200770236,0.28357276702061,0.12742036227358,0.16114928169894,1.1116078916785999e-13,Or*,0.006601067580495466,stellar
2CXO J174749.2-244619,266.9553214592113,-24.77212036685044,3.814993108371387,1.7408503050802262,0.78450968144909,0.53966271080575,0.40974391005621,2.0998874387206e-14,Rad,0.010007832080200502,stellar
2CXO J174536.4-290024,266.4017383149794,-29.0067582194906,359.9382758875975,-0.0343485023763636,0.99937539038101,0.92567145534041,0.094940662086196,9.0582235769196e-16,X,0.012359709124742525,stellar
2CXO J004217.0+411508,10.570959201035862,41.25222956728079,121.08177803826376,-21.58663104371337,0.21861336664585,0.01998750780762,0.1998750780762,2.2107810569823e-14,XB?,0.36423156844460164,stellar
2CXO J155052.3-562608,237.7182743282888,-56.4355926051545,325.8967453181477,-1.7859736261813428,-0.42348532167395,-0.21736414740787,-0.18363522798251,1.0266722067062e-14,X,0.005881689481117728,stellar
2CXO J123049.2+122334,187.7051250370681,12.39293499510672,283.77292021614386,74.49264806757526,-0.74078700811993,-0.35602748282324,-0.52342286071206,2.2193004657203e-14,GlC,0.3661143013531992,stellar
2CXO J132527.6-430023,201.36488785320057,-43.00642529183735,309.5176458707681,19.42985184552445,-0.13991255465334,-0.3422860712055,0.21236727045596,3.2952924084231e-14,LX?,0.0037539160401002507,stellar
2CXO J193149.6-263433,292.95678027196493,-26.575897538071885,12.576679714796606,-20.093084536799605,0.68707058088695,0.368519675203,0.42223610243598,1.3997354330522998e-13,ClG,0.48248556917856633,stellar
2CXO J004258.6+411527,10.744356323391855,41.25751615499578,121.22208174236104,-21.58614152593368,-0.27732667083073,-0.18863210493442,-0.09369144284822,6.0064773589988e-14,X,0.39177733708607976,stellar
2CXO J053507.3-052228,83.78078686954154,-5.374747003951945,208.97855511995257,-19.410865251854435,-0.89693941286696,-0.48719550281074,-0.72329793878826,,Or*,0.005185229629121478,stellar
2CXO J174540.0-285932,266.4168578625913,-28.992290750479714,359.95751434815065,-0.0380983520756256,0.94565896314803,0.96064959400375,-0.1998750780762,5.0938725717405005e-15,X,0.0,stellar
2CXO J122437.8+072310,186.15766578318448,7.386350920873572,283.85705623751045,69.25933294058429,-0.23735165521549,-0.027482823235478,-0.20986883198001,4.1485088277451e-14,X,0.9585415351278813,AGN
2CXO J174544.4-290000,266.43513774095857,-29.00007314914248,359.9591991200123,-0.0558003418311351,0.95065584009994,0.99937539038101,-0.28856964397252,8.4316168766984e-16,X,0.0,stellar
2CXO J042423.2+265008,66.09674337776306,26.83557694302113,170.85955758106277,-15.63155383147244,-0.6895690193629,-0.34978138663335,-0.4472204871955,1.0568005267879999e-13,Or*,0.03342894142422623,stellar
2CXO J095553.1+694048,148.97150864513787,69.68010169396074,141.40822705951228,40.567589524863386,0.28357276702061,0.078700811992505,0.20986883198001,6.7595876854762e-14,Cl*,0.51318638423897,AGN
2CXO J223703.4+342433,339.2643443301622,34.40933334639524,93.71638007814332,-20.728342883368256,0.038725796377264,-0.037476577139288,0.076202373516552,2.0465530753986e-14,HII,0.38058210321227604,stellar
2CXO J104746.9+123438,161.94560473431716,12.57738393213648,233.48640987641832,57.621371736435485,-0.38101186758276,0.098688319800125,-0.46221111805122,3.0706406106647e-14,X,0.9836636495813957,AGN
2CXO J050715.8-675617,76.81585887658684,-67.93803289214678,278.695337675772,-34.70606871964316,-0.13741411617739,0.0024984384759525,-0.13866333541537,9.5476663910544e-14,X,0.8469642493506455,AGN
2CXO J174546.0-290036,266.4417267947944,-29.0103130441069,359.9534585667451,-0.066052629460774,0.89069331667708,0.99937539038101,-0.99937539038101,3.2484022632395e-15,X,0.002344407735563175,stellar
2CXO J053442.9-052006,83.67898614645799,-5.3353137899756575,208.89261548777804,-19.48339907685424,-0.52342286071206,-0.26608369768894,-0.29856339787633,1.2043409433918e-13,Or*,0.012908245450550256,stellar
2CXO J174537.3-290027,266.4056374044062,-29.00772574902245,359.9392268015109,-0.0377631546696761,0.91193004372267,0.92442223610244,-0.17239225484072,1.8584343184238e-15,X,0.0,stellar
2CXO J122945.9+075916,187.44143805459123,7.9880153222843875,286.9212660169599,70.18317396115484,0.0024984384759525,-0.037476577139288,0.041224234853217,3.2287959199737e-15,?,0.2261626417126713,stellar
2CXO J052507.6+013430,81.28150104629918,1.5734389156592243,201.2575776583912,-18.34055780093982,-0.55215490318551,-0.12866958151156,-0.45471580262336,9.2833948086979e-14,Pl?,0.13651218985739955,stellar
2CXO J053511.7-052330,83.79886424582958,-5.39181651750135,209.00332754458736,-19.402536830393444,0.99937539038101,0.94066208619613,-0.21736414740787,1.8938861312765e-15,Y*?,0.08205302794816406,stellar
2CXO J164030.6-485215,250.12773003944585,-48.87093463957616,336.5403338116868,-1.5433352743167768,-0.054965646470956,0.06371018113679,-0.11867582760775,9.4360396240752e-14,Or*,0.01416216149065051,stellar
2CXO J132532.0-430231,201.3833607778893,-43.04201207133374,309.5265525866513,19.392727267181225,0.053716427232979,0.18363522798251,-0.13241723922548,1.7413638409369998e-14,X,0.11868879454405759,stellar
2CXO J133712.5-295154,204.3021976545018,-29.86523831307707,314.63207033981746,31.964499725948464,0.86196127420362,0.54590880699563,0.5946283572767,2.4130783253454e-14,Rad,0.6760133252399705,AGN
2CXO J080220.6-395216,120.58591478484492,-39.871143079497806,255.73757913045404,-4.838235354367387,0.55215490318551,0.20737039350406,0.38850718301062,1.5563576006204e-13,X,0.032546397166312746,stellar
2CXO J095550.7+694034,148.9613934686314,69.67638101178143,141.4149028381557,40.56690622470168,-0.50218613366646,-0.18488444722049,-0.34978138663335,6.329405747437e-14,GlC,0.9247395127160375,AGN
2CXO J053514.6-052200,83.81094306676499,-5.36691393779084,208.98555101009043,-19.380546267360938,0.99937539038101,0.75327920049969,0.99937539038101,1.8159554402822e-15,Y*?,0.00047247089750814946,stellar
2CXO J112833.3+583346,172.13899933399637,58.56280885090104,141.8996661770614,55.40761195078258,0.44347282948157,0.21361648969394,0.25234228607121,6.6946737271882e-14,Rad,0.6684548510558543,AGN
2CXO J053513.7-053454,83.80751598947853,-5.581910284242084,209.18728741345416,-19.48075286860895,-0.27607745159275,-0.23360399750156,-0.044971892567146,2.6819360512456998e-14,Or*,0.020491557601502147,stellar
2CXO J101813.0-461448,154.55438695633518,-46.24677548226232,277.2225097812689,8.836042351270947,-0.081199250468457,0.036227357901312,-0.11742660836977,1.5779678051609998e-13,X,0.2893464371231193,stellar
2CXO J032925.9+312640,52.358003922365015,31.444535243437794,158.30064187149767,-20.36652367088919,0.081199250468457,-0.036227357901312,0.11742660836977,6.2951231073629e-14,Or*,0.24096005690911607,stellar
2CXO J172439.4-341201,261.16424969984007,-34.2003934994656,353.1589529358806,0.9056449783105298,0.54091193004372,-0.016239850093691,0.54965646470956,3.4779427619341e-15,NIR,0.002506961856659123,stellar
2CXO J133742.4-295138,204.42699045988195,-29.86061289949472,314.7579399885383,31.94638065570217,-0.069956277326671,0.091193004372267,-0.16114928169894,3.4998440780843e-14,X,0.49752625092637304,stellar
2CXO J174546.5-290027,266.443792488531,-29.00762926021673,359.9566904965825,-0.0661972835848117,0.99937539038101,0.92317301686446,0.10993129294191,1.1344621515208e-15,X,0.010689565164800942,stellar
2CXO J034423.6+320646,56.09863535031002,32.11288705521081,160.4945093613368,-17.864308333432685,-0.70705808869457,-0.43098063710181,-0.38975640224859,3.5399865582793e-14,Or*,0.00401355636036658,stellar
2CXO J034418.1+320456,56.07567330018526,32.0824545359447,160.49929383570642,-17.900138370661775,0.55965021861337,0.077451592754528,0.50343535290443,3.8357961209916e-14,Or*,0.008778509292868098,stellar
2CXO J034433.9+320853,56.141600485098536,32.14834931703857,160.499985661728,-17.813768958386706,-0.33479075577764,-0.028732042473454,-0.30855715178014,5.9820179789891e-14,Or*,0.50614069355909,AGN
2CXO J052308.9+332831,80.78719558735287,33.475423171558525,173.58140941863005,-1.5729388258977617,-0.11492816989382,-0.13241723922548,0.018738288569644,1.4745482418834e-14,TT?,0.009263388882321207,stellar
2CXO J144928.3-101013,222.3679037698344,-10.17050103473461,344.4437793209584,42.98872075073333,-0.14990630855715,0.028732042473454,-0.17738913179263,9.9212633383991e-14,SN*,0.9371780029941332,AGN
2CXO J013410.5+303946,23.543838221245664,30.66287723149254,133.69038513860212,-31.314492790908474,-0.078700811992505,0.12242348532167,-0.19862585883823,3.7191318642426997e-14,X,0.7394230570094469,AGN
2CXO J174544.2-290017,266.4345217859509,-29.004985149273573,359.9547253201772,-0.0578986964122711,0.99937539038101,0.99937539038101,-0.99937539038101,1.1299135993679e-15,X,8.67299399770309e-05,stellar
2CXO J010314.8-705055,15.811995846383295,-70.8488767179735,301.5317708604866,-46.24725535815694,-0.94815740162398,-0.76951905059338,-0.65958775765147,3.6800450565002e-14,X,0.028006351538361774,stellar
2CXO J125533.7+255331,193.89058810346955,25.89198900552069,339.89944085288914,88.45738844339998,-0.58338538413492,-0.11367895065584,-0.50218613366646,2.5506463114404997e-13,PN,0.7893062358680895,AGN
2CXO J174544.6-290100,266.43606880378525,-29.01685522282428,359.94529677042385,-0.0652356959362026,0.72579637726421,0.79200499687695,-0.19362898188632,0.0,X,0.0033271819782737283,stellar
2CXO J032614.8-212126,51.56197744762608,-21.35731823570005,212.21417924139,-54.3816746651268,0.1524047470331,0.18238600874453,-0.031230480949407,7.9094820580506e-14,Rad,0.775517444202378,AGN
2CXO J174539.1-285935,266.41328658358566,-28.99312488966492,359.95517501203426,-0.0358665379201922,0.80074953154279,0.99937539038101,-0.99937539038101,8.4308305766755e-17,X,8.67299399770309e-05,stellar
2CXO J044533.9-591442,71.39157444186839,-59.24495089453456,268.7859697260444,-39.00829472983336,0.12991880074953,0.30480949406621,-0.18238600874453,1.8009206995966998e-13,HII,0.5634817124958877,AGN
2CXO J174535.8-290018,266.3993941644858,-29.005039112680773,359.9386749388598,-0.0317029227557434,0.92567145534041,0.9581511555278,-0.35977514053716,2.3670818739757003e-15,X,0.0025,stellar
2CXO J203156.4+413722,307.9851328952474,41.62295135653844,80.3269108703659,1.168275342760784,0.92941911305434,0.70830730793254,0.61836352279825,3.819529911934e-14,X,0.011278490890378863,stellar
2CXO J150104.0+015316,225.26687579949123,1.8877476157403572,359.36457164499063,49.995430909600806,0.22735790131168,0.21861336664585,0.0062460961898814,2.1510183039258e-14,X,0.8292424391763795,AGN
2CXO J133658.7-294336,204.24467875066284,-29.726688077238546,314.60843062926966,32.11039725135916,-0.27482823235478,0.044971892567145,-0.316052467208,3.3429289690161997e-14,X,0.6719216029313118,AGN
2CXO J102913.9+262318,157.3081288435303,26.38833211462241,206.01046747378783,58.35382921083061,-0.10368519675203,0.078700811992505,-0.18113678950656,1.1863088929515e-13,LeQ,0.9348616372963526,AGN
2CXO J115013.9-275838,177.55816620821997,-27.97722608037128,286.8034090034052,32.9703926226653,-0.1524047470331,0.089943785134291,-0.23860087445347,2.3118720558421e-13,Rad,0.9752434859116426,AGN
2CXO J170052.7-461228,255.21990741025135,-46.20791826308152,340.7857261901032,-2.4890731722615995,0.95690193628982,0.62336039975016,0.82073703935041,1.2624885083754e-14,LP?,0.012748700264131038,stellar
2CXO J053521.0-052809,83.83769490759465,-5.469270461962995,209.09510269502331,-19.403077095116,-0.3210493441599,-0.14366021236727,-0.18488444722049,4.8929804314117005e-15,Or*,0.035662488412515764,stellar
2CXO J010509.7-721146,16.290450777077467,-72.19638942331984,301.4518596754268,-44.892402694347886,0.20237351655215,0.21611492816989,-0.016239850093691,4.7798247628288e-14,NIR,0.5166144392106129,AGN
2CXO J053554.0-050414,83.97519108010613,-5.070809287334187,208.784462036119,-19.100570198999435,-0.82573391630231,-0.35852592129919,-0.6633354153654,1.6234844017357998e-13,Or*,0.0,stellar
2CXO J151346.4-585933,228.443482917889,-58.99274338498295,320.3781243595855,-1.0293355478943254,-0.88569643972517,-0.8369768894441,-0.18238600874453,2.4741400709478e-14,X,0.005265505164759112,stellar
2CXO J180357.8-242534,270.9909651686773,-24.42641420136243,5.961728007550755,-1.255055646603513,-0.032479700187383,-0.026233603997502,-0.0062460961898814,3.8073801072532e-14,Or*,0.0,stellar
2CXO J125850.5-014539,194.71046810441044,-1.7610763365887916,306.75697384165727,61.05567096791869,-0.11992504684572,0.087445346658338,-0.20487195502811,8.4684942861321e-14,X,0.917540857391584,AGN
2CXO J032900.3+311338,52.2513202693026,31.227275752854982,158.3630751231661,-20.59474326284813,-0.28732042473454,-0.20861961274204,-0.082448469706433,5.5266925146445e-14,Or*,0.1992987802774499,stellar
2CXO J053505.5-051824,83.77334099893972,-5.306842295451922,208.91080229403516,-19.386741130362378,-0.35352904434728,-0.23235477826359,-0.12991880074953,7.4244442085733e-15,Or*,0.02374744558833765,stellar
2CXO J154000.0+660551,235.0002355373688,66.09766321921623,101.0436632209174,43.17784289529568,-0.057464084946908,0.044971892567145,-0.10243597751405,1.1063789737356e-13,X,0.8272441421131775,AGN
2CXO J053513.5-053508,83.8065717918804,-5.585631469760345,209.1903596259678,-19.48327112979089,0.63335415365397,0.59088069956277,0.061211742660837,2.479097472996e-14,Or*,0.12451186016218277,stellar
2CXO J104407.2-593430,161.03021526417092,-59.57516386711287,287.4408495377025,-0.5884217577221199,-0.89943785134291,-0.67457838850718,-0.57214241099313,9.6957181201332e-14,SB*,0.012233634778247682,stellar
2CXO J104830.6-251006,162.12753238661435,-25.16840961168289,270.68910711267444,29.89787397029421,-0.98688319800125,-0.86196127420362,-0.83073079325422,1.6376521688813e-14,SB*,0.003346617212625762,stellar
2CXO J112041.0+530505,170.17099574550616,53.084873567760496,149.71965470804344,59.06594398939403,-0.29356652092442,0.011242973141786,-0.30356027482823,7.8187644902777e-14,Rad,0.9800376474184133,AGN
2CXO J053908.4-685958,84.78535210223652,-68.99962119883114,279.341767152645,-31.64464451099665,0.99937539038101,0.25608994378513,0.99937539038101,4.8950266149771e-15,X,0.3649239060885309,stellar
2CXO J053513.0-052113,83.80459636643326,-5.353696589626404,208.97002517273745,-19.38020058623201,-0.10243597751405,-0.12492192379763,0.022485946283573,1.0219876897629e-14,Rad,0.04648766134140475,stellar
2CXO J015752.6+374231,29.4693367134779,37.70870385068214,137.1881923922293,-23.316876682707846,0.87445346658339,0.52592129918801,0.64459712679575,8.6976471231712e-14,X,0.8299842898583557,AGN
2CXO J174538.8-285942,266.41175319312595,-28.995199944355463,359.95270506661285,-0.0358027709949341,0.99937539038101,0.95440349781387,-0.14116177389132,1.184233338136e-15,Mas,0.001253916040100251,stellar
2CXO J153457.2+233011,233.73854722152407,23.50321456912952,36.62746866511868,53.02838266624744,0.99937539038101,0.75952529668957,0.99937539038101,5.3872305368463e-14,Rad,0.5665143596781622,AGN
2CXO J161423.4-505738,243.59760427433048,-50.96068790975782,332.11956783351684,0.0338934644332477,0.86570893191755,0.92067457838851,-0.30605871330418,3.7850905750103997e-13,X,0.12127790516107549,stellar
2CXO J123948.6-113713,189.9525049964234,-11.620390102515096,298.38999760147686,51.14878423611793,-0.39850093691443,-0.15365396627108,-0.26108682073704,5.3015741173922e-14,GlC,0.9738237613269882,AGN
2CXO J020900.7+110728,32.253291567997564,11.124496471481052,151.68789974231402,-47.36951584359269,-0.83322923173017,-0.2423485321674,-0.72454715802623,5.0500558805967e-14,SB*,0.17671470851959348,stellar
2CXO J053520.1-052308,83.83407247402397,-5.3857060381326,209.01435916504144,-19.36851132111877,0.46221111805122,0.34978138663335,0.12492192379763,4.0580870227381e-15,Or*,0.09239435185063652,stellar
2CXO J053507.9-052117,83.78312873984976,-5.354782120532783,208.96079735111192,-19.39975199206221,-0.9419113054341,-0.61961274203623,-0.7682698313554,6.9672234169694005e-15,LM*,0.002090733936817792,stellar
2CXO J053512.4-045155,83.8021394118889,-4.865507201790777,208.5079772266817,-19.160883532857827,-0.44347282948157,-0.27732667083073,-0.18863210493442,1.2090093195648e-13,Or*,0.004598566017018294,stellar
2CXO J064106.4+093605,100.27696041376072,9.601473379354196,203.2129779765003,2.092673507899045,0.91317926296065,0.74328544659588,0.50718301061836,1.9797142470797e-14,Rad,0.005643605798304988,stellar
2CXO J073651.1-303746,114.21325162984698,-30.629529244157048,245.10324129377128,-4.677858189464923,0.24859462835728,0.16239850093691,0.089943785134291,1.9149217558549998e-13,Rad,0.14071957063270585,stellar
2CXO J183545.7-325923,278.94055225813986,-32.989783705811064,1.5349286836816105,-11.376743802076254,-0.25109306683323,0.1998750780762,-0.42848219862586,1.0608245878216999e-13,CV?,0.600945691737333,AGN
2CXO J174606.3-285810,266.5265365967712,-28.969589432670546,0.0268414599486895,-0.1082020336933836,0.97314178638351,0.97938788257339,-0.17489069331668,3.3921022887232e-14,X,0.007297151983143635,stellar
2CXO J165357.2-414639,253.4885484254829,-41.77771930712175,343.47607385246255,1.2446381949206764,-0.54341036851968,-0.29731417863835,-0.29356652092442,3.7112994303839e-14,Y*?,0.001253916040100251,stellar
2CXO J034635.5+240135,56.64810302455152,24.02636863246124,166.56181718274283,-23.65056507831527,-0.75452841973766,-0.36352279825109,-0.52342286071206,4.9376709286547005e-15,Er*,0.0997322034704585,stellar
2CXO J201642.7-704752,304.1775861339388,-70.79806132752898,324.2296660689167,-32.48174293004794,0.28981886321049,0.24984384759525,0.042473454091193,1.1014159461146e-13,Rad,0.9171135186685736,AGN
2CXO J180438.9-241925,271.1623446103945,-24.323772460471357,6.127782491921059,-1.3407503875963882,-0.13866333541537,0.012492192379763,-0.14990630855715,1.1733700519422999e-13,X,0.010433859315950055,stellar
2CXO J032923.5+312330,52.34798117915358,31.391921303952973,158.3272637152021,-20.413626682281773,-0.011242973141786,-0.014990630855715,0.0037476577139288,1.4225002448628998e-13,Or*,0.31881353739466417,stellar
2CXO J151601.1+561751,229.0047314395615,56.29765698507268,91.52772762756727,51.08978464139285,0.04996876951905,0.1211742660837,-0.072454715802623,1.2509468755267998e-13,ULX,0.9439367047653612,AGN
2CXO J104634.9+631234,161.6457377097206,63.209568239395296,143.6157593727585,48.60012611148203,-0.20986883198001,0.077451592754528,-0.28357276702061,1.8797660319720999e-13,HII,0.9948059176780462,AGN
2CXO J004215.4+412031,10.564490903206549,41.34207941284806,121.08025325409112,-21.49666105401109,-0.044971892567146,0.10493441599001,-0.14990630855715,4.302213746257e-14,X,0.5304760569367206,AGN
2CXO J002408.3-720431,6.034623809508503,-72.07542710703729,305.8913215722952,-44.89562861200083,-0.65708931917552,-0.1474078700812,-0.56214865708932,1.2382675062761e-14,X,0.6211210129829688,AGN
2CXO J203305.0+411421,308.2710863574296,41.2393569610462,80.1453215387983,0.7680957617420193,0.99937539038101,0.43972517176765,0.26483447845097,2.7732999528923e-15,Y*?,0.007518263960025246,stellar
2CXO J053505.6-052922,83.773394856751,-5.489583983937191,209.08364569232208,-19.46935460819999,0.99937539038101,0.85321673953779,0.99937539038101,2.0061498861843e-14,Or*,0.05168599490369786,stellar
2CXO J174549.9-285620,266.4579281688896,-28.939012109494392,0.0217110074947486,-0.0410262398929982,0.99937539038101,0.99188007495315,0.99937539038101,0.0,X,0.014235317396174802,stellar
2CXO J034559.6+680538,56.49830454814787,68.09388377258526,138.11366949073224,10.5305234065226,0.58213616489694,0.34853216739538,0.29231730168645,1.3796812265321999e-13,X,0.32300204593755893,stellar
2CXO J182438.2-250137,276.1595312617653,-25.02702729949459,7.667331362074717,-5.671022426213944,-0.81823860087445,-0.41723922548407,-0.60587133041849,2.3889208203609e-14,X,0.008566795574805441,stellar
2CXO J080447.9+101523,121.1998640911657,10.256514022263945,211.8720932690217,20.90137812886752,-0.16614615865084,0.068707058088695,-0.23110555902561,2.6418925025758e-13,Rad,0.95074744943513,AGN
2CXO J050742.3-373045,76.92638607537776,-37.51275115559238,241.21162867279864,-35.901583040572724,-0.33853841349157,-0.16364772017489,-0.18488444722049,1.1769932826509e-13,Rad,0.904519449055502,AGN
2CXO J174544.8-285953,266.436772848128,-28.998306665587062,359.96145193289595,-0.0561011947117986,0.98188632104934,0.99937539038101,-0.99937539038101,1.0832552877749e-14,X,0.0007146715778810158,stellar
2CXO J132525.1-430126,201.3547790284158,-43.02412637553681,309.50726711567546,19.4133548426092,0.069956277326671,0.0037476577139288,0.067457838850718,1.2967312273632e-14,X,0.0326520302033201,stellar
2CXO J141931.6-604621,214.88183957785213,-60.772685186423104,313.4817330779331,0.281944271556267,-0.88319800124922,-0.50718301061836,-0.68082448469706,6.3726304972024e-14,SB*,0.007072172560649963,stellar
2CXO J174537.2-290026,266.4053356398276,-29.00730698419377,359.9394467305993,-0.0373197093916455,0.77576514678326,0.79950031230481,-0.11867582760775,9.386422093258e-16,X,0.0,stellar
2CXO J021952.8-300135,34.970415630945524,-30.026664806608625,226.6579641695449,-70.3991371700121,-0.40724547158026,-0.044971892567146,-0.368519675203,1.0558837551812e-12,Rad,0.9975078320802006,AGN
2CXO J201459.2+252301,303.7468315113372,25.383671729003805,64.9784067906754,-5.232942104987938,0.76077451592755,0.50718301061836,0.40474703310431,3.8308103736525e-12,ev,0.6330788285957929,AGN
2CXO J053530.6-052510,83.8778968592087,-5.419751196286152,209.067456291034,-19.34499445797823,-0.34353529044347,-0.20737039350406,-0.14615865084322,7.6429911663671e-15,Or*,0.03539376529964558,stellar
2CXO J174519.8-290114,266.33276531386696,-29.02070382004113,359.8949316694233,0.0098546062971136,0.97439100562149,0.97314178638351,0.14366021236727,1.5233242139516e-14,X,0.0057633794602365476,stellar
2CXO J053405.9-052241,83.52485709994306,-5.378230183371258,208.85949817656123,-19.63965760868184,0.26108682073704,0.026233603997502,0.23485321673954,7.109977326326799e-14,Or*,0.14503390260048146,stellar
2CXO J140353.8+542157,210.9743252079128,54.365960159859135,101.889211671346,59.7022530607067,-0.6895690193629,,,2.2592610234909e-14,Rad,0.7153428920892133,AGN
2CXO J095547.0+690551,148.94598171398872,69.09747789309097,142.04130282133886,40.89835247605039,0.069956277326671,0.16364772017489,-0.096189881324172,2.9029694992321e-14,Cl*,0.6764072164637897,AGN
2CXO J123541.2+123451,188.9217383584089,12.580953509675798,287.9315378337059,74.99207883415633,0.099937539038101,0.22236102435978,-0.12492192379763,5.4150735603755e-14,GlC,0.5628339215538654,AGN
2CXO J123052.6+122323,187.71927125532216,12.38987246312947,283.8256624513154,74.49385174490146,0.77201748906933,0.0012492192379763,0.7682698313554,3.4390028925315e-15,X,0.12788015470758815,stellar
2CXO J174546.5-290042,266.4438284545854,-29.01174731757755,359.9531912475645,-0.0683686101281089,0.64334790755778,0.99937539038101,-0.99937539038101,,X,0.0022409228973457626,stellar
2CXO J124339.8+113307,190.91586669808464,11.552204631413092,295.87077533646504,74.31726782979312,-0.77951280449719,-0.33104309806371,-0.60337289194254,2.3005735802243e-14,GlC,0.5826244435997094,AGN
2CXO J053540.8-064351,83.92038889423782,-6.731109932162021,210.33165727984783,-19.895872993314107,-0.84447220487196,-0.44472204871955,-0.63835103060587,9.649836032635e-14,Or*,0.0,stellar
2CXO J174539.2-290049,266.41365810581283,-29.013667214936323,359.9378098462105,-0.0468457856626987,0.97064334790756,0.92442223610244,0.31855090568395,3.7961780458764005e-15,X,0.0012539160401002505,stellar
2CXO J170905.5-443140,257.27339696795207,-44.527904084393086,342.99820527581426,-2.6222351172844736,-0.83447845096814,-0.36477201748907,-0.67457838850718,6.9117678336279e-14,X,0.0021726549455034143,stellar
2CXO J053526.4-052225,83.86022734091023,-5.373839281973771,209.01562676828587,-19.339920180049145,0.63210493441599,0.08369768894441,0.57838850718301,8.0219838591981e-15,Y*?,0.0025,stellar
2CXO J172439.0-341208,261.1627704857665,-34.20248162445026,353.156537939858,0.9054829753703698,0.43847595252967,0.29606495940037,0.14490943160525,6.1560221945045005e-15,IR,0.01516044608046254,stellar
2CXO J104346.6-593254,160.94445630569044,-59.54854792213609,287.38998904819647,-0.5853462112802534,-0.98313554028732,-0.90068707058089,-0.71830106183635,2.4685090081868998e-14,Y*?,0.00877349626942746,stellar
2CXO J032912.9+311814,52.30399972198461,31.30398859996515,158.35197371436803,-20.506400741640554,0.95940037476577,0.86071205496565,0.54840724547158,8.5586371260174e-14,Rad,0.5467008723377561,AGN
2CXO J122440.8+072203,186.1701116313968,7.367778221935167,283.90572674415165,69.24519032922946,-0.30980637101811,-0.021236727045597,-0.28981886321049,3.1619871668885e-14,X,0.9920985660170183,AGN
2CXO J031702.5-410714,49.26066902860509,-41.12058256431416,247.5680551409252,-57.08845994413274,-0.60712054965646,-0.35977514053716,-0.316052467208,5.8118922773971e-14,X,0.8442549707609212,AGN
2CXO J174535.6-290020,266.3984179513127,-29.005679691603387,359.93768331972984,-0.0313080074674661,0.88694565896315,0.74328544659588,0.34853216739538,1.4469096950645e-15,X,0.008348120000083665,stellar
2CXO J132545.4-425815,201.43943588582647,-42.97100896626423,309.580169361007,19.457273123837144,-0.25858838226109,-0.066208619612742,-0.19612742036227,1.1933689568026e-14,X,0.1605242450560452,stellar
2CXO J013337.5+304718,23.40644640761548,30.78852854985848,133.52658556759636,-31.21382802377021,0.021236727045596,0.071205496564647,-0.049968769519051,1.2214807389333e-14,HII,0.3796538305283357,stellar
2CXO J224159.1+530357,340.4962625704313,53.065854267029536,104.09462681251868,-5.005002910567247,0.037476577139288,0.11242973141786,-0.076202373516552,3.3011594537501e-14,Rad,0.05789624644059286,stellar
2CXO J104404.2-593247,161.01782930070794,-59.54660329848726,287.4218995815972,-0.566150309289828,0.34978138663335,0.59712679575265,-0.35477826358526,3.0995796113994e-15,Y*?,0.018173561028542447,stellar
2CXO J132532.5-430019,201.3857738540252,-43.00543520611787,309.53382954649686,19.42869772412688,-0.034978138663335,0.088694565896315,-0.12242348532167,2.2184589792189e-14,X,0.20053235941457215,stellar
2CXO J053523.9-052509,83.8499414813042,-5.41941692758794,209.0538029388745,-19.36966650247435,0.68207370393504,0.17114303560275,0.57713928794503,5.1531013133605e-15,Or*,0.002507832080200502,stellar
2CXO J031944.1+412553,49.93383708419947,41.43151325313224,150.6104411735667,-13.335059993436566,-0.17988757026858,-0.0087445346658339,-0.17114303560275,2.5457238123296e-14,X,0.3361750497596627,stellar
2CXO J182957.7+011405,277.49058807802203,1.2347936498677925,31.58082327600922,5.340883996466741,0.95315427857589,0.7420362273579,0.71830106183635,1.3910639453615e-13,X,0.13147103884784705,stellar
2CXO J004728.0-251820,11.86683420968643,-25.30574793400572,96.66965717834712,-87.97159103610814,0.28981886321049,0.2211118051218,0.069956277326671,4.67648351022e-14,X,0.3942368219829231,stellar
2CXO J002316.1-720733,5.817282644871796,-72.12593516112764,305.9736772641341,-44.83557871411264,-0.20362273579013,-0.086196127420362,-0.11992504684572,1.8379045296938e-14,Ev*,0.6748784851754616,AGN
2CXO J024017.8+390151,40.07428713995921,39.03104646175957,145.01881012782317,-19.126916929816662,-0.50468457214241,-0.1474078700812,-0.38475952529669,4.1822190176643e-14,Pu*,0.07852497442965645,stellar
2CXO J104346.0-593305,160.94181914847354,-59.55162079723151,287.39025571377124,-0.588686512891158,0.28107432854466,0.16739537788882,0.078700811992505,7.591755080174801e-16,Y*?,0.022923678142361847,stellar
2CXO J174542.9-285931,266.4289545430854,-28.99217424899287,359.9631253317957,-0.0470696157421769,0.99937539038101,0.94690818238601,0.28856964397252,1.4746323545575001e-15,smm,0.006476061637987649,stellar
2CXO J174541.8-285917,266.424526004918,-28.98821919274916,359.9644838251966,-0.041702851134479,0.41723922548407,0.99937539038101,-0.99937539038101,0.0,X,0.005077118354966817,stellar
2CXO J172440.2-341125,261.1677675883982,-34.19051248494785,353.1687619479184,0.9087927401696132,0.60212367270456,0.24859462835728,0.40724547158026,1.0136109834461e-14,NIR,0.001253916040100251,stellar
2CXO J174751.7-244657,266.96559929520777,-24.78271625217072,3.810736616691247,1.7273873177918688,0.95690193628982,0.62460961898813,0.81948782011243,1.9688708759962e-14,X,0.004590733936817792,stellar
2CXO J132533.3-430052,201.38889950921637,-43.01460914245971,309.53486792842205,19.41929421291727,0.39850093691443,0.22485946283573,0.18988132417239,2.950349091028e-14,ev,0.16982883288626152,stellar
2CXO J053620.4-691302,84.08497444909187,-69.2174514610589,279.6307694900369,-31.866990120151275,0.41349156777014,0.33479075577764,0.064959400374766,4.7614977598847e-15,X,0.3310366115191127,stellar
2CXO J050742.1-373045,76.9257027059947,-37.51280870389808,241.2115958632264,-35.90212749917277,0.99937539038101,0.81199250468457,0.99937539038101,3.6039532768658e-13,MoC,0.632780823184365,AGN
2CXO J130522.5-492934,196.34371524517087,-49.49304669317048,305.25680740800914,13.3157775981847,0.57339163023111,0.3422860712055,0.28732042473454,4.2623970497507e-14,X,0.2337106439417076,stellar
2CXO J031718.5-410628,49.32738876921144,-41.10796917905828,247.52385261793148,-57.04254379230289,0.44597126795753,0.50343535290443,-0.0737039350406,1.6576472713309998e-13,X,0.93392593391737,AGN
2CXO J093210.1+213008,143.04226082223522,21.50234678361484,208.70953082241945,44.54066776091563,0.66083697688944,0.4422236102436,0.30855715178014,9.0171911208816e-14,As*,0.31939078400247867,stellar
2CXO J054001.9-690618,85.00797316429475,-69.10515948831801,279.4546938877717,-31.55397130971494,-0.21611492816989,0.15615240474703,-0.36102435977514,3.5060548773469998e-15,X,0.3606218475399457,stellar
2CXO J174539.8-285928,266.4160483642653,-28.991232960353774,359.95804840525693,-0.0369429077928817,0.79325421611493,0.76951905059338,0.031230480949407,1.4585825851113e-15,X,0.012317241591740071,stellar
2CXO J053557.0-064704,83.9877871021215,-6.784670830600466,210.41435039150343,-19.8598063836214,-0.71330418488445,-0.31730168644597,-0.51217988757027,1.2735822811442998e-13,Or*,0.011268709976959874,stellar
2CXO J203215.4+402327,308.0642408566041,40.39105178156088,79.36976957985033,0.3903267766378108,0.58463460337289,0.32854465958776,0.31605246720799,3.1550230815478e-13,Y*?,0.01578970336641596,stellar
2CXO J020357.0-051300,30.98784422486966,-5.216903433694798,164.3994511241522,-62.1002843817935,-0.19612742036227,0.092442223610244,-0.28232354778264,6.2373436599962e-14,X,0.9728936241221156,AGN
2CXO J173545.5-302859,263.93984423975326,-30.483359237878357,357.55306275733057,0.9952024910237586,0.96689569019363,0.87695190505934,0.56964397251718,2.3139151432036997e-13,GlC,0.08098334343666581,stellar
2CXO J085743.0-415018,134.429525944756,-41.83864815985196,263.4859690226388,2.463555750175009,-0.91942535915053,-0.5421611492817,-0.75202998126171,5.1603955852983e-14,SB*,0.002593244922379625,stellar
2CXO J161028.8-221349,242.6202478633712,-22.230337893032218,352.1579796048334,21.07986549758938,-0.71455340412242,-0.35852592129919,-0.47720174890693,2.5795018816373998e-12,Or*,0.35213128570546187,stellar
2CXO J210725.6-252542,316.85686988850057,-25.42865043679197,21.464949263128094,-40.182449427895904,-0.1474078700812,0.10118675827608,-0.24484697064335,1.1323491121459999e-13,IG,0.9734674450438778,AGN
2CXO J053514.6-052249,83.81121384215794,-5.380394323892126,208.99842453095667,-19.386404671192523,0.85696439725172,0.59712679575265,0.51467832604622,1.3177400683618e-14,PoC,0.0374003924826015,stellar
2CXO J072648.3+854554,111.7007846459448,85.76522068849063,127.65908108443098,27.699863478049288,-0.0024984384759525,0.1998750780762,-0.20487195502811,3.0330270312189997e-14,UX?,0.6847505368483278,AGN
2CXO J141310.0-651832,213.2919052323925,-65.30898963674403,311.3356009767375,-3.779399168106389,0.85571517801374,0.40474703310431,0.6895690193629,5.0579652795508e-14,X,0.02322697594630203,stellar
2CXO J180413.3-242451,271.0556956508908,-24.414274439680288,6.00124148013234,-1.300450575901433,-0.69206745783885,-0.40349781386633,-0.3997501561524,2.9742756923233e-14,Or*,0.001253916040100251,stellar
2CXO J004216.0+411926,10.566862676328128,41.324003468811,121.08142219781548,-21.514791929711134,0.30231105559026,0.20112429731418,0.10743285446596,5.2997695856969e-14,ev,0.6414941273679103,AGN
2CXO J053601.4-051911,84.0059399949302,-5.319794485466731,209.0341018763516,-19.186087573861357,-0.85196752029981,-0.38475952529669,-0.67083073079325,1.4759590623638e-14,Or*,0.0025,stellar
2CXO J135415.4-374633,208.56424113628063,-37.77587634969315,316.4176154881267,23.445310569744848,0.92692067457839,0.77576514678326,0.53216739537789,3.2652425396662998e-12,Rad,0.9766481171931338,AGN
2CXO J112729.9+565249,171.87488329598307,56.88043147753653,143.81842927359364,56.71262828497483,0.80074953154279,0.56589631480325,0.42473454091193,2.2220920897379e-14,SN*,0.8699399849233312,AGN
2CXO J174546.6-285950,266.4444799172801,-28.9974123007003,359.96572592049665,-0.0613901068579281,0.50218613366646,0.82198625858838,-0.53966271080575,1.128739113949e-15,X,0.003002510985561833,stellar
2CXO J123047.8+122404,187.69929958519376,12.401249480485374,283.7433020978407,74.49887865903553,-0.13991255465334,0.028732042473454,-0.16739537788882,9.4168095446494e-15,GlC,0.2594408679550645,stellar
2CXO J141120.5+521209,212.83556969034044,52.20272230301516,97.51530522858174,60.8022310788294,0.5633978763273,0.71830106183635,-0.26108682073704,1.6177776710541999e-13,gLS,0.9883611762104426,AGN
2CXO J160801.6-391231,242.00709611793388,-39.2086128444889,339.37487187692614,9.371320029131402,0.7420362273579,0.46720799500312,0.40349781386633,9.6992813679574e-14,X,0.1940438148624505,stellar
2CXO J135754.4-400430,209.47700514858025,-40.07512924728768,316.4920133909403,21.03992980782247,-0.38475952529669,-0.15490318550906,-0.24484697064335,1.9187567186156e-13,Or*,0.6877903459261441,AGN
2CXO J164033.3-485023,250.138786661092,-48.839849703677366,336.5684462361948,-1.5281874789630443,-0.22361024359775,-0.082448469706433,-0.14366021236727,7.8044604414617e-14,Or*,0.010016761172567343,stellar
2CXO J133701.1-295156,204.2549397878876,-29.86583292554236,314.584669966271,31.972430167089453,-0.97688944409744,-0.88194878201124,-0.67332916926921,1.7288766874914e-14,SR?,0.030912094315457307,stellar
2CXO J095608.0+694139,149.03351526058304,69.6943302331162,141.3764729625842,40.576755448418986,0.28107432854466,0.12866958151156,0.15865084322299,4.2524125366159e-14,GlC,0.6174606094770243,AGN
2CXO J124341.7+113433,190.9240237969393,11.576052437748718,295.89033157239174,74.34185808145064,-0.42598376014991,-0.20612117426608,-0.23985009369144,1.2535702471529999e-14,GlC,0.5376446399414092,AGN
2CXO J132520.5-425845,201.33570276828755,-42.97927893191044,309.49924026931507,19.45970816724543,-0.09369144284822,0.17613991255465,-0.26483447845097,4.0377102439027e-14,PN,0.37675871863209504,stellar
2CXO J053512.7-052710,83.80298894522798,-5.453006623342187,209.0631633935944,-19.426544170625064,-0.85946283572767,-0.68332292317302,-0.42473454091193,3.9148714130244e-15,PoC,0.01694096397635965,stellar
2CXO J124337.2+113143,190.90537324964637,11.528839588806887,295.84267119720846,74.29289917943517,0.041224234853217,0.17988757026858,-0.13991255465334,4.7234966602464e-15,GlC,0.10798722811717937,stellar
2CXO J142333.7+240247,215.89077513672987,24.04659194526952,29.63720806193117,69.03043802758097,0.88569643972517,0.4159900062461,0.7420362273579,7.055440852266999e-14,X,0.726878009517342,AGN
2CXO J053519.6-052001,83.83170168241759,-5.333814650388777,208.96417853730225,-19.34713713080236,0.90193628981886,0.50093691442848,0.71080574640849,2.9893397488897e-15,Or*,0.011070702413661076,stellar
2CXO J134904.7+262959,207.2699005471729,26.499743874430077,33.41288347669253,77.13073781737039,-0.097439100562149,0.082448469706433,-0.17863835103061,2.2935230841676e-14,X,0.829897039675837,AGN
2CXO J122503.7+125248,186.2655693961649,12.880119788155463,278.21416618936234,74.47200733519189,0.00999375390381,0.40474703310431,-0.40099937539038,1.7682727149839e-14,X,0.4218942862858182,stellar
2CXO J132952.6+471153,202.46913007754188,47.19832284450885,104.85574793950649,68.55802470042686,-0.97439100562149,-0.80199875078076,-0.77826358525921,6.8725929451299e-15,MoC,0.022516685182039448,stellar
2CXO J174517.4-290650,266.32277685668623,-29.11407071327336,359.81071754398187,-0.0313955844577858,0.99937539038101,0.92192379762648,0.99937539038101,9.113912970692501e-15,X,0.004181467873635584,stellar
2CXO J053520.9-052321,83.83715382555806,-5.38942054333905,209.0193415405253,-19.36745553416173,-0.52467207995003,-0.30231105559026,-0.26108682073704,3.2356057497781002e-15,Or*,0.007942345770394956,stellar
2CXO J110953.4-763425,167.47207155736146,-76.5737859281021,297.0197040430426,-14.881982628947652,0.011242973141786,0.11742660836977,-0.10618363522798,9.7040073809065e-14,HH,0.7566190054125836,AGN
2CXO J044132.9-025126,70.38736082929779,-2.857434505852303,199.5702154222432,-29.997488689939008,0.65334166146159,0.35477826358526,0.38975640224859,1.2093504724753e-13,HII,0.728701807258651,AGN
2CXO J053508.4-052230,83.78506137507287,-5.3750759489899504,208.980907635164,-19.407218869079458,0.13866333541537,-0.097439100562149,0.23360399750156,5.9980704651892e-15,Y*?,0.017546785861976607,stellar
2CXO J174532.3-290251,266.3847120110604,-29.047677232807107,359.89559388316627,-0.0429655862192516,0.99937539038101,0.98313554028732,0.99937539038101,1.6353961189387e-14,X,0.003347271586870165,stellar
2CXO J053542.6-052544,83.92786711170424,-5.429065151839154,209.1000924573721,-19.30483247701427,-0.84072454715803,-0.43222985633979,-0.63585259212992,5.483438891114e-15,Or*,0.0025,stellar
2CXO J130535.4-492910,196.3977812630877,-49.486365609556046,305.29322640697853,13.320480967487311,0.2735790131168,0.21236727045596,0.064959400374766,1.0616337816139e-13,X,0.32910793820218215,stellar
2CXO J083848.1+040733,129.70058063749786,4.126050463415515,221.95462967432653,25.69702879597606,0.90443472829482,0.92816989381636,-0.16739537788882,1.0710520505085999e-12,CGG,0.9431532338710741,AGN
2CXO J084159.2+392139,130.49695118538887,39.36106801070031,182.5917270156996,37.4727125350977,-0.08369768894441,0.26983135540287,-0.34603372891943,5.6358505034876e-14,ClG,0.9468959019538794,AGN
2CXO J150243.0+111557,225.6796798756053,11.265968895689792,12.12990012208039,55.34541660892219,0.0049968769519051,0.12742036227358,-0.12242348532167,6.468356007793399e-13,Rad,0.9888170733948536,AGN
2CXO J174542.2-285732,266.42615648449816,-28.95899036665657,359.9901773767879,-0.027695689308931,0.99937539038101,0.92317301686446,0.99937539038101,5.4466631347036e-15,X,0.0,stellar
2CXO J004240.7+405117,10.6698481498089,40.85473744938042,121.14600079820858,-21.98663666927973,-0.9106808244847,-0.67707682698314,-0.60836976889444,1.9746023817099e-14,X,0.18817290924247618,stellar
2CXO J172440.0-341225,261.1670293227478,-34.20710197802032,353.1546963702572,0.8999727094015305,0.32604622111181,0.20861961274204,0.11118051217989,1.1679788710235e-15,Y*?,0.01185624381260444,stellar
2CXO J051822.1-484152,79.59257802801096,-48.69789922753622,255.12691030564145,-35.071073734228214,-0.28357276702061,-0.056214865708932,-0.23110555902561,3.8456705348832996e-13,UV,0.9652085738397033,AGN
2CXO J180928.8-191743,272.3704523292107,-19.295539749210597,11.065932806969814,0.1285101568757641,0.95190505933791,0.97189256714553,-0.34978138663335,6.281565079764599e-14,Rad,0.00875407943756466,stellar
2CXO J035729.1+320919,59.37143371173767,32.155395408448484,162.65103673336404,-16.013182467539444,-0.86695815115553,-0.55090568394753,-0.60087445346658,1.847709653622e-14,Y*?,0.030476350095114447,stellar
2CXO J201637.6+370555,304.1567405213839,37.09876486407322,74.9239344231524,0.9868146694053408,-0.92692067457839,-0.64334790755778,-0.70081199250468,8.9805526149664e-14,SB*,0.0,stellar
2CXO J004734.2-251703,11.89283866225611,-25.28439622669185,97.52651822834092,-87.962388348176,0.99937539038101,0.61711430356027,0.99937539038101,6.901981102735399e-14,X,0.7380436679518806,AGN
2CXO J164200.5+533950,250.5022311928977,53.6639364502008,81.7616159632887,40.50758639103384,-0.064959400374766,0.11617738913179,-0.17988757026858,2.7075174906675996e-13,Rad,0.9915391187489019,AGN
2CXO J095557.6+690436,148.99032042397567,69.0767224018846,142.0516340780827,40.92325856480411,-0.58338538413492,-0.41848844472205,-0.21736414740787,1.7596022151053e-14,X,0.46619757281397256,stellar
2CXO J064107.6+093419,100.2819393097884,9.571960156941005,203.24149571064947,2.083565780752859,0.99937539038101,0.99937539038101,-0.99937539038101,3.4956037772379995e-14,mm,0.014952423955289585,stellar
2CXO J170124.7+642555,255.3531098671349,64.43197698263212,94.66607327903638,36.0667877027694,-0.38226108682074,0.017489069331668,-0.38850718301062,5.0462690757428997e-14,X,0.9647163258130417,AGN
2CXO J132530.1-430047,201.3756047760376,-43.0132977826579,309.524856292847,19.42195221533992,0.62211118051218,0.36352279825109,0.33354153653966,,X,0.114617198533163,stellar
2CXO J053513.9-052700,83.80813119214281,-5.450272142959205,209.063030718328,-19.420741950622947,0.92692067457839,0.79825109306683,0.48219862585884,1.6718722198150998e-14,Or*,0.06691586013357212,stellar
2CXO J174535.1-290252,266.3963474422403,-29.04797495718574,359.9006406824731,-0.0518021758337464,-0.99937539038101,-0.16739537788882,-0.99937539038101,0.0,X,0.011387395856795664,stellar
2CXO J174518.2-290405,266.3261293515385,-29.06833388836167,359.8512675456004,-0.010038217606329,0.99937539038101,0.93566520924422,0.99937539038101,2.3221840869191e-14,X,0.007135605521217979,stellar
2CXO J134639.4-512558,206.6641457624553,-51.43288669209487,311.63382285441594,10.503485999945951,-0.97439100562149,-0.78326046221112,-0.80324797001874,3.11295130854e-13,SB*,0.016087030178377055,stellar
2CXO J095549.3+685836,148.95588927117444,68.97695067736522,142.1689442135652,40.970747662288446,-0.32979387882573,-0.071205496564647,-0.26358525921299,2.0266773833524e-14,As*,0.9528466875508498,AGN
2CXO J004625.0+420426,11.604280567374303,42.07413591254091,121.9353719852098,-20.787896432503672,-0.27108057464085,-0.06371018113679,-0.20986883198001,7.1747047305024e-14,NIR,0.7996926054091935,AGN
2CXO J004711.0-252332,11.796276810546146,-25.39258443711173,93.91334696887616,-88.01971617846806,-0.18613366645846,0.1211742660837,-0.2998126171143,8.8978716152682e-14,X,0.933188574246222,AGN
2CXO J053513.2-052239,83.80542965560494,-5.3775570013222005,208.9929801791297,-19.39025678396599,0.99937539038101,0.99937539038101,0.99937539038101,7.0187474420659e-15,MoC,0.011675658178112978,stellar
2CXO J132512.0-430010,201.2999324775792,-43.0029367930064,309.4682777546995,19.43991185937961,0.33479075577764,0.27857589006871,0.061211742660837,3.6631297308221e-14,X,0.22525186930992158,stellar
2CXO J173332.5-181735,263.38572171385727,-18.29326412574001,7.603312648636354,7.9657280933784,0.24859462835728,0.26233603997502,-0.014990630855715,1.6894770966815e-12,CV?,0.7195301167924399,AGN
2CXO J054613.1-000604,86.5547324917602,-0.1013985711786481,205.42705651634532,-14.517006049920411,0.45096814490943,0.36352279825109,0.08369768894441,2.1332456744481e-15,Or*,0.28968601523799425,stellar
2CXO J053522.3-044207,83.84302559392233,-4.702049014382313,208.3735876333327,-19.050190586825448,-0.66958151155528,-0.34603372891943,-0.41973766396002,1.0258462708579e-13,Or*,0.001967270520183359,stellar
2CXO J174534.3-290244,266.3931007610206,-29.04568144644501,359.9011191205996,-0.048184528585488,0.99937539038101,0.9156777014366,0.24859462835728,1.7759845397559999e-15,X,0.008733739433573794,stellar
2CXO J053523.1-052228,83.84658957088703,-5.374535708861192,209.00977515696613,-19.352344295279288,0.67457838850718,0.23985009369144,0.51217988757027,5.1501138893117e-15,Or*,0.008883110726766286,stellar
2CXO J180412.0-241909,271.0503482542404,-24.319411165096263,6.081533079353861,-1.249664556291849,-0.10493441599001,0.073703935040599,-0.17738913179263,5.0223591683734e-14,Or*,0.012924060000041832,stellar
2CXO J141455.2+361437,213.73019576416573,36.24380693126062,65.36210888258286,70.09774069665171,-0.088694565896315,0.11118051217989,-0.19737663960025,8.4046108602936e-15,X,0.14054094591828992,stellar
2CXO J123059.5+122038,187.74808574180477,12.344168894398305,283.97681185843504,74.45857381569091,-0.40974391005621,0.04996876951905,-0.44971892567146,2.8766411064097e-14,X,0.9831205917325293,AGN
2CXO J053830.8-690344,84.62841029945304,-69.06247219674562,279.42256831555864,-31.693381959375987,0.76452217364147,0.55465334166146,0.34603372891943,5.210327085505e-15,X,0.28020113572758115,stellar
2CXO J165258.4+022407,253.2437930176889,2.4019671733984307,20.729177227662987,27.292809406296325,-0.85571517801374,-0.68831980012492,-0.39725171767645,2.2563907227857e-14,Rad,0.2540937114942236,stellar
2CXO J223818.7+751153,339.57807748962216,75.19825918601114,114.60506957703087,14.523341570873198,-0.16739537788882,-0.10368519675203,-0.06371018113679,4.2681287374497e-14,Or*,0.029897801380994283,stellar
2CXO J013330.6+303404,23.37770462732493,30.56786440753829,133.54737327610567,-31.43516119344718,0.86445971267958,0.50468457214241,0.63460337289194,6.3033569170362e-14,X,0.7397951346624694,AGN
2CXO J072637.5+854534,111.65610006784812,85.75957709226358,127.66584356427636,27.697236334009933,-0.094940662086196,0.038725796377264,-0.13366645846346,2.6938493245751998e-14,X,0.8470170820955913,AGN
2CXO J043917.7+222103,69.82418064884581,22.350863791662675,176.68976758825997,-15.98174929884373,-0.63835103060587,-0.15865084322299,-0.53216739537789,3.2720435052405996e-13,Pl?,0.09339837046258323,stellar
2CXO J174532.4-290259,266.3852851667169,-29.049835075692688,359.89401340711845,-0.044517823491205,0.98813241723923,0.99937539038101,-0.99937539038101,2.0052354955501e-14,X,0.004740922897345763,stellar
2CXO J174544.0-285941,266.43334410846364,-28.99491341883263,359.9627867647122,-0.0517738398601619,0.91942535915053,0.99937539038101,-0.99937539038101,1.4646173631708e-15,X,0.0009235478366945722,stellar
2CXO J174544.1-285940,266.43407302351807,-28.99465382976698,359.9633404201691,-0.0521828992285716,0.89444097439101,0.94815740162398,-0.37851342910681,1.3658232861225001e-15,X,0.0025,stellar
2CXO J032200.9-371917,50.50417128717032,-37.321287119844094,240.3960944081041,-56.81113521783094,-0.29231730168645,0.087445346658338,-0.37226733291693,2.8955240292171e-14,X,0.9835475762282923,AGN
2CXO J053553.2-052603,83.97191972991533,-5.434265682301326,209.12600827488595,-19.26806387394813,0.96439725171768,0.69081823860087,0.789506558401,2.3161051786599e-14,X,0.022505488746430068,stellar
2CXO J223705.6+342653,339.273406156477,34.44812433637805,93.7450057623163,-20.699296493799714,-0.091193004372267,0.077451592754528,-0.1686445971268,2.9814999201659e-14,ULX,0.6315928442745353,AGN
2CXO J175103.9-293430,267.7664664459876,-29.575284603073214,0.0656045055317503,-1.3472271702295786,0.94316052467208,0.70331043098064,0.69706433479076,1.8608424174412e-14,X,0.013775671833618996,stellar
2CXO J010741.9+322642,16.924948403096778,32.44521638613492,126.90551247541606,-30.301032975971264,0.43222985633979,0.30605871330418,0.14615865084322,1.4852737680448999e-13,X,0.8628579373821965,AGN
2CXO J054521.5+090545,86.33978659215336,9.09600744668866,197.0846254518489,-10.241354817157172,-0.72454715802623,-0.34978138663335,-0.50093691442848,3.0784356288295e-14,Or*,0.018370957123861664,stellar
2CXO J133739.4-294322,204.4142261234099,-29.72286431090856,314.7793421933545,32.08337723493921,-0.44347282948157,-0.21861336664585,-0.24609618988132,0.0,X,0.5896505585669165,AGN
2CXO J045616.8-454016,74.07027702678761,-45.671181738777285,251.2058997679057,-38.73246189753251,-0.25858838226109,0.016239850093691,-0.2735790131168,1.8509978534816998e-13,Rad,0.9819292761038974,AGN
2CXO J043338.8+174950,68.41190807965802,17.830754116408837,179.51031296203172,-19.85350599306838,0.21361648969394,0.22860712054966,-0.016239850093691,2.2277826179664e-13,Rad,0.5815528564952812,AGN
2CXO J181355.8-170627,273.48256047681923,-17.10749164266539,13.492350583466605,0.2551971451662402,0.94940662086196,0.72954403497814,0.71455340412242,1.7728389108715998e-12,X,0.1658850668831945,stellar
2CXO J053517.3-054214,83.8223423046033,-5.704057104157899,209.3099956613751,-19.522684992243036,-0.78700811992505,-0.35227982510931,-0.59837601499063,1.5933114699685e-14,Or*,0.0,stellar
2CXO J133956.3-313820,204.9847132209628,-31.639028888941965,314.86196215970983,30.106674182126547,-0.31355402873204,-0.0062460961898814,-0.30730793254216,4.5963671741872e-14,Cl*,0.8466872755329051,AGN
2CXO J174520.5-285711,266.3357931943018,-28.953361366376384,359.9537714120709,0.0427165375844497,0.99937539038101,0.98063710181137,-0.99937539038101,1.2138908563272e-14,X,0.00489574442071854,stellar
2CXO J064145.2+094703,100.43845675570516,9.784181846628362,203.12298460235652,2.3177008391698557,0.78076202373517,0.43972517176765,0.5159275452842,2.9761923192996e-13,Rad,0.07180449832709862,stellar
2CXO J135527.6+181638,208.8652060832461,18.27740902083387,5.297491555607447,72.81033527641313,-0.022485946283573,0.14116177389132,-0.16364772017489,1.7003765771506998e-13,X,0.9472189709686929,AGN
2CXO J174539.7-285928,266.4155827111724,-28.991106682953763,359.957944008299,-0.0365294541203821,0.841973766396,0.83822610868207,-0.01998750780762,1.6130984178347e-15,X,0.0019672705201833596,stellar
2CXO J104516.5-594337,161.31883755594276,-59.726931997063886,287.64072539081894,-0.6544094196527022,-0.89194253591505,-0.72204871955028,-0.47595252966896,5.3017973533524e-14,SB*,0.0035944909812761516,stellar
2CXO J095531.4+690419,148.88110877086058,69.07217265251526,142.08631940527806,40.8940186665805,-0.16614615865084,0.23360399750156,-0.38226108682074,6.5796693873779005e-15,X,0.55232294502805,AGN
2CXO J015949.3-084958,29.9557009504544,-8.83311695068372,167.58772912477014,-65.58730571630426,-0.089943785134291,0.057464084946908,-0.1474078700812,7.503867092195999e-14,Rad,0.9366426815660475,AGN
2CXO J165433.4-415630,253.63939381795035,-41.94183945856629,343.4194686371616,1.0539701472158605,-0.2211118051218,-0.041224234853217,-0.18113678950656,7.231537898240299e-14,gD*,0.011391321098140532,stellar
2CXO J202036.2+405753,305.1508495483924,40.96465796580336,78.55623994022983,2.523142865253892,0.9631480324797,0.81449094316052,0.61836352279825,4.719603851780899e-13,Y*?,0.17087541713077606,stellar
2CXO J174537.7-290001,266.4070886949208,-29.000575836219497,359.94599089169253,-0.0351212958607008,0.97064334790756,0.98813241723923,-0.46720799500312,1.0604786336592e-14,X,0.0,stellar
2CXO J140312.5+542056,210.80222729081368,54.34895187129599,102.03740671219629,59.77130755606488,-0.53591505309182,0.028732042473454,-0.55340412242349,4.5469154070012e-15,UV,0.6755461670876902,AGN
2CXO J180433.5-242653,271.1398021550256,-24.448212612720383,6.009211876343708,-1.383829878195603,-0.12742036227358,0.064959400374766,-0.18988132417239,1.1203448609244e-13,Or*,0.02268522962912148,stellar
2CXO J043354.7+261327,68.47785081310604,26.22424089085754,172.79421882942876,-14.439415268402604,0.24359775140537,0.072454715802623,0.1736414740787,8.7551545354085e-13,Or*,0.4796135087844612,stellar
2CXO J054124.2-014935,85.35102710620697,-1.826361100867555,206.42332755997015,-16.38834041858283,-0.87945034353529,-0.45221736414741,-0.70830730793254,6.8500809520538e-14,X,0.01571819871194394,stellar
2CXO J125906.4-014827,194.7767269796689,-1.8076874885946737,306.88764478290017,61.00514396606136,-0.0037476577139288,0.12492192379763,-0.12866958151156,8.0767280290985e-14,X,0.9349566494459903,AGN
2CXO J053515.8-052040,83.81614805693141,-5.344549227200962,208.9668957493021,-19.36580473936768,-0.83947532792005,-0.52841973766396,-0.53341661461587,1.648391187124e-15,smm,0.0016701439599415815,stellar
2CXO J094540.5-143415,146.41897838332352,-14.571142968884914,249.90659949866307,28.610585249547007,-0.44597126795753,-0.15740162398501,-0.30855715178014,2.2380171832274998e-13,blu,0.9009960495179605,AGN
2CXO J053437.6-054304,83.65692503799096,-5.717867108763394,209.24431157272724,-19.67583097374826,-0.77326670830731,-0.420986883198,-0.51842598376015,4.0620419221017e-14,Or*,0.0015037570444583594,stellar
2CXO J124332.0+113418,190.88369501965465,11.571799114722284,295.746687894888,74.33318709350445,0.40224859462836,0.20112429731418,0.21736414740787,1.9845520448979e-14,X,0.33351852099289636,stellar
2CXO J053512.1-052456,83.80084911110623,-5.41568821336283,209.02684820393569,-19.411571284797905,0.97439100562149,0.70206121174266,0.85821361648969,2.0291204986905e-14,Y*?,0.031139070238662768,stellar
2CXO J174543.6-290114,266.4317476166593,-29.020612300946475,359.940121446946,-0.0639667010496911,0.80949406620862,0.99937539038101,-0.99937539038101,6.8308571331776e-16,X,8.67299399770309e-05,stellar
2CXO J051847.1-454501,79.6966145608385,-45.75021064750386,251.5435630643533,-34.81302073771586,-0.93816364772017,-0.61836352279825,-0.73953778888195,3.2969661439738e-14,SB*,0.03806384251743096,stellar
2CXO J174539.0-290211,266.4128069048327,-29.03662518221615,359.9178257294559,-0.058170875169867,0.99937539038101,0.95940037476577,0.55465334166146,9.370301333416702e-16,X,0.005055758682404177,stellar
2CXO J225639.0+624509,344.1628549673791,62.752622216274936,110.21749104039765,2.7494255308734425,-0.17114303560275,-0.049968769519051,-0.12242348532167,2.0812757376107e-13,Or*,0.008602323061476654,stellar
2CXO J170114.4-300658,255.31027129152983,-30.11634276400371,353.57549774946085,7.3117985516832755,-0.38850718301062,-0.46346033728919,0.10368519675203,6.929040259667301e-16,X,0.06938318094469856,stellar
2CXO J174543.1-285905,266.4299064212249,-28.98473753272785,359.96990733465435,-0.0439069462481127,0.66583385384135,0.82698313554029,-0.43597751405372,4.844026347663801e-16,Mas,0.001253916040100251,stellar
2CXO J100513.7-074416,151.30737003074194,-7.737902878524807,247.79950882185597,36.76726487694361,-0.12242348532167,0.10618363522798,-0.22485946283573,3.2417015285852e-15,PN,0.22280266787799377,stellar
2CXO J023713.5-522734,39.30658080467544,-52.45958749605669,272.2255039679079,-57.89720650027139,-0.37101811367895,-0.013741411617739,-0.35852592129919,5.4084525859919e-13,X,0.9896063980972188,AGN
2CXO J114435.6+195029,176.1483885634775,19.841438939357023,234.8303392841021,73.0516639955072,-0.25359150530918,0.027482823235478,-0.27857589006871,4.3683248699687e-14,X,0.9964686663734771,AGN
2CXO J122946.0+075915,187.4419753041766,7.987599174960031,286.9230906563344,70.18290267282234,-0.19362898188632,0.064959400374766,-0.25484072454716,1.2202854145193e-14,Gl?,0.43709362762076176,stellar
2CXO J232741.0+233520,351.92096055179604,23.589051098190385,99.24212790469,-35.40042536052386,0.40474703310431,0.27482823235478,0.14615865084322,1.2011126893315e-13,Cl*,0.9371914087985423,AGN
2CXO J122809.7+440553,187.04044615529236,44.09808638851828,136.86193526583958,72.3951557542535,0.27982510930668,0.18363522798251,0.10243597751405,5.3502439582527e-14,X,0.6044455785121872,AGN
2CXO J063215.0+045235,98.0626282308109,4.876510306546476,206.4020956628773,-2.0282157014221056,0.35602748282324,0.16989381636477,0.19737663960025,9.9473395130829e-14,Or*,0.001756427025662084,stellar
2CXO J105816.7-771716,164.56943907654556,-77.28812439311366,296.7096360230501,-15.804627267111124,-0.63960024984385,-0.32354778263585,-0.39850093691443,2.2334461085405e-13,Or*,0.03576171213337497,stellar
2CXO J124333.3+113239,190.88882411859996,11.544420947990972,295.7766471495889,74.30655526210577,0.036227357901312,0.21986258588382,-0.18488444722049,2.0022600607822e-14,GlC,0.4863820086554928,stellar
2CXO J174525.2-290035,266.35504618313985,-29.010010348038648,359.9142166145255,-0.001194499710551,0.99937539038101,0.99937539038101,0.99937539038101,1.5592291872023998e-14,X,0.006689963558151059,stellar
2CXO J104639.5+631610,161.66474553432295,63.26958618425039,143.54324978774676,48.56305342373968,0.43347907557776,0.30231105559026,0.14990630855715,1.8983240026235e-13,HII,0.9558419950646898,AGN
2CXO J132712.8-473456,201.80368604099272,-47.582515152844046,309.1606267963485,14.856082529862588,-0.0074953154278576,0.069956277326671,-0.076202373516552,4.1848703945129e-14,X,0.3932256391760338,stellar
2CXO J182432.6-245223,276.13617904541445,-24.873240140571344,7.794804931131346,-5.581549194527468,0.12242348532167,0.079950031230481,0.042473454091193,1.1043186057392e-14,X,0.2508222519262393,stellar
2CXO J104637.3+631333,161.65573829256732,63.2258810360277,143.59367687239336,48.5915751485954,0.15740162398501,0.18988132417239,-0.034978138663335,1.6313839731305e-13,HII,0.8003569814777979,AGN
2CXO J053504.8-052057,83.77029526852982,-5.349295225032087,208.94947897826805,-19.40866296564688,0.28482198625859,0.22735790131168,0.061211742660837,7.116383500882401e-15,Or*,0.08543057974296735,stellar
2CXO J053524.0-052313,83.85010305826552,-5.387171161067129,209.0233959878252,-19.35494026875454,0.92692067457839,0.50843222985634,0.78575890068707,6.7908047762568e-15,Or*,0.005014793936859624,stellar
2CXO J043003.9+181349,67.51669857796162,18.230330927513005,178.60940145930434,-20.26353064039912,-0.80449718925671,-0.41973766396002,-0.58088694565896,5.3894618718659e-13,Or*,0.009154329410450003,stellar
2CXO J142115.3+530158,215.31402585776323,53.03280280221028,96.28107553880687,59.19840496779421,-0.26983135540287,-0.057464084946908,-0.21486570893192,1.1827960987458e-14,X,0.8981182739949242,AGN
2CXO J082117.9+075358,125.32466515870698,7.899595266944958,216.0754259993924,23.54855494088596,-0.23235477826359,0.098688319800125,-0.32354778263585,1.06228712952e-13,X,0.8621173697985273,AGN
2CXO J123052.7+122336,187.71983257247507,12.393593194685437,283.82346828284415,74.4975666338508,0.99937539038101,0.10868207370393,0.99937539038101,3.2634704330038e-15,GlC,0.16467922601593507,stellar
2CXO J125554.0+565300,193.9751601594304,56.88362576395453,121.70412736426708,60.23398644662496,-0.32604622111181,0.086196127420362,-0.3997501561524,1.1132972954515e-14,X,0.7145577131456762,AGN
2CXO J131523.9-162307,198.84986894039844,-16.38543165836505,311.234071307859,46.09969910767531,-0.033728919425359,0.1686445971268,-0.20112429731418,2.9590228029518e-14,Rad,0.845226475485421,AGN
2CXO J233614.0+020918,354.0585645478102,2.155068018549354,88.21537002488789,-55.564084830667134,-0.01998750780762,0.048719550281074,-0.067457838850718,8.0670592296492e-14,GrG,0.9519446537723035,AGN
2CXO J053514.7-052237,83.81149412543738,-5.377249853583314,208.9955855259371,-19.38473326363762,-0.3997501561524,-0.078700811992505,-0.32479700187383,,LM*,0.07852332365326976,stellar
2CXO J174544.8-290021,266.43671612742867,-29.005956425228597,359.9548956570967,-0.0600428409855419,0.99937539038101,0.93441599000625,0.44472204871955,3.0769923359537e-15,X,0.004594203959983414,stellar
2CXO J053519.8-052221,83.8325887292292,-5.372657474839921,209.00131581249403,-19.36392592983514,0.9369144284822,0.70830730793254,0.63960024984385,5.2606889023686e-15,Rad,0.011991430365099838,stellar
2CXO J122455.0+125243,186.2292666572736,12.878787123486552,278.0939923569664,74.45723533522168,0.097439100562149,0.23110555902561,-0.14366021236727,1.2142396946112e-14,PN,0.2678749142887688,stellar
2CXO J203518.8+601056,308.82833860870096,60.182418381546114,95.77502655608832,11.644450027096674,0.57838850718301,0.0,0.57713928794503,3.2584656422811e-14,UX?,0.0880292432938732,stellar
2CXO J004205.7+411329,10.524067062634684,41.22490953809663,121.04274706365422,-21.612569105186264,0.24609618988132,0.17239225484072,0.076202373516552,3.522163412955e-14,XB?,0.688817815721645,AGN
2CXO J132947.4+470940,202.4476968703532,47.16131802837226,104.85102548496924,68.59775645392905,0.56714553404122,0.54465958775765,-0.0049968769519051,1.2583088586592e-15,X,0.5225893077016361,AGN
2CXO J122954.3+075612,187.4762621343358,7.93672963794842,287.0570554980779,70.14198827866173,-0.081199250468457,0.062460961898813,-0.14241099312929,2.5323695783639e-14,UX?,0.5721176823622455,AGN
2CXO J000031.1-500914,0.1295307641593694,-50.15406086079702,322.44888399878977,-65.00057432873946,-0.78700811992505,-0.368519675203,-0.58588382261087,4.8155727622046e-14,IG,0.44116757154141323,stellar
2CXO J053617.0-051142,84.070910023269,-5.195249330855601,208.94756661200944,-19.072013273093177,-0.44846970643348,-0.13241723922548,-0.33603997501562,3.1955373402647996e-13,Or*,0.07598237005072331,stellar
2CXO J034431.3+320013,56.13076449232278,32.00378170732859,160.5899539522904,-17.93061143928165,0.49094316052467,0.13616489693941,0.37851342910681,5.0609209317586996e-14,Or*,0.012722806470232278,stellar
2CXO J033843.5-353349,54.68145026261101,-35.56368903241234,236.90474841378284,-53.58388692285919,0.41723922548407,0.60337289194254,-0.25484072454716,1.645271265563e-14,X,0.6167971581106334,AGN
2CXO J132501.1-431159,201.2546405051953,-43.19971386808139,309.4047677931918,19.24958608554488,-0.16989381636477,0.0049968769519051,-0.17489069331668,8.8623699330036e-14,GlC,0.23423461155951109,stellar
2CXO J184537.0-645146,281.4043742207548,-64.86290392567432,330.5800344690403,-23.778330730779725,0.053716427232979,0.43472829481574,-0.38975640224859,2.6750514644446e-12,SB*,0.7459381474973165,AGN
2CXO J034707.6+241016,56.78169997431007,24.171461165807823,166.55378576158637,-23.461170948297013,0.71955028107433,0.31105559025609,0.52342286071205,6.0073641498154e-14,X,0.6318507424671315,AGN
2CXO J174542.1-285911,266.4256654690655,-28.98665468208093,359.9663385099153,-0.0417387484983785,0.99937539038101,0.99937539038101,-0.99937539038101,1.3992310758747e-15,IR,0.003431379916895074,stellar
2CXO J150059.2+014829,225.2469415727676,1.808054219580844,359.25190148156423,49.95673089192386,-0.31855090568395,0.098688319800125,-0.40349781386633,1.0983598432323e-14,X,0.7809288597445216,AGN
2CXO J095550.3+694022,148.95957300302587,69.67290411351371,141.41910651426923,40.56842005293831,0.29106808244847,0.26983135540287,0.022485946283573,5.9443848889163e-14,Gl?,0.7374459868723251,AGN
2CXO J124836.4-055333,192.15168564436877,-5.892711233856147,301.64012774733186,56.97193498458835,-0.99937539038101,-0.99937539038101,-0.83822610868207,1.8013013686686e-14,X,0.06763367667235387,stellar
2CXO J064107.3+095831,100.28041380452436,9.975223316073205,202.8817554291604,2.266313870947732,-0.56589631480325,-0.20986883198001,-0.40349781386633,1.3612947214892e-13,Or*,0.010315827335957038,stellar
2CXO J053522.1-052233,83.84219999775212,-5.376131413327209,209.00918804285453,-19.35696367682224,0.36102435977514,0.021236727045596,0.3422860712055,1.8568548562509e-14,Or*,0.01064969743142273,stellar
2CXO J174654.3-291541,266.7263193585393,-29.261624171404957,359.8679508232511,-0.4090376361260197,0.99937539038101,0.86695815115553,0.99937539038101,6.498305824580399e-13,X,0.07435379536765613,stellar
2CXO J104457.4-595429,161.23953133155737,-59.90819572875256,287.6899449368244,-0.8333622575388586,-0.71330418488445,-0.32479700187383,-0.50468457214241,7.3518140437715e-14,SB*,0.00897649845367766,stellar
2CXO J174538.5-290033,266.4105449750173,-29.00922679829272,359.9401816898314,-0.0422085786383817,0.031230480949407,0.99937539038101,-0.99937539038101,0.0,out,0.01448018769452508,stellar
2CXO J053519.8-053036,83.83253830467322,-5.510284909778355,209.13143877531795,-19.426187784975728,-0.31855090568395,0.52717051842598,-0.72329793878826,1.0252629864942e-14,Or*,0.17318415794411163,stellar
2CXO J140246.4+542151,210.69340943074812,54.364382838661626,102.15984903039674,59.792794881076254,-0.087445346658339,0.24609618988132,-0.32604622111181,2.4104031641087e-14,X,0.875080824421136,AGN
2CXO J190141.6-365952,285.42354001348644,-36.998137003360696,359.87337976256833,-17.83063837889269,-0.70455965021861,-0.40224859462836,-0.41973766396002,3.082514327159e-14,Or*,0.005226507654922279,stellar
2CXO J174541.6-285919,266.42339643593414,-28.988819077524884,359.963457080517,-0.0411719025470777,0.93441599000625,0.87820112429731,0.19237976264834,1.1236363193726001e-15,X,0.0170336783817304,stellar
2CXO J174539.3-290000,266.413776739417,-29.000257647152623,359.94931000327256,-0.0399484139700671,0.99937539038101,0.8157401623985,0.99937539038101,3.9411893625627004e-16,X,0.0,stellar
2CXO J123047.3+122308,187.6971522626285,12.385768021511751,283.75315483409304,74.48347951536488,0.1948782011243,0.4159900062461,-0.24859462835728,6.8137721571424e-15,GlC,0.31174125171495737,stellar
2CXO J013507.1-412605,23.77970416075783,-41.434901939548745,273.65258758591864,-73.11798103827584,0.069956277326671,0.2473454091193,-0.18113678950656,8.323248298897e-14,HII,0.8173986080638862,AGN
2CXO J072648.3+854548,111.7012342877137,85.76358419852274,127.66091256432182,27.70008636225801,0.8157401623985,0.41224234853217,0.60462211118051,3.1741269853906e-14,UX?,0.7313658535576508,AGN
2CXO J004316.4+410348,10.818403920962965,41.06354147744918,121.27478934479645,-21.781935288452807,-0.034978138663335,0.028732042473454,-0.06371018113679,3.2637535875287e-14,X,0.48350656762124056,stellar
2CXO J173324.1-332325,263.35045895696567,-33.390600257419095,354.8385664161607,-0.1598969036373308,0.99937539038101,0.74453466583385,0.99937539038101,1.1566719047708e-13,X,0.0030103430657623348,stellar
2CXO J180450.7-242542,271.2113945017975,-24.42844603288578,6.05838653334079,-1.430970357534366,-0.0024984384759525,0.051217988757027,-0.053716427232979,9.620235962807999e-14,Ae*,0.010681733084600442,stellar
2CXO J174559.6-290601,266.4985173431902,-29.100601173588878,359.9022103846574,-0.1554397238428037,0.99937539038101,0.99937539038101,-0.99937539038101,2.6558073235898998e-14,X,0.005320258060740919,stellar
2CXO J174614.3-321949,266.5600440542744,-32.33059204439695,357.16994902657063,-1.8797668781016763,0.93941286695815,0.44597126795753,0.84697064334791,5.2725504288242e-14,X,0.008525517549004642,stellar
2CXO J183751.6-065345,279.4650818637791,-6.89600380236906,25.25066609758504,-0.1395165965737878,0.99937539038101,0.99188007495315,0.99937539038101,3.7214977090634e-13,X,0.09456974883954451,stellar
2CXO J053519.6-052303,83.83177615671622,-5.384336698933139,209.01196847646872,-19.3699308249945,0.65833853841349,0.14990630855715,0.55715178013741,1.3760197515496e-15,Y*?,0.01076213290333893,stellar
2CXO J104814.1-583051,162.05907651245798,-58.51434221933873,287.419340842428,0.596849037527818,-0.84447220487196,-0.45221736414741,-0.63210493441599,6.0899357750221e-14,X,0.005007832080200502,stellar
2CXO J170113.7-300706,255.30717469692436,-30.11848065153721,353.5721467774989,7.312634067937879,0.38101186758276,0.4896939412867,-0.13741411617739,8.1936828431907e-15,X,0.22998569724176973,stellar
2CXO J170822.2-251434,257.0926108110626,-25.24284610646483,358.480095528651,8.944963530114961,0.23610243597751,0.2211118051218,0.014990630855715,2.0389191503521e-13,Rad,0.33613022134143367,stellar
2CXO J174537.8-285959,266.4075122714107,-28.999941181947896,359.94672561853287,-0.0351068450484313,0.062460961898813,0.64834478450968,-0.55465334166146,0.0,X,0.018402307809031453,stellar
2CXO J004210.3+411509,10.542880387125706,41.25272730614625,121.05911326327826,-21.58532192315441,0.047470331043098,0.051217988757027,-0.0037476577139288,3.0388327968103e-14,s?r,0.3526784481561747,stellar
2CXO J043017.2+351537,67.57191407513085,35.26051590890126,165.37289720022622,-9.007700419855656,0.11617738913179,-0.053716427232979,0.16739537788882,8.5228915347944e-14,Or*,0.06744611164699045,stellar
2CXO J042845.8+243749,67.19112194039474,24.630460408771786,173.25491973448808,-16.361176032897184,0.6158650843223,0.368519675203,0.31855090568395,4.2230615399959996e-13,X,0.47952355324626955,stellar
2CXO J111401.0-611901,168.5043851459426,-61.316921691944536,291.5151406529436,-0.6234426005940147,0.85321673953779,0.59837601499063,0.50218613366646,3.6584924111472e-14,X,0.015882296719462754,stellar
2CXO J154930.6+213423,237.37773268531987,21.57295953196431,35.11737323337507,49.26990338038089,0.082448469706433,0.18988132417239,-0.10993129294191,1.8953983315795998e-13,X,0.8512667057291052,AGN
2CXO J141309.1-652017,213.2879926104955,-65.3382333730253,311.3249202285491,-3.806680759901501,0.99937539038101,0.67832604622111,0.99937539038101,5.417527112131e-14,X,0.03309618102678228,stellar
2CXO J122258.6+154751,185.74446274702268,15.797760369574297,271.2472394036047,76.88478814507286,-0.75827607745159,-0.35227982510931,-0.55090568394753,1.9307916735351998e-14,UX?,0.44034824611961737,stellar
2CXO J171701.2+431042,259.2552844842908,43.17842028820008,68.38740474073404,34.88201156503164,-0.2423485321674,0.092442223610244,-0.32729544034978,7.3366732288655e-14,X,0.8494578791311307,AGN
2CXO J034648.4+680547,56.70187692334798,68.09637709169671,138.17233055492392,10.580004380424612,-0.5946283572767,-0.17613991255465,-0.46720799500312,2.0814026565267e-13,Rad,0.07473948616229942,stellar
2CXO J055306.8-334805,88.27856260028659,-33.80153481910942,239.36138510988977,-26.09445144053129,-0.76077451592755,-0.32229856339788,-0.58088694565896,1.1400076598411998e-13,El?,0.1759902853453103,stellar
2CXO J053513.2-052254,83.80503139092116,-5.381890569030593,208.9968871786583,-19.39257089611313,0.97439100562149,0.99937539038101,-0.99937539038101,1.9186583455335e-14,X,0.03235727057535464,stellar
2CXO J133224.9+503510,203.10378142780812,50.58612710453373,107.26802098935624,65.27761936522192,-0.064959400374766,0.12866958151156,-0.19237976264834,8.4706851180285e-14,X,0.9579478314726102,AGN
2CXO J153450.8+234605,233.7117969672597,23.76830476567265,37.04508153875763,53.11738940461945,-0.1474078700812,0.1736414740787,-0.31230480949407,2.0927153145286e-13,blu,0.9929713681197464,AGN
2CXO J133726.4-294833,204.3603332482695,-29.80918343610824,314.7040098685771,32.008796229268754,0.11367895065584,0.1686445971268,-0.056214865708932,1.8796394671158e-14,X,0.24253947238458118,stellar
2CXO J215455.2+165324,328.7301795748988,16.890025846582375,73.56688906603665,-28.60523228708965,-0.36352279825109,0.04996876951905,-0.40599625234229,4.5775872429301e-14,blu,0.7528095242388578,AGN
2CXO J011942.7+032422,19.92822103555829,3.4061951868804377,136.6142737190662,-58.71239576423152,-0.10993129294191,0.098688319800125,-0.20612117426608,1.6263075208324e-13,ULX,0.9404276561716016,AGN
2CXO J053516.0-052411,83.81705693456888,-5.403174279538669,209.02275184371567,-19.391520625260565,-0.5421611492817,-0.30106183635228,-0.28732042473454,5.3885831831353e-15,Or*,0.006941656654783562,stellar
2CXO J174541.0-290058,266.4211926977513,-29.01638643877817,359.93892117512183,-0.0538866176355421,0.8632104934416,0.91692692067458,-0.30855715178014,8.6843287377316e-16,Rad,0.0,stellar
2CXO J163733.4+410309,249.3892414787207,41.052552922289,65.04853254319501,42.03679581603247,-0.14366021236727,0.053716427232979,-0.19612742036227,1.0039513226217e-13,X,0.9101859512385684,AGN
2CXO J004356.4+412202,10.985123222515597,41.3674671158926,121.42032575572956,-21.48227446168661,-0.27982510930668,0.016239850093691,-0.29356652092442,4.1045263658184e-14,GlC,0.9094694206489994,AGN
2CXO J053611.9-051553,84.04965699745833,-5.264955104489937,209.0031914540256,-19.12245046170633,-0.99937539038101,-0.99937539038101,-0.70081199250468,1.1591158246504e-14,Or*,0.0012499329892233257,stellar
2CXO J041059.4-312450,62.74760368328225,-31.413977332872744,231.0180922182819,-46.637394531810095,-0.23360399750156,0.043722673329169,-0.2735790131168,7.384007201152599e-14,SN*,0.965357229132485,AGN
2CXO J031818.2-663004,49.57591109028698,-66.50113949442286,283.35834541389016,-44.638391038144206,0.2211118051218,0.18613366645846,0.036227357901312,1.5792401123142e-13,Cl?,0.604021981641933,AGN
2CXO J004241.6+405118,10.673624048623424,40.855072216881936,121.14909192924304,-21.98640676680405,-0.99937539038101,0.086196127420362,-0.56589631480325,0.0,C*?,0.22563974724010438,stellar
2CXO J184441.8-030551,281.1743336578854,-3.097562699301706,29.40708196317588,0.0856006936803545,0.70705808869457,0.50968144909432,0.30480949406621,3.6844030071718e-13,X,0.1112867492588808,stellar
2CXO J123031.6+414140,187.6318754784636,41.69478986465509,137.98763895072756,74.81652946351132,-0.43722673329169,-0.066208619612742,-0.38226108682074,1.1012970756858e-13,X,0.9946434376014185,AGN
2CXO J183124.9-020550,277.853885946485,-2.0973400402786817,28.776342512734097,3.492294132113506,0.74953154278576,0.31230480949407,0.56464709556527,4.4450267910198e-14,Cl*,0.027384027180860228,stellar
2CXO J130522.4-492657,196.34325219846824,-49.44924016920378,305.25900106965497,13.359533123821809,0.33229231730169,0.18863210493442,0.15365396627108,3.0082223117562e-14,X,0.347700141934959,stellar
2CXO J191015.1+445732,287.56325633554843,44.95910686358105,75.83141882825522,15.697330720295003,-0.2473454091193,0.032479700187383,-0.27857589006871,3.1430034560664e-13,CV?,0.6162468225619375,AGN
2CXO J125056.2+410655,192.73462153203047,41.11529476572009,123.32109562165762,76.01258026430128,0.43847595252967,0.1998750780762,0.26108682073704,7.4906311504633e-14,X,0.47540877545497756,stellar
2CXO J104346.9-593244,160.9454254924367,-59.54574191260433,287.38910215906765,-0.5826390932072882,-0.42723297938788,-0.11242973141786,-0.31855090568395,2.3917474612099997e-15,Y*?,0.0,stellar
2CXO J053510.7-052628,83.79476984622033,-5.441168688579516,209.04804449901175,-19.428490702956708,-0.75702685821362,-0.37601499063086,-0.52717051842598,3.8825538982429e-15,Or*,0.007322924717596157,stellar
2CXO J174543.2-285605,266.43041824643865,-28.934888306487125,0.0126943550222923,-0.0183253637401493,0.99937539038101,0.9893816364772,0.99937539038101,1.6983149023410998e-14,smm,0.005853145661433519,stellar
2CXO J215041.3-054859,327.67231542935315,-5.816459537793618,50.94741614811136,-42.08547684469525,-0.28856964397252,0.012492192379763,-0.2998126171143,6.7211194450131e-14,X,0.9987539160401002,AGN
2CXO J053521.0-052055,83.8379164690445,-5.348737037940711,208.98124979069576,-19.348372458160387,0.94316052467208,0.6371018113679,0.75078076202374,4.4119195740893005e-15,LM*,0.007313316350395203,stellar
2CXO J093212.2+212922,143.05106954581447,21.48965689995116,208.72996527681383,44.54467918884615,0.099937539038101,0.15990006246096,-0.062460961898813,5.2517010069303e-14,X,0.8150730449112403,AGN
2CXO J181922.0-204536,274.8420424580802,-20.76024682306297,10.887704455985672,-2.6110828301983955,0.32729544034978,0.0049968769519051,0.32229856339788,9.056960988104999e-14,Cl*,0.007010333643677675,stellar
2CXO J044752.2-203608,71.96769477742049,-20.602424798215317,219.60880871410296,-36.026878710446404,-0.37851342910681,-0.12991880074953,-0.26108682073704,1.4573036247083e-13,blu,0.9834605209163578,AGN
2CXO J132528.4-430315,201.3684026025619,-43.05422015642786,309.5132697118343,19.38216627566444,0.61086820737039,0.28482198625859,0.39225484072455,2.5820546591767e-14,X,0.037893775219731335,stellar
2CXO J172217.0+320913,260.5708602686856,32.15357102789861,55.60301464873859,31.900555637224578,-0.061211742660837,0.0,-0.061211742660837,6.9413757889414e-14,Rad,0.436906926695485,stellar
2CXO J155115.8-542201,237.8161542482943,-54.36706129937305,327.240123547106,-0.2118372546710282,0.41973766396002,0.19362898188632,0.24484697064335,7.0877164680116e-14,X,0.01587074601714379,stellar
2CXO J031946.3+413733,49.94327320826466,41.62608235697399,150.5063020445185,-13.16883133052183,-0.15740162398501,0.043722673329169,-0.1998750780762,3.292444196483e-14,X,0.34611295073823484,stellar
2CXO J053505.7-052418,83.77389316261628,-5.40516932595872,209.00403136315532,-19.430748397296647,0.83073079325422,0.52841973766396,0.52217364147408,6.6732824968654e-15,Or*,0.03360987102202148,stellar
2CXO J064109.9+093020,100.2913261541476,9.505584784112608,203.3048162615632,2.0614946445346973,-0.85446595877577,-0.38351030605871,-0.69706433479076,1.1344001897103e-14,Or*,0.005006961856659122,stellar
2CXO J094548.4-142205,146.4518352092964,-14.368205578942725,249.76115377739825,28.77157304179466,-0.21611492816989,0.13491567770144,-0.34103685196752,7.8436002723705e-14,HII,0.7898985403458952,AGN
2CXO J122041.9+112404,185.1747532091101,11.401201465012946,276.78670232884195,72.69378247965471,-0.368519675203,-0.076202373516552,-0.2998126171143,1.0096605712883999e-12,?,0.9408399598354121,AGN
2CXO J041728.0-624817,64.36689545686261,-62.80485782874718,274.5439722234475,-41.20387808793731,0.097439100562149,0.12742036227358,-0.031230480949407,1.3934386163078e-13,X,0.9293740489646093,AGN
2CXO J174539.0-285934,266.41261356336395,-28.992936699834388,359.9550289620294,-0.0352660175131607,0.99937539038101,0.89818863210493,0.17114303560275,7.6600932921453e-16,X,0.00940012163802948,stellar
2CXO J004733.1-251718,11.888393368397942,-25.288473994725894,97.3754703239942,-87.96438044249221,0.94690818238601,0.55340412242349,0.82323547782636,8.9005452225349e-14,HII,0.832921555333335,AGN
2CXO J053510.3-052112,83.79298798248271,-5.353594472954588,208.96438405240897,-19.39046097358695,0.016239850093691,-0.22735790131168,0.24484697064335,4.2481098101091e-15,Or*,0.0031318484767596188,stellar
2CXO J123605.1+622013,189.02134074701385,62.33691312614378,126.0147541744672,54.69934789370297,-0.52841973766396,-0.024984384759525,-0.50718301061836,4.2724334212344e-15,Rad,0.7192665940412399,AGN
2CXO J095521.8+690637,148.84126530366234,69.11039574464239,142.05581418613508,40.860385637280885,-0.47470331043098,0.15490318550906,-0.58713304184884,8.8498657810933e-15,GlC,0.40621495160231436,stellar
2CXO J061255.8+175907,93.23252707263634,17.98535391280163,192.6075693788473,-0.0439064454026534,0.057464084946908,0.028732042473454,0.024984384759525,1.3120407413441e-15,X,0.016275671833619,stellar
2CXO J004740.6-251412,11.919519662409243,-25.23693909726253,98.68656766042116,-87.92913955297821,0.27607745159275,0.1736414740787,0.10368519675203,3.9695235952465e-14,X,0.3918668460699888,stellar
2CXO J174539.6-285927,266.4149787994818,-28.99094576865379,359.9578061733916,-0.0359947286676118,0.56214865708932,0.84821986258588,-0.55965021861337,3.9967351282874004e-16,X,0.003002510985561833,stellar
2CXO J095636.4+690028,149.15189829295383,69.00783857883269,142.08175630697636,41.01025090198755,-0.26983135540287,0.089943785134291,-0.35103060587133,4.3683911096481e-14,X,0.9900217557935188,AGN
2CXO J132509.5-430529,201.28977743465748,-43.09147645748288,309.4474933690143,19.353251592347444,-0.6683322923173,-0.58338538413492,-0.12866958151156,4.498804557034e-15,X,0.005014793936859624,stellar
2CXO J004211.9+411648,10.549709246424529,41.28022133839945,121.06577065074516,-21.558046678337327,0.22485946283573,0.096189881324172,0.13116801998751,3.4308799309107e-14,X,0.40889280878944656,stellar
2CXO J054137.9-015311,85.40796872487948,-1.8865072798674112,206.5064366679076,-16.366013131472666,0.53966271080575,0.14490943160525,0.42848219862586,8.9708983989638e-14,X,0.0185741724368267,stellar
2CXO J013333.7+303109,23.390508647282047,30.51935038687034,133.57090222657743,-31.48068457227437,0.43472829481574,0.40974391005621,0.024984384759525,1.0413671851834e-14,X,0.40515196099642103,stellar
2CXO J034501.5+321051,56.25638082389583,32.180956029035244,160.55630129479167,-17.726430491417606,-0.54465958775765,-0.23485321673954,-0.35477826358526,3.7115107926489e-14,Or*,0.015542122994078457,stellar
2CXO J174544.4-285937,266.43525417446483,-28.99361440260362,359.96476581076774,-0.0525234897450439,-0.99937539038101,0.97564022485946,0.49594003747658,0.0,X,0.053455904023144304,stellar
2CXO J104347.0-593242,160.9458893214861,-59.54509386928552,287.3890046887355,-0.5819566491255156,-0.041224234853217,0.082448469706433,-0.12492192379763,1.1612727433603e-14,Y*?,0.0025,stellar
2CXO J164704.7-015715,251.76985475240303,-1.954227758474585,15.68678828216136,26.34362419762857,0.34478450968145,0.24859462835728,0.098688319800125,5.5049232849137996e-14,X,0.7985562518998925,AGN
2CXO J174544.9-290025,266.4374712211348,-29.007206520553844,359.9541723981323,-0.0612576389903663,-0.99937539038101,-0.53091817613991,-0.14116177389132,0.0,out,0.006755726054902445,stellar
2CXO J055401.8+014027,88.50789563652273,1.674224203663684,204.76474415811765,-11.957497904925775,-0.70705808869457,-0.31730168644597,-0.50093691442848,9.913412549254e-14,Or*,0.01307233375359687,stellar
2CXO J013639.1+154309,24.163095456360963,15.719425607072443,138.62533810118882,-45.77005554991917,-0.023735165521549,0.08369768894441,-0.10743285446596,5.0450932251397e-14,X,0.791708627066225,AGN
2CXO J064022.2+095429,100.09255834407207,9.908088443061713,202.856972421432,2.071040767332431,-0.58213616489694,-0.14366021236727,-0.47845096814491,1.0831013166374999e-13,Or*,0.018872943722449374,stellar
2CXO J123054.9+122438,187.7289884754072,12.410728541470757,283.83629199410206,74.51658898985578,-0.58338538413492,-0.1686445971268,-0.45971267957527,2.285833626506e-14,X,0.8509704771108214,AGN
2CXO J170112.5-300622,255.30239041097752,-30.106215244541943,353.57945592553307,7.323358408304079,-0.8157401623985,-0.49718925671455,-0.52966895690194,6.8588324953061e-15,LX?,0.04220799764959902,stellar
2CXO J053523.1-051343,83.84638117320799,-5.2287746636879335,208.8719532769697,-19.286537942368444,0.13366645846346,-0.18113678950656,0.30855715178014,8.597634842050501e-15,Or*,0.012745208430637539,stellar
2CXO J175124.1-293739,267.85052275349847,-29.62752397320222,0.0580222025875012,-1.436742454021465,0.88319800124922,0.60712054965646,0.58838226108682,1.1074776470741e-14,X,0.0025,stellar
2CXO J170928.2-442916,257.367712589887,-44.4878522067837,343.07048528682014,-2.652482964491632,-0.85196752029981,-0.5159275452842,-0.59712679575265,1.0824858966326e-14,X,0.002507832080200502,stellar
2CXO J163628.1+405527,249.1170859162662,40.924245575526896,64.86768975625148,42.23849598000577,-0.15490318550906,0.10243597751405,-0.25359150530918,8.6108745069212e-14,X,0.9880248392479768,AGN
2CXO J123047.1+122310,187.6965543928784,12.386117369734608,283.7506811195204,74.48363802878237,-0.16364772017489,-0.079950031230481,-0.064959400374766,3.4236100529146e-16,GlC,0.31941031086543664,stellar
2CXO J174558.5-290451,266.4939415958468,-29.08110878153286,359.91677510204886,-0.1418819985588399,-0.68582136164897,-0.0087445346658339,-0.65584009993754,2.9323811472627003e-15,X,0.014706299544122914,stellar
2CXO J013323.9+303517,23.349695035976367,30.588196357980383,133.5150979179711,-31.41978546448701,-0.14990630855715,0.17738913179263,-0.31855090568395,2.4179899121612e-14,X,0.6923812588391549,AGN
2CXO J144038.0+533015,220.1587486249647,53.50432865877473,93.03645110322628,56.81860388521271,0.40599625234229,0.75078076202374,-0.49843847595253,1.328953947438e-12,SN*,0.9937608778967594,AGN
2CXO J161728.2-502242,244.36764897873093,-50.37831221637833,332.874982178763,0.1156851718582635,0.60836976889444,0.53091817613991,0.11118051217989,2.363836586932e-12,X,0.08203404944386644,stellar
2CXO J132529.7-430053,201.37386946661,-43.01480213385158,309.52330121208706,19.420639922594034,0.14116177389132,0.12242348532167,0.018738288569644,2.4266005130179998e-14,X,0.1590029492990236,stellar
2CXO J100515.1-074252,151.3131191010109,-7.714599276271167,247.7828744529425,36.7872146515005,0.037476577139288,0.13866333541537,-0.10118675827608,4.5663541068107e-15,Gl?,0.36550967274990426,stellar
2CXO J132615.7-425513,201.5657110024706,-42.9204577993221,309.6848274181198,19.494200085353985,0.072454715802623,0.18238600874453,-0.11118051217989,3.5891722814547e-14,X,0.17793080859680827,stellar
2CXO J231947.2+425109,349.94689317372354,42.85264172592917,105.575552984717,-16.909133849069644,-0.6895690193629,-0.35227982510931,-0.44597126795753,2.8631072015488e-14,GrG,0.002507832080200502,stellar
2CXO J170111.6-300659,255.29848558757828,-30.11666400921233,353.5690119992946,7.319713887712078,-0.047470331043098,0.09369144284822,-0.13991255465334,3.5585168598104e-15,X,0.2201363008247868,stellar
2CXO J131602.2+420153,199.0093107602444,42.03159967615877,105.8619589657686,74.27144024680786,-0.32979387882573,,,1.05509224856e-13,UX?,0.994392726373519,AGN
2CXO J143829.1+341513,219.62151620874735,34.253830658949184,56.7657660526911,65.99079291536634,-0.44597126795753,-0.088694565896315,-0.37101811367895,4.3232426425586e-14,X,0.9856649063736443,AGN
2CXO J083615.1-262433,129.0630297720761,-26.409413739244098,248.57272034210345,8.578165120454699,-0.53341661461587,-0.10243597751405,-0.45471580262336,1.668848561529e-14,MoC,0.2704872000212866,stellar
2CXO J053524.6-051954,83.85253608149799,-5.331939006733263,208.97235593213884,-19.327790219531423,0.99937539038101,0.99937539038101,-0.99937539038101,6.2054355715249006e-15,LM*,0.0175125082801754,stellar
2CXO J174545.6-285953,266.4401405352835,-28.998302206587205,359.9629897175019,-0.0586133998963594,0.93816364772017,0.99937539038101,-0.99937539038101,2.6320896553165003e-15,X,0.0009235478366945722,stellar
2CXO J125304.2-091339,193.26764046224437,-9.227650270531122,303.6115246422053,53.64194294370783,-0.99063085571518,-0.84946908182386,-0.87695190505934,1.9795297829939e-14,X,0.025044068055920996,stellar
2CXO J165404.9-415645,253.520576173035,-41.94609299661021,343.3604599726323,1.119907355368573,-0.33479075577764,-0.12242348532167,-0.21986258588382,5.5683745112461e-14,gD*,0.0016736357934350825,stellar
2CXO J062601.0+820324,96.50436632870792,82.05670791038004,131.71985939529543,25.976023382976884,-0.75827607745159,-0.34853216739538,-0.55590256089944,4.2514177210293996e-14,Y*?,0.19636312482186105,stellar
2CXO J053522.9-052241,83.84570966418545,-5.378214292392206,209.0128322816011,-19.354789661933285,0.0087445346658337,-0.18113678950656,0.19113054341037,3.0758895133967002e-15,Or*,0.013858463065846,stellar
2CXO J053513.8-052426,83.80782741536763,-5.407279185371903,209.02222754289843,-19.40157218361868,0.97938788257339,0.69206745783885,0.88694565896315,8.3455505302668e-15,Y*?,0.009327463940188527,stellar
2CXO J141527.0+360635,213.8627256475681,36.10988180742627,64.88258904702914,70.04608951717829,-0.18363522798251,0.0012492192379763,-0.18488444722049,1.7025404509306e-14,X,0.6814925847568547,AGN
2CXO J102751.2-435413,156.96342480284693,-43.90382899638573,277.3723038668866,11.727400301971132,-0.10618363522798,-0.0087445346658339,-0.098688319800125,1.127858958523e-13,HII,0.25496628997237414,stellar
2CXO J174532.1-290139,266.38375569700736,-29.027597440465765,359.91229517314315,-0.0317868489458832,0.74828232354778,0.85571517801374,-0.39350405996252,5.3696516081361e-16,X,0.001253916040100251,stellar
2CXO J003749.2-334404,9.455043843713495,-33.73467393379895,326.0431203625815,-82.77217684382741,-0.43222985633979,-0.027482823235478,-0.40974391005621,2.3651752631082e-14,X,0.8383350275559023,AGN
2CXO J174544.4-285935,266.43533438153486,-28.993206027799676,359.9651509667049,-0.0523706932962,0.99937539038101,0.99937539038101,-0.99937539038101,0.0,X,0.0022727167159770517,stellar
2CXO J053759.1-691018,84.4962951710209,-69.17177790667208,279.55660115757445,-31.727500962420603,-0.99937539038101,-0.99937539038101,-0.65958775765147,1.342120263612e-16,X,0.04152933883256406,stellar
2CXO J095627.3+691012,149.1143260647459,69.17017112876363,141.91695593477368,40.905168254690444,0.95065584009994,0.94316052467208,-0.0012492192379763,6.5656872931413e-14,X,0.7795036603900307,AGN
2CXO J034418.0+321053,56.07541944912458,32.181459187375495,160.43251882582132,-17.824226776954717,-0.056214865708932,0.0062460961898814,-0.059962523422861,4.3939888369888e-15,Or*,0.12371671441458343,stellar
2CXO J182039.8-160458,275.16613035755347,-16.083022111516154,15.160004111687746,-0.6784321546607733,0.99937539038101,0.98813241723923,-0.39600249843848,5.778336764472e-14,X,0.007837515621951403,stellar
2CXO J114854.9-620558,177.2290607132153,-62.09965174525574,295.6889970660298,-0.1103232039805464,-0.1261711430356,-0.054965646470956,-0.071205496564647,2.1687829960695e-13,SB*,0.004389689758204737,stellar
2CXO J174540.6-290139,266.4195470862687,-29.027553063936693,359.9286396745271,-0.0584751928964204,-0.17114303560275,0.61461586508432,-0.60587133041849,0.0,X,0.024547396105676293,stellar
2CXO J064043.4+092840,100.18088860319592,9.47794606741926,203.27963771970408,1.95197067486214,-0.73828856964397,-0.33978763272954,-0.52966895690194,2.1311592065046e-14,Or*,0.006677976040142083,stellar
2CXO J174533.8-290243,266.39110165698185,-29.045351902851635,359.9004896227244,-0.0465211778742533,0.91317926296065,0.99937539038101,-0.99937539038101,9.6284028105258e-16,X,8.67299399770309e-05,stellar
2CXO J174133.7-284034,265.390775910707,-28.67628721519377,359.7549479176237,0.8929120009379643,-0.0099937539038102,0.14615865084322,-0.15615240474703,4.694512062952e-13,X,0.15574110474689448,stellar
2CXO J012311.4+332736,20.797820486596947,33.460267027139686,130.49774907651192,-28.94456876665941,-0.62211118051218,-0.092442223610244,-0.55965021861337,3.083740271663e-14,ClG,0.535137490338172,AGN
2CXO J174517.2-290440,266.32205614083114,-29.07786670810436,359.8412773784592,-0.0119733483586987,0.99937539038101,0.92067457838851,0.99937539038101,2.493443820301e-14,X,0.006468666373477161,stellar
2CXO J125901.7+280631,194.7563241683345,28.108934868125655,63.632373725394174,88.05415006618807,-0.16989381636477,0.099937539038101,-0.26608369768894,9.7876736656501e-15,X,0.46173690089596325,stellar
2CXO J133006.0+471542,202.52502096050807,47.26179912199638,104.83160909151704,68.48459751635744,-0.10118675827608,-0.022485946283573,-0.079950031230481,6.2897397367277e-14,UX?,0.7682794690670995,AGN
2CXO J100437.2+411445,151.15515612626723,41.24583744466586,179.4553756389721,53.151232309361376,-0.049968769519051,0.18363522798251,-0.23110555902561,1.5686070247842998e-14,X,0.7518441080213876,AGN
2CXO J141433.2-651408,213.6384604263783,-65.23557469245077,311.49663265557257,-3.755199337610494,-0.9106808244847,-0.65334166146159,-0.62211118051218,2.6770456259635e-14,SB*,0.002090733936817792,stellar
2CXO J071850.8-245703,109.71204937790652,-24.95093599442838,238.19254568804084,-5.5131886427219525,-0.54965646470956,-0.21861336664585,-0.37601499063086,5.0461299433822e-14,Or*,0.007305604397789819,stellar
2CXO J132954.9+470922,202.47900673404388,47.15630999808555,104.79215236788588,68.59366934216648,-0.20861961274204,-0.16739537788882,-0.042473454091193,5.5323217678205e-15,Cl*,0.2275274555299231,stellar
2CXO J005249.5-263038,13.206656711187977,-26.51069110395452,149.65358307845125,-89.30907513035429,-0.23360399750156,0.086196127420362,-0.31355402873204,6.993247572634e-14,X,0.9775934175308046,AGN
2CXO J181845.8-134653,274.6911232139395,-13.781613138604037,16.97204123706453,0.8128124478501426,0.062460961898813,-0.0074953154278576,0.069956277326671,6.9240934609816e-14,Or*,0.006386602560259789,stellar
2CXO J154012.3+661438,235.05148888043664,66.24414563860906,101.1916626657344,43.07675603690376,-0.21611492816989,0.012492192379763,-0.22735790131168,7.1076289479186e-14,X,0.9755362847128016,AGN
2CXO J180917.6-235918,272.32374834912935,-23.988556987841157,6.936570401655605,-2.1035034464299973,-0.95940037476577,-0.73454091193004,-0.74078700811993,1.2580146844548e-13,Or*,0.0,stellar
2CXO J132532.5-430037,201.3854892312538,-43.01045989786068,309.5328655475347,19.423751579256404,-0.25109306683323,-0.059962523422861,-0.19362898188632,4.0179513099191e-14,X,0.16424226603791972,stellar
2CXO J013432.0+303454,23.633504368420688,30.581717018332174,133.7974547747357,-31.37914125354362,0.8894440974391,0.58338538413492,0.63335415365397,5.4017380069208e-14,X,0.7764340845716187,AGN
2CXO J143445.3+332820,218.6889157411074,33.472364097135085,55.15684270707982,66.88346040066861,-0.13866333541537,0.1261711430356,-0.26108682073704,5.671913536723099e-13,ev,1.0,AGN
2CXO J174545.7-285951,266.44045588667814,-28.997728624971806,359.96362302007304,-0.0585501573238197,0.62710805746408,0.82323547782636,-0.40474703310431,1.1941452758156e-15,X,0.001253916040100251,stellar
2CXO J053517.0-052011,83.82091543564536,-5.3366715174237305,208.9617268894682,-19.35800673914079,0.93066833229232,0.45846346033729,0.82073703935041,2.1507941476223e-14,Y*?,0.009184937896801207,stellar
2CXO J053510.8-052246,83.79543089701633,-5.379566960326494,208.99010596482543,-19.400043846704463,0.91193004372267,0.56214865708932,0.70206121174266,2.7594438378565003e-15,Or*,0.01899476241370291,stellar
2CXO J180348.2-242223,270.95106747041314,-24.37318313555213,5.990259907484312,-1.1972626823603636,-0.44472204871955,-0.2998126171143,-0.16614615865084,2.191015011322e-14,Or*,0.0,stellar
2CXO J122945.3+075916,187.43908740332847,7.987802087891659,286.91476995562,70.18239024854485,-0.098688319800125,0.24859462835728,-0.34103685196752,2.0154388043538e-15,Gl?,0.07623865470585647,stellar
2CXO J053448.1-054229,83.7006444021132,-5.708108991253129,209.2558904942861,-19.632601830099297,-0.56089943785134,-0.25858838226109,-0.35103060587133,6.5562673585896e-14,Or*,0.022814899524376996,stellar
2CXO J053516.0-051944,83.81682639524558,-5.329057000065639,208.95257693915303,-19.35819075331827,0.99937539038101,0.99937539038101,-0.99937539038101,6.0931636427366e-15,X,0.01667569038345786,stellar
2CXO J032941.5-021146,52.42321650688416,-2.196197846872436,186.44417321099047,-44.674356087312624,-0.38226108682074,-0.066208619612742,-0.32229856339788,4.3383769471202e-14,Rad,0.9769379838830271,AGN
2CXO J200038.1+224206,300.1591733353881,22.70173785177456,60.944155275779984,-3.909004306693311,-0.89319175515303,-0.54590880699563,-0.67083073079325,1.5786953077097e-14,SB*,0.0,stellar
2CXO J151400.2-591238,228.50080862937568,-59.210593624278125,320.2903602606163,-1.230893880284535,-0.041224234853217,-0.20112429731418,0.16114928169894,1.7842592079812e-14,LP?,0.004848407021376402,stellar
2CXO J122310.1+154659,185.79231917901396,15.78319995471474,271.4559461219165,76.89435467010583,-0.28232354778264,-0.036227357901312,-0.2473454091193,3.2872726270565e-14,X,0.9710797020833304,AGN
2CXO J175135.6-293754,267.8983472837265,-29.63191712123848,0.0754631113975805,-1.4747352528486306,0.89069331667708,0.46970643347908,0.71830106183635,1.3359152650847e-14,X,0.060083153969326605,stellar
2CXO J104738.1+123307,161.9090703180127,12.552107278077502,233.4920341407244,57.577766425511655,0.2211118051218,,,2.3234221701208e-14,X,0.693533252054837,AGN
2CXO J174539.3-285958,266.41413182438407,-28.999517714121485,359.950103387417,-0.0398280262832471,0.99937539038101,0.64834478450968,0.99937539038101,0.0,X,0.0018818576780042357,stellar
2CXO J034632.5+240548,56.63539104483374,24.09674908766168,166.500801289306,-23.60625631115273,-0.10743285446596,0.021236727045596,-0.12866958151156,3.5947118666379997e-14,X,0.852799715245128,AGN
2CXO J174533.5-290235,266.38983328503343,-29.043275348305347,359.9016840422765,-0.0444926246851141,0.92442223610244,0.91317926296065,-0.071205496564647,2.1546531730039e-15,X,0.0,stellar
2CXO J071046.0+473211,107.69210351845862,47.53642861192362,169.78227590633227,22.768026208661,-0.018738288569644,0.21861336664585,-0.23735165521549,8.3944205016852e-13,Rad,0.8756431147532363,AGN
2CXO J004154.6+405648,10.477796338631606,40.94668605505064,120.99341517849724,-21.88920092332424,-0.28856964397252,-0.29606495940037,0.0074953154278576,2.5961893354594e-13,X,0.35336140670328275,stellar
2CXO J005440.5-374320,13.66878209758886,-37.722324622822526,299.455087902549,-79.38406474506779,-0.99437851342911,-0.92692067457839,-0.85571517801374,9.1065038396854e-14,X,0.10356760420570996,stellar
2CXO J174537.1-290333,266.4049681328531,-29.0594720759381,359.8947543169496,-0.0642249098881094,-0.28732042473454,-0.0099937539038102,-0.27732667083073,3.4634669273257e-15,X,0.009310662560301618,stellar
2CXO J053518.1-052824,83.82549631169599,-5.473642660964638,209.09341957729112,-19.41588525454596,0.10493441599001,0.70705808869457,-0.65084322298563,7.3611145796636e-15,Or*,0.07120634636365726,stellar
2CXO J111637.2+013250,169.15525493205598,1.5471365322772104,257.3168994031777,55.78328962136465,-0.84322298563398,-0.43597751405372,-0.6420986883198,9.8286199819434e-14,Er*,0.07239684938955789,stellar
2CXO J160850.8+653220,242.21177611413896,65.53905218834599,98.36060737764517,40.928185410164645,-0.47845096814491,-0.1686445971268,-0.33728919425359,1.0236866759248e-13,blu,0.977264481112737,AGN
2CXO J034709.1+240307,56.78837577278944,24.05206838733073,166.64635336889182,-23.54534815040714,-0.87820112429731,-0.54590880699563,-0.6371018113679,2.8274912554626e-14,Er*,0.08354153516305299,stellar
2CXO J004429.0-202538,11.12111518328402,-20.42755084262286,109.2172809268376,-83.11338581368935,0.8369768894441,0.49219237976265,0.58338538413492,8.9332155184354e-14,X,0.9091031302394513,AGN
2CXO J230726.3+040626,346.85979196086487,4.107196181698262,80.153135799082,-49.92522972680295,-0.16739537788882,0.036227357901312,-0.20237351655215,9.2578622079088e-13,Rad,0.9962608778967593,AGN
2CXO J085120.7+115326,132.83651547581576,11.8905940580262,215.60461125192336,31.944391414405068,-0.5946283572767,-0.21861336664585,-0.43098063710181,1.0411656705616e-13,SB*,0.5037488734223581,AGN
2CXO J125048.6+410742,192.70257954039997,41.128404167821785,123.42041685668325,75.99925298111005,-0.6208619612742,-0.12492192379763,-0.53591505309182,1.9872207566943e-14,ULX,0.7450811230636022,AGN
2CXO J091326.1+405923,138.3589058167566,40.98980205302171,180.9385128093936,43.56633678218007,-0.049968769519051,0.14990630855715,-0.19862585883823,9.0318319020998e-14,X,0.959774903046507,AGN
2CXO J132532.4-425850,201.38503030624224,-42.980582846213366,309.5369461960433,19.453381689261807,0.43597751405372,0.41224234853217,0.027482823235478,2.1834091469753e-14,GlC,0.11058891651764374,stellar
2CXO J013402.0+303004,23.50854276730263,30.501371772372035,133.69197181064905,-31.478826231731837,0.094940662086196,0.15615240474703,-0.06371018113679,3.6460814273054e-14,s?r,0.3642539954173298,stellar
2CXO J163219.8-474729,248.08272347554987,-47.791700216762,336.42453652866385,0.1885389857958163,0.96814490943161,0.8894440974391,0.55715178013741,1.2634567971430998e-12,X,0.1818301185320076,stellar
2CXO J131154.3-624707,197.9766780900441,-62.78555422986085,305.26967295788535,-0.0067525079038287,0.92816989381636,0.4472204871955,0.81948782011243,7.4982722795611e-14,LP?,0.011858843612228682,stellar
2CXO J174553.3-290444,266.4723272745872,-29.078951174145875,359.9087860520423,-0.1246294681435885,-0.68207370393504,-0.26108682073704,-0.4946908182386,1.8988326025321e-15,X,0.009585504376823676,stellar
2CXO J000146.8+673025,0.4453803130908227,67.50702614721362,118.1956634847756,5.09304227364387,-0.84572142410993,-0.66458463460337,-0.41224234853217,1.1863771183588e-13,SB*,0.017317430888130064,stellar
2CXO J003652.6-333317,9.219596898109389,-33.55475849191522,328.08010191938166,-82.84835205025684,-0.32479700187383,-0.066208619612742,-0.26358525921299,2.9912701288685e-14,Rad,0.9166240549546749,AGN
2CXO J004910.7-731717,12.294780261626158,-73.28816306368799,303.1570522510898,-43.83910197863525,0.99937539038101,0.88819487820112,0.99937539038101,3.5421615707240997e-14,IR,0.5505330497515039,AGN
2CXO J100157.8+554047,150.49093823109797,55.679859644390646,157.8100003024244,48.35981399124704,0.85446595877577,0.71705184259838,0.33354153653966,1.7568437090077e-13,Mas,0.9731325792505386,AGN
2CXO J174539.7-285925,266.41549862183115,-28.990345137108896,359.9585557351314,-0.0360699407691997,0.96064959400375,0.97189256714553,-0.30106183635228,3.3256580391695003e-15,X,0.0,stellar
2CXO J034439.1+320944,56.16331307807428,32.16246049483087,160.50530454510528,-17.791155269288655,0.0062460961898814,-0.018738288569644,0.024984384759525,5.1769448477441e-14,Or*,0.0840186276149759,stellar
2CXO J090530.1+340756,136.37555761891724,34.132221805690776,190.07073480452496,41.50073405533908,0.26483447845097,0.21486570893192,0.051217988757027,5.8495513886353e-14,Rad,0.8431677698018043,AGN
2CXO J130414.3-102022,196.05967384593123,-10.339482698911548,308.0964889333144,52.40385475623353,0.61961274203623,0.86196127420362,-0.52217364147408,1.1284684796239e-12,GrG,0.9867712209625218,AGN
2CXO J053532.8-065239,83.88690604465154,-6.877462020674855,210.4553177914909,-19.99080183979241,-0.78575890068707,-0.39350405996252,-0.56464709556527,1.5099723505581e-13,Or*,0.018917853954056294,stellar
2CXO J124000.3-113723,190.00143651337373,-11.623186982703787,298.4665257036787,51.14941403291827,0.12866958151156,0.23860087445347,-0.11492816989382,7.3431339094164e-14,GlC,0.7133310084013778,AGN
2CXO J024239.7-000101,40.66545995257224,-0.0170511960300244,172.10282178148103,-51.93937130400042,-0.11742660836977,-0.0012492192379763,-0.11492816989382,5.5547065189418e-14,UX?,0.8908310184507193,AGN
2CXO J053649.8-691627,84.20764439166004,-69.27419065114898,279.6906936117143,-31.81681553955189,0.031230480949407,0.086196127420362,-0.056214865708932,1.7661642133494e-14,X,0.21444801902957036,stellar
2CXO J053513.2-052209,83.80515259556046,-5.369395077674584,208.98513146368845,-19.386810093126567,0.99937539038101,0.97439100562149,0.99937539038101,7.934320565374e-15,LM*,0.021288147908449514,stellar
2CXO J174535.0-290200,266.39612088550484,-29.03333659536895,359.9130313202428,-0.0440051845673242,0.79325421611493,0.92067457838851,-0.36976889444097,1.0068400382082e-15,X,0.005007832080200502,stellar
2CXO J015757.7+374822,29.49079073706957,37.80622058512905,137.17651833611245,-23.218478523597945,-0.97813866333542,-0.86196127420362,-0.74078700811993,2.9799752388119e-14,SB*,0.022539368787138237,stellar
2CXO J053501.3-054113,83.75558501395074,-5.68714922271679,209.26219895470732,-19.574354812841264,0.99937539038101,-0.0037476577139288,0.99937539038101,7.3421238425814e-15,Or*,0.033354386126237395,stellar
2CXO J183241.1-341127,278.1713744662785,-34.19100752546481,0.1481979282150311,-11.307433674986878,-0.017489069331668,0.036227357901312,-0.053716427232979,9.0248029585223e-14,SN*,0.2645751620940383,stellar
2CXO J050521.8-674932,76.34100091222604,-67.82571403103846,278.61367755548605,-34.90628396013464,0.29856339787633,0.20487195502811,0.098688319800125,6.3710713733151e-14,X,0.748768981713342,AGN
2CXO J033145.2-275435,52.9383899092,-27.90994106685229,223.7064084504852,-54.60827084672027,-0.36602123672705,-0.049968769519051,-0.3210493441599,2.2325553754211998e-14,X,0.92521456664201,AGN
2CXO J053513.8-053024,83.80759038486627,-5.50683165177782,209.1162755927287,-19.44678209444884,-0.80699562773267,-0.19362898188632,-0.71830106183635,2.9989730475271003e-15,Or*,0.013792215447631952,stellar
2CXO J053521.4-052316,83.83958612458662,-5.38797591712143,209.0191368809105,-19.364642427856683,-0.26233603997502,-0.26608369768894,0.0037476577139288,2.7235369093134e-15,Or*,0.011892726373518993,stellar
2CXO J131329.6+363523,198.3736144421632,36.58975536696731,98.01413097596232,79.44812499474271,0.097439100562149,0.16489693941287,-0.069956277326671,1.410827789609e-13,X,0.8023151190758552,AGN
2CXO J034425.5+321130,56.10659886777165,32.191758814192674,160.44688191520228,-17.799419567836985,-0.32229856339788,-0.19362898188632,-0.13491567770144,2.4400449768109e-14,Or*,0.016826979644925882,stellar
2CXO J154056.4+661628,235.2350391892719,66.27461189448013,101.1678334160155,42.99874595908951,-0.20612117426608,-0.079950031230481,-0.12866958151156,7.0454924013212e-14,X,0.8792902644092435,AGN
2CXO J183800.0-064922,279.4999499654998,-6.822961167279319,25.331450011083568,-0.1367479536398342,0.99937539038101,0.96064959400375,0.99937539038101,3.1005630232916e-13,X,0.03531711530297923,stellar
2CXO J022631.0-190529,36.62940831568119,-19.091456300983257,197.76428662650403,-66.7562785780555,-0.85321673953779,-0.38226108682074,-0.69706433479076,1.4929628412177e-13,SB*,0.07839561360344245,stellar
2CXO J053318.6-112603,83.32788850592038,-11.434483694930751,214.6071183866065,-22.460007784851346,-0.85821361648969,-0.52342286071206,-0.60337289194254,2.1995636980231998e-13,SB*,0.0554792730761074,stellar
2CXO J064105.9+093139,100.27489549114472,9.527711947960167,203.277713759794,2.057181719091876,-0.65334166146159,-0.44347282948157,-0.29356652092442,6.424765707467e-15,MoC,0.004170143959941581,stellar
2CXO J033646.1-355959,54.19254184649748,-35.99984543623953,237.6644082217001,-53.966004810655775,-0.86945658963148,-0.19612742036227,-0.80949406620862,3.1690574323483e-14,Rad,0.19130599517112537,stellar
2CXO J123823.3-682207,189.59721135968607,-68.3686026970666,301.7242882207804,-5.527457929341512,0.45721424109931,0.368519675203,0.10493441599001,1.4706639754787e-13,X,0.15799217471304774,stellar
2CXO J121244.5+105113,183.1854049023669,10.85377132022164,271.85836423956266,71.3519575474565,0.30480949406621,0.35103060587133,-0.051217988757027,1.5687691538265998e-13,ULX,0.9518213578923681,AGN
2CXO J174521.9-290617,266.3414649485718,-29.104769306770997,359.8271694371887,-0.0404754160660211,0.98063710181137,0.98563397876327,-0.18363522798251,2.5071838035867998e-14,X,0.0018818576780042357,stellar
2CXO J133952.0-314143,204.9668129232515,-31.69550867534622,314.8306803617982,30.05481516161866,-0.2948157401624,0.10618363522798,-0.38725796377264,2.4669550953848998e-14,X,0.7110787736563492,AGN
2CXO J053507.7-052452,83.78214858768115,-5.414683715510539,209.01697101717156,-19.42772151567634,-0.87695190505934,-0.44846970643348,-0.70580886945659,4.5811111845144e-15,Or*,0.006856243812604439,stellar
2CXO J174535.8-290250,266.3992410854209,-29.04743769527054,359.90241740192107,-0.0536813094821866,0.92067457838851,0.93316677076827,-0.14241099312929,2.9653625958019e-15,X,0.001253916040100251,stellar
2CXO J034421.5+321509,56.08980647466348,32.25269775783351,160.39444795413604,-17.761704462223157,-0.034978138663335,-0.0024984384759525,-0.032479700187383,6.8783580265271e-15,Or*,0.11445679555542783,stellar
2CXO J101940.1-580546,154.9170313261286,-58.096294801305135,283.9665374372248,-0.9264046621790122,-0.66083697688944,-0.20112429731418,-0.52966895690194,5.2376212505832e-13,SB*,0.017079441678939752,stellar
2CXO J053526.5-051918,83.86046739672469,-5.321872854970139,208.96663164007532,-19.31619233872731,0.9369144284822,0.81324172392255,0.48719550281074,9.9805402627657e-15,Or*,0.043729931019806934,stellar
2CXO J142034.8+525335,215.1452031396116,52.89331473753168,96.24899066091864,59.37024369329784,0.2423485321674,0.24484697064335,-0.0074953154278576,1.2106860203194999e-14,X,0.9355172304584637,AGN
2CXO J171833.0-320630,259.6378763078212,-32.10860966480089,354.1554237026603,3.1454000406361717,-0.27982510930668,-0.0074953154278576,-0.27232979387883,1.9126045809308e-13,X,0.029688461494347465,stellar
2CXO J053520.0-052514,83.83357155007224,-5.420643485395268,209.0471513570108,-19.384756734257195,0.32979387882573,0.076202373516552,0.25983760149906,8.981622647961e-15,Y*?,0.039369840553920635,stellar
2CXO J033832.6-352705,54.635857111831626,-35.45154695548959,236.71730215146025,-53.62366785075233,0.016239850093691,0.20487195502811,-0.18863210493442,7.3510092910436e-14,GlC,0.9096815753350296,AGN
2CXO J201427.6+233452,303.6153701370099,23.58126872733158,63.39822183108715,-6.122028474267029,0.90318550905684,0.6633354153654,0.58213616489694,4.8408565945458e-13,Rad,0.4778985575594012,stellar
2CXO J122745.6+130031,186.94019598274667,13.008929875142814,280.3474357704361,74.83277632525288,-0.67457838850718,-0.30605871330418,-0.46346033728919,9.209541447163099e-14,PoG,0.7648507172566545,AGN
2CXO J165351.3-415413,253.46408123572,-41.903657679398094,343.3668581414869,1.1792929312918858,-0.31855090568395,-0.081199250468457,-0.2423485321674,2.1186362641106e-14,Y*?,0.0033368178967175415,stellar
2CXO J204734.7+300105,311.89492864006843,30.018142174972983,73.00420243221197,-8.389388224842968,0.53466583385384,0.57713928794503,-0.06371018113679,1.3897684477123999e-12,CV?,0.6639389938236135,AGN
2CXO J174543.2-285917,266.43032157739685,-28.988201697447376,359.96713929846885,-0.0460212538081804,0.99937539038101,0.99937539038101,0.99937539038101,2.6337419775417e-15,X,0.0033426919712808943,stellar
2CXO J122503.9+125142,186.26631802790723,12.861771664320598,278.2428203534381,74.45532558854062,-0.20737039350406,0.1948782011243,-0.38725796377264,1.1622830084906999e-14,GlC,0.419010743022851,stellar
2CXO J122254.8+154918,185.72843739773225,15.821745517368312,271.1363830411983,76.89823919620476,-0.28232354778264,-0.067457838850718,-0.21736414740787,2.6493962515394e-14,Rad,0.7793510013865186,AGN
2CXO J040145.9-324956,60.44133830065618,-32.83245565143125,232.7944901637585,-48.73433984192524,-0.42223610243598,-0.14241099312929,-0.29731417863835,1.6561142679927e-13,Rad,0.9786075705593449,AGN
2CXO J164043.5-463135,250.18134416688304,-46.52643601120513,338.32045179377235,-0.0169244611166857,0.9893816364772,0.98813241723923,-0.1998750780762,9.7692257106166e-14,X,0.008518555692345518,stellar
2CXO J053517.6-052212,83.82337362528222,-5.370119916027213,208.9945173297061,-19.37095990598656,0.99937539038101,0.98313554028732,0.51093066833229,1.1842413423243e-14,LM*,0.04516358982152214,stellar
2CXO J162726.4-243923,246.860378626473,-24.656558272278605,353.02795127469955,16.57016627637184,0.97564022485946,0.72204871955028,0.85696439725172,1.0805464939634e-13,Or*,0.012163690607479325,stellar
2CXO J004723.1-251054,11.846501400036516,-25.18194691135045,97.66651729568343,-87.85181406534643,-0.32229856339788,-0.044971892567146,-0.28107432854466,5.9778983701667e-14,Gl?,0.9950147939368597,AGN
2CXO J004207.9+410436,10.532938567103372,41.076933078314106,121.04372701278255,-21.760693466917964,-0.37976264834478,-0.052467207995003,-0.32979387882573,6.0736375278465e-14,X,0.774923864199935,AGN
2CXO J053454.9-054644,83.72884009374803,-5.778958754083108,209.3364661643888,-19.63949010825199,-0.66458463460337,-0.31105559025609,-0.44472204871955,6.2105702330635e-14,Or*,0.021127548878161026,stellar
2CXO J152606.1+414014,231.52563668969515,41.67056308604077,67.84703255735732,55.30939110273783,0.63585259212992,0.80199875078076,-0.34853216739538,5.332881044732299e-13,Rad,0.9805509197625915,AGN
2CXO J054008.6-690202,85.03571399322027,-69.03403863304763,279.37046723836664,-31.551775549050223,0.83447845096814,0.45971267957527,0.51717676452217,,X,0.7250313338938483,AGN
2CXO J053517.6-052453,83.82374537647001,-5.41503536155878,209.037159294538,-19.39094583776321,-0.7207995003123,-0.4684572142411,-0.37976264834478,3.0517114383935e-15,Or*,0.0035520016379458176,stellar
2CXO J132527.9-430118,201.36658568257144,-43.021763808646696,309.5166790526048,19.41449020942832,0.99937539038101,0.89569019362898,0.99937539038101,2.0884555459606e-14,X,0.05725418098880681,stellar
2CXO J125730.0+272612,194.3750892906949,27.436868368033423,46.18298768168537,88.61809934198412,-0.30231105559026,0.041224234853217,-0.33978763272954,1.0593172158409999e-13,X,0.9950147939368595,AGN
2CXO J132611.8-430243,201.54934581164832,-43.04535073910528,309.6533603238755,19.37229435619947,0.086196127420362,0.087445346658338,-0.0012492192379763,3.0333778579295e-14,X,0.11556435370057315,stellar
2CXO J095701.9+685652,149.25774678376507,68.94807279852871,142.1171025399845,41.07584842225485,-0.051217988757027,0.2998126171143,-0.34978138663335,2.5313056797677e-14,X,0.8107017432452747,AGN
2CXO J034423.9+321059,56.09992923869669,32.183308572024465,160.44801241528418,-17.809524477346997,-0.82948157401624,-0.52217364147408,-0.53966271080575,3.3204492743562e-14,Or*,0.0,stellar
2CXO J133629.0-295539,204.1208493314847,-29.92761006060044,314.4356008682097,31.93593053002504,-0.15740162398501,0.084946908182386,-0.23860087445347,2.3706928673503e-14,X,0.6275537733073575,AGN
2CXO J174545.8-285953,266.4409976941596,-28.99830225213132,359.96338010219387,-0.0592534394132921,0.85571517801374,0.99937539038101,-0.99937539038101,1.1460745371626001e-15,X,8.67299399770309e-05,stellar
2CXO J034450.6+321906,56.210909019634585,32.31847744935212,160.4327368010934,-17.64560929777839,-0.29231730168645,-0.28607120549656,-0.0024984384759525,2.8694190824061997e-13,Or*,0.06898315955876569,stellar
2CXO J182953.6+011701,277.4733587085984,1.2837915083223634,31.61673122072216,5.378558490203188,0.50843222985634,0.19737663960025,0.34478450968145,7.6882173902779e-14,Or*,0.0646856896219691,stellar
2CXO J042720.1+260155,66.83405741215574,26.03188505289711,171.9386779737675,-15.677354407602571,0.55590256089944,0.33229231730169,0.27232979387883,2.0231564184248e-14,X,0.24766401324392287,stellar
2CXO J032836.9+311735,52.1538558645014,31.293073134462364,158.24969129842165,-20.592457370309297,-0.26733291692692,-0.13616489693941,-0.13741411617739,6.5604811100282e-14,Or*,0.4200538349578594,stellar
2CXO J053501.5-052533,83.75661430835999,-5.426137923714519,209.0156137621105,-19.455573666274557,-0.95065584009994,-0.64459712679575,-0.77076826983136,2.7689781074626e-15,Or*,0.0008368178967175413,stellar
2CXO J164704.1-455031,251.76723849591008,-45.84202981750848,339.5567186664157,-0.3984250243067949,0.93816364772017,0.44971892567146,0.84322298563398,1.0249934446335e-13,smm,0.01208101102044396,stellar
2CXO J034411.2+320612,56.046899737678814,32.10333034585236,160.46557041005497,-17.89970942558841,-0.65584009993754,-0.38975640224859,-0.35227982510931,1.1384721309143e-14,Or*,0.0,stellar
2CXO J042652.2+255719,66.71769824332881,25.955380208383215,171.92586775465097,-15.80634952128832,0.49594003747658,0.26233603997502,0.26608369768894,2.6847307645387998e-14,X,0.3638469306112556,stellar
2CXO J171443.2+530927,258.680134362328,53.15764669678738,80.58928774946747,35.696998249847745,-0.33104309806371,0.038725796377264,-0.36602123672705,2.8200418598425e-13,blu,0.9914460857155529,AGN
2CXO J112037.3+133429,170.1556857637264,13.574668235706095,240.99370495879788,64.83874252842533,-0.28981886321049,-0.074953154278576,-0.21861336664585,6.2105495586945e-14,UX?,0.989813316350395,AGN
2CXO J052308.3+332837,80.78489139402546,33.47715905895992,173.57889026949235,-1.5735437286419085,0.80324797001874,0.24359775140537,0.6945658963148,1.3411056106409999e-14,Y*?,0.01570435910166057,stellar
2CXO J103846.7+533013,159.6947666786593,53.503645120427166,156.60158590699243,54.06408758647554,0.99937539038101,0.60337289194254,0.99937539038101,1.3158365393958998e-13,HII,0.7306347152218328,AGN
2CXO J175130.7-293232,267.87800942779404,-29.5423769511942,0.1434703376152566,-1.4138403487031888,0.86570893191755,0.65459088069956,0.47970018738289,1.1107056589088999e-14,X,0.009615327189585637,stellar
2CXO J053509.6-052623,83.79022934028387,-5.439860750067619,209.0446404223213,-19.431931073673248,0.72579637726421,0.37726420986883,0.46970643347908,4.5121469828425004e-15,Or*,0.07694048904035801,stellar
2CXO J174545.2-285931,266.43854735853006,-28.99222958080987,359.96744815741863,-0.0542612826732327,0.99937539038101,0.96814490943161,0.99937539038101,3.5046275894457e-15,X,0.0016701439599415815,stellar
2CXO J174547.4-290702,266.4478690140635,-29.117542831555934,359.86471052066764,-0.1264749629238182,-0.61336664584635,-0.17239225484072,-0.3997501561524,4.5283640032638e-15,X,0.0025,stellar
2CXO J151349.2-590134,228.4552945968046,-59.02630809971171,320.3659365092731,-1.0611959287222212,-0.8157401623985,-0.70455965021861,-0.25983760149906,2.8998505097352e-14,X,0.0,stellar
2CXO J174540.7-290141,266.4197491202096,-29.02833982924001,359.9280601122873,-0.05903583058673,0.77326670830731,0.84447220487195,-0.26483447845097,5.198957988957701e-16,X,0.0,stellar
2CXO J121854.4+471649,184.72696585120093,47.2802734456692,138.36545898265015,68.8612682781873,-0.21861336664585,0.25234228607121,-0.44472204871955,5.3449930651642e-14,X,0.9425624122977212,AGN
2CXO J223555.7+335738,338.9820773065301,33.96073708167683,93.25040541609518,-20.985543061830263,-0.14366021236727,0.027482823235478,-0.16989381636477,4.3104724282954e-14,X,0.8475453569385281,AGN
2CXO J032903.8+312148,52.26612933707111,31.363482517734315,158.2861127015946,-20.478475716217478,0.32229856339788,0.086196127420362,0.2423485321674,1.1976429481897e-13,Or*,0.41098309795084453,stellar
2CXO J174623.6-285632,266.5983902065276,-28.94224109582542,0.0828898677146273,-0.1476904105705293,0.9893816364772,0.98813241723923,-0.13616489693941,6.4922591755651e-14,X,0.011393207014600094,stellar
2CXO J174542.8-285905,266.4285139994704,-28.984837344826097,359.96918771959605,-0.0429191778184345,0.94066208619613,0.99937539038101,-0.16239850093691,1.5522400777109001e-15,Mas,0.0,stellar
2CXO J032001.4+413127,50.0061049204819,41.52419559615468,150.6042978391195,-13.227888032765865,0.6945658963148,0.22735790131168,0.55090568394753,3.6918157344296e-14,X,0.15551124252818826,stellar
2CXO J074300.7+651107,115.75310484952394,65.18535652686776,151.06511471148178,29.81687028655949,-0.26358525921299,0.01998750780762,-0.28107432854466,5.4943830978928e-14,X,0.9234186248934926,AGN
2CXO J132546.3-430310,201.44308024193836,-43.05281766443238,309.57075225954696,19.3759043159448,-0.49219237976265,-0.34853216739538,-0.17114303560275,1.0900707177753e-14,X,0.0035037617554858937,stellar
2CXO J174546.1-290005,266.44222371788,-29.001621657533345,359.9611047431804,-0.0618974963666522,0.94690818238601,0.94316052467208,-0.089943785134291,8.065782748857101e-15,X,0.0,stellar
2CXO J205550.8+254047,313.96184325119634,25.67998576534784,70.70326134982439,-12.517203529173816,0.017489069331668,0.16989381636477,-0.1524047470331,3.4211797682504e-14,X,0.4296221501661309,stellar
2CXO J233024.8+392712,352.60348271387033,39.45336115758296,106.3165308190453,-20.789935438493437,-0.11992504684572,-0.0037476577139288,-0.11742660836977,5.4677656866865e-14,Rad,0.6999727362929715,AGN
2CXO J095602.6+685935,149.01119617913628,68.9932378815716,142.13617185164884,40.9775605430873,-0.27482823235478,-0.061211742660837,-0.20487195502811,0.0,X,0.9837363583115558,AGN
2CXO J133657.4-294729,204.2395329897895,-29.79141007496493,314.5874384760915,32.04800721683717,0.32479700187383,0.21486570893192,0.11742660836977,2.0008757730707e-14,X,0.4574300197446099,stellar
2CXO J165413.2-415032,253.5551035792505,-41.84238592940961,343.4571753726437,1.165355919847143,-0.96064959400375,-0.75202998126171,-0.74578388507183,3.3106485505839996e-14,SB*,0.0,stellar
2CXO J053513.9-052157,83.80822663471093,-5.366092927592479,208.9834776624304,-19.382586651259807,0.48094940662086,-0.081199250468457,0.53716427232979,1.0872597154887e-15,Rad,0.026872571577320415,stellar
2CXO J034717.9+675111,56.82475568818728,67.85330998833497,138.36397929204938,10.419706040200229,-0.6683322923173,-0.30605871330418,-0.45346658338538,2.6928360641451e-13,X,0.02869824418301491,stellar
2CXO J132535.1-425300,201.39639068501583,-42.883551842521534,309.56010049982854,19.548291227351903,0.16489693941287,0.1948782011243,-0.031230480949407,5.6447803219784e-14,GlC,0.13735009680038993,stellar
2CXO J033625.2-345918,54.10521769610261,-34.988278052757735,235.94694130433464,-54.06637176919072,0.10243597751405,0.13366645846346,-0.031230480949407,9.1731000784116e-14,GlC,0.8800596804678689,AGN
2CXO J004233.8+412331,10.641083826020918,41.392066427795214,121.14400190230498,-21.448874199209687,-0.23860087445347,-0.15615240474703,-0.086196127420362,2.7430130278165e-14,ev,0.5124161627060867,AGN
2CXO J184355.0-035829,280.9795449099141,-3.974947237254845,28.53778348611033,-0.142264452147574,0.99188007495315,0.96814490943161,0.53716427232979,1.6680693217219e-13,X,0.014452958758149687,stellar
2CXO J180354.0-242357,270.9753519542653,-24.39926162666203,5.978404551409911,-1.2293376334521344,-0.24484697064335,-0.18363522798251,-0.06371018113679,2.8470941245498e-14,Or*,0.008672645523418754,stellar
2CXO J042335.3+250302,65.8974992335207,25.05072061431284,172.11402453890008,-16.961260293792446,-0.72454715802623,-0.45846346033729,-0.39725171767645,5.0156149372742e-14,Or*,0.008229018640484113,stellar
2CXO J172449.8-341455,261.20760275549287,-34.24870717589087,353.1391311617384,0.8488441149704534,0.97064334790756,0.83198001249219,0.70206121174266,2.4723974186584e-13,IR,0.05727407770769974,stellar
2CXO J174602.5-290400,266.51081679581466,-29.06689502305653,359.9365874326613,-0.1470812467602718,0.95190505933791,0.9581511555278,-0.12991880074953,1.7954883024226e-14,X,0.0075078320802005015,stellar
2CXO J063207.0+045630,98.02952793421662,4.941638606823385,206.3290517875768,-2.027457789112321,-0.45096814490943,-0.20861961274204,-0.26733291692692,5.4367879483154e-14,Or*,0.004590733936817792,stellar
2CXO J151432.1-590808,228.63400777334004,-59.13583229572825,320.3875464283128,-1.2024791820525806,-0.27232979387883,-0.1474078700812,-0.12742036227358,1.4351490026037e-14,X,0.008350524051481395,stellar
2CXO J123519.2+123314,188.8303652846846,12.553949954285612,287.6224000507188,74.94459383735337,-0.076202373516552,0.071205496564647,-0.14615865084322,5.8701431309036e-14,X,0.9088293150297837,AGN
2CXO J022740.3-045130,36.9182941367082,-4.858571670907043,173.04416159153098,-58.03510961259021,-0.64584634603373,-0.29606495940037,-0.42348532167395,1.7002870668500998e-13,ClG,0.742862059197133,AGN
2CXO J025435.5+413546,43.64833514186273,41.59636838357431,146.35119234833007,-15.60745901586611,-0.20362273579013,0.018738288569644,-0.2211118051218,3.899617243806e-14,X,0.5453678474144451,AGN
2CXO J042144.5+202409,65.43546353466104,20.40269999063296,175.48844380169427,-20.3625928289756,-0.99937539038101,-0.99937539038101,-0.6683322923173,1.183147899935e-14,LM*,0.012861432449543537,stellar
2CXO J174545.7-290015,266.4407759033565,-29.00439402759375,359.9580785503887,-0.0622602544430679,0.86945658963148,0.92317301686446,-0.41349156777014,1.0639373888867e-15,X,0.0,stellar
2CXO J121856.1+142419,184.73368049012595,14.405288792461,270.54134139477105,75.19293957769607,0.15740162398501,0.18863210493442,-0.032479700187383,1.631781424165e-13,ULX,0.5338322268323531,AGN
2CXO J043348.5+181010,68.45308466286639,18.16938432963426,179.2557799619792,-19.61101428229974,-0.5159275452842,-0.1211742660837,-0.41723922548407,5.8619344779543e-13,Or*,0.054476064087037736,stellar
2CXO J180402.9-242644,271.0123217267578,-24.44565659650315,5.954507121153556,-1.2814413324404852,-0.33354153653966,-0.097439100562149,-0.2423485321674,2.8161809020322e-14,Or*,0.0,stellar
2CXO J053833.8-690957,84.64106905195143,-69.16588278281809,279.5426847508763,-31.677051464295165,-0.63585259212992,-0.49594003747658,-0.1948782011243,6.812085268008501e-16,SB*,0.1394108571358937,stellar
2CXO J032636.5-211809,51.65215355521582,-21.302616693012062,212.1671163438731,-54.28526347695615,-0.28482198625859,0.027482823235478,-0.30980637101811,6.1622129493541e-14,X,0.9929066746829984,AGN
2CXO J053522.0-052432,83.84205904126964,-5.409118326891532,209.04030483357363,-19.372008750990933,-0.57214241099313,-0.40349781386633,-0.21736414740787,2.0673394590036e-15,Or*,0.007522626017060125,stellar
2CXO J174546.2-290003,266.4424639380516,-29.001084135790336,359.96167303845635,-0.0617969385281652,0.93066833229232,0.99937539038101,-0.99937539038101,4.0199114186584e-15,X,0.0017568738999186122,stellar
2CXO J104805.7-250438,162.02381508421945,-25.077573182719924,270.54186494611884,29.925810367765177,0.64959400374766,0.38475952529669,0.34978138663335,2.5172104353512e-14,Rad,0.5447618748649946,AGN
2CXO J180354.4-300005,270.9767229622728,-30.001607674285985,1.0888121155985275,-3.9737950613925177,0.76702061211743,0.54840724547158,0.37476577139288,1.2659683011713e-13,X,0.040220172290950026,stellar
2CXO J174700.8-291311,266.7535668939282,-29.219813558666463,359.9160308201637,-0.4076833602513208,-0.57963772642099,-0.26983135540287,-0.36477201748907,1.3698629049858998e-13,X,0.007681737795627977,stellar
2CXO J235335.6+120613,358.3987434799367,12.103856454641988,101.38421430998407,-48.33300652529555,-0.88319800124922,-0.45221736414741,-0.71830106183635,5.1688153621635e-13,SB*,0.05952671394489806,stellar
2CXO J223831.3-171957,339.6306388078572,-17.3326782439235,43.64456331653807,-57.83364184494748,-0.5209244222361,-0.059962523422861,-0.47470331043098,1.5805936776237e-13,blu,0.9603290730126416,AGN
2CXO J041437.6+053442,63.656805830927055,5.578484482448455,187.10018493877567,-31.033605298542398,0.099937539038101,0.076202373516552,0.023735165521549,4.7201179971540996e-14,LeI,0.3855907228577992,stellar
2CXO J203536.2+600643,308.9009013068112,60.11204339327485,95.73764366997216,11.574333074001784,-0.21236727045597,-0.11492816989382,-0.097439100562149,5.2925619659678e-14,X,0.0885564157191126,stellar
2CXO J225538.3+624117,343.9097033745219,62.68824292185399,110.0849068003294,2.7411300024318592,-0.053716427232979,0.0087445346658337,-0.062460961898813,2.0979124295359998e-13,Or*,0.02084966252595705,stellar
2CXO J140145.0+025333,210.43764035568472,2.892489813463947,340.7048874795095,60.500474832028125,0.32479700187383,0.25234228607121,0.078700811992505,2.0354173731676998e-13,X,0.9292551067852248,AGN
2CXO J104352.3-593416,160.96793233110657,-59.57130584570065,287.4111907951511,-0.5998348289759242,0.99937539038101,0.14865708931918,0.99937539038101,2.2512428754633e-15,RR?,0.0048019924367012,stellar
2CXO J170113.1-300655,255.30454308046544,-30.11541182824908,353.5732174810403,7.316304442633887,-0.88569643972517,-0.72204871955028,-0.45471580262336,3.4504815406664e-14,WV*,0.06120081449550618,stellar
2CXO J053745.9-690410,84.44154745721664,-69.06960409762094,279.4399795789092,-31.75887273920908,0.99937539038101,0.27982510930668,0.99937539038101,2.5199310730358e-15,X,0.42434686347750067,stellar
2CXO J132456.7-430813,201.2363443531069,-43.13714454971557,309.39988011714087,19.313395984682817,0.25983760149906,0.22985633978763,0.032479700187383,7.291736607117999e-14,X,0.17891379022527754,stellar
2CXO J112830.4+583346,172.12695326475807,58.56281222366047,141.90886981516397,55.404123668199134,0.0012492192379763,0.14241099312929,-0.14116177389132,5.0945691242013e-14,SN*,0.9063786114772603,AGN
2CXO J130527.4-492807,196.36406875892408,-49.46886503465283,305.2717613306665,13.339184467585293,0.99937539038101,0.99937539038101,0.99937539038101,4.1109737616562e-14,Cl?,0.27494658232423264,stellar
2CXO J053519.0-052307,83.82946471621983,-5.385417523924739,209.01188681902943,-19.372472075059594,0.51967520299813,0.71705184259838,-0.3472829481574,5.9956415671677e-16,Rad,0.10522265345753823,stellar
2CXO J053407.0-052559,83.52949272313072,-5.433319959126408,208.91387923737568,-19.660473353893035,-0.84072454715803,-0.37101811367895,-0.67207995003123,6.3625541894063e-14,Or*,0.002340574941175901,stellar
2CXO J163958.5-485205,249.99373911710268,-48.8680039386856,336.48404791791904,-1.4754334562296063,0.94690818238601,0.65708931917552,0.76577139287945,9.2689572693626e-14,Or*,0.01460899789684304,stellar
2CXO J180414.4-241936,271.06024107641224,-24.32690060188858,6.079429211216826,-1.2611941887354496,-0.53466583385384,-0.31730168644597,-0.26108682073704,2.8516483774741e-14,Or*,0.001253916040100251,stellar
2CXO J141454.1+361611,213.72572002679044,36.269909668963145,65.43736442456755,70.09158522192396,-0.41723922548407,-0.022485946283573,-0.39725171767645,1.1879905569478e-14,X,0.37564761563558996,stellar
2CXO J004703.3-115219,11.763976652680183,-11.87198731416012,118.86357462702742,-74.70910977741936,-0.99937539038101,-0.99937539038101,-0.90443472829482,9.147952621419901e-15,PN,0.17191597933947503,stellar
2CXO J221817.3-034053,334.5722340420622,-3.681499124631729,58.81547410240636,-46.5855692384247,-0.11992504684572,0.052467207995003,-0.17239225484072,5.216157470943e-14,Rad,0.9441116082289376,AGN
2CXO J123051.1+122407,187.7129577145298,12.401968720460362,283.79013044322926,74.50355555183262,-0.18738288569644,0.45721424109931,-0.6158650843223,2.5433270318864e-15,GlC,0.2620807594450746,stellar
2CXO J003750.0-334641,9.458430106609512,-33.778123577685875,325.8786164511148,-82.73389926022713,-0.368519675203,-0.0049968769519051,-0.36227357901312,2.8110246278666e-14,X,0.9079571261166557,AGN
2CXO J015333.3+031115,28.38903127301535,3.18763475286558,151.63816066777625,-56.18251198865134,-0.96689569019363,-0.76077451592755,-0.77701436602124,7.8909857189419e-13,SB*,0.023899061573003002,stellar
2CXO J203456.5+600834,308.73547575774387,60.14281943601175,95.71479809055798,11.659392838689058,0.5633978763273,0.31730168644597,0.2998126171143,6.7622410813667e-14,SR?,0.3497202362893024,stellar
2CXO J123050.0+122251,187.7085632662246,12.380979097855835,283.7982626401758,74.48224219911373,-0.13616489693941,0.34478450968145,-0.4684572142411,5.0727412825527005e-15,Gl?,0.20278954067185395,stellar
2CXO J053731.9-691845,84.38281714385624,-69.31257404144436,279.7266115553372,-31.7506534901526,-0.02998126171143,-0.044971892567146,0.018738288569644,4.5974142069947e-14,X,0.37103143352154094,stellar
2CXO J010328.8-724728,15.87038982232417,-72.7912330243939,301.68757696773963,-44.30790919620592,-0.59587757651468,-0.41099312929419,-0.24609618988132,9.2354791368627e-14,Pu*,0.7536468501987018,AGN
2CXO J140248.1+541350,210.70071186135132,54.230728286663954,102.00830583844078,59.90273787011965,0.96814490943161,0.96564647095565,-0.068707058088695,1.1421237782686e-13,UX?,0.9420471986680714,AGN
2CXO J053448.7-051906,83.70308782953373,-5.318564158646891,208.88829979054276,-19.454418422785185,-0.88194878201124,-0.48344784509681,-0.67332916926921,3.2388754289438e-15,Or*,0.00610483875806602,stellar
2CXO J122611.6+125702,186.54859221445668,12.950509419022817,279.07501680098574,74.64085228536213,-0.14615865084322,0.34603372891943,-0.47970018738289,7.691169779051e-15,Gl?,0.2217148280585243,stellar
2CXO J175133.2-293718,267.8885247833167,-29.6218363038113,0.0797789590802839,-1.4622487890470923,-0.26608369768894,-0.074953154278576,-0.19362898188632,2.1802237850421e-15,X,0.004177976040142083,stellar
2CXO J020450.6-045618,31.211234535927478,-4.938342168116695,164.43023872554204,-61.74405603892903,-0.25359150530918,0.028732042473454,-0.27857589006871,3.8042541355358e-14,X,0.9798457198730355,AGN
2CXO J171537.1-395559,258.90473579071227,-39.93311681434921,347.4257977328298,-0.8945892319131423,0.94940662086196,0.66208619612742,0.77201748906933,1.7097426082483e-13,X,0.045470020997613,stellar
2CXO J174552.1-285816,266.467297291783,-28.971158575562654,359.9985325811638,-0.0647615118332215,0.98563397876327,0.97938788257339,0.12866958151156,1.3180348247057e-14,X,0.0066858081203425845,stellar
2CXO J171705.4-624910,259.272467821967,-62.81963678472973,328.4985563301809,-14.061148306888088,-0.49968769519051,0.1261711430356,-0.6158650843223,8.5359439629467e-15,HII,0.3746179006544106,stellar
2CXO J022215.9+393318,35.566252031109286,39.55519592238912,141.40126802326847,-20.03693476738125,-0.737039350406,-0.31355402873204,-0.54965646470956,1.4493106225677e-13,SB*,0.06002003657782518,stellar
2CXO J132516.4-430255,201.31831012227667,-43.04863848545681,309.47566603889226,19.392788751862625,0.10243597751405,0.14990630855715,-0.048719550281074,1.7339463779915e-14,X,0.13172800587418648,stellar
2CXO J061237.5+180236,93.15654996095452,18.0435585990612,192.52183343858533,-0.0793688267406674,0.086196127420362,-0.23485321673954,0.33603997501562,6.901881927372801e-16,X,0.006180477603619256,stellar
2CXO J164021.9-484558,250.09121815169863,-48.766155746541415,336.6028755238702,-1.4558835499731029,-0.42598376014991,-0.2261086820737,-0.2211118051218,5.5992142893458e-14,Or*,0.0,stellar
2CXO J053518.9-052107,83.82900101908473,-5.352157555682857,208.9802254068706,-19.357836069449355,-0.37601499063086,-0.30106183635228,-0.081199250468457,2.4410653271459e-15,Or*,0.0029275518335353332,stellar
2CXO J061839.6+782114,94.66525289741338,78.3540296370151,135.65705510415128,24.89713614401171,0.65334166146159,0.30231105559026,0.43722673329169,9.5792544559253e-14,HII,0.6761447660282184,AGN
2CXO J095553.0+694053,148.9709381458378,69.68141354229175,141.40697657769255,40.566663327880086,-0.32854465958776,-0.43098063710181,0.11992504684572,4.2544121017928e-14,GlC,0.4918829615536859,stellar
2CXO J015239.5+360726,28.16499184681487,36.1239233287538,136.55275894074688,-25.12327330842476,-0.33728919425359,-0.0074953154278576,-0.32979387882573,4.7563727695804e-14,X,0.8715823710359214,AGN
2CXO J174531.5-290307,266.3815155213815,-29.051995791402945,359.89045185414665,-0.042831533341044,0.97938788257339,0.99312929419113,-0.55340412242349,1.2205093149648e-14,HX?,0.0037608778967593735,stellar
2CXO J165935.2-400305,254.8970907250473,-40.05163495708547,345.4894500559052,1.4909639508197725,0.77201748906933,0.44846970643348,0.48594628357277,8.4039078143967e-14,Y*?,0.02129692374432814,stellar
2CXO J192706.0+205810,291.7750620295226,20.96970320199592,55.558220790835854,1.9708142014363224,-0.57713928794503,-0.25608994378513,-0.37601499063086,2.1488129552311998e-13,Y*?,0.005181737795627976,stellar
2CXO J002419.3-720334,6.080680459918426,-72.05967080217856,305.87483400805024,-44.91331980901118,-0.35227982510931,0.034978138663335,-0.38226108682074,1.3476438094953e-14,X,0.7872064473497591,AGN
2CXO J210703.1+233022,316.76311138713527,23.5061389508825,70.63014914827096,-15.86490368804783,-0.028732042473454,0.027482823235478,-0.056214865708932,5.9728645988465e-14,X,0.34251372402402347,stellar
2CXO J123051.7+122359,187.7154510821656,12.3999959438292,283.8010340512069,74.50240030099786,-0.99937539038101,-0.42348532167395,-0.99937539038101,3.0252246948397e-16,GlC,0.21762879103499028,stellar
2CXO J150426.0-024633,226.1084295934512,-2.7762082032082205,355.18371324509485,46.16476894160482,0.096189881324172,0.1524047470331,-0.058713304184885,5.5017577077529e-14,X,0.7217762557634809,AGN
2CXO J133659.5-295414,204.24829163561685,-29.90386011664003,314.5687379183022,31.936422387654165,0.65833853841349,0.32479700187383,0.42348532167395,1.9424182829529e-14,Rad,0.43514689436197174,stellar
2CXO J180230.7-090038,270.62807589491524,-9.010700114067802,19.25984440404981,6.592705002996345,-0.1474078700812,-0.056214865708932,-0.091193004372267,2.4685406296744997e-13,Y*?,0.10777121311972562,stellar
2CXO J174545.3-290103,266.438858297304,-29.01771660051001,359.9458318224396,-0.0677667156069108,0.82448469706433,0.99937539038101,-0.99937539038101,8.0944597514204e-16,X,8.67299399770309e-05,stellar
2CXO J174226.6+690800,265.61067201884566,69.13338719962681,99.46156547281872,31.337388686630696,-0.99937539038101,-0.99937539038101,-0.82323547782636,2.9892138359926e-14,SB*,0.004173992989265158,stellar
2CXO J110502.0+594103,166.25827670274452,59.68430311885457,144.8234425761104,52.68470443806129,-0.089943785134291,0.16739537788882,-0.25359150530918,7.788763681966699e-13,ev,0.9983402879198832,AGN
2CXO J053517.1-052249,83.82133325623846,-5.380571377561799,209.00342341556427,-19.377499798026296,-0.73329169269207,-0.43722673329169,-0.42973141786384,3.3955069681483e-15,Or*,0.0008368178967175413,stellar
2CXO J172447.8-341101,261.1992289412126,-34.18373867025636,353.18899277648546,0.8910726341861794,-0.10618363522798,0.12492192379763,-0.23110555902561,2.2112348373466002e-15,mm,0.0037539160401002507,stellar
2CXO J132528.2-430253,201.36750506469707,-43.048157003553975,309.51347846872176,19.38826161901578,-0.21611492816989,0.028732042473454,-0.24359775140537,1.7659980582752e-14,X,0.21348059524167382,stellar
2CXO J174541.4-290137,266.422650036164,-29.02718043606992,359.93037108549487,-0.0605970856701288,0.97064334790756,0.99188007495315,-0.59837601499063,7.574202939330101e-15,X,0.005426008833260319,stellar
2CXO J105658.7-033851,164.2449741341802,-3.647560212625074,256.5922249313528,48.65058337757058,0.18613366645846,0.10868207370393,0.078700811992505,4.4543380910679e-14,X,0.6889832481893157,AGN
2CXO J053521.1-052556,83.83818689616703,-5.432501005537757,209.06056555511017,-19.38601977837952,0.93941286695815,0.95315427857589,-0.27982510930668,5.0803028845422e-15,Or*,0.08941154344934114,stellar
2CXO J132952.6+471143,202.4695204669854,47.19553341232682,104.85198329197613,68.56046551482486,-0.66958151155528,0.10493441599001,-0.72204871955028,1.4312299493103e-14,Rad,0.5261948058691422,AGN
2CXO J034501.7+321427,56.25729167506387,32.24092345437679,160.51651722249957,-17.679951785477368,-0.11492816989382,0.014990630855715,-0.12991880074953,4.3991755155308e-14,Or*,0.23927308331094507,stellar
2CXO J053522.6-051508,83.84446159693988,-5.252308905482742,208.89326466841416,-19.298903911347637,-0.54465958775765,-0.40349781386633,-0.17239225484072,4.7288118636411e-15,Or*,0.006519421204859362,stellar
2CXO J174533.6-285930,266.39027362170737,-28.99194456826747,359.9456941552026,-0.0180708945458758,0.99937539038101,0.98188632104934,0.99937539038101,1.1565353124739999e-14,X,0.0037643697302528743,stellar
2CXO J174539.9-285925,266.4164417234224,-28.990422660138016,359.9589193109705,-0.0368144776901357,0.92317301686446,0.93191755153029,-0.084946908182386,1.7977338804974e-15,X,0.0,stellar
2CXO J174638.4-285608,266.66008493980144,-28.93584295667355,0.1164011873803086,-0.1905038353843927,0.99937539038101,0.98188632104934,0.017489069331668,8.2887060108466e-14,X,0.026498702989918712,stellar
2CXO J172439.3-341129,261.1640698876249,-34.19146714879161,353.16625276686693,0.9107857673236534,0.99937539038101,0.12991880074953,0.99937539038101,7.0379037523792e-16,NIR,0.004170143959941581,stellar
2CXO J104512.2-594500,161.30096312983994,-59.75011824991869,287.6435522192673,-0.6791228213939572,-0.70830730793254,-0.36602123672705,-0.46096189881324,4.5061684792717e-14,Cl*,0.003336817896717541,stellar
2CXO J225550.1+624007,343.95897548313087,62.66862613913196,110.09687396700814,2.713682371867238,-0.54091193004372,-0.33229231730169,-0.25234228607121,2.8743222882564997e-14,Or*,0.0029275518335353332,stellar
2CXO J031846.7-055718,49.69498634983415,-5.95525286729803,188.5193908878724,-49.093200104053416,-0.19737663960025,0.043722673329169,-0.23860087445347,1.2649332901599e-13,blu,0.9782928185519891,AGN
2CXO J123450.5+620839,188.71079732123167,62.144336387850025,126.30004471337124,54.8752597702947,0.46346033728919,-0.062460961898813,0.50718301061836,1.3565060102527e-14,Rad,0.7359433586185744,AGN
2CXO J174540.2-285922,266.41759654880593,-28.989724326647494,359.960041622629,-0.0373129246703846,0.9631480324797,0.98563397876327,-0.45596502186134,3.8364086963033e-15,X,0.0,stellar
2CXO J123046.5+122343,187.69370636723212,12.395463300281278,283.7302903043861,74.4917216085479,0.99937539038101,0.059962523422861,0.99937539038101,,GlC,0.4107900130547843,stellar
2CXO J053621.3-064536,84.08919746790866,-6.760155869799649,210.4386820979038,-19.758722304682344,-0.051217988757027,-0.1998750780762,0.15115552779513,8.4825097547179e-14,Mas,0.07580823385453006,stellar
2CXO J062343.1-002103,95.92966606784194,-0.3511826287215374,210.07376999627476,-6.325281574668676,-0.82698313554029,-0.49094316052467,-0.56089943785134,1.6285837905698998e-13,Y*?,0.011070702413661078,stellar
2CXO J052952.7-705845,82.46981411066577,-70.9791967266347,281.7812329060833,-32.150434653486414,0.3472829481574,0.1948782011243,0.16114928169894,1.0662790587210999e-13,Y*?,0.7617013707206194,AGN
2CXO J034437.3+320900,56.15588260694824,32.15023791120457,160.50846297038174,-17.804568692137458,-0.23985009369144,-0.051217988757027,-0.19113054341037,1.7059068759813998e-14,Or*,0.32164978771301705,stellar
2CXO J053441.4-054756,83.6727167465321,-5.799003943172707,209.32875892421188,-19.698370683378272,-0.72829481574016,-0.36602123672705,-0.49344159900062,9.397692002147e-14,Or*,0.0025,stellar
2CXO J085819.3-435229,134.5806872676336,-43.87481065700024,265.10263738143766,1.2196033666748851,-0.65334166146159,0.013741411617739,-0.65459088069956,8.072169699969099e-14,SB*,0.012119448855025567,stellar
2CXO J063210.8+045706,98.04535168171282,4.951773299486305,206.32732523869257,-2.0087959581659343,0.059962523422861,0.11867582760775,-0.058713304184885,7.2400402083748e-14,Or*,0.016771220962521708,stellar
2CXO J172438.7-341228,261.16140040182813,-34.20799406631593,353.15134133815604,0.9033212658028228,-0.17863835103061,-0.34353529044347,0.50093691442848,1.2524584295134e-15,NIR,0.0037539160401002507,stellar
2CXO J225643.8+053114,344.1829283936228,5.520870345987408,78.30044418067904,-47.16654125629727,-0.031230480949407,0.15990006246096,-0.18988132417239,1.82500213583e-13,Rad,0.9501251814893812,AGN
2CXO J100516.7-074646,151.31996083709282,-7.779674314123759,247.8484500246344,36.748211298131245,0.10118675827608,0.20861961274204,-0.10993129294191,4.9349323016067e-15,Gl?,0.40317754390653354,stellar
2CXO J024243.9-000035,40.68327152757536,-0.0097828565103864,172.1162355393317,-51.92200266547494,0.32479700187383,0.13991255465334,0.19237976264834,1.7155593227149e-14,X,0.5792575414056885,AGN
2CXO J095521.8+690522,148.84108309061128,69.08943903549597,142.0785260524655,40.87239346467462,-0.70331043098064,-0.34603372891943,-0.46720799500312,1.2027418194208e-14,X,0.2197274999754693,stellar
2CXO J140312.5+542053,210.8022214859353,54.34807233719391,102.0364609257197,59.77204706235445,-0.22860712054966,0.09369144284822,-0.316052467208,1.2604767328212e-14,X,0.8562831636697414,AGN
2CXO J174549.6-290457,266.45675081751506,-29.08263277629179,359.89855586913546,-0.1149234533118919,0.99937539038101,0.98813241723923,0.27482823235478,1.916339009456e-14,X,0.006476061637987649,stellar
2CXO J095327.0+690418,148.36270899918452,69.07176082542085,142.22666201034068,40.74233681784023,0.039975015615241,0.19113054341037,-0.15365396627108,4.3059913590741e-14,X,0.7399542326207507,AGN
2CXO J053512.2-052424,83.80106723322274,-5.406819397915108,209.0185656680276,-19.407366704194715,0.99937539038101,0.97813866333542,0.99937539038101,1.125347404508e-14,X,0.03027553346013117,stellar
2CXO J053517.4-052417,83.82283587745019,-5.404826531250073,209.0270725039262,-19.38713664321822,-0.80074953154279,-0.56589631480325,-0.41973766396002,2.1221956372997e-15,Or*,0.0,stellar
2CXO J134744.7+261710,206.93633042442468,26.286227811299025,32.29652070881901,77.40338561759452,-0.086196127420362,0.073703935040599,-0.15990006246096,9.5430669988784e-14,X,0.912728430534676,AGN
2CXO J053525.4-052333,83.85596246908733,-5.39257674235061,209.0313023106682,-19.35218251483161,-0.38351030605871,-0.19113054341037,-0.20612117426608,2.6318185617628e-15,Or*,0.011026387772546019,stellar
2CXO J135757.2-642612,209.48852909474203,-64.4368161039357,310.0319710383968,-2.4858973908284407,0.86445971267958,0.5946283572767,0.55090568394753,1.5516318913428e-13,X,0.015509655501272005,stellar
2CXO J063805.1-801854,99.52171471762466,-80.31492863802383,292.04045547394054,-27.271154190686534,0.49594003747658,0.65958775765147,-0.24484697064335,2.7231605988951996e-13,CV?,0.9412661780750655,AGN
2CXO J053514.0-052012,83.80850652283266,-5.3368142838368575,208.95593464292156,-19.369088597760022,0.91193004372267,0.9106808244847,-0.18238600874453,3.7479463054247e-15,X,0.12356418025713291,stellar
2CXO J174512.9-285844,266.3041887074969,-28.9789548410706,359.9175120490747,0.0529566837263169,0.98313554028732,0.99937539038101,-0.99937539038101,2.4397489873019997e-14,X,0.004122780575349999,stellar
2CXO J054544.5+001301,86.43555285521063,0.2171316870464308,205.07886653748795,-14.472020285928265,-0.82573391630231,-0.43098063710181,-0.59587757651468,6.4793933201149e-14,Or*,0.014705287336644036,stellar
2CXO J094412.3+762817,146.0516409126642,76.47163763172794,135.08000435922125,35.86155075803951,-0.5209244222361,-0.032479700187383,-0.49594003747658,0.0,blu,0.9372522997789531,AGN
2CXO J125655.5+564622,194.23141252031303,56.77291137662369,121.41276375990968,60.3391510496422,-0.13616489693941,0.10743285446596,-0.23985009369144,2.1659302846996e-14,X,0.8570369962633415,AGN
2CXO J130948.0-232253,197.4502849965163,-23.38145911387001,308.379332877884,39.29597972855669,-0.077451592754529,0.072454715802623,-0.14865708931918,1.0455360818395e-14,GWE,0.5197790595197952,AGN
2CXO J095536.9+690433,148.90422900134706,69.07590654918624,142.075988479893,40.89861744056245,-0.14116177389132,0.089943785134291,-0.22860712054966,1.3821156288487e-14,X,0.7019221478376368,AGN
2CXO J053518.8-052328,83.82865757047603,-5.391353508575571,209.01711330485,-19.37587378151576,-0.15115552779513,-0.19862585883823,0.051217988757027,1.6617990653841e-15,Rad,0.007931892080242335,stellar
2CXO J163937.1-485643,249.9045228319426,-48.945418171582354,336.38719672929955,-1.4830354701296091,0.78450968144909,0.41349156777014,0.54840724547158,8.4715720652537e-14,Y*?,0.01800093410778439,stellar
2CXO J203316.3+411859,308.31812382767225,41.31648295347454,80.22835237934683,0.7855644140110376,0.44472204871955,0.24859462835728,0.21986258588382,6.9873447741308e-14,SB*,0.0025,stellar
2CXO J174539.1-285956,266.41318629517264,-28.99902644316435,359.9500918936674,-0.0388661956905026,0.99937539038101,0.56714553404122,-0.098688319800125,0.0,X,0.020192537002149177,stellar
2CXO J034358.8+321126,55.995402794885024,32.19078606491992,160.37157156073965,-17.860380970504888,-0.36602123672705,-0.19862585883823,-0.17863835103061,4.093148875297e-14,Or*,0.002090733936817792,stellar
2CXO J032846.1+311638,52.19247098068627,31.277319930101434,158.28796690345752,-20.585154932465016,-0.77326670830731,-0.5421611492817,-0.3947532792005,3.7999168742164e-14,Or*,0.15346617723645609,stellar
2CXO J060745.8-062146,91.94106448503804,-6.362985938993247,213.68332052596884,-12.59572116900831,0.74453466583385,0.24859462835728,0.60836976889444,6.120814171724e-14,Or*,0.060866728689770076,stellar
2CXO J120207.7-185250,180.5322482837206,-18.88079988006292,287.0393673786905,42.46420063744004,0.8157401623985,0.47970018738289,0.55090568394753,2.6078337597623e-14,X,0.8239223712253775,AGN
2CXO J050727.0-680043,76.86272587721868,-68.01198124493874,278.7778496814822,-34.67180203018004,-0.098688319800125,0.12866958151156,-0.22485946283573,6.2021680290679e-14,X,0.8702237888793692,AGN
2CXO J053508.5-052440,83.78572890080096,-5.411207058931193,209.0153923675711,-19.422970175936918,0.31480324797002,0.69081823860087,-0.48219862585884,8.4452037668947e-15,Or*,0.10504490221307644,stellar
2CXO J133729.6-295008,204.37339172181,-29.835584221195848,314.7105553011786,31.980608717453286,-0.023735165521549,0.13866333541537,-0.16114928169894,1.4622573120315e-14,X,0.5449378309391855,AGN
2CXO J004802.0-250442,12.008495379925137,-25.078517046595582,102.2968414688615,-87.81247114223824,-0.30480949406621,-0.053716427232979,-0.25359150530918,2.9988351494076996e-13,X,1.0,AGN
2CXO J223521.5+340935,338.8398020874631,34.15993610092724,93.25698230886962,-20.754166243267843,-0.62336039975016,-0.11992504684572,-0.53966271080575,1.4725831143957998e-13,X,0.30672821000806844,stellar
2CXO J033828.5-352721,54.61885239424049,-35.45591158390149,236.7251961423956,-53.63741591811925,0.046221111805122,0.51467832604622,-0.49094316052467,8.8275460641071e-15,GlC,0.6152285192899609,AGN
2CXO J104508.2-594049,161.28418069650297,-59.68037435872807,287.6035651052067,-0.6213553975378077,-0.75702685821362,-0.31105559025609,-0.58088694565896,6.9353718597201005e-15,SB*,0.004389689758204737,stellar
2CXO J131119.8-012147,197.83281995421703,-1.363316900737979,313.26560335909704,61.108662354044974,-0.20487195502811,0.082448469706433,-0.28232354778264,3.3993727561804e-14,X,0.9229615106147775,AGN
2CXO J202152.9+372139,305.47078482870984,37.360857171858434,75.73085800378178,0.2710666403018117,0.97938788257339,0.87445346658339,0.71830106183635,1.554160755437e-13,X,0.09727961027394887,stellar
2CXO J123050.8+122411,187.7116927994041,12.40329359588133,283.78423580114014,74.5044506808989,-0.036227357901312,-0.0062460961898814,-0.031230480949407,5.8941990335927e-15,GlC,0.23728371633274972,stellar
2CXO J070351.5-113455,105.96460912616078,-11.582139041468473,224.64914800801455,-2.540271860427279,-0.43472829481574,-0.2473454091193,-0.20861961274204,7.4871511657952e-14,Or*,0.010020676709440008,stellar
2CXO J095556.5+690802,148.98551961562123,69.13409002156031,141.9909970089623,40.88870837208527,0.56964397251718,0.38850718301062,0.21236727045596,8.352849527177e-15,X,0.7136738965811308,AGN
2CXO J124253.5-112105,190.72321891779893,-11.351467645548734,299.5688620382113,51.46447314138193,-0.21111805121799,0.048719550281074,-0.25733916302311,1.8220556420606999e-13,X,0.9914856260148531,AGN
2CXO J053531.4-052136,83.8812039834022,-5.360104596230949,209.01265877281776,-19.315081350299646,0.93441599000625,0.3210493441599,0.87445346658339,9.3975920287974e-15,Or*,0.0056764425029026,stellar
2CXO J225556.8+623433,343.98704134899606,62.57589418045513,110.0685812354197,2.6244240745035343,0.20737039350406,0.11617738913179,0.092442223610244,6.7528326440649e-14,Or*,0.012103569868040266,stellar
2CXO J182015.1-142816,275.06294403001164,-14.47114914420437,16.534590657994336,0.1692856509593475,-0.47595252966896,-0.19862585883823,-0.30605871330418,1.740672747989e-13,X,0.011059833718146318,stellar
2CXO J173324.1-332322,263.350652779542,-33.389492986884136,354.8395833887232,-0.1594299859626558,0.8894440974391,0.77826358525921,0.32729544034978,1.1502238901002999e-13,X,0.030660631159481016,stellar
2CXO J122040.5+291513,185.1691067526177,29.25385935467407,193.72714115464785,82.89817918002854,-0.316052467208,-0.0024984384759525,-0.31230480949407,2.9312627805704e-14,X,0.9141253374629963,AGN
2CXO J084730.0+175045,131.8750727336921,17.845966693860024,208.65767494069783,33.41202204276154,-0.87570268582136,-0.48219862585884,-0.67832604622111,5.2729053927578997e-14,Er*,0.015527961534769619,stellar
2CXO J095736.5+690724,149.40247879101736,69.12341878314909,141.8881383137131,41.01577487848219,0.42848219862586,0.21486570893192,0.23110555902561,3.7547191179668e-14,X,0.5887430757107951,AGN
2CXO J004324.8+411726,10.853502528321885,41.29085889935331,121.31147108812142,-21.55564119710104,0.079950031230481,0.11867582760775,-0.038725796377264,2.424225852577e-14,X,0.4305974127731357,stellar
2CXO J161240.5-185928,243.1687905793972,-18.99125348071444,355.10319469220485,22.895916034905262,-0.36352279825109,-0.0074953154278576,-0.35602748282324,1.3137986019191999e-12,Or*,0.938743909410659,AGN
2CXO J132945.5+471151,202.4396397830418,47.19753620404991,104.90498006854104,68.56687655604983,0.68082448469706,0.23360399750156,0.52966895690194,6.6792465791877e-15,Cl*,0.12872376745630879,stellar
2CXO J142337.0+532245,215.90445326456936,53.37940906442501,96.21881450347236,58.70428402549727,-0.11242973141786,0.087445346658338,-0.19737663960025,3.0776229886694e-14,X,0.9700342981756589,AGN
2CXO J174536.3-290013,266.40134700986107,-29.00372473372153,359.9406867215634,-0.0324757941814352,0.3735165521549,0.5633978763273,-0.32854465958776,0.0,X,0.04806824212628084,stellar
2CXO J203225.6+401805,308.1066065336173,40.30142381148884,79.31675703920583,0.3111717541751241,0.96064959400375,0.86570893191755,0.55840099937539,2.5335512513118997e-13,Y*?,0.03832950515994542,stellar
2CXO J043124.0+180020,67.85031970413115,18.00582445325825,179.00830634081686,-20.15955596592691,-0.9419113054341,-0.74453466583385,-0.64584634603373,1.8057102187593e-14,LM*,0.012951689868123933,stellar
2CXO J174539.7-285922,266.4155845681065,-28.98950427043488,359.95931265067344,-0.0356960590675171,0.67582760774516,0.73329169269207,-0.12742036227358,4.8303591134151e-16,X,0.0016701439599415815,stellar
2CXO J053520.4-064725,83.83532354388831,-6.790513829195097,210.3482050338136,-19.997964573601237,-0.59712679575265,-0.13116801998751,-0.50468457214241,9.5664657551717e-14,Or*,0.20583243693280245,stellar
2CXO J053521.7-052644,83.84055678688117,-5.445687433197869,209.07416534324923,-19.38987663927553,-0.8107432854466,-0.52342286071206,-0.48844472204872,2.1837383878092e-15,Or*,0.0,stellar
2CXO J184454.6-025653,281.2277545436032,-2.9480648083251464,29.564441784075125,0.1064196626490925,0.90693316677077,0.95190505933791,-0.50218613366646,1.3420481624621e-13,X,0.0324120072296652,stellar
2CXO J180042.7-414650,270.1779329931809,-41.78063539513697,350.3896377438239,-9.097639382030884,0.14990630855715,0.45221736414741,-0.32604622111181,1.9634196718854997e-12,CV?,0.878167546485279,AGN
2CXO J123055.2+122340,187.73025304608063,12.3945819571738,283.8587183187856,74.50154371155736,-0.17863835103061,0.33728919425359,-0.49219237976265,9.463213287317e-15,X,0.2929368698580085,stellar
2CXO J172447.9-341104,261.19968682379294,-34.1845361993628,353.1885457813791,0.8903112089648153,-0.024984384759525,-0.11742660836977,0.10618363522798,2.0831603100454e-15,NIR,0.006677976040142084,stellar
2CXO J053515.4-052747,83.81420441269717,-5.463174505358118,209.07813173685727,-19.421181195175844,0.94690818238601,0.46221111805122,0.85696439725172,4.079399647258e-15,Or*,0.01591127735483698,stellar
2CXO J155034.8-541926,237.64511703284165,-54.32392879365165,327.18961299873155,-0.1156676575350374,0.98813241723923,0.95440349781387,0.53341661461586,1.5020491528241e-13,X,0.005517304922421458,stellar
2CXO J124334.0+113341,190.89188810854307,11.56163596402637,295.78047677235986,74.32399935513173,-0.10993129294191,0.16989381636477,-0.27482823235478,1.0191067350011e-14,X,0.13560024067346055,stellar
2CXO J203525.3+600717,308.855651387933,60.12160272661513,95.7323209963446,11.59825942572187,0.01998750780762,0.11992504684572,-0.099937539038101,4.7965206942356e-14,SN*,0.5074539524837712,AGN
2CXO J120151.5-185231,180.46498795222385,-18.875383563329272,286.95413377730824,42.45299845642898,-0.98688319800125,-0.55465334166146,-0.95315427857589,5.6725709838129004e-15,Rad,0.008527060074878025,stellar
2CXO J100220.1+450927,150.58410108771568,45.15760081641869,173.28116021566618,51.968897490607205,-0.2423485321674,0.00999375390381,-0.25109306683323,1.7991727186107e-13,ev,0.9960520016379458,AGN
2CXO J165358.0-415609,253.4918697877224,-41.93610025711271,343.3547409015948,1.1427787177907702,0.076202373516552,0.11118051217989,-0.036227357901312,7.9816406944244e-14,Y*?,0.01418298858918109,stellar
2CXO J132529.8-430054,201.37436897945463,-43.01503443767902,309.52365026265034,19.420358866142,0.19862585883823,0.059962523422861,0.13866333541537,6.3017566326735e-15,Rad,0.04121216584023161,stellar
2CXO J165419.2-414827,253.5801909277177,-41.807565576333936,343.49599961687915,1.1727893055124885,-0.99937539038101,-0.99937539038101,-0.38101186758276,1.6300840869571001e-15,Y*?,0.0004131150925057845,stellar
2CXO J162718.4-242905,246.82693274627104,-24.485055615755456,353.14148624757485,16.706199239293774,0.92067457838851,0.36477201748907,0.83572767020612,6.0898840094306e-14,Or*,0.0,stellar
2CXO J080853.6-102739,122.22347887380192,-10.461078378552314,231.42353893491284,11.969748566239137,0.67582760774516,0.87820112429731,-0.49968769519051,5.3210400827092e-13,Rad,0.7349968675941827,AGN
2CXO J122956.7+075727,187.4863803326051,7.95771863081304,287.0704772712828,70.16479605953286,-0.79825109306683,-0.42223610243598,-0.55965021861337,7.3609800415696e-15,X,0.2484507833247477,stellar
2CXO J130523.2-492909,196.346952307037,-49.48589171839118,305.2593738241086,13.322804569406156,0.74453466583385,0.33104309806371,0.54590880699563,2.0712605071977e-14,X,0.09534379331489211,stellar
2CXO J053523.9-051907,83.84986328248488,-5.318731781265581,208.95859927467924,-19.32418546875005,0.12742036227358,-0.032479700187383,0.15990006246096,7.1665828223927e-15,Or*,0.054754325811753386,stellar
2CXO J045055.4-532742,72.7309807185685,-53.46170719892348,261.2743588799877,-39.22182281757132,-0.8369768894441,-0.2948157401624,-0.71830106183635,1.9868701662619e-12,SB*,0.0708912370865692,stellar
2CXO J104502.0-594106,161.25862849075213,-59.6851788606636,287.5943935763246,-0.6316192036387412,-0.99937539038101,-0.99937539038101,-0.84447220487196,1.4783732148539998e-14,PoC,0.0004131150925057845,stellar
2CXO J235746.7-323607,359.4449090274293,-32.60205632262185,4.48730526705073,-77.15737889673406,-0.081199250468457,-0.0087445346658339,-0.071205496564647,6.1026539366709e-14,Cl?,0.8264394949886387,AGN
2CXO J132702.5-471014,201.76084582581063,-47.170654820632095,309.1918635446185,15.267859994893298,-0.40849469081824,0.23235477826359,-0.57589006870706,9.9040552748032e-14,Y*?,0.39213697494201016,stellar
2CXO J122243.0+154400,185.6791856529038,15.733354824876088,271.1437542542384,76.79795710634255,-0.2735790131168,-0.01998750780762,-0.25484072454716,4.3539269282125e-14,X,0.9958057541921871,AGN
2CXO J170113.7-300632,255.3072946961765,-30.10904433924624,353.57977866075174,7.318269091130399,-0.90693316677077,-0.78825733916302,-0.41474078700812,2.8847064029394e-14,CV?,0.05231915387783794,stellar
2CXO J054645.0+000533,86.68769129625701,0.0927624422147008,205.31481998792765,-14.30829589533315,0.11992504684572,-0.038725796377264,0.15740162398501,4.303989319103e-14,Or*,0.06796895102217552,stellar
2CXO J174539.0-285929,266.4128134252978,-28.991626976517168,359.9562379810676,-0.034732904583994,0.8844472204872,0.9581511555278,-0.4896939412867,1.0379897430577e-15,X,0.006253916040100251,stellar
2CXO J053510.5-052244,83.79409950729621,-5.379115281841065,208.9890431229682,-19.401021619728105,-0.44846970643348,-0.17738913179263,-0.29231730168645,4.1944703971377e-15,Or*,0.013946977749422232,stellar
2CXO J155226.7-561704,238.1116288281241,-56.284608765271,326.16121396757825,-1.8060819802078056,0.99937539038101,0.8369768894441,0.99937539038101,5.5756472825732e-14,X,0.0029275518335353332,stellar
2CXO J124335.5+113427,190.8978926944777,11.5742245680108,295.79685259724795,74.33717191016676,-0.09369144284822,0.19113054341037,-0.27857589006871,1.0625527808157e-14,PN?,0.17285367326817308,stellar
2CXO J095445.3+685658,148.6889754369016,68.9497069469373,142.2712640359071,40.90791352404314,-0.83447845096814,-0.31105559025609,-0.70331043098064,2.7870822261128e-14,SB*,0.03611609638570432,stellar
2CXO J004735.0-251911,11.896115743321502,-25.320042238200266,97.1728682499678,-87.99591305012896,-0.473454091193,-0.23735165521549,-0.26483447845097,3.0567134027558e-14,X,0.8647030977919907,AGN
2CXO J124324.8+024444,190.8534282403369,2.7455786626631355,298.08751380475513,65.54182210863632,-0.36102435977514,0.047470331043098,-0.3997501561524,3.4566296532313e-14,X,0.9962643479199249,AGN
2CXO J053516.1-052132,83.81746442995842,-5.358964236429484,208.98115019275625,-19.371159099611543,-0.10368519675203,-0.16739537788882,0.066208619612742,2.7333530875075e-15,MoC,0.012939724160442836,stellar
2CXO J160935.6-320229,242.3985021574715,-32.04158252773287,344.66630175797,14.33815263334126,0.097439100562149,0.16114928169894,-0.066208619612742,3.815657363048e-14,Rad,0.22991315819748628,stellar
2CXO J133714.7-295428,204.3115308392696,-29.90787466182929,314.63093885712897,31.92111289859096,0.034978138663335,-0.036227357901312,0.071205496564647,9.7428519260456e-15,X,0.32106993268697454,stellar
2CXO J180410.0-242634,271.0419772995806,-24.44303696865325,5.970042566367561,-1.3036785175156418,-0.49718925671455,-0.12742036227358,-0.39350405996252,2.7782003242092e-14,Or*,0.013548976849910794,stellar
2CXO J010746.7-173027,16.944765997732077,-17.507697444558175,145.18831638316104,-79.66624745256246,-0.18238600874453,-0.08369768894441,-0.098688319800125,5.8397950190518e-14,HII,0.9047711340461252,AGN
2CXO J174545.7-285936,266.4407645369205,-28.9935206821722,359.9673559135838,-0.0565892435730042,0.99937539038101,0.99937539038101,-0.99937539038101,1.698615616244e-15,Mas,0.0014304727227497536,stellar
2CXO J075828.1+374711,119.61731425049813,37.78660345443185,182.6764065570228,28.82841134046029,-0.5159275452842,-0.0037476577139288,-0.51217988757027,3.4542815196672996e-13,GrG,0.7562133436540194,AGN
2CXO J061253.7+175724,93.22394462932408,17.956896018204123,192.6286236315175,-0.0647203110512082,0.99937539038101,0.99937539038101,0.28856964397252,3.486186005029e-15,X,0.0100241380345886,stellar
2CXO J132544.0-430610,201.43328638085663,-43.10285236716319,309.55578381330105,19.327373972446352,0.089943785134291,0.11617738913179,-0.026233603997502,2.8641812930242e-14,X,0.1480428700548153,stellar
2CXO J120154.7-185251,180.47828160323468,-18.8810166958516,286.9725764234464,42.45081206402439,0.99937539038101,0.93816364772017,0.99937539038101,3.4157946708809e-14,MoC,0.45415615546685034,stellar
2CXO J132628.6-472627,201.6193799357801,-47.440926525534806,309.0538584392306,15.013886681706827,0.73953778888195,0.41224234853217,0.46595877576515,2.7624898488809e-14,X,0.24287756122031556,stellar
2CXO J025702.8-561130,44.26204219695484,-56.19181475851428,273.92798733651114,-53.278164771542905,-0.95690193628982,-0.64709556527171,-0.80699562773267,1.1299049349543999e-13,Pl,0.004801992436701201,stellar
2CXO J165417.3-414829,253.57232676173865,-41.808164737593735,343.4918393383781,1.176962957856332,-0.60587133041849,-0.39225484072455,-0.27982510930668,3.0678778989498e-14,Y*?,0.002090733936817792,stellar
2CXO J071832.4-245809,109.63515446115171,-24.96927403718827,238.1766771889764,-5.5835217134489215,-0.74578388507183,-0.46595877576515,-0.42723297938788,3.5823575852909e-14,Or*,0.007931892080242333,stellar
2CXO J042724.5+255808,66.85233393284699,25.968924914214373,171.99890765722046,-15.706876836364671,-0.0024984384759525,0.0087445346658337,-0.011242973141786,1.9461830223329998e-14,X,0.2358496775262598,stellar
2CXO J162209.7-500600,245.54052730925773,-50.10015624479928,333.604377321876,-0.2130520960077737,0.97813866333542,0.82698313554029,0.78450968144909,1.385287047584e-13,smm,0.018257518732107594,stellar
2CXO J053513.4-051716,83.80628970610127,-5.288069956167372,208.90880788663503,-19.34898899344625,-0.59837601499063,-0.43472829481574,-0.21736414740787,5.0826548227828005e-15,Or*,0.003344649976918043,stellar
2CXO J132620.3-473002,201.58485803786263,-47.50083586260672,309.0212543485267,14.957835547264091,0.28232354778264,0.23735165521549,0.047470331043098,2.6718619494313e-14,X,0.44187710667665603,stellar
2CXO J053504.9-044913,83.77081378643823,-4.820395816886106,208.450413281526,-19.168152213405325,-0.80574640849469,-0.45971267957527,-0.54840724547158,7.5733084111812e-14,Or*,0.010242171815323282,stellar
2CXO J053632.8-064420,84.1370550322689,-6.739133846342113,210.44117230937243,-19.706807569281903,0.12492192379763,-0.034978138663335,0.15615240474703,2.3053794467658e-15,Or*,0.19716049531933133,stellar
2CXO J161646.9-225739,244.1954690190488,-22.96087434491244,352.64253987494834,19.517141857037696,-0.28981886321049,-0.043722673329169,-0.24859462835728,6.2192725950087e-14,X,0.329167862150882,stellar
2CXO J155055.8-562833,237.73273048086253,-56.47600819703436,325.87756407464065,-1.8224383449302155,0.6158650843223,0.34853216739538,0.33728919425359,1.9353861313352e-14,Rad,0.0014647595346215262,stellar
2CXO J174548.1-285347,266.4508585223035,-28.896487831606176,0.0547943452526412,-0.013601786607234,0.91942535915053,0.97938788257339,-0.57214241099313,1.0303351580492e-14,X,0.005006961856659122,stellar
2CXO J172447.9-341045,261.1997161399848,-34.1793595624384,353.1928422895444,0.8931995730325044,0.43972517176765,0.14615865084322,0.30356027482823,8.4210869727185e-15,HII,0.0029240600000418325,stellar
2CXO J064812.5+554213,102.05212751087134,55.70379957712771,160.25872252180662,21.69331637154681,-0.9843847595253,-0.85196752029981,-0.82198625858838,5.4886825692251e-13,SB*,0.0008368178967175413,stellar
2CXO J071845.5-245606,109.68984885937078,-24.93515652137912,238.16916316897505,-5.523795975733873,-0.47845096814491,-0.2735790131168,-0.23485321673954,3.6491920924485e-14,Or*,0.0066858081203425845,stellar
2CXO J174540.1-290803,266.41739520676924,-29.134363372893112,359.83648674256204,-0.1125106943912047,0.77451592754528,0.99937539038101,-0.99937539038101,7.0626841467082e-15,X,0.0032185784167366492,stellar
2CXO J112313.2+012924,170.80510180859835,1.4901730130723383,259.7042929750116,56.76659263524784,-0.066208619612742,0.17613991255465,-0.23985009369144,5.7568441012512e-14,X,0.8821355936954752,AGN
2CXO J063215.8+045430,98.06605930780876,4.908376394694698,206.3753761373257,-2.010493183191385,-0.22236102435978,-0.17114303560275,-0.052467207995003,5.6249949867164996e-14,Or*,0.001253916040100251,stellar
2CXO J174551.9-285642,266.46633339178106,-28.9452263339516,0.0202347615019233,-0.0505415152118437,0.95940037476577,0.99937539038101,-0.54341036851968,3.6023391651370997e-14,X,0.03013766621483839,stellar
2CXO J034433.0+321241,56.13774042502081,32.21152501167019,160.45483611979037,-17.76736140392815,0.92317301686446,0.64834478450968,0.67832604622111,5.1890439834958e-14,X,0.00969094071585654,stellar
2CXO J013339.4+305347,23.414337552188957,30.89662083544218,133.51030225817476,-31.106423702990877,0.35727670206121,0.28607120549656,0.076202373516552,2.3803564444566e-14,X,0.5363945497807575,AGN
2CXO J053532.2-054426,83.88429656767636,-5.740725305772662,209.37419446921663,-19.48417991016497,-0.6633354153654,-0.31730168644597,-0.43722673329169,7.4525690482871e-14,Or*,0.009185808120342585,stellar
2CXO J005437.1-722637,13.654836143576349,-72.44380820468199,302.5945118423596,-44.6823598683561,-0.054965646470956,-0.016239850093691,-0.038725796377264,5.0509175813834e-14,X,0.778623772726455,AGN
2CXO J022720.1+333413,36.83401032307188,33.570285569224374,144.90065268344355,-25.17780450554317,-0.066208619612742,0.1686445971268,-0.23235477826359,5.3838831581573e-13,ULX,0.9731802882941877,AGN
2CXO J053522.4-052413,83.84348836113696,-5.403738747482512,209.03590100925263,-19.36830680244773,-0.99937539038101,-0.99937539038101,-0.6683322923173,,Or*,0.003221335808923828,stellar
2CXO J164026.4-484636,250.10997423766457,-48.77679737341097,336.60310311766943,-1.4721929997194327,-0.42973141786384,-0.13741411617739,-0.30980637101811,4.9648083445109e-14,Or*,0.008764347919924996,stellar
2CXO J174834.1-271034,267.1420998830132,-27.17629373353432,1.842153541512788,0.3560637166192589,0.97314178638351,0.99937539038101,-0.99937539038101,4.8105922249244e-15,mm,0.004888722376678232,stellar
2CXO J122752.7+752041,186.96995315521065,75.34492919048391,124.92424191766548,41.69206465691656,-0.67582760774516,-0.26983135540287,-0.4946908182386,8.8653225435586e-14,Rad,0.2593488894063636,stellar
2CXO J191120.5-600319,287.8355069789793,-60.055485420068685,336.4272779151375,-25.699277829609223,-0.13241723922548,0.058713304184884,-0.19113054341037,2.2966854359169e-14,X,0.7620362148050908,AGN
2CXO J004733.1-251717,11.88810683828251,-25.288346530751017,97.37039135315644,-87.9641550225502,0.99937539038101,0.89943785134291,0.99937539038101,2.6167307745722997e-13,HII,0.69011018851259,AGN
2CXO J053501.6-052148,83.75673929147422,-5.363637160200507,208.9565631454268,-19.427189045008586,0.84447220487195,0.52966895690194,0.55590256089944,5.0213014725538e-15,BD*,0.033818965862102104,stellar
2CXO J120203.4-184839,180.51448491220333,-18.810972060966737,286.99291615843873,42.52733139155842,-0.15490318550906,0.024984384759525,-0.17738913179263,1.5231805934575e-14,X,0.7888108462504215,AGN
2CXO J053512.9-052354,83.80406284698091,-5.398590334166268,209.01221450532825,-19.400984959559636,0.99937539038101,0.99937539038101,-0.29106808244847,1.1643744229121e-14,X,0.07674163938108208,stellar
2CXO J223531.5+340127,338.8812615958035,34.02413653249851,93.21072033816206,-20.887397558757165,0.051217988757027,0.22860712054966,-0.17988757026858,6.2250469079476e-14,X,0.6186944743838836,AGN
2CXO J124842.8-411609,192.17841829475103,-41.269301232192845,302.3813729458457,21.59953417384844,-0.11367895065584,0.074953154278576,-0.18613366645846,1.6584652793848e-14,X,0.6636242876620275,AGN
2CXO J072648.0+854552,111.69989396306664,85.7645004368907,127.65989769070929,27.69988171846973,0.14990630855715,0.10743285446596,0.041224234853217,5.2394624385032e-14,UX?,0.63494058315607,AGN
2CXO J053455.9-053112,83.73328148255212,-5.52026966681915,209.09354692040745,-19.51883964418001,-0.91692692067458,-0.7207995003123,-0.5633978763273,7.4901804609377e-15,Or*,0.0857455912758368,stellar
2CXO J155412.6-561912,238.55276279303348,-56.32023212542215,326.327792002168,-1.988978757851409,0.58088694565896,0.65084322298563,-0.13616489693941,1.8158280308182e-13,LP?,0.05334715738449686,stellar
2CXO J064109.4+093525,100.28962679800225,9.590392287856217,203.22854932411047,2.09872552804734,-0.8682073703935,-0.61086820737039,-0.53966271080575,3.9476407303964005e-15,Or*,0.005257673084558609,stellar
2CXO J053525.8-050757,83.85752415734538,-5.132611815999135,208.78648594650997,-19.23305385116675,-0.7682698313554,-0.36727045596502,-0.55590256089944,2.4961555791104003e-15,Or*,0.00936320566926356,stellar
2CXO J053522.7-051837,83.84471462533361,-5.310548513935249,208.9484075973044,-19.325052327292344,0.99937539038101,0.99937539038101,0.1474078700812,7.2846112923858e-15,Or*,0.11669562474809277,stellar
2CXO J043400.0-083445,68.50024830911292,-8.57912927095452,204.4517855749314,-34.38093657541976,0.10243597751405,0.032479700187383,0.069956277326671,2.3553586572723997e-13,MoC,0.8132374181794324,AGN
2CXO J034442.6+320619,56.177598906311744,32.10538559089368,160.55349439567382,-17.827194965557425,-0.8157401623985,-0.53841349156777,-0.49094316052467,2.5396446819423e-14,Or*,0.0033437797533766643,stellar
2CXO J004540.5+420806,11.41892160277689,42.13503384869476,121.78980008920578,-20.723934999241884,-0.82448469706433,-0.43722673329169,-0.60712054965646,1.6773135370213e-13,X,0.04014243611255843,stellar
2CXO J094548.1-142206,146.4507999538904,-14.36859587636016,249.76070589179017,28.77057106583156,0.1474078700812,0.33978763272954,-0.20237351655215,7.6711665008385e-14,HII,0.5755972132643915,AGN
2CXO J124333.9+113401,190.89143719866215,11.566994517580806,295.7766082345715,74.3292735392597,-0.057464084946908,0.071205496564647,-0.12742036227358,1.0627337330467e-14,X,0.2316014394452435,stellar
2CXO J085123.2+114826,132.84691507518136,11.80735248677408,215.69872026677163,31.91882222625824,-0.73454091193004,-0.37851342910681,-0.49344159900062,6.8204182004851e-14,SB*,0.2875816291771088,stellar
2CXO J033340.2-360726,53.417830055245645,-36.124034310237086,237.92670572760127,-54.58582037184333,-0.23610243597751,0.18988132417239,-0.40349781386633,2.5188253478607998e-14,X,0.9278812193512422,AGN
2CXO J174549.1-290137,266.4549155588443,-29.027210617319945,359.94503804929235,-0.0846975866231865,0.9581511555278,0.97564022485946,-0.30605871330418,1.1891820944281e-14,smm,0.0029240600000418325,stellar
2CXO J162026.7-505417,245.11145119265927,-50.90478279821006,332.84313511129386,-0.5904626626938582,0.068707058088695,-0.13991255465334,0.20861961274204,8.1202705732034e-14,LP?,0.008016434698880078,stellar
2CXO J132447.4+300900,201.19767754009357,30.15014868513705,57.33304234199174,82.08541529908926,0.93316677076827,0.61711430356027,0.73953778888195,1.6659563144948e-13,X,0.9245186872285537,AGN
2CXO J032215.4-371655,50.56447957759315,-37.28209953034236,240.31477792038265,-56.76808433418545,-0.50593379138039,-0.0737039350406,-0.44846970643348,4.3607023408892e-14,X,0.9453864468967451,AGN
2CXO J004921.0-731740,12.337642808653245,-73.29471204599989,303.1398632091616,-43.83269760935849,0.18363522798251,0.15490318550906,0.028732042473454,1.8676864678432e-14,X,0.7947097463511124,AGN
2CXO J053513.1-052455,83.8050078719794,-5.41542679773715,209.0285861198195,-19.40776040806045,0.0037476577139288,-0.057464084946908,0.062460961898813,,Y*?,0.0254556151094688,stellar
2CXO J132523.0-430145,201.3460853069489,-43.02932317634252,309.4998266872296,19.40909422818188,-0.20986883198001,-0.11617738913179,-0.096189881324172,1.0807225147293e-14,X,0.05543862283381392,stellar
2CXO J083551.9-505811,128.9664713219887,-50.96969454909792,268.26647011339946,-6.176253504216724,-0.56714553404122,-0.094940662086196,-0.49843847595253,1.0224057407305e-12,a2*,0.1252571835182872,stellar
2CXO J120136.0-185341,180.4002248940976,-18.894912661584023,286.8808176952897,42.41823709753916,-0.02998126171143,0.037476577139288,-0.066208619612742,1.9239801220963e-14,X,0.80392054187083,AGN
2CXO J095658.2+690046,149.24268931137146,69.01285774676587,142.0513256466849,41.03382476355057,0.6683322923173,0.38725796377264,0.37101811367895,2.5290696941643998e-14,X,0.7458715587850746,AGN
2CXO J085911.8-472943,134.79930053349565,-47.495347033507855,267.9405672340261,-1.0340136435721354,0.99937539038101,0.99937539038101,0.31980012492192,3.2558789052144003e-15,Y*?,0.01399280440806576,stellar
2CXO J085328.3-473107,133.3681464110192,-47.5187330754048,267.33134873159685,-1.7851442744388453,-0.58088694565896,-0.17239225484072,-0.45346658338538,8.0758282325198e-14,bC?,0.005594495692303686,stellar
2CXO J095727.1+691335,149.36306643073033,69.2264537018704,141.78828710137614,40.94414985992759,-0.30356027482823,0.017489069331668,-0.31980012492192,3.6061552048893e-14,X,0.9933498686545243,AGN
2CXO J100019.0+012659,150.07945009541282,1.4497065409736398,237.61542580072276,41.64770653460395,-0.88069956277327,-0.51717676452217,-0.66708307307933,1.2259806924998e-13,X,0.06768778167762492,stellar
2CXO J175111.8-293259,267.7993122147868,-29.55000058386024,0.1019471720632931,-1.3588659923482806,0.8844472204872,0.86945658963148,0.042473454091193,1.4178937106484e-14,X,0.017208553709476028,stellar
2CXO J124832.4-411832,192.1353144856962,-41.30895832897042,302.3470468720246,21.55949970320917,0.02998126171143,0.22735790131168,-0.1998750780762,2.2610058997339e-14,X,0.5751030363365361,AGN
2CXO J044206.7+015851,70.52804260794892,1.9811371685207408,194.92540926940765,-27.382706037883604,-0.12866958151156,0.081199250468457,-0.20861961274204,1.1681958792258e-13,X,0.8563465563117744,AGN
2CXO J132526.8-430101,201.36172081859783,-43.01713091963681,309.51363019950986,19.41957414165609,0.71705184259838,0.45471580262336,0.38226108682074,1.460708015956e-14,X,0.055164691914196,stellar
2CXO J043009.8+351553,67.54095162463904,35.26502177765297,165.35219668494273,-9.023239237282366,0.27108057464085,0.20112429731418,0.072454715802623,8.1696580576921e-14,Or*,0.3568566197081539,stellar
2CXO J045509.1-663018,73.78837179298131,-66.50510296281963,277.35095543796945,-36.19822410466036,0.73204247345409,0.4159900062461,0.44472204871955,1.9500323696875e-14,X,0.8481585891128286,AGN
2CXO J061230.9+180336,93.12911942069246,18.060255513088425,192.49466573725945,-0.0942310908328374,0.67083073079325,0.40224859462836,0.36352279825109,9.7805593556394e-14,X,0.0031318484767596188,stellar
2CXO J053455.5-053606,83.73148596859568,-5.601720162166745,209.16980339203587,-19.557215576064515,-0.23360399750156,-0.26108682073704,0.031230480949407,1.0779323824823999e-14,Or*,0.01330090784423706,stellar
2CXO J053530.9-052543,83.87903335918452,-5.428858613599708,209.0766080759861,-19.34810281160441,-0.86071205496565,-0.55840099937539,-0.57713928794503,3.2350016628334002e-15,Or*,0.0033446499769180433,stellar
2CXO J104258.1-600143,160.74249203367185,-60.02866232884814,287.526960668027,-1.0565998304255213,-0.99937539038101,-0.99937539038101,-0.61836352279825,4.9317034892648e-14,Y*?,0.004591091132647868,stellar
2CXO J215036.9-055204,327.65409467767404,-5.867945892626848,50.875546423790176,-42.09709578848796,-0.31105559025609,-0.0037476577139288,-0.30730793254216,4.6623698269808e-14,X,0.9760069025119426,AGN
2CXO J203408.5+413659,308.5354705916648,41.61652832133428,80.566381203325,0.8336485725524613,-0.40974391005621,-0.47595252966896,0.08369768894441,9.4074683497557e-14,SB*,0.0029275518335353332,stellar
2CXO J174531.8-290138,266.3828997592358,-29.027282233245487,359.9121741183234,-0.0309838323495629,0.99937539038101,0.91442848219863,0.23110555902561,1.038039957068e-15,X,0.006476061637987649,stellar
2CXO J053517.6-052207,83.82355103777786,-5.3688480934948135,208.99339977113576,-19.370226973470626,-0.38351030605871,-0.41474078700812,0.037476577139288,3.0006400802805e-15,Cl*,0.001253916040100251,stellar
2CXO J133007.8+471245,202.5325075708652,47.21264513534607,104.76421225207623,68.52740098702117,0.40849469081824,0.098688319800125,0.32229856339788,5.8688055500339005e-15,Cl*,0.12979710188695395,stellar
2CXO J165402.3-414342,253.5099034732609,-41.72836690164865,343.52442711063566,1.263414499032845,-0.30855715178014,-0.012492192379763,-0.29731417863835,4.9524455132694e-14,Y*?,0.010143337657119904,stellar
2CXO J053519.9-052232,83.83324662119952,-5.375765155337029,209.0045675679935,-19.36474769565779,-0.22236102435978,-0.26608369768894,0.04996876951905,4.900952410023401e-16,Y*?,0.002507832080200502,stellar
2CXO J104347.8-593356,160.94897050952363,-59.56578310511276,287.4001169687769,-0.5994784168417928,0.21986258588382,-0.059962523422861,0.28607120549656,1.2327209847473001e-15,Y*?,0.00563184847675962,stellar
2CXO J174609.9-290321,266.5414024198084,-29.056009551119875,359.9597907402213,-0.1642526553343122,0.99937539038101,0.99937539038101,-0.80074953154279,2.6380282633383e-14,X,0.00385390415678754,stellar
2CXO J162718.9-260310,246.8289752270323,-26.052812172581348,351.91927983437,15.666867997810542,0.017489069331668,0.12991880074953,-0.11242973141786,6.0963627476411e-14,X,0.7561465357072819,AGN
2CXO J013243.4+303505,23.180929518410835,30.58495806968569,133.34858758021062,-31.450337222985716,0.098688319800125,-0.0074953154278576,0.10368519675203,2.7305951573404e-14,X,0.30599962383263263,stellar
2CXO J032305.7-371111,50.77401588765872,-37.18649573557845,240.1072888560545,-56.61320467417344,-0.11742660836977,0.10243597751405,-0.21736414740787,3.2752784900124e-14,X,0.9532286717987155,AGN
2CXO J061312.5+180706,93.3024713678933,18.118457204410085,192.52265209084075,0.078273640281656,0.92192379762648,0.69956277326671,0.61086820737039,1.2774456189703e-13,X,0.011699514275106439,stellar
2CXO J125052.5+410715,192.71892301581136,41.12079889516879,123.36981913202416,76.00697549589584,0.11617738913179,0.27732667083073,-0.16739537788882,5.9934106326802e-14,X,0.7113207042654601,AGN
2CXO J225627.2+623919,344.11349016277927,62.65551692731815,110.1553867013345,2.671364066019179,-0.25608994378513,-0.19113054341037,-0.067457838850718,7.7899383257852e-14,Or*,0.009801992436701202,stellar
2CXO J044958.5+450144,72.4937992692249,45.0291494949256,160.50693552673906,0.2649875654842365,0.52717051842598,0.12242348532167,0.43098063710181,5.2533815670853e-14,X,0.0,stellar
2CXO J162307.8-230100,245.78267644355765,-23.016748768291706,353.6329715630111,18.394348506809063,-0.1736414740787,0.099937539038101,-0.2685821361649,1.1599257619540998e-12,Or*,0.9340898593414617,AGN
2CXO J034507.6+321027,56.28182080911688,32.1744636874494,160.57800755401178,-17.717582277214778,-0.85821361648969,-0.49718925671455,-0.62460961898813,2.6386851692314e-14,Or*,0.0008368178967175413,stellar
2CXO J052303.2+332753,80.76364764576624,33.46474681498967,173.57911589905623,-1.5951779554092451,-0.40724547158026,-0.25858838226109,-0.16489693941287,7.3560177625019e-15,TT?,0.0,stellar
2CXO J002646.0+171231,6.691936589793215,17.20875637122003,114.54822332815192,-45.261022811489,-0.3997501561524,-0.021236727045597,-0.38226108682074,1.1566328288556e-13,X,0.9787155632185457,AGN
2CXO J022229.0+422021,35.62103577539932,42.339321815984015,140.3740385895451,-17.42792723900488,0.3472829481574,0.38975640224859,-0.049968769519051,3.3126845611965e-14,Cld,0.2466882714888573,stellar
2CXO J174544.2-285918,266.4344482994718,-28.98842645646255,359.96882748831416,-0.0492197870998775,0.98313554028732,0.99063085571518,-0.17738913179263,1.0162100420154e-14,X,0.0008368178967175413,stellar
2CXO J225603.8+624336,344.0161991503761,62.72667792385394,110.14559903653748,2.754794664990158,-0.38850718301062,-0.25858838226109,-0.13991255465334,2.4212805331596e-14,Or*,0.0031318484767596188,stellar
2CXO J100514.0-074307,151.308581336899,-7.718889120321042,247.7830276182179,36.7810011374928,-0.21236727045597,0.097439100562149,-0.30356027482823,3.8607474540933e-15,GrG,0.23271217973011088,stellar
2CXO J174627.0-285356,266.61257042561374,-28.899032254189173,0.1262574216145545,-0.1358445762629321,0.99937539038101,0.98688319800125,-0.15490318550906,4.9901207192003e-14,X,0.006043235943043382,stellar
2CXO J095211.9+000432,148.0498190002113,0.0755668113155991,237.5092922431221,39.19817393663026,-0.96439725171768,-0.74078700811993,-0.78575890068707,5.1401292359342e-13,SB*,0.0013393288822793742,stellar
2CXO J053500.2-052409,83.7509417918269,-5.402608562480222,208.9906493099365,-19.449968406840185,0.92442223610244,0.99937539038101,-0.86570893191755,6.5719166019123e-15,LM*,0.049309826572478635,stellar
2CXO J034435.3+320735,56.14739883818453,32.12669858389409,160.5185208336264,-17.827240601418897,-0.057464084946908,-0.056214865708932,0.0,3.2835859980142e-14,Or*,0.10157550452275878,stellar
2CXO J165442.3-414927,253.67646169255767,-41.82444385500908,343.5280782393088,1.1064247638295257,-0.2423485321674,-0.10493441599001,-0.14116177389132,3.5455109736889e-14,Y*?,0.012146492619221969,stellar
2CXO J053505.4-052415,83.77256145005492,-5.404226247817219,209.00250358201828,-19.43150425855704,0.60337289194254,0.27732667083073,0.38725796377264,4.7946297441705005e-15,Or*,0.03809568962188577,stellar
2CXO J053919.7-690330,84.83212984078136,-69.05845002851004,279.4082585557618,-31.621489707475696,0.99937539038101,0.89693941286696,0.99937539038101,3.1656392712135e-15,X,0.5581281597388047,AGN
2CXO J182433.0-245053,276.13758366212164,-24.848023101851417,7.81789461100542,-5.571088603101724,0.91193004372267,0.66583385384135,0.62211118051218,1.6027056721011e-14,X,0.10522141139067394,stellar
2CXO J174542.9-290126,266.4289698839947,-29.02393709598576,359.93601812936066,-0.0636249440694833,0.99937539038101,0.9631480324797,0.99937539038101,2.1401853803983e-15,X,0.0,stellar
2CXO J183012.3-015310,277.55162878467627,-1.8862435992323563,28.82515878767708,3.857584978811375,-0.77576514678326,-0.46346033728919,-0.48469706433479,4.9885672961937997e-14,Y*?,0.003173901004399941,stellar
2CXO J063207.6+045433,98.03195139490742,4.909343946638609,206.3588416023059,-2.040203753766776,-0.11617738913179,-0.024984384759525,-0.089943785134291,5.5424234076529e-14,Or*,0.007847151540395217,stellar
2CXO J142012.9+525127,215.05407318875237,52.85768920241559,96.2836830349848,59.43335069123607,0.076202373516552,-0.0037476577139288,0.079950031230481,1.4625422384959998e-14,X,0.8272734465255541,AGN
2CXO J022544.3+620611,36.43477672128171,62.103219688156656,133.71978298248294,1.2229241545331713,0.95565271705184,0.51217988757027,0.86570893191755,1.0416434996325999e-13,Or*,0.014825282058076301,stellar
2CXO J172437.7-341201,261.15741747834136,-34.20052111700256,353.15567034544256,0.910246582369402,0.21611492816989,-0.051217988757027,0.26483447845097,6.3180043096002e-15,NIR,0.0,stellar
2CXO J172236.7-362045,260.65300708042264,-36.34597288649622,351.1521338518225,0.039218094866329,-0.8369768894441,-0.38600874453467,-0.6633354153654,8.4568832133232e-14,Y*?,0.0,stellar
2CXO J133001.2+471243,202.50536392564504,47.21220388826544,104.80971468145384,68.53532702333888,0.89444097439101,0.30356027482823,0.80699562773267,8.5012851729489e-15,X,0.179706724255128,stellar
2CXO J024237.9-000117,40.65809356441992,-0.0216055778921709,172.09896271744358,-51.94769879021486,-0.81698938163648,-0.5471580262336,-0.48469706433479,2.8849610724397e-14,UX?,0.4470691403344644,stellar
2CXO J013358.8+305004,23.495178439429424,30.83450681464705,133.60374489334117,-31.1541263319614,0.37476577139288,0.17863835103061,0.20861961274204,1.1976782785505e-14,X,0.45626532399677994,stellar
2CXO J031650.4-410455,49.21035599122132,-41.08205636633473,247.515476764968,-57.13435720908824,-0.29106808244847,0.031230480949407,-0.31980012492192,4.5098026942873e-14,X,0.9888250256026493,AGN
2CXO J174540.2-290158,266.4178244729177,-29.033074954629225,359.9231415699104,-0.0600660296756091,0.99937539038101,0.99937539038101,-0.99937539038101,1.2559099398817e-15,X,0.0009235478366945722,stellar
2CXO J174536.0-290253,266.4002408797844,-29.04823528240249,359.90219207901674,-0.0548429082975666,0.92941911305434,0.96939412866958,-0.47970018738289,4.2145303096824e-15,X,0.0012539160401002505,stellar
2CXO J043034.3+644740,67.64329384205217,64.7946204298671,143.70464423591227,11.186593374562662,0.17613991255465,0.15490318550906,0.022485946283573,3.5945617854992997e-14,X,0.34878124167336333,stellar
2CXO J151558.5-273900,228.99387045988533,-27.65015533127383,338.1768683840119,25.15637511697091,-0.78326046221112,-0.38850718301062,-0.56714553404122,1.337940886504e-13,SB*,0.07255140473223837,stellar
2CXO J083615.8-262434,129.06597165263622,-26.409486845421306,248.5743516685259,8.58024978691602,-0.17239225484072,0.087445346658338,-0.25484072454716,1.2217761659671e-14,MoC,0.34894233929967605,stellar
2CXO J100521.5-074139,151.33969818646074,-7.694403366131067,247.7865189877698,36.8202768633997,0.41349156777014,0.50968144909432,-0.12242348532167,6.7330623943977e-15,GlC,0.6829841788357016,AGN
2CXO J174619.5-290214,266.58135235179304,-29.03720172349072,359.99401466942214,-0.1843085692623693,0.99937539038101,0.97189256714553,-0.039975015615241,3.2370375264678e-14,X,0.01559134937517876,stellar
2CXO J153453.7+232816,233.7237854547934,23.471277275407857,36.57042571017267,53.03352819655498,-0.70081199250468,-0.038725796377264,-0.67832604622111,9.4702704232749e-15,ClG,0.5028302831948451,AGN
2CXO J132959.7+471540,202.4990784094048,47.26117195080848,104.87477080977176,68.49233533069018,-0.10618363522798,0.18863210493442,-0.28856964397252,1.1064862329005e-14,Cl*,0.45001028961037953,stellar
2CXO J053514.0-052520,83.8085783253444,-5.422375452518343,209.036861297926,-19.40773231916037,-0.46096189881324,-0.37476577139288,-0.10118675827608,2.9975856631655003e-15,?,0.003764369730252875,stellar
2CXO J132529.4-430108,201.37270113781156,-43.018883138417095,309.52179980432874,19.41671828403576,0.26983135540287,0.20112429731418,0.072454715802623,2.3970111265091e-14,reg,0.09150774338646782,stellar
2CXO J174600.6-285633,266.5028010802084,-28.942534373365653,0.0391425443373829,-0.0763903206985932,0.97813866333542,0.9631480324797,0.20861961274204,3.8662582551944996e-14,X,0.021642055605347234,stellar
2CXO J004743.0-251529,11.929473713825304,-25.2582589292588,98.67595595052052,-87.95227927906365,-0.8682073703935,-0.64709556527171,-0.50343535290443,1.9141837663337e-14,Rad,0.5405461705092393,AGN
2CXO J123630.1+622620,189.12561677755247,62.4390640531555,125.91371615510192,54.60263446473122,-0.11867582760775,0.18238600874453,-0.29356652092442,1.6292924788044e-14,X,0.8779489325867712,AGN
2CXO J004301.1+411351,10.754646676173422,41.23099443475112,121.22939303647374,-21.612919451902563,0.048719550281074,0.12991880074953,-0.082448469706433,8.6626671981089e-15,X,0.5391766264670015,AGN
2CXO J180150.3-274923,270.459683264786,-27.82326112360467,2.768034036849481,-2.5111336101204413,0.6683322923173,0.41224234853217,0.34978138663335,2.9898877425597e-13,LX?,0.043520257028263204,stellar
2CXO J133701.1-295152,204.25465426409755,-29.86449502248693,314.5847113463565,31.973790336635076,0.99937539038101,-0.32604622111181,0.99937539038101,3.6977251610205e-15,SR?,0.13216043813865444,stellar
2CXO J123959.0-113512,189.99588726852312,-11.586816976295326,298.4537698086871,51.18530760460846,0.052467207995003,0.10618363522798,-0.054965646470956,4.1970975437648997e-14,GlC,0.6436589945613836,AGN
2CXO J064122.8+092938,100.3450313353639,9.49414894698014,203.339196012948,2.103399913140173,-0.78326046221112,-0.19737663960025,-0.69081823860087,1.5740250911448e-14,Or*,0.014199099269744307,stellar
2CXO J095534.6+690453,148.8944711300676,69.08163361265143,142.07245249944512,40.892469597941314,-0.096189881324172,-0.016239850093691,-0.079950031230481,1.5674883259987e-14,X,0.8307892853456531,AGN
2CXO J140247.0+542655,210.6959654776524,54.448618515725926,102.24787805258175,59.72115652612842,-0.34353529044347,-0.021236727045597,-0.32354778263585,2.0999305991418e-14,X,0.8884705120938372,AGN
2CXO J033236.1-275126,53.15077561029796,-27.85744054949001,223.66432942925772,-54.41487709159368,-0.081199250468457,0.069956277326671,-0.14990630855715,7.3478628465261e-16,?,0.9502255936769655,AGN
2CXO J013319.6+302847,23.331731896911837,30.479986436278125,133.52137160345904,-31.528964878619693,-0.01998750780762,0.036227357901312,-0.057464084946908,2.5422620579539998e-14,X,0.34514195981087453,stellar
2CXO J183126.2-015650,277.85918631752884,-1.9474739334635571,28.912155034550665,3.55642347047268,0.61711430356027,0.28981886321049,0.38725796377264,1.5697847851529e-13,Y*?,0.04927443682904837,stellar
2CXO J174535.6-290012,266.39842632627347,-29.00338049836281,359.93964952078,-0.0301162030588526,0.90568394753279,0.87195502810743,0.076202373516552,2.2309315057705e-15,X,0.008645803503610572,stellar
2CXO J122505.3+125345,186.27238161883704,12.89590085115934,278.2145886967619,74.48912828286856,0.23360399750156,0.1948782011243,0.036227357901312,9.131245856154801e-15,X,0.160886844324335,stellar
2CXO J095457.6+690241,148.74015389918327,69.04479887131703,142.15423937973694,40.868516412766425,0.02998126171143,0.051217988757027,-0.021236727045597,2.0199709678595e-14,X,0.7498147609141455,AGN
2CXO J174542.2-290131,266.425878669791,-29.02555544770409,359.9332287433253,-0.0621605163462873,0.52841973766396,0.17239225484072,0.38351030605871,3.0457500654677004e-16,X,0.005257673084558611,stellar
2CXO J153210.3+240049,233.0431269115278,24.013819550439635,37.19899200132009,53.7698111290205,-0.420986883198,-0.01998750780762,-0.40224859462836,9.0289275102132e-14,X,0.9718836538991973,AGN
2CXO J174547.2-290000,266.44688835893066,-29.000111300760903,359.964518662269,-0.0645939256828038,0.98063710181137,0.99937539038101,-0.99937539038101,1.4768657254805e-14,X,0.003127941637903985,stellar
2CXO J132953.5+471133,202.47300512939228,47.192592087687856,104.84279272310872,68.562190061691,0.77576514678326,0.48094940662086,0.46221111805122,9.4312739011449e-15,MoC,0.3911182767408428,stellar
2CXO J064527.2+001853,101.36351542570674,0.314774974065329,211.969481763772,-1.1877708962629183,0.53716427232979,0.25359150530918,0.32604622111181,4.5863392825049995e-14,Y*?,0.0016701439599415815,stellar
2CXO J151642.6+071231,229.17742883812707,7.209122891943701,9.651500144441563,50.23321946435955,-0.15365396627108,0.021236727045596,-0.1736414740787,3.4522163628215e-14,X,0.975563324790436,AGN
2CXO J143822.7+341636,219.5949101511444,34.27682723151766,56.83083192847982,66.00845438576133,-0.067457838850718,0.068707058088695,-0.13616489693941,2.4927380830464e-14,X,0.7800351324387482,AGN
2CXO J102336.5-574212,155.90224020689757,-57.70351449389939,284.1942181711042,-0.3127887992412026,-0.75577763897564,-0.36102435977514,-0.53966271080575,1.8769509707734e-14,Y*?,0.009059515726862534,stellar
2CXO J120212.3-190029,180.55134719761736,-19.008306536927343,287.10741018081666,42.34562597634524,-0.44472204871955,-0.0024984384759525,-0.44097439100562,3.7998017254331e-14,Rad,0.9467299346477103,AGN
2CXO J174538.7-285928,266.4115836358528,-28.991307660623743,359.95595013115087,-0.0336483736619533,0.99937539038101,0.91442848219863,0.58213616489694,3.4237191331305e-16,X,0.006933691119063545,stellar
2CXO J203429.5+413145,308.62331998063587,41.52928737979711,80.53568757018401,0.7288233460882395,-0.026233603997502,-0.22485946283573,0.1998750780762,1.0259329697169999e-13,SB*,0.01011153069273275,stellar
2CXO J220637.2+090054,331.65536680099194,9.015018043458651,69.25291841800603,-36.14829816451173,-0.38351030605871,0.043722673329169,-0.420986883198,1.3233641988819e-13,blu,0.9338137067278691,AGN
2CXO J115919.6+291231,179.8319215502687,29.208668860639417,199.62236714061436,78.33507422613691,-0.38101186758276,0.0024984384759525,-0.38226108682074,6.367928687509999e-14,X,0.9946434376014185,AGN
2CXO J174539.5-285453,266.4147882773101,-28.91487712571276,0.0226501683024547,0.0037761533495717,0.77701436602124,0.83572767020612,-0.17239225484072,1.0989153351854e-14,X,0.0,stellar
2CXO J174532.2-290054,266.38428956468715,-29.015107792470506,359.9231977252667,-0.0256759055750812,0.99937539038101,0.97064334790756,0.018738288569644,4.1435165865864e-15,X,0.010022626017060127,stellar
2CXO J174319.4-291359,265.8309337810176,-29.233303918575587,359.4843421468136,0.2721237620035472,0.61211742660837,0.12991880074953,0.57589006870706,1.1639125233131e-13,X,0.006055908476801451,stellar
2CXO J174539.6-290206,266.4154735054851,-29.035349949199187,359.9201288416005,-0.0594966028206739,0.89693941286696,0.9106808244847,-0.15990006246096,9.0768339500572e-16,X,0.0015037570444583594,stellar
2CXO J122007.7+291720,185.03229907783063,29.28900716566376,193.7119973914156,82.7737861380246,0.023735165521549,0.11742660836977,-0.09369144284822,1.4555815390651e-14,GlC,0.4699544987398268,stellar
2CXO J043157.8+182134,67.99080796867145,18.35960041658709,178.80553855637507,-19.83295897167428,-0.74953154278576,-0.40974391005621,-0.48594628357277,9.9583235190722e-14,Or*,0.02034010730846863,stellar
2CXO J122910.9+080323,187.29540163176264,8.056392629070404,286.4573714039102,70.21300205649847,-0.27482823235478,-0.074953154278576,-0.20237351655215,1.1414304148302e-13,X,0.9883244378567438,AGN
2CXO J053458.3-052116,83.74326290705994,-5.354676393666836,208.9416509925701,-19.435098663229784,-0.52966895690194,-0.31480324797002,-0.24984384759525,2.2061891248422e-15,Or*,0.007522626017060125,stellar
2CXO J174538.1-285937,266.408834243344,-28.99377025544643,359.952595248829,-0.0328786802262832,-0.99937539038101,0.99937539038101,-0.99937539038101,0.0,Mas,0.0007174867796002509,stellar
2CXO J122501.5+125236,186.25654014085035,12.876658096293168,278.18872330884017,74.46544624203155,-0.25858838226109,-0.051217988757027,-0.20861961274204,5.6033971278139e-15,X,0.21001143214789725,stellar
2CXO J053522.6-052137,83.84430836209935,-5.360365414339762,208.99529235097975,-19.34795888228952,-0.39850093691443,-0.52217364147408,0.15990006246096,1.7570278052791e-15,Y*?,0.0029240600000418325,stellar
2CXO J013425.7+302817,23.6073754883339,30.47167702108311,133.79669844895,-31.49145758958793,-0.25983760149906,-0.10368519675203,-0.15740162398501,2.4024407538399e-14,Cl?,0.7947895138574187,AGN
2CXO J110910.2+612117,167.29252453610297,61.354972461274045,142.44276527576196,51.724567966116005,-0.68707058088695,-0.37851342910681,-0.41723922548407,3.1828552973694e-13,SB*,0.6153305144674726,AGN
2CXO J141940.9+525106,214.92055987368255,52.85182886534373,96.3953068512676,59.49094566156068,-0.87445346658339,-0.58713304184884,-0.58588382261087,7.1838574243334e-15,X,0.2625584136577833,stellar
2CXO J135702.5-642929,209.26051396325613,-64.49161093329955,309.9229035994941,-2.514015205481182,-0.38101186758276,-0.053716427232979,-0.33479075577764,7.2137260015741e-14,Rad,0.019122150597280577,stellar
2CXO J043113.1+645229,67.8049121531036,64.87487478815022,143.69089602364622,11.291388626097993,-0.054965646470956,-0.021236727045597,-0.034978138663335,2.8781155878812e-14,Rad,0.11405162338131075,stellar
2CXO J174544.2-290120,266.43427731518693,-29.02242533022856,359.93972583363734,-0.066799330579048,0.74328544659588,0.99937539038101,-0.99937539038101,1.0224827329153e-15,Mas,8.67299399770309e-05,stellar
2CXO J133701.3-295136,204.25543475691572,-29.860156166239463,314.5865522625353,31.977894630989844,0.99937539038101,0.8369768894441,0.99937539038101,,PN,0.5715458946586593,AGN
2CXO J223536.4+335907,338.901821456016,33.98540584123995,93.2040957584372,-20.92925763972292,0.77576514678326,0.44472204871955,0.50093691442848,6.7785241658168e-14,X,0.6138599994121058,AGN
2CXO J132539.0-425653,201.41274827113,-42.94820585717023,309.5630605578088,19.482595969019908,0.091193004372267,0.20737039350406,-0.11867582760775,,X,0.27951093366715346,stellar
2CXO J001916.0-405128,4.816807212831122,-40.857791557791685,326.66100273787345,-74.75408673047758,-0.33354153653966,0.026233603997502,-0.35602748282324,2.4640271510718e-13,RR?,0.9993779324366594,AGN
2CXO J053508.0-053646,83.78345946675552,-5.612997436950193,209.20525248754055,-19.516148271847477,-0.86445971267958,-0.47970018738289,-0.65459088069956,1.1697136872427e-14,Or*,0.0015037570444583594,stellar
2CXO J174537.0-285955,266.40435014640343,-28.998879071286865,359.9461911977465,-0.0321928411574997,0.99937539038101,0.96189881324172,0.99937539038101,1.5845136508226e-15,X,0.0025,stellar
2CXO J005331.6-722240,13.381977267091202,-72.37797124674282,302.70920023471604,-44.74937732803474,0.099937539038101,0.089943785134291,0.00999375390381,4.9906539592875996e-14,X,0.7596583716677823,AGN
2CXO J084959.9+445509,132.4997070390832,44.91920173361116,175.6377490316032,39.31939300564121,-0.24984384759525,0.047470331043098,-0.29231730168645,3.5624773957605e-14,X,0.9733442269948513,AGN
2CXO J174545.5-285902,266.43989780564925,-28.98398240315572,359.97510387057844,-0.0509747300281344,0.94940662086196,0.97564022485946,-0.40724547158026,3.0680488968278002e-15,X,0.0,stellar
2CXO J034718.8+681128,56.82811548107509,68.19151222481067,138.14875878082717,10.68355414140106,0.32354778263585,0.14490943160525,0.18363522798251,3.4788266785861e-14,X,0.29324331673951165,stellar
2CXO J190811.7-634329,287.0487698016934,-63.72487660181834,332.33966134385935,-25.954168421497634,-0.21486570893192,0.11242973141786,-0.31855090568395,1.3663573198729e-13,WD?,0.8676808421763818,AGN
2CXO J141812.8+524535,214.55333622680723,52.75976037255734,96.6074378341836,59.705965639942654,0.2735790131168,0.18738288569644,0.088694565896315,1.1369746632779999e-14,X,0.6265538709252814,AGN
2CXO J123048.7+122414,187.7031453292432,12.404086822578211,283.7535334084662,74.50271048616351,0.58088694565896,0.28856964397252,0.31355402873204,3.6261530504891e-15,X,0.2573036111105822,stellar
2CXO J172231.5-190421,260.63156744543744,-19.07271759683456,5.51357780418745,9.740864757306042,-0.61086820737039,-0.23235477826359,-0.44097439100562,4.3169396516759e-13,Y*?,0.0429604902238689,stellar
2CXO J063214.1+045628,98.05910086406992,4.941069033829346,206.343148653228,-2.001575018227833,-0.80074953154279,-0.37851342910681,-0.60462211118051,4.0522271661578e-14,Er*,0.001253916040100251,stellar
2CXO J131117.8+215834,197.8242004349147,21.976342825258097,345.227999249677,83.15089186675598,-0.25234228607121,0.0062460961898814,-0.25858838226109,3.9870106113418e-13,X,0.9793984002693047,AGN
2CXO J141508.7+520457,213.78639106441835,52.08261084624215,96.439365540832,60.52466415405071,0.29856339787633,0.41723922548407,-0.13741411617739,2.9303832907664e-14,X,0.8400821768943202,AGN
2CXO J013427.0+304313,23.61249215978404,30.7202962313267,133.74514368786436,-31.246726644349277,-0.068707058088695,0.12866958151156,-0.19612742036227,2.2552090414423998e-14,X,0.7347636797264364,AGN
2CXO J122745.5+130033,186.93982646873087,13.00933934191225,280.34559811498684,74.83303346538557,-0.93316677076827,-0.47095565271705,-0.81948782011243,5.5006676186233e-14,PoG,0.1947364200047994,stellar
2CXO J034627.4+680410,56.614288883764914,68.06960644187718,138.16347549533765,10.538655303976013,0.19362898188632,0.13491567770144,0.061211742660837,6.5859242018477e-14,X,0.39972095358383997,stellar
2CXO J174546.1-290057,266.4422928613542,-29.01593765793669,359.94891461266843,-0.0694043224252888,0.97813866333542,0.97189256714553,0.051217988757027,1.1865766561909999e-14,X,0.0071055278736774155,stellar
2CXO J132524.1-425959,201.35077331044727,-42.99983806666054,309.50778125194824,19.437814320099,0.80824484697064,0.51842598376015,0.49718925671455,,X,0.043885101261600175,stellar
2CXO J053650.0-064129,84.20866480243006,-6.691304074963887,210.42934400891247,-19.621828382758924,-0.15865084322299,-0.059962523422861,-0.098688319800125,1.0750797706027e-13,Or*,0.08390794693730909,stellar
2CXO J003712.5-010833,9.302417811554278,-1.1425044657004737,114.85792514236316,-63.79097903859368,-0.076202373516552,0.20612117426608,-0.27732667083073,3.8648992782099e-14,Opt,0.9610161949102168,AGN
2CXO J110325.7+180843,165.8573125124292,18.145523759512304,227.09813463473049,63.57815087306119,0.02998126171143,0.071205496564647,-0.041224234853217,6.9572106945974e-14,X,0.9014612626201932,AGN
2CXO J123619.3+163302,189.08056879616456,16.55076618483842,283.8487639041166,78.85842623669565,-0.84946908182386,-0.31230480949407,-0.72954403497814,8.1329231074215e-14,SB*,0.3111045748164798,stellar
2CXO J134105.7+674019,205.27396677939544,67.6722214560188,115.81445178170618,48.76406409297402,0.77451592754528,0.90068707058089,-0.41848844472205,1.0035732663076e-12,GrG,0.9958446499769181,AGN
2CXO J053510.9-051521,83.79578424747979,-5.256040385929016,208.8735214045612,-19.34380840690021,0.90068707058089,0.82823235477826,0.1524047470331,1.0329811275233e-14,Or*,0.14017475113782812,stellar
2CXO J215036.7-055014,327.6531809403068,-5.837363310512744,50.90997551286239,-42.08026390350926,-0.30106183635228,-0.013741411617739,-0.28732042473454,4.5470993677655996e-14,X,0.9733209584288361,AGN
2CXO J161041.9-210132,242.6749943640001,-21.0256430381307,353.1408261509744,21.865585030719817,-0.3735165521549,-0.032479700187383,-0.34478450968145,9.042899503908699e-13,Or*,0.9161007181694539,AGN
2CXO J053501.2-052144,83.75505546175515,-5.362373803932724,208.95456407838492,-19.428112319455384,-0.23860087445347,-0.34103685196752,0.11617738913179,1.5413686736591e-15,Or*,0.011337562565398569,stellar
2CXO J165334.4-414423,253.39334853093123,-41.73993710406228,343.4605254260532,1.323561990955146,0.6945658963148,0.48219862585884,0.31605246720799,1.9475273463329e-13,X,0.030396301240952446,stellar
2CXO J132951.9+471146,202.46620388790168,47.19621683254806,104.85837653627677,68.56075697054571,0.59837601499063,0.22485946283573,0.42723297938788,9.708074995349e-15,MoC,0.16307370854127246,stellar
2CXO J124339.7+113242,190.91564868119417,11.545054162825624,295.8729430013174,74.31013821921533,-0.99937539038101,-0.99937539038101,-0.52592129918801,7.565235986127601e-16,Gl?,0.2766687088625695,stellar
2CXO J134147.6+261319,205.4483214659408,26.222198921241542,31.180422659513997,78.7193804409941,-0.29606495940037,0.0087445346658337,-0.30356027482823,5.0861913567631e-14,X,0.9888160972579495,AGN
2CXO J053912.9-691110,84.8037479049878,-69.18626165572428,279.558739493273,-31.61727665026386,0.99937539038101,0.54465958775765,0.99937539038101,5.6606267493386005e-15,X,0.4966537703109696,stellar
2CXO J052321.8-140259,80.84099624163389,-14.049784420489216,216.12815065785992,-25.745657131693196,-0.79075577763898,-0.40974391005621,-0.56214865708932,1.1685814697409e-13,Y*?,0.08090321674459336,stellar
2CXO J122520.9+130956,186.33736943538736,13.165654641211413,278.0452705093419,74.76255260460192,-0.27607745159275,-0.078700811992505,-0.20112429731418,3.3473059627918e-14,X,0.9428465618592681,AGN
2CXO J053511.9-054538,83.799731754753,-5.760594467827251,209.3527937664628,-19.56824754846178,-0.58338538413492,-0.17489069331668,-0.45221736414741,7.975297016954e-14,Or*,0.041422226436875625,stellar
2CXO J053518.9-052321,83.82903073539677,-5.3894430356541365,209.0154852836345,-19.374678295095368,-0.51467832604622,-0.32729544034978,-0.21861336664585,1.824620195004e-15,Y*?,0.008987385551681652,stellar
2CXO J053524.6-052435,83.85291153002436,-5.409920180162789,209.04624172416516,-19.36273500843046,0.30356027482823,0.11367895065584,0.1948782011243,3.862733182379e-15,Or*,0.030476361271365115,stellar
2CXO J084312.1-790412,130.80068594424154,-79.07006367329714,292.5507141710317,-21.631896786590108,-0.86196127420362,-0.57589006870706,-0.56589631480325,3.0843918645813e-13,SB*,0.05377431240236559,stellar
2CXO J174545.7-285901,266.44069058892023,-28.98367536307874,359.9757271424075,-0.0514068616610852,0.88194878201124,0.93566520924422,-0.37601499063086,1.2749775064602e-15,X,0.0025,stellar
2CXO J150146.2+014614,225.4427400031666,1.770549885062174,359.41242686930025,49.78642973283563,-0.17738913179263,0.14366021236727,-0.31105559025609,1.9193583550748e-14,X,0.8955518387453644,AGN
2CXO J044148.2+253430,70.45106279019478,25.57510699278964,174.482911511715,-13.497857560834449,-0.47595252966896,-0.21361648969394,-0.29106808244847,6.9797685540374e-14,PoC,0.06438552311681085,stellar
2CXO J104815.1+123658,162.06323729655355,12.616282371317649,233.5361002697608,57.73963662544961,0.031230480949407,0.17613991255465,-0.14615865084322,2.604711665033e-14,GlC,0.6931143207237431,AGN
2CXO J053510.5-045846,83.7938566306558,-4.979477770821015,208.6114892986197,-19.220047459223768,0.99937539038101,0.71080574640849,0.8682073703935,8.1967669298719e-14,X,0.07630741109581562,stellar
2CXO J162845.2-242818,247.18859046010743,-24.47199038836998,353.3778621992121,16.46705392921634,-0.53591505309182,-0.20986883198001,-0.36602123672705,6.721819060500899e-13,Or*,0.021685849586525478,stellar
2CXO J013350.5+303821,23.460437158487025,30.639318981822445,133.61326295883757,-31.351417374118785,0.067457838850718,0.17114303560275,-0.10493441599001,2.0941041657944e-14,X,0.3713466678336856,stellar
2CXO J003547.6-334133,8.948695864897218,-33.69265902299734,329.1557523782667,-82.62162841467402,-0.99937539038101,-0.99937539038101,-0.77326670830731,1.5628446869257998e-13,SB*,0.06251657385326755,stellar
2CXO J072039.2+711010,110.16359101459835,71.16940799858519,144.17317460349437,27.911005430286696,-0.85196752029981,-0.40724547158026,-0.67957526545909,1.2954589937996e-14,SB*,0.08533343329848674,stellar
2CXO J233048.3+392252,352.70144743436254,39.38124514526343,106.36762203523529,-20.882932279033145,-0.84322298563398,-0.49968769519051,-0.59337913803873,4.0193139446589e-14,EB?,0.06837142095840527,stellar
2CXO J123135.5+255744,187.898098660213,25.96233806684586,226.5321536301335,85.41145742164484,-0.27607745159275,-0.0012492192379763,-0.27482823235478,2.413235106962e-13,X,0.9993779324366594,AGN
2CXO J053516.3-052436,83.81825670447438,-5.410325217673329,209.03008597388927,-19.393689361191225,0.98188632104934,0.80449718925671,0.84447220487195,1.2208775237495e-14,HH,0.007931892080242335,stellar
2CXO J174534.4-290017,266.39346122327174,-29.00481853034084,359.9361593579934,-0.0271593159721835,0.4422236102436,0.99937539038101,-0.99812617114304,0.0,X,0.0034948389374460133,stellar
2CXO J033853.9-353543,54.72495349977913,-35.59552161606405,236.95683546789445,-53.54771752662696,-0.39100562148657,-0.18613366645846,-0.20612117426608,8.376349896215401e-16,Gl?,0.6440326181326644,AGN
2CXO J174537.8-285934,266.4075829094829,-28.993060411700103,359.9526308911218,-0.0315746242344796,0.99937539038101,0.74828232354778,0.99937539038101,3.3499131859672004e-16,Mas,0.00022857061275769513,stellar
2CXO J095552.0+694045,148.96671978667996,69.67928044513995,141.4103821894691,40.566717816303886,0.99937539038101,0.99937539038101,0.99937539038101,2.7320376022536e-14,X,0.3594008620643083,stellar
2CXO J174612.1-285016,266.5506109201599,-28.83797030141594,0.1502214407724082,-0.0577522258593593,0.59212991880075,0.26233603997502,0.38101186758276,8.5304282381154e-15,X,0.0,stellar
2CXO J180347.0-242204,270.94580779335297,-24.36792815023872,5.992483943421949,-1.190508088745098,-0.26358525921299,-0.099937539038101,-0.16739537788882,1.6289917624829998e-14,Or*,0.0060480763966009495,stellar
2CXO J132944.8+471124,202.43686439098792,47.19015925757039,104.90151434595448,68.5743847373887,-0.074953154278576,0.052467207995003,-0.1261711430356,4.9844806994951006e-15,MoC,0.25862859683542105,stellar
2CXO J225607.1+624536,344.03002326375736,62.75994999328787,110.16563782745908,2.7821167714483264,-0.24359775140537,-0.044971892567146,-0.20112429731418,1.2851678821993e-13,Or*,0.002507832080200502,stellar
2CXO J174533.7-290242,266.3904162407291,-29.045267152911343,359.90024968446977,-0.0459655956995766,-0.99937539038101,-0.99937539038101,0.011242973141786,0.0,X,0.004492030211547649,stellar
2CXO J053524.3-052600,83.85145692922401,-5.433436343169491,209.0677811142265,-19.374659370771333,-0.79700187382886,-0.43098063710181,-0.55215490318551,2.7154437864861003e-15,Or*,0.0025097993159082206,stellar
2CXO J093608.5+613028,144.03550592640727,61.5077447689596,152.26484915918303,42.86515376166136,-0.30480949406621,0.074953154278576,-0.36976889444097,8.9690609829241e-14,X,0.9941010675804955,AGN
2CXO J034432.7+320915,56.1365482390965,32.15434698426926,160.49249948573205,-17.811906072698505,-0.52717051842598,-0.3210493441599,-0.24609618988132,1.949088265595e-14,Or*,0.0022576777955861443,stellar
2CXO J053529.6-053112,83.87365876782496,-5.5201445541684935,209.16036713448335,-19.39412441657607,-0.75702685821362,-0.32479700187383,-0.55840099937539,3.6020591262397e-15,Or*,0.003972591614822028,stellar
2CXO J160251.2-240157,240.7133745848212,-24.032605193249065,349.4630697368564,21.08369438103969,-0.46720799500312,-0.18238600874453,-0.30980637101811,9.561079714934e-13,Or*,0.6680729401341411,AGN
2CXO J174611.2-285347,266.54675255273867,-28.896511799811584,0.0984600468157979,-0.0853073799953381,0.99312929419113,0.98063710181137,0.41099312929419,,X,0.0061842440701622755,stellar
2CXO J132531.5-430033,201.38146267881325,-43.00917132049325,309.5299652939695,19.42543934328892,-0.10118675827608,0.0024984384759525,-0.10368519675203,2.8261741317431e-14,PoG,0.09512737831822214,stellar
2CXO J174536.5-290009,266.40242584777025,-29.002777679434278,359.94198669119027,-0.0327876677778004,0.99937539038101,0.93566520924422,0.99937539038101,1.2837993984544e-15,X,0.0,stellar
2CXO J004246.0+411736,10.691995547377928,41.293370274681074,121.18117314954208,-21.548903239170176,0.096189881324172,0.13366645846346,-0.038725796377264,1.1683909930688999e-14,GlC,0.5676680221278201,AGN
2CXO J103844.4+533004,159.68526954976917,53.50123589519552,156.61036487229595,54.06074605508986,0.10368519675203,0.096189881324172,0.0074953154278576,4.8753589116402e-14,HII,0.6600345243095467,AGN
2CXO J042936.0-025307,67.40010457758945,-2.8854819462728614,197.83895283545232,-32.58868352690508,-0.44347282948157,-0.22735790131168,-0.23860087445347,1.723527211532e-13,G?,0.8084704617953079,AGN
2CXO J132953.5+471126,202.4731163759733,47.19067525158883,104.84047084850876,68.56391048811146,-0.83947532792005,-0.61961274203623,-0.45721424109931,3.0371827467565003e-15,MoC,0.34553819418148507,stellar
2CXO J034422.2+320542,56.09288665155373,32.09516238206943,160.50250979363972,-17.881038522419,0.54590880699563,-0.076202373516552,0.59587757651468,1.8739125723089e-14,Or*,0.007275963565939269,stellar
2CXO J023233.2-211724,38.1385110637579,-21.290256519076447,204.21141215512785,-66.26311651189769,-0.44347282948157,-0.0049968769519051,-0.43722673329169,5.7769921245429e-14,gLS,0.9829915273791486,AGN
2CXO J032241.1-371234,50.67137121109658,-37.20964923185307,240.1658029687997,-56.69185830619373,-0.14615865084322,0.039975015615241,-0.18488444722049,2.3019500555225e-14,ULX,0.8266088561191621,AGN
2CXO J064151.4+095343,100.46416482145491,9.895376598822658,203.0355043449201,2.3909537952451463,-0.77451592754528,-0.37601499063086,-0.54341036851968,6.0402786079303e-14,Or*,0.004388819534663358,stellar
2CXO J053459.1-052307,83.746619215014,-5.385553117593756,208.97245390715216,-19.44609068332408,-0.86196127420362,-0.66208619612742,-0.46346033728919,2.6948965461342e-15,Or*,0.01384636237069321,stellar
2CXO J094547.8-142201,146.44953942380926,-14.36721144367724,249.75860040639623,28.7706112463554,0.53716427232979,0.35727670206121,0.22236102435978,8.5238650551705e-14,X,0.5159974827832552,AGN
2CXO J114436.5+193916,176.15231515595804,19.654648363533852,235.3961285370665,72.96467980481476,-0.037476577139288,0.12742036227358,-0.16489693941287,3.9193944177658997e-14,X,0.7998754724211937,AGN
2CXO J132451.4-431211,201.214451263907,-43.203226941744205,309.37351983041293,19.250128794983542,0.14366021236727,0.11617738913179,0.027482823235478,6.0279667353722e-14,GlC,0.23973712102429912,stellar
2CXO J033331.5-360808,53.38161638623558,-36.13570718902119,237.94948656699424,-54.61441446210627,-0.26733291692692,-0.13616489693941,-0.13491567770144,1.7193781466957e-14,X,0.5696122113732739,AGN
2CXO J132536.6-430057,201.4025568106582,-43.015925473622026,309.5451561410269,19.4165921129224,-0.11492816989382,-0.033728919425359,-0.081199250468457,5.2530365771769e-15,X,0.08983875522244515,stellar
2CXO J105738.1-521733,164.40878976430304,-52.292612572502186,285.868731626925,6.76813738627519,0.058713304184884,0.041224234853217,0.017489069331668,1.1112671608577e-13,X,0.09251384121904101,stellar
2CXO J013348.9+302946,23.453912866043765,30.49637532965672,133.63893177095824,-31.4927844125162,-0.0087445346658339,0.04996876951905,-0.058713304184885,2.0481783027901e-14,X,0.3532493677156486,stellar
2CXO J180340.5-242332,270.91893734814244,-24.39231881568274,5.959207985088828,-1.18117631687679,-0.19612742036227,-0.012492192379763,-0.18363522798251,2.3053982952836e-14,Or*,0.012854596157003313,stellar
2CXO J141658.0+521427,214.2417462705287,52.24085953873548,96.21780422040116,60.22288289050923,0.80449718925671,0.50468457214241,0.49094316052467,4.1263048025442e-14,X,0.7248983243380452,AGN
2CXO J225542.4+621823,343.9269778796174,62.306503072272974,109.9273750717574,2.3932470287510985,-0.86570893191755,-0.34353529044347,-0.71705184259838,1.0699343746151e-13,Pu*,0.0,stellar
2CXO J104512.7-594446,161.3030173432162,-59.74614441755331,287.64261688022515,-0.6751243641715231,-0.90443472829482,-0.62835727670206,-0.63835103060587,3.4871295133153e-14,SB*,0.0035520016379458176,stellar
2CXO J140456.3+542353,211.2348291170058,54.39833758314057,101.67408253838796,59.59158855653788,-0.40474703310431,-0.10493441599001,-0.30980637101811,3.7253388562809e-14,X,0.9395936183990655,AGN
2CXO J022600.3-152028,36.50132608110533,-15.341433610947025,189.53048625539745,-65.07762049748689,-0.79575265459088,-0.33354153653966,-0.62835727670206,6.0625715657173e-13,a2*,0.2044616835893301,stellar
2CXO J193449.4+214824,293.70591390316906,21.806786204065805,57.15662202766272,0.7962369357760539,0.99937539038101,0.73204247345409,0.49344159900062,9.533168211146e-14,Y*?,0.006440894323662376,stellar
2CXO J174537.9-285937,266.4081793181158,-28.99391643301413,359.9521720239481,-0.0324658853554169,0.80574640849469,0.99937539038101,-0.99937539038101,1.0332959017564e-15,Mas,8.67299399770309e-05,stellar
2CXO J013331.3+303402,23.38052922298669,30.567333326385278,133.5502900611108,-31.435219399043397,0.99937539038101,0.33354153653966,0.99937539038101,1.7486799379409001e-15,X,0.46205403376669163,stellar
2CXO J134928.0+600613,207.3666098688351,60.10378075831979,110.17606974765908,55.56413267405502,-0.11367895065584,0.09369144284822,-0.20362273579013,9.8699591710103e-14,X,0.8278121465580126,AGN
2CXO J174537.8-285926,266.4076730485675,-28.990840931541182,359.9545664078249,-0.030485549088537,0.81823860087445,0.86445971267958,-0.23735165521549,6.764552788533401e-16,X,0.0025,stellar
2CXO J052249.2+332548,80.70500586750404,33.43008342622067,173.5800385946038,-1.65513516709838,-0.41723922548407,-0.20612117426608,-0.22985633978763,8.9190097778027e-15,TT?,0.005881689481117728,stellar
2CXO J102340.0-574521,155.91675342045232,-57.75606615190379,284.228880309427,-0.3530417153381084,0.99937539038101,0.95690193628982,0.87570268582136,2.7651029962615e-14,X,0.013529169938136892,stellar
2CXO J174540.1-285918,266.4170831057868,-28.98859532454887,359.96077136940505,-0.0363414209859645,0.92816989381636,0.93816364772017,-0.22485946283573,1.3170426361722e-15,MoC,0.0025,stellar
2CXO J225155.0-321029,342.97927650477754,-32.17485687727727,14.65465989555698,-63.63525795228611,-0.13616489693941,0.098688319800125,-0.23110555902561,3.7798222348237e-13,?,0.9679936768573758,AGN
2CXO J122257.4+154916,185.7394432654401,15.821270262208294,271.1782081110084,76.90298202820313,-0.33104309806371,-0.12742036227358,-0.21111805121799,3.1913537992359996e-14,HII,0.9670037515985404,AGN
2CXO J182922.7+011032,277.3446306482449,1.1757152815138514,31.461158656202915,5.443797755647768,-0.33354153653966,-0.15865084322299,-0.18488444722049,4.4398842519149e-14,Or*,0.017076440102871723,stellar
2CXO J053517.1-052645,83.82151196990003,-5.446022532118936,209.06539610301425,-19.406939287599425,-0.91317926296065,-0.737039350406,-0.53091817613991,3.9113588264386e-15,Or*,0.06737322756455648,stellar
2CXO J132541.4-425918,201.422823722085,-42.988487576377686,309.56480102430385,19.44167802793187,-0.1524047470331,0.0087445346658337,-0.16114928169894,1.0140632125086e-14,X,0.07825889494183565,stellar
2CXO J165354.5-415215,253.47717401943623,-41.87086517916887,343.39845179022893,1.192431500808989,-0.42848219862586,-0.23485321673954,-0.21361648969394,1.573562461518e-14,bC*,0.004926561563519006,stellar
2CXO J140327.4+541910,210.8645359597828,54.31949816231828,101.94500726520585,59.776172820090174,-0.0012492192379763,0.25234228607121,-0.25359150530918,1.6788504087085e-14,X,0.6908526047263719,AGN
2CXO J122907.2+020401,187.28021423866144,2.066978272465154,289.9493508303193,64.37472949151176,0.84821986258588,0.41349156777014,0.6683322923173,5.7134294556839e-14,X,0.6816356873173811,AGN
2CXO J043007.4+351457,67.53094186836825,35.24942893958173,165.35819579831846,-9.039817618226053,0.420986883198,0.032479700187383,0.3947532792005,5.3111647448427e-14,Or*,0.08711262929022723,stellar
2CXO J174541.6-290042,266.42355525065204,-29.01167399372397,359.9440200088468,-0.0531955039526662,0.99937539038101,0.99937539038101,-0.99937539038101,5.3047954165001e-15,X,0.0049785491193507034,stellar
2CXO J203232.9+401511,308.13719160457106,40.25319427498157,79.29178489683271,0.2637694754335665,0.84946908182386,0.43222985633979,0.65584009993754,1.5009951717162e-13,Y*?,0.014955061655142486,stellar
2CXO J053513.1-052221,83.8048863432814,-5.372553475756332,208.98799028192371,-19.388475481861885,-0.033728919425359,-0.11492816989382,0.082448469706433,2.6661953760188e-15,Or*,0.027648957144752975,stellar
2CXO J174531.9-290150,266.3831009005356,-29.03081784113912,359.9092483444562,-0.0329766455177417,-0.42473454091193,0.99937539038101,-0.99937539038101,0.0,X,0.011769488417546069,stellar
2CXO J093148.7+212445,142.95305316802984,21.412539157610677,208.79459870851232,44.434481548074814,-0.061211742660837,0.16364772017489,-0.22236102435978,5.0042769001359997e-14,X,0.973134099966084,AGN
2CXO J153451.9+232828,233.7163544561174,23.47463166352636,36.57299709537899,53.0409659456656,-0.2685821361649,-0.0074953154278576,-0.26108682073704,9.4798440021756e-15,X,0.7991656811730327,AGN
2CXO J061914.0+782145,94.80840449180975,78.36249766289905,135.6555414151827,24.927207183007845,0.89069331667708,0.45221736414741,0.73329169269207,7.8623754656741e-14,X,0.7998552883032224,AGN
2CXO J104746.8+123427,161.94505901459604,12.57424334855004,233.49089919307616,57.61928199632174,-0.11492816989382,0.084946908182386,-0.19737663960025,1.3896775931478e-14,X,0.7972770898462419,AGN
2CXO J124340.7+113334,190.91970957886724,11.559648968571857,295.8815463358609,74.32508578854187,0.29731417863835,0.99937539038101,-0.99937539038101,5.1933651884955e-16,Gl?,0.4667888323918677,stellar
2CXO J131200.9-012435,198.0040429278131,-1.409944340123194,313.5991482788943,61.034881048654775,-0.21611492816989,0.089943785134291,-0.29856339787633,3.0889423255676e-14,X,0.9987539160401002,AGN
2CXO J053512.1-052447,83.80053635490458,-5.413307009223195,209.0244471175905,-19.410772129198374,0.99937539038101,0.96064959400375,0.73329169269207,6.2224368586768e-15,Y*?,0.0679301172299884,stellar
2CXO J032918.7+312325,52.32808973456372,31.390360824459886,158.3138260000852,-20.4251228491043,-0.80074953154279,-0.58838226108682,-0.3997501561524,3.7685096495861e-14,Or*,0.08206863271744007,stellar
2CXO J133029.1+471138,202.62139512061407,47.19399115889557,104.59288430098124,68.51963396393792,0.79950031230481,0.41848844472205,0.56464709556527,6.9840647638472005e-15,X,0.34675106655049986,stellar
2CXO J053520.9-052234,83.83712595841047,-5.376280639746536,209.00690684525856,-19.361536432626018,0.9106808244847,0.89069331667708,0.084946908182386,8.638627484600401e-15,IR,0.17754064315004878,stellar
2CXO J124841.4-412047,192.17268797817871,-41.34656973232432,302.37769394459053,21.52222154681123,-0.26983135540287,-0.0024984384759525,-0.26608369768894,1.2240843042726e-14,X,0.7655020042611863,AGN
2CXO J183119.9-020600,277.833152530995,-2.100268091585715,28.764200821246185,3.5093528675040706,0.84821986258588,0.38725796377264,0.67957526545909,5.8495565004003e-14,Y*?,0.02990844381993762,stellar
2CXO J020927.5-100746,32.364918395077666,-10.129496412101084,173.88769095263967,-64.96245324959881,-0.22860712054966,0.023735165521549,-0.25109306683323,2.6138546465317e-14,X,0.8800093376993671,AGN
2CXO J122807.3+440453,187.03060569845752,44.08162088602719,136.9005131090186,72.40875833871826,-0.15115552779513,0.046221111805122,-0.1948782011243,2.5542117264686e-14,X,0.6173502503256859,AGN
2CXO J132947.5+471301,202.4479481854827,47.21693451049074,104.91237386361864,68.54685541232398,-0.10493441599001,0.022485946283573,-0.12742036227358,3.5902468028224e-15,Cl*,0.267370132162478,stellar
2CXO J183125.4-020506,277.8559584833815,-2.085340854343653,28.78797379027212,3.495966467912357,0.6208619612742,0.420986883198,0.26108682073704,4.9997488592431e-14,Y*?,0.008351611833577166,stellar
2CXO J053521.9-051703,83.84145503286175,-5.284439063605902,208.9221810365244,-19.316124941812333,-0.87320424734541,-0.5633978763273,-0.5946283572767,3.4753964176309003e-15,Or*,0.029856702122801733,stellar
2CXO J053523.2-052135,83.84673688680436,-5.359926628227911,208.9960370900207,-19.34560409274896,-0.5421611492817,-0.41723922548407,-0.15990006246096,2.9990922425519003e-15,Or*,0.0066858081203425845,stellar
2CXO J031147.9+050803,47.9498506773478,5.134379840794283,174.68896399867998,-43.19634458540714,-0.12492192379763,0.0012492192379763,-0.1261711430356,4.4233877401021e-14,Rad,0.9124716393087737,AGN
2CXO J153937.0+591955,234.90444835993696,59.33203953700652,92.97936718607,46.829438673228175,-0.34853216739538,0.29231730168645,-0.58088694565896,1.3349934972754e-13,GrG,0.7148870617329578,AGN
2CXO J053525.1-064756,83.85469377706175,-6.799063288448119,210.3654651499468,-19.98454983452089,-0.20112429731418,-0.0099937539038102,-0.19113054341037,8.3775099450789e-14,Or*,0.6028433466399672,AGN
2CXO J013401.1+303137,23.5047702981891,30.526978095309207,133.68244535750551,-31.45432680590112,-0.26358525921299,-0.28981886321049,0.032479700187383,1.4326561356946e-14,X,0.121977020074707,stellar
2CXO J174532.6-290047,266.3860273342498,-29.01321884352816,359.925601866529,-0.0259884098810984,0.63335415365397,0.67957526545909,-0.10118675827608,4.5970443614808e-16,X,0.002507832080200502,stellar
2CXO J124338.5+113326,190.91056746585295,11.557405079622905,295.849534274141,74.32185502450142,-0.30605871330418,-0.091193004372267,-0.21611492816989,1.3361312051397e-15,Gl?,0.2611183429587708,stellar
2CXO J004241.6+404558,10.673601128480698,40.76628428624568,121.14556578526948,-22.075134511629315,0.40849469081824,0.32854465958776,0.092442223610244,2.6035543666193e-14,X,0.6785339156909632,AGN
2CXO J033344.2-360717,53.43446373670111,-36.12159126940057,237.92128679525123,-54.57253018456427,-0.16239850093691,0.14490943160525,-0.29731417863835,1.8220740959617998e-14,X,0.9056823339794268,AGN
2CXO J174537.5-285930,266.4066002986449,-28.991884558765925,359.95318674029755,-0.0302283863646985,0.93191755153029,0.97314178638351,-0.46221111805122,3.0519576831989e-15,X,0.0,stellar
2CXO J174545.9-285859,266.4413100865686,-28.983210383346385,359.97640630571124,-0.0516273428052923,-0.66708307307933,-0.4159900062461,-0.66708307307933,5.193614270973e-16,X,0.011910164576139049,stellar
2CXO J174624.4-285712,266.6017265244009,-28.953542213598254,0.0747512528823397,-0.1560571324929584,0.61836352279825,0.2735790131168,0.40974391005621,9.9054492850189e-15,LP?,0.0,stellar
2CXO J124000.6-113519,190.002748366721,-11.58884226864285,298.4646946650661,51.18376359478781,0.08369768894441,,,3.4541919966214e-14,GlC,0.7493885086901722,AGN
2CXO J213124.5+471712,322.8524717089831,47.28677696205823,91.57189959576752,-3.0357887412152333,0.068707058088695,0.072454715802623,-0.0037476577139288,3.9561018147633997e-14,X,0.06652630192919295,stellar
2CXO J162206.9-500458,245.52910924148887,-50.082843107244805,333.611455216748,-0.1956362849720926,0.97064334790756,0.7420362273579,0.8157401623985,1.0487215335974e-13,LP?,0.0060554934714393185,stellar
2CXO J032240.7-371223,50.67010648943796,-37.20648430954088,240.16028351124655,-56.69321659152827,-0.096189881324172,0.074953154278576,-0.17114303560275,1.3427265721221e-14,ULX,0.822574609769182,AGN
2CXO J171416.8+573103,258.5703057837128,57.51755700428579,85.95024543164371,35.53872506117925,-0.91817613991255,-0.63335415365397,-0.67582760774516,8.2464844363938e-14,ClG,0.03446305996977073,stellar
2CXO J184103.5+795306,280.2649025116227,79.88519977485328,111.56297684260574,27.127512738055348,-0.9369144284822,-0.60961898813242,-0.75952529668957,5.954139898604e-14,SB*,0.03095200543527323,stellar
2CXO J011440.7-730311,18.66995402253872,-73.05319096367506,300.58206885152816,-43.96886158931306,0.059962523422861,0.043722673329169,0.014990630855715,6.1423264857109e-14,X,0.8483992853440051,AGN
2CXO J142048.5+525716,215.2024166310936,52.95455794556955,96.27789954448568,59.30151893879216,-0.36352279825109,0.21486570893192,-0.53466583385384,9.619279111244901e-15,X,0.7806028795949008,AGN
2CXO J180341.0-242241,270.9210998173734,-24.37819986191929,5.972475148341261,-1.1759532097587069,0.12742036227358,-0.086196127420362,0.21111805121799,2.2537021238191e-14,Or*,0.0043857645168598695,stellar
2CXO J174546.2-285912,266.4428089321491,-28.986799902919525,359.97402470112894,-0.0546159251974529,0.99937539038101,0.95690193628982,-0.1524047470331,2.292482856251e-15,X,0.0,stellar
2CXO J010927.0+354305,17.362550065648236,35.71807810807046,127.03484865469704,-27.010132395109263,-0.50968144909432,-0.0074953154278576,-0.50343535290443,2.2484245927352e-14,X,0.6903445078907327,AGN
2CXO J122501.8+125211,186.2578657562381,12.869776523918938,278.2029955877645,74.45958023909536,0.35977514053716,0.23860087445347,0.12492192379763,1.0183034808089999e-14,X,0.211491152856491,stellar
2CXO J122503.8+125327,186.2660806512555,12.890840070694864,278.20059109362074,74.48210555160941,-0.23985009369144,-0.21361648969394,-0.026233603997502,7.735919206454201e-15,Gl?,0.21905334674922294,stellar
2CXO J203457.7+600948,308.74057912167086,60.16356785795957,95.73361342000037,11.669262082040738,0.053716427232979,-0.068707058088695,0.1211742660837,2.4198196983099e-14,Cl*,0.1267230003387602,stellar
2CXO J180356.6-242341,270.9858130733978,-24.394824561426123,5.986950037713206,-1.2354580576962286,-0.42473454091193,-0.31230480949407,-0.12866958151156,1.7962559740748e-14,X,0.0,stellar
2CXO J015301.7-134630,28.257368601120163,-13.775234400942484,173.10662221552818,-70.37968810239543,0.49718925671455,0.23985009369144,0.29106808244847,4.1694004707462e-14,X,0.346114946021266,stellar
2CXO J053515.8-053005,83.8160489132423,-5.5016622362675625,209.1154187441224,-19.436935346752843,0.77701436602124,0.41224234853217,0.52342286071205,6.9593916243782e-15,Or*,0.015875986505077943,stellar
2CXO J134730.8+270336,206.8786980360112,27.060227100336693,35.826442939502925,77.52557269409648,-0.26608369768894,0.031230480949407,-0.29606495940037,8.109000742562e-14,Rad,0.9921063980972187,AGN
2CXO J133641.3-295045,204.17245332310156,-29.845868983300527,314.5070046447932,32.00674244737285,0.0024984384759525,0.042473454091193,-0.038725796377264,1.1139577031167e-14,X,0.3045578489429735,stellar
2CXO J122949.0+075851,187.4542063950132,7.980960010812976,286.9625514349784,70.17946862070472,-0.089943785134291,0.1261711430356,-0.21361648969394,1.53332479048e-14,GlC,0.5502365349773515,AGN
2CXO J053519.0-052349,83.82945468536803,-5.397129555138669,209.02295456181287,-19.37777853620091,0.51842598376015,0.56089943785134,-0.068707058088695,5.0351367187039006e-15,Or*,0.05686942693118116,stellar
2CXO J043126.8+180755,67.86212549923437,18.1320106538369,178.91150957619942,-20.071309072182306,0.81823860087445,0.46221111805122,0.5683947532792,2.6128472404606e-14,X,0.49731235833989834,stellar
2CXO J132531.0-431107,201.37937103261004,-43.18534272064707,309.5022694455276,19.251210328981703,-0.29356652092442,-0.11617738913179,-0.18238600874453,3.6649842057419996e-14,X,0.06660647098278392,stellar
2CXO J053444.4-052438,83.68534883362963,-5.410742064304867,208.96701058508867,-19.511885690400035,-0.80824484697064,-0.36227357901312,-0.59712679575265,3.5665519570325e-15,Or*,0.002507832080200502,stellar
2CXO J141619.9+112952,214.0830637126921,11.49790534690596,358.9490388987899,64.67122481742886,-0.34603372891943,-0.079950031230481,-0.2735790131168,4.4340306353671e-14,X,0.9954318920802422,AGN
2CXO J171514.2+572620,258.8093239868706,57.4391053855656,85.84215338873092,35.416582397977265,0.87820112429731,0.64459712679575,0.51717676452217,3.255035257056e-14,MIR,0.7487714532316168,AGN
2CXO J043205.9+180358,68.02487447129977,18.066328145727866,179.069513081442,-19.99250994042608,0.49344159900062,0.23735165521549,0.28607120549656,3.9406790312980996e-14,X,0.5901207592582333,AGN
2CXO J053511.4-052106,83.79794123968168,-5.3517464976817335,208.9650030033979,-19.3852269141377,0.99937539038101,0.73828856964397,-0.0099937539038102,1.1930830638047001e-15,HH,0.10059174190752229,stellar
2CXO J170938.2-442255,257.409340144472,-44.38199046931998,343.17340341827685,-2.6134902269496405,0.99937539038101,0.8894440974391,-0.47220487195503,6.9208381839487e-14,X,0.02998858419115364,stellar
2CXO J174547.3-285942,266.4473167571812,-28.99508651812213,359.969003556481,-0.062297279230843,0.9581511555278,0.99937539038101,-0.99937539038101,6.0438885834701005e-15,X,0.0032185784167366492,stellar
2CXO J122457.8+125304,186.24084580618612,12.884597018097365,278.1245997016025,74.46692783531645,0.012492192379763,0.10243597751405,-0.09369144284822,9.512532234067e-15,X,0.1940258647384287,stellar
2CXO J023218.6-442047,38.07762927899381,-44.346503344587575,259.96253177771746,-63.44749610992359,-0.28107432854466,-0.017489069331668,-0.26358525921299,2.2024377954888998e-13,Rad,0.9975078320802006,AGN
2CXO J064534.2+001223,101.39295625951335,0.2066610669391892,212.07914508777372,-1.210892001480625,0.99937539038101,0.63960024984385,0.99937539038101,4.7511306172637e-14,Y*?,0.005857070902778385,stellar
2CXO J104412.5-593412,161.0524198788646,-59.57008901683516,287.44839902585665,-0.5786634271098551,-0.28482198625859,-0.057464084946908,-0.21611492816989,1.4597069414953e-15,Y*?,0.00563184847675962,stellar
2CXO J225621.3+624325,344.0888683073481,62.723840254598414,110.17448959148447,2.737934220574836,-0.32979387882573,-0.14865708931918,-0.19113054341037,7.3000107849745e-14,Or*,0.0162900683871875,stellar
2CXO J124247.4+023943,190.6977488421477,2.6618912655079248,297.7294915305016,65.44625732413316,-0.77826358525921,-0.53966271080575,-0.41099312929419,1.9023551757569998e-14,X,0.7173624748258441,AGN
2CXO J061254.8+175940,93.22871829937588,17.994689887322618,192.59763989669295,-0.0426068965575179,0.99937539038101,0.64084946908182,0.99937539038101,3.4540767255971e-15,X,0.0029240600000418325,stellar
2CXO J182935.1+012338,277.3964954898514,1.3940569361436832,31.68011776161836,5.497223660195608,0.97688944409744,0.83572767020612,0.7420362273579,1.0864186152604999e-13,X,0.14508382732207786,stellar
2CXO J064122.0+094351,100.3419487982776,9.731038766132707,203.126883341554,2.208818930277703,-0.77951280449719,-0.42598376014991,-0.52717051842598,7.6615821820318e-14,mul,0.00928102027842993,stellar
2CXO J033934.3-262428,54.89282392680212,-26.407949328769018,221.69929883797653,-52.64265791161877,-0.58713304184884,-0.25983760149906,-0.38600874453467,9.361795350081399e-14,Pe*,0.9215527747584144,AGN
2CXO J123521.2+621628,188.8387828822523,62.274401911524926,126.17228479667354,54.752548861340856,-0.1686445971268,0.13116801998751,-0.28856964397252,2.3551790540945e-15,Rad,0.9509972860216314,AGN
2CXO J002407.9-720454,6.033108657981927,-72.08190712825396,305.89060661311663,-44.8891516141813,-0.3735165521549,-0.21236727045597,-0.17489069331668,7.0411638369636005e-15,UV,0.3366555733969659,stellar
2CXO J034444.5+320812,56.18576935343049,32.13680650282748,160.5379036893988,-17.798649677335842,0.022485946283573,0.15615240474703,-0.13616489693941,1.970641253775e-14,Or*,0.30944815215826965,stellar
2CXO J180421.0-241953,271.0879626204444,-24.33147031959128,6.087838891005172,-1.28544798348785,-0.63585259212992,-0.32229856339788,-0.39350405996252,4.4541597646770997e-14,Or*,0.001253916040100251,stellar
2CXO J123950.9-113823,189.9622605919992,-11.639924453920344,298.4074235395093,51.12998655282389,0.072454715802623,0.13491567770144,-0.062460961898813,3.7984450541163e-14,GlC,0.7095954645591458,AGN
2CXO J133815.6+043255,204.5651070809829,4.5487342934647215,331.30191792353355,64.80936683212536,-0.18113678950656,0.076202373516552,-0.25359150530918,1.2759979461921e-14,ULX,0.8571604704959844,AGN
2CXO J083745.0+651335,129.43754003247602,65.22648237541442,150.34404293032145,35.51225282302178,-0.3210493441599,-0.084946908182386,-0.2423485321674,6.974746638313e-13,Rad,0.9873281102872546,AGN
2CXO J002319.7+092055,5.832223891167075,9.348721405852013,111.38987891711346,-52.8919445773857,-0.95565271705184,-0.65833853841349,-0.79950031230481,2.2129994189094e-13,SB*,0.001253916040100251,stellar
2CXO J174804.2-244701,267.0176217072172,-24.7836243382244,3.834351126890772,1.6864671661134587,0.81199250468457,0.38850718301062,0.61461586508432,6.805219476054e-15,LP?,0.00521475033337691,stellar
2CXO J160825.7-390601,242.10729993205095,-39.10044570211392,339.5072713916249,9.39728645831808,-0.80074953154279,-0.42473454091193,-0.56964397251718,4.0320508207879997e-14,Or*,0.004389689758204737,stellar
2CXO J112326.3+090117,170.85954198749778,9.021324725701898,249.8533769454442,62.433544438511234,-0.86570893191755,-0.44347282948157,-0.68457214241099,3.4048756144962997e-13,SB*,0.029356056924551996,stellar
2CXO J033831.8-352604,54.632568242524144,-35.434539145632826,236.68873376055296,-53.62673097820641,-0.88819487820112,-0.68082448469706,-0.51967520299813,1.8370756147103e-14,GlC,0.24925828278673395,stellar
2CXO J223551.8+340105,338.9661632441125,34.018137363873386,93.2710956095442,-20.92990509954117,-0.368519675203,-0.031230480949407,-0.34103685196752,2.5956906230828e-14,X,0.7218544179602985,AGN
2CXO J053504.6-052442,83.76924570307312,-5.411828720352743,209.00811044388195,-19.43788686084413,-0.70331043098064,-0.65084322298563,-0.089943785134291,1.8954135660352e-15,Or*,0.006268709976959875,stellar
2CXO J182025.8-160923,275.1077749199991,-16.15642311826094,15.068838674077012,-0.6635809381934015,0.841973766396,0.4684572142411,0.60961898813242,1.3495342053161e-14,X,0.005966882806924955,stellar
2CXO J004756.5-251619,11.985621154877435,-25.272200482181848,99.8364689783454,-87.98515378233893,-0.33104309806371,0.069956277326671,-0.39100562148657,1.6398445435169e-14,X,0.6996241790760689,AGN
2CXO J174545.9-285848,266.4412580319444,-28.9803315986923,359.9788402071015,-0.0500892910165348,0.99937539038101,0.99937539038101,-0.088694565896315,2.8363080841182e-15,X,0.0,stellar
2CXO J085956.1-473304,134.98375670147692,-47.55117589663296,268.0644497330698,-0.9766526558707244,-0.93066833229232,-0.82948157401624,-0.43847595252967,2.3487584336161e-14,ISM,0.006884894293318491,stellar
2CXO J161017.2-191026,242.57201337297656,-19.174042157888007,354.54444910385723,23.19108799722936,-0.50718301061836,-0.24109931292942,-0.30356027482823,2.3518961435394996e-12,Or*,0.7175906034136174,AGN
2CXO J132648.7-473124,201.7031149322446,-47.52365514398973,309.09977932442627,14.924006947085797,-0.13616489693941,0.069956277326671,-0.20487195502811,1.9397671642566e-14,X,0.35345531606467206,stellar
2CXO J004736.3-251638,11.901435996382588,-25.277502539805397,97.80617645883818,-87.95939823739654,0.94316052467208,0.63585259212992,0.7632729544035,3.9840565148196997e-14,X,0.6452265972457687,AGN
2CXO J123046.8+122305,187.6952610366268,12.384898383877497,283.74753998390617,74.48209673893754,-0.071205496564647,0.64084946908182,-0.69581511555278,6.3963100989476e-15,Gl?,0.3438236289440594,stellar
2CXO J004830.1-250841,12.12582279987879,-25.14487374791166,104.39902626622391,-87.91013945835535,-0.44971892567146,-0.10243597751405,-0.35852592129919,6.7499811398982e-14,X,0.9512477041588484,AGN
2CXO J205231.0+551437,313.1291389740787,55.24367403194955,93.20415718386415,6.827369958874845,0.22735790131168,0.0012492192379763,0.2261086820737,2.3607699541689997e-13,X,0.08929843095551732,stellar
2CXO J053513.3-052051,83.8057133656095,-5.347632919542599,208.96482671320572,-19.376464795318,0.99937539038101,0.82073703935041,0.99937539038101,6.1870780433551e-15,IR,0.0014978163248507053,stellar
2CXO J141305.5-652031,213.2729900084556,-65.34209654982311,311.3177534403442,-3.808404006473369,0.87070580886946,0.50843222985634,0.64834478450968,2.1518615369025e-14,X,0.016373684645976973,stellar
2CXO J122339.0+070314,185.9124850225309,7.054062358122222,283.4820350511093,68.86994244993018,-0.076202373516552,0.11742660836977,-0.19237976264834,3.7824104226941e-14,X,0.9057426255974128,AGN
2CXO J192630.2+413304,291.6258805626645,41.55137154729538,73.90489606858216,11.592079627719055,0.13741411617739,0.35602748282324,-0.22985633978763,1.433786426636e-12,ev,0.9260666540458888,AGN
2CXO J174612.3-285704,266.5512528864821,-28.951360379933305,0.0536581502027085,-0.1171927784078551,0.99937539038101,0.9893816364772,0.34353529044347,4.0962196963344e-14,X,0.0356829465406887,stellar
2CXO J022232.5+423014,35.63591819716436,42.50397800576987,140.32252345054988,-17.27040096914438,0.1998750780762,0.22860712054966,-0.031230480949407,5.5465538725253e-14,X,0.18950632582606727,stellar
2CXO J203341.8+411020,308.42440318835224,41.17232733088717,80.16014714642242,0.6355127328163654,0.99937539038101,0.11242973141786,0.99937539038101,1.0151601786337e-14,Pu*,0.0,stellar
2CXO J053544.6-045009,83.93601014574915,-4.836019226065042,208.54439904608208,-19.02867846712013,-0.67332916926921,-0.2948157401624,-0.47095565271705,6.2537710512851e-14,Or*,0.01642174054819443,stellar
2CXO J053512.9-052849,83.80395465067176,-5.480548561698523,209.0896764656505,-19.43813488710364,-0.56214865708932,-0.30356027482823,-0.30730793254216,2.2213162404254002e-15,Or*,0.0211867993940587,stellar
2CXO J053505.4-052717,83.77254056453694,-5.454803017859458,209.05033227414197,-19.45439297377828,0.93191755153029,0.76951905059338,0.54091193004372,4.1528664622879e-15,Or*,0.0511287903790038,stellar
2CXO J130524.3-492721,196.35136910044776,-49.45594758490001,305.264032321779,13.35254246415074,0.10743285446596,0.10993129294191,-0.0037476577139288,1.33924672868e-14,X,0.3449782671566604,stellar
2CXO J125905.0+280832,194.77118228219703,28.142355023194053,64.28501999293772,88.0260354314324,0.99937539038101,0.43472829481574,0.1686445971268,0.0,X,0.709830023082813,AGN
2CXO J132540.8-430246,201.4199627048208,-43.04628882166806,309.55399527490624,19.384743898779767,-0.80824484697064,-0.55965021861337,-0.45221736414741,7.0089347843583e-15,PN?,0.0016701439599415815,stellar
2CXO J132955.8+471144,202.48278273136407,47.19574252984281,104.82969478040307,68.55660922671862,-0.93191755153029,-0.61461586508432,-0.73953778888195,2.9503499973262e-15,MoC,0.07677079090903063,stellar
2CXO J122338.9+070330,185.91226350776745,7.058444732481763,283.47782209753154,68.87405918131469,-0.53341661461587,0.041224234853217,-0.51342910680824,8.0785006426034e-16,X,0.44513915651036734,stellar
2CXO J174546.1-285928,266.44221217923064,-28.991370640025703,359.9698508136467,-0.0565505537844338,0.93191755153029,0.97564022485946,-0.51093066833229,4.3399226255276005e-15,X,0.00960051485023678,stellar
2CXO J233217.2+001638,353.0720744891729,0.2774835773419917,84.93645406429165,-56.63883373079809,0.87695190505934,0.54465958775765,0.63210493441599,1.9641757589562998e-13,X,0.9569512949448193,AGN
2CXO J045556.6-662223,73.98612642732644,-66.37300232249211,277.16726749384543,-36.156816365499886,0.051217988757027,0.31730168644597,-0.27232979387883,7.5177404690746e-15,X,0.5669122710760085,AGN
2CXO J054542.5-000724,86.4271535517073,-0.1233752990351187,205.3850505177512,-14.639914909994651,0.84447220487195,0.56589631480325,0.52467207995003,1.040780399031e-13,X,0.09446833503646047,stellar
2CXO J053501.8-053019,83.75759223608713,-5.505391043935382,209.09106387893087,-19.490529691658733,-0.99937539038101,-0.99937539038101,-0.64709556527171,2.4851153286491002e-15,Or*,0.004173992989265158,stellar
2CXO J123046.3+122323,187.69295200139084,12.38979593453112,283.7340124312409,74.48609390098564,-0.082448469706433,0.053716427232979,-0.13616489693941,1.1478387830587e-14,Gl?,0.3184241047103441,stellar
2CXO J133747.3-195812,204.4475067574124,-19.97001171618936,317.5513957992866,41.58216492295447,0.12367270455965,0.26983135540287,-0.14990630855715,3.0783196633511e-13,Rad,0.634877486086787,AGN
2CXO J172016.7+353626,260.0697574543726,35.60739840979159,59.48459382947507,33.07706341878637,-0.40474703310431,-0.053716427232979,-0.35727670206121,1.1741876040626e-13,LeI,0.9795117535814666,AGN
2CXO J053525.3-052012,83.85583899515399,-5.336748111773363,208.9784776809599,-19.327034127934283,0.99937539038101,0.99937539038101,-0.99937539038101,7.646644045463e-15,Y*?,0.014380659803415786,stellar
2CXO J122441.9+072609,186.174662054378,7.436028036894143,283.861422628042,69.31176859108925,-0.23235477826359,0.092442223610244,-0.316052467208,2.3682833585542998e-14,X,0.9101528936722254,AGN
2CXO J190822.1+000733,287.0924206806127,0.1259638227780554,34.97714198840019,-3.708985858537462,0.35602748282324,0.23735165521549,0.12866958151156,1.8166293243118e-14,X,0.09966460086659405,stellar
2CXO J225723.2-410115,344.3469587494383,-41.02102395880269,354.88706674903807,-62.78620610182038,-0.5159275452842,-0.26483447845097,-0.28981886321049,3.3403569869208e-14,X,0.9493353365837217,AGN
2CXO J162338.0-263138,245.9086501285168,-26.52727620197866,350.9792103978492,15.963275419750358,-0.53341661461587,-0.58713304184884,0.081199250468457,6.656475416476e-15,EB?,0.03889438054663999,stellar
2CXO J121935.4+292020,184.89755652524923,29.33895409829375,193.580939812284,82.64720890149808,-0.19612742036227,0.031230480949407,-0.2261086820737,2.0010168680636e-14,X,0.6430214118926709,AGN
2CXO J053516.9-052708,83.82052522722381,-5.452466350004885,209.0710195016406,-19.410728359772907,0.94565896314803,0.59212991880075,0.79700187382886,1.0259599153941e-14,Or*,0.023385539954003418,stellar
2CXO J050706.7-315211,76.77816224642368,-31.86976076899603,234.3792644921144,-34.96316347521819,-0.1736414740787,0.078700811992505,-0.2473454091193,1.0877220321892999e-13,X,0.9537646053666653,AGN
2CXO J053525.6-044931,83.85704746088231,-4.825356452008751,208.49647939687745,-19.093895029755775,-0.48719550281074,-0.23235477826359,-0.28607120549656,6.1446106488853e-14,Or*,0.006102323061476653,stellar
2CXO J180433.6-242709,271.1404322210735,-24.452716582971625,6.005565821483745,-1.386537048865375,-0.50968144909432,-0.21361648969394,-0.33104309806371,4.883241367315e-14,Or*,0.004170143959941581,stellar
2CXO J103844.6+533007,159.68585285394852,53.50197154148305,156.6089949590082,54.06062330241237,0.48719550281074,0.099937539038101,0.40599625234229,4.8788886358084e-14,Rad,0.6257821283332838,AGN
2CXO J013356.8+303706,23.48679423034156,30.61851099100644,133.64400663066732,-31.367484389679355,0.31230480949407,0.35602748282324,-0.049968769519051,1.5491349236112e-14,X,0.4965364516477713,stellar
2CXO J174529.6-285338,266.3735157373972,-28.894020212355063,0.0216231696891878,0.0454824137065062,0.94565896314803,0.92442223610244,0.08369768894441,1.0966812542006e-14,X,0.00855983371814632,stellar
2CXO J123044.7+122434,187.68619823679808,12.409650286465892,283.6881943390211,74.50305500093174,-0.43847595252967,-0.14865708931918,-0.30480949406621,7.1053201094156e-15,GlC,0.24079224596144058,stellar
2CXO J095527.2+690247,148.86374467448826,69.04662234970417,142.11868668242263,40.903650808746654,-0.031230480949407,0.079950031230481,-0.11118051217989,,X,0.7289018406812479,AGN
2CXO J170115.0-300651,255.31272135946813,-30.114467636308216,353.578296348194,7.311248605084061,0.20487195502811,-0.021236727045597,0.21861336664585,1.6993772872038e-15,X,0.17402130369851412,stellar
2CXO J182152.1+642153,275.4670819672823,64.36481077596578,94.02538664959818,27.428493982310314,-0.99937539038101,-0.99937539038101,-0.82698313554029,1.0203673178716e-15,PN,0.03576894105747427,stellar
2CXO J220238.0-320055,330.65861715497545,-32.01534810786752,14.900403499355953,-53.20285501542995,-0.1686445971268,0.062460961898813,-0.22860712054966,8.630540554204e-14,X,0.8822135916291526,AGN
2CXO J124327.1+112939,190.86313026218613,11.49437493527148,295.70532650168195,74.25397132248754,-0.14241099312929,0.098688319800125,-0.23735165521549,1.2014124570649e-14,GlC,0.3923046413058309,stellar
2CXO J164421.9+573616,251.09127853947064,57.6044026164768,86.75392337390981,39.49847212800968,-0.50218613366646,0.10618363522798,-0.57713928794503,1.8566108275114e-14,X,0.7330028945662658,AGN
2CXO J043242.7+255231,68.17842779741795,25.87531664672542,172.8861298313841,-14.870929816418986,-0.41099312929419,-0.06371018113679,-0.34353529044347,5.7171500297229e-14,Or*,0.39979407036993875,stellar
2CXO J053500.5-054859,83.75224274600873,-5.81652161645688,209.38320860406688,-19.635620865853262,-0.1948782011243,-0.08369768894441,-0.11242973141786,7.9875777813176e-14,X,0.07793137299937268,stellar
2CXO J122433.0+130522,186.13794607806665,13.089720263468,277.4793435470397,74.61710294546286,-0.18113678950656,-0.11742660836977,-0.059962523422861,2.7646261677002e-14,X,0.6813047190176522,AGN
2CXO J053536.8-051821,83.90374792554815,-5.306024310023444,208.9723257267729,-19.27059156415869,0.99937539038101,0.34103685196752,0.99937539038101,1.1296017599378e-16,NIR,0.012472890458194535,stellar
2CXO J133645.4-300326,204.18953141982843,-30.057398964422056,314.472782598259,31.796695270617526,-0.41099312929419,-0.0087445346658339,-0.3997501561524,4.3089369505373e-14,X,0.6648684406495511,AGN
2CXO J124338.2+113316,190.90915481872548,11.554458375716676,295.8456669835244,74.3187718163879,-0.49843847595253,0.63210493441599,-0.99937539038101,3.0551805608886e-16,GlC,0.40981413675717243,stellar
2CXO J123538.0+123327,188.9085990576164,12.557773129614649,287.9045826642123,74.96652512362725,0.16114928169894,0.26733291692692,-0.11242973141786,3.0457828838365e-14,Gl?,0.6025904064563701,AGN
2CXO J180430.8-242644,271.1287918249709,-24.445564771393265,6.006606853908844,-1.3737952665573323,0.41099312929419,0.28607120549656,0.13991255465334,8.0308765665424e-14,Or*,0.03525460293284939,stellar
2CXO J005554.0-724201,13.975341390219626,-72.70026629318319,302.46732605456896,-44.423959461321104,-0.70705808869457,-0.17988757026858,-0.60337289194254,5.0836074639154e-14,s?r,0.5928052912437799,AGN
2CXO J174533.2-290237,266.38839735282,-29.043870808519344,359.9005216097546,-0.0437315299790877,-0.38226108682074,0.2211118051218,-0.54091193004372,1.9822128697667e-16,X,0.005307558440066522,stellar
2CXO J123048.3+122415,187.701421686809,12.40434610275766,283.7472315987757,74.50245385038761,0.99937539038101,-0.99937539038101,0.99937539038101,0.0,X,0.37755662536143986,stellar
2CXO J164010.5-485124,250.04377160973692,-48.85679165623553,336.5142903388609,-1.4926122967961384,0.81324172392255,0.39850093691443,0.61086820737039,6.248540481709e-14,Y*?,0.011535759567800731,stellar
2CXO J110621.3-182325,166.58881501793587,-18.390383529775363,270.8025213638861,37.839224845686815,-0.27982510930668,0.22485946283573,-0.46970643347908,1.7289677916747e-14,X,0.8037706167860477,AGN
2CXO J122428.2+071903,186.11780621184312,7.317650409718365,283.8073992434368,69.18205306411687,-0.15740162398501,-0.059962523422861,-0.097439100562149,9.7878553111288e-15,Gl?,0.28416558905191697,stellar
2CXO J190816.3+505558,287.0683058692167,50.933006027795024,81.49841245328442,18.2319741551533,-0.69706433479076,-0.38101186758276,-0.42848219862586,9.6255255103438e-14,GrG,0.019458832832713036,stellar
2CXO J104719.8+593224,161.8328748173351,59.54012256667279,147.59435013300552,51.23016138768384,-0.27108057464085,0.051217988757027,-0.316052467208,9.8031903323454e-14,X,0.9960515682300946,AGN
2CXO J132928.7+471844,202.3698163666378,47.3123637337692,105.14987486168656,68.48089633572995,0.26733291692692,0.10618363522798,0.16489693941287,1.3143905035407e-14,X,0.4975321703004789,stellar
2CXO J053508.5-052619,83.78584485589693,-5.438762774230639,209.0415092848412,-19.43532780676908,0.62211118051218,0.50593379138039,0.15490318550906,2.4168553916855e-15,Or*,0.10722442014352847,stellar
2CXO J053520.1-052604,83.83390244801757,-5.434511884397375,209.06042277700809,-19.39073331219584,0.02998126171143,0.044971892567145,-0.014990630855715,3.2687005255517e-15,Y*?,0.0556808101370513,stellar
2CXO J145307.1+580205,223.27984881111843,58.03487088479132,96.81943297438308,52.480150747776975,-0.057464084946908,0.14490943160525,-0.20112429731418,7.104847320993199e-14,X,0.9596046089861514,AGN
2CXO J032242.1-371122,50.675645277115336,-37.18965837369405,240.12893295683403,-56.6907282164973,-0.0087445346658339,0.22860712054966,-0.23860087445347,1.6809329621707e-14,X,0.8550255171478683,AGN
2CXO J174540.2-285916,266.4175400348388,-28.98788265770136,359.9615879089005,-0.0363113319689159,-0.99937539038101,-0.99937539038101,-0.15615240474703,0.0,X,0.004492030211547649,stellar
2CXO J174534.9-290254,266.39555865222246,-29.048452816934336,359.899873498752,-0.0514626389283068,0.99937539038101,0.99937539038101,-0.99562773266708,1.1756160800264e-15,X,8.67299399770309e-05,stellar
2CXO J132544.2-430805,201.4342013892931,-43.13481887257588,309.55172203799845,19.295631101658355,0.2261086820737,0.26358525921299,-0.041224234853217,2.7556524450109e-14,X,0.130146492868926,stellar
2CXO J100516.2-074235,151.31776300657577,-7.70976581956164,247.78230983328876,36.79387312989782,-0.41723922548407,-0.11867582760775,-0.31105559025609,2.2000061107514002e-15,Gl?,0.10976190672371512,stellar
2CXO J164723.4-015236,251.84769635200564,-1.8765627466910808,15.806133673462748,26.31826031067781,0.14241099312929,0.22485946283573,-0.11742660836977,1.2124824057827e-14,X,0.7853592857229037,AGN
2CXO J151646.4+071011,229.1936565944948,7.1698853374406175,9.61524015565698,50.19771694346719,-0.18488444722049,-0.021236727045597,-0.16489693941287,3.2808494577873e-14,X,0.8321385466851283,AGN
2CXO J174437.3-323223,266.15541330808924,-32.53981141989852,356.81333564854776,-1.6971449922688386,0.97813866333542,0.7158026233604,0.87070580886946,1.7160517893023999e-12,X,0.06936887611777048,stellar
2CXO J053526.7-052052,83.86155019461717,-5.348068978136465,208.99190289819524,-19.32708627051072,-0.072454715802623,-0.21361648969394,0.14490943160525,4.4764745415471005e-15,Y*?,0.008355081856742788,stellar
2CXO J165422.5-415455,253.59371319730417,-41.91553452444168,343.41849324674126,1.0969352655441011,-0.65584009993754,-0.27732667083073,-0.46221111805122,2.7390188150909998e-14,Y*?,0.002090733936817792,stellar
2CXO J053521.7-052310,83.84080831830744,-5.386296854368935,209.0181330077532,-19.362797741110214,-0.70455965021861,-0.56589631480325,-0.2261086820737,2.1879722646435003e-15,Rad,0.003344649976918043,stellar
2CXO J071838.0-245549,109.65873835084182,-24.930297812739845,238.15178698416568,-5.546607187502289,-0.52966895690194,-0.11992504684572,-0.43722673329169,3.52035366422e-14,Or*,0.07439821308516224,stellar
2CXO J124341.8+113313,190.92438593465727,11.553730617081085,295.9008342409492,74.3197143850254,0.30356027482823,0.21236727045596,0.068707058088695,1.9383386853217e-15,GlC,0.24623328239017564,stellar
2CXO J125835.4-014725,194.64778147042023,-1.790363164251346,306.6242493728356,61.03009136498532,-0.25858838226109,0.062460961898813,-0.31480324797002,3.7876334181373e-14,X,0.9950069618566592,AGN
2CXO J174538.0-285916,266.4086144086993,-28.988054768249743,359.95737355049783,-0.0297367685802173,0.96439725171768,0.97938788257339,-0.43472829481574,3.0973034861331003e-15,X,0.0,stellar
2CXO J112830.9+583344,172.12897860934436,58.5623532214834,141.90777057248516,55.40509167221182,0.71330418488445,0.29106808244847,0.53091817613991,2.8903878908485e-14,PoG,0.7089396998194103,AGN
2CXO J121843.8+471731,184.68284102614652,47.29214248151823,138.43166351108576,68.83967687944894,-0.02998126171143,0.092442223610244,-0.12242348532167,1.2167084456649e-13,HII,0.862835018746722,AGN
2CXO J114457.8+195301,176.2408304663411,19.883888704284683,234.84531450534735,73.1483181751671,-0.082448469706433,0.0037476577139288,-0.086196127420362,2.8790618269961e-14,X,0.711151501083549,AGN
2CXO J132536.3-430010,201.40124061290575,-43.00296581041833,309.54607196583703,19.42955873203158,-0.1998750780762,0.061211742660837,-0.25733916302311,1.3095789827718e-14,PN?,0.24610778304170303,stellar
2CXO J024028.8+390350,40.12005015547453,39.06400631037116,145.03771193216252,-19.081856062669758,0.057464084946908,0.12866958151156,-0.071205496564647,2.6332638961327e-14,Cl*,0.2442547964872327,stellar
2CXO J034643.5+235942,56.6817258918241,23.99497117484208,166.60968391920812,-23.653144196444213,-0.93566520924422,-0.67832604622111,-0.70331043098064,1.9923638728694e-14,Er*,0.008191098992657297,stellar
2CXO J174534.5-290016,266.3939224740134,-29.004518341439532,359.9366257824882,-0.0273471824011551,0.93441599000625,0.90443472829482,0.16989381636477,1.3891614960026e-15,X,0.008677726301446231,stellar
2CXO J121931.2+054817,184.88018753428932,5.804853008838055,281.90355130051125,67.36427077171032,0.098688319800125,0.089943785134291,0.0087445346658337,3.2271278501291e-14,X,0.8223623546768121,AGN
2CXO J174545.9-285927,266.4414807445801,-28.991047419216976,359.9697935727236,-0.0558360500295841,0.90693316677077,0.96564647095565,-0.55840099937539,1.7556085916393e-15,X,0.0025,stellar
2CXO J223606.5+335626,339.0271043668848,33.940573509621125,93.27283483507836,-21.022464673808617,-0.074953154278576,-0.014990630855715,-0.059962523422861,2.7398093390269998e-14,X,0.6818301605181533,AGN
2CXO J180341.7-242419,270.92409693939965,-24.405523943849357,5.950014373578893,-1.191757802419246,-0.29856339787633,-0.13866333541537,-0.16614615865084,1.5523517381404e-14,Or*,0.010013923713318244,stellar
2CXO J053523.2-044904,83.84702313162666,-4.817943650421386,208.4846840084436,-19.099416590337743,-0.88694565896315,-0.60087445346658,-0.61086820737039,5.1876387685508997e-14,Or*,0.09750319428716807,stellar
2CXO J143032.5-624144,217.63553482961936,-62.69577881964194,314.021855179539,-1.9775078113139195,-0.84946908182386,-0.41224234853217,-0.67083073079325,4.6515567240426e-14,SB*,0.0,stellar
2CXO J164441.3+573504,251.1721546723138,57.58464971113148,86.71785548027756,39.45982378573783,-0.38351030605871,0.034978138663335,-0.41224234853217,1.2249129862714e-14,X,0.718463375449938,AGN
2CXO J053517.2-052027,83.82177808462012,-5.341017166882215,208.9662462443152,-19.35920759195246,-0.77076826983136,-0.5421611492817,-0.38101186758276,1.2011450705714e-15,Or*,0.0016701439599415815,stellar
2CXO J180223.0-230144,270.5962176248878,-23.029097109111373,7.000159701925094,-0.2525821725692815,-0.48719550281074,-0.23735165521549,-0.28232354778264,4.5612955713127e-14,Or*,0.0,stellar
2CXO J181303.0-124907,273.2628455267625,-12.818920330629656,17.158005405621466,2.4933418567854013,0.97813866333542,0.63960024984385,0.89943785134291,1.451782940306e-13,Rad,0.019391272353035675,stellar
2CXO J053519.5-053651,83.83129445159545,-5.614358288655883,209.22932920223028,-19.474279229706838,-0.8844472204872,-0.41099312929419,-0.73454091193004,2.2865902146668e-14,Or*,0.015063157354753314,stellar
2CXO J123054.9+122538,187.7289144870971,12.42740202781977,283.8173948808818,74.53248195169992,0.031230480949407,0.15365396627108,-0.12242348532167,1.8297754324516e-14,X,0.3768704899093769,stellar
2CXO J053527.8-053109,83.86591943815824,-5.519226200576626,209.15580984173727,-19.40058261760809,0.86945658963148,0.45471580262336,0.67832604622111,,X,0.015864456462816673,stellar
2CXO J203351.8+601051,308.465905313705,60.18107965666314,95.66814342577018,11.791174905450536,0.089943785134291,0.071205496564647,0.01998750780762,7.8994525979384e-14,X,0.4833169603387804,stellar
2CXO J053746.5+261704,84.44406059694171,26.284713330302832,181.3358149145999,-2.8749996844692127,0.56089943785134,0.2948157401624,0.31730168644597,2.3674488248901e-13,Rad,0.09886723566588161,stellar
2CXO J011300.8-731229,18.25381926133855,-73.20817579248359,300.7743711523073,-43.8295701614236,0.078700811992505,0.088694565896315,-0.011242973141786,4.4985679721204e-14,X,0.7791002159581335,AGN
2CXO J233732.4-152042,354.38508253602936,-15.345237743862024,63.64611451233001,-69.17939398056942,-0.21611492816989,0.15490318550906,-0.35852592129919,7.541330789527099e-13,blu,0.9987539160401002,AGN
2CXO J165407.1-415000,253.5296023805884,-41.83336687729772,343.4521949573729,1.18578928125801,-0.53341661461587,-0.21486570893192,-0.35727670206121,2.6845720149249998e-14,Y*?,0.004170143959941581,stellar
2CXO J024238.9-000123,40.66250486862043,-0.0231222610585001,172.10591034820646,-51.945849369387375,-0.78201124297314,-0.49843847595253,-0.44347282948157,3.5968471033779e-15,HII,0.3417758563061304,stellar
2CXO J122502.0+125803,186.2586788644029,12.967507233768622,278.0656394539705,74.5501637162914,0.7420362273579,0.46096189881324,0.41349156777014,1.2441055227217e-14,PN,0.5265862126815177,AGN
2CXO J173143.8+663856,262.93253460181404,66.64906507764204,96.67814078380194,32.606306857588194,-0.10243597751405,0.19237976264834,-0.28856964397252,7.116467366499e-14,Rad,0.8055718578768257,AGN
2CXO J122803.9+440543,187.0162716086494,44.09548013836108,136.91928435500589,72.39245292024424,-0.013741411617739,0.23110555902561,-0.2423485321674,2.9172315466541e-14,SR?,0.8033754155798976,AGN
2CXO J004706.7-252127,11.777947217049473,-25.35772054244561,93.97327339465537,-87.98117539351449,-0.29856339787633,0.074953154278576,-0.36602123672705,,X,0.9893262497936971,AGN
2CXO J053549.1-064102,83.95473511168268,-6.684197146713827,210.303168235844,-19.844428700022355,-0.80324797001874,-0.40974391005621,-0.58588382261087,4.9763144888036e-14,Or*,0.011100048819839647,stellar
2CXO J085906.9-473102,134.77878828480277,-47.517297515040354,267.9480726026591,-1.0588633173949311,0.99937539038101,0.93316677076827,0.99937539038101,4.8971859855796e-14,Y*?,0.008150134247112745,stellar
2CXO J122504.1+125311,186.2671812019048,12.886545279701888,278.2104265024427,74.47854597571443,-0.18488444722049,0.072454715802623,-0.25484072454716,1.0665493466673e-14,Gl?,0.27017344736702675,stellar
2CXO J124010.4-113638,190.04336273957688,-11.61077250429278,298.5304523828537,51.16468224710047,0.24984384759525,0.2423485321674,0.0074953154278576,5.0011840373605e-14,GlC,0.6887212749491778,AGN
2CXO J053519.1-052118,83.82979713922873,-5.355074031477629,208.98336222829667,-19.358448923815384,0.99937539038101,0.99937539038101,0.99937539038101,1.1773148792516e-14,X,0.011679150011606475,stellar
2CXO J164422.4+573544,251.0932521973374,57.59561369578231,86.74248576646643,39.49915821785557,-0.18488444722049,-0.24109931292942,0.06371018113679,9.1069292748193e-15,X,0.3102056454759522,stellar
2CXO J180409.2-242720,271.03834902515,-24.45565075816569,5.9574276845007725,-1.3069897548358989,-0.43472829481574,,,1.9046684410848e-14,Or*,0.0056817330846004425,stellar
2CXO J180424.2-241831,271.1009696807025,-24.30866966908532,6.113528697483624,-1.2845969109817204,-0.49843847595253,-0.31980012492192,-0.21111805121799,4.4014090618405e-14,Or*,0.0037539160401002507,stellar
2CXO J174610.5-285550,266.5438919496396,-28.93063589936933,0.0680106054658834,-0.1009137346951024,0.98063710181137,0.99937539038101,-0.99937539038101,,X,0.0018238247539630532,stellar
2CXO J223952.0+751453,339.96682846350325,75.24825330951384,114.7195781720685,14.51682001666918,0.57713928794503,0.21861336664585,0.40849469081824,7.9538287404435e-14,X,0.07658951959007068,stellar
2CXO J165400.1-414739,253.5004638977712,-41.79436376657168,343.46876491807404,1.2272433949009267,-0.54840724547158,-0.2685821361649,-0.32479700187383,1.452689300673e-14,Y*?,0.0,stellar
2CXO J141606.5+522459,214.0271265405853,52.41651294865865,96.6480593535242,60.17458752350119,0.23610243597751,0.25359150530918,-0.034978138663335,7.1726612477765e-15,GrG,0.817497976636384,AGN
2CXO J031948.0+413101,49.95034833601028,41.51712943218156,150.57253560942866,-13.25681462153435,-0.21611492816989,0.056214865708932,-0.2685821361649,1.7708069127736e-14,X,0.502796511734477,AGN
2CXO J174510.8-290327,266.29501136731096,-29.057853208795837,359.8460184133225,0.0186343980952197,0.82073703935041,0.84946908182386,-0.10368519675203,1.6596959435158e-14,X,0.009801992436701202,stellar
2CXO J004728.6-251923,11.869296867055825,-25.32328800388701,96.509077598623,-87.98834131837746,0.80824484697064,0.47970018738289,0.52592129918801,5.4416018575513e-14,X,0.7422760832211979,AGN
2CXO J193955.7-310205,294.9823597220927,-31.034816343483897,8.715407325383108,-23.280773326016696,-0.3210493441599,0.00999375390381,-0.32854465958776,7.7083759164454e-14,X,0.9091200786578879,AGN
2CXO J174538.9-285721,266.41236551034854,-28.95615168950872,359.9863145552482,-0.0159167038935372,0.99937539038101,0.99937539038101,0.99937539038101,6.5671079558666e-15,X,0.0033426919712808943,stellar
2CXO J174541.0-285912,266.4208138112182,-28.986862171669205,359.96395075492217,-0.0382241560680591,0.79950031230481,0.88569643972517,-0.33479075577764,5.7828221919691e-16,X,0.001253916040100251,stellar
2CXO J054616.7+000712,86.56979362952109,0.1202677945923938,205.23243940194465,-14.399328257909026,0.017489069331668,-0.094940662086196,0.11242973141786,3.7548638404494e-14,Or*,0.051005629749015534,stellar
2CXO J174536.5-290202,266.4020563231477,-29.03409422614678,359.91508880393854,-0.0488293181890029,0.89818863210493,0.87570268582136,0.044971892567145,2.3329704057739002e-15,X,0.020321040294365825,stellar
2CXO J042655.9+260301,66.73313183526898,26.05021681037,171.8618481095298,-15.732928869664487,0.65334166146159,0.31605246720799,0.42473454091193,1.1305259797189e-14,X,0.16854630629032516,stellar
2CXO J045359.7-682804,73.49879039586403,-68.46790941736718,279.71773167188616,-35.75481501771754,0.30106183635228,0.41474078700812,-0.12991880074953,8.6172714431828e-14,XB?,0.774486078485423,AGN
2CXO J175132.5-293636,267.8855251576206,-29.61009417452981,0.0885501458617815,-1.4540150754224217,0.1211742660837,0.057464084946908,0.062460961898813,2.330862872674e-15,LP?,0.010950087148204913,stellar
2CXO J053459.3-052332,83.74711235716154,-5.392475142670803,208.9792360919597,-19.44878444315648,-0.7945034353529,-0.42723297938788,-0.52217364147408,1.180984085801e-15,Or*,0.0,stellar
2CXO J121707.4+374802,184.28108319984017,37.80074551515335,154.84889030207748,77.11887036084845,-0.16739537788882,0.1474078700812,-0.30605871330418,4.2780329861278e-14,X,0.9570939413883367,AGN
2CXO J174525.1-285703,266.35471259276187,-28.950927886125715,359.96448058508537,0.0298595813094249,-0.12367270455965,0.13491567770144,-0.25359150530918,3.1627359116307003e-15,X,0.001253916040100251,stellar
2CXO J084135.0+010156,130.39618783441475,1.032287966288639,225.32055940465148,24.80962822425476,0.14241099312929,0.5421611492817,-0.43472829481574,1.4293423467559998e-13,GrG,0.7167486942973811,AGN
2CXO J110423.1-585445,166.09652742221238,-58.91272610201837,289.4843765529198,1.1354390706244533,0.60587133041849,0.22735790131168,0.43722673329169,4.1263118232319e-14,X,0.014118243758424943,stellar
2CXO J135631.0-113555,209.12936011326872,-11.598645241906642,327.23542691952736,48.17825445581149,-0.86196127420362,-0.52467207995003,-0.61461586508432,1.5756136825871e-13,SB*,0.10436018929586025,stellar
2CXO J141511.8+361710,213.7994283504978,36.28640659094186,65.4188677311958,70.03024089098339,-0.368519675203,-0.026233603997502,-0.34353529044347,8.9383903753572e-15,X,0.2065547277125581,stellar
2CXO J012556.3-012515,21.484839266084748,-1.420817100128415,142.2112194569043,-62.99389568002892,-0.51842598376015,-0.19113054341037,-0.36102435977514,2.8277535106699997e-14,X,0.9350468373467529,AGN
2CXO J180413.0-242613,271.0545487987039,-24.43707445286372,5.980856149724706,-1.3107260327503567,0.22361024359775,0.052467207995003,0.17239225484072,2.3902181360747e-14,Or*,0.0016701439599415815,stellar
2CXO J174540.1-285900,266.4174287168187,-28.983561843982443,359.965225403045,-0.0339773323347026,0.94565896314803,0.92692067457839,0.1211742660837,2.7133430559504e-15,X,0.009598566017018296,stellar
2CXO J004733.5-251816,11.88984390806462,-25.30471111696321,97.2135748069055,-87.97962975813373,0.034978138663335,0.091193004372267,-0.056214865708932,1.7389031714715e-14,X,0.5158021594350471,AGN
2CXO J161715.8-225517,244.3159717573585,-22.92158967482782,352.752748337466,19.461787985462557,-0.6633354153654,-0.22236102435978,-0.51467832604622,3.574957011978e-14,X,0.010321264594830378,stellar
2CXO J053537.3-052641,83.9057973525413,-5.4449089462874,209.10454522992043,-19.33159195994153,-0.99937539038101,-0.9106808244847,-0.90693316677077,3.5151381075403002e-15,Or*,0.0016736357934350825,stellar
2CXO J165422.9-414810,253.59538311171295,-41.80286908743782,343.50678436676407,1.1669550400543205,-0.59837601499063,0.034978138663335,-0.60087445346658,1.3053429386731002e-15,Y*?,0.011857992467045086,stellar
2CXO J145006.9+085924,222.52899556510067,8.990235449955893,5.640103324766166,56.62218221115586,-0.30730793254216,-0.09369144284822,-0.21861336664585,7.9958635382211e-14,GrG,0.9809585629107205,AGN
2CXO J104437.4-593255,161.15596237983118,-59.54870343977076,287.4847315845723,-0.5351963386143946,-0.95065584009994,-0.65209244222361,-0.77701436602124,4.4224310534994996e-14,SB*,0.001253916040100251,stellar
2CXO J174537.0-285920,266.4045491461392,-28.98897163289626,359.95473824865195,-0.0271793022291415,0.75952529668957,0.99937539038101,-0.99937539038101,1.3297076339008001e-15,X,0.0009235478366945722,stellar
2CXO J032244.2-370613,50.68446733874873,-37.103661917793765,239.97187797605045,-56.693303563364736,-0.75202998126171,0.094940662086196,-0.78700811992505,8.1881725898385e-14,X,0.3000903222838176,stellar
2CXO J020938.5-100847,32.41051054388845,-10.146575545747798,173.99146258004092,-64.94306761767565,-0.11242973141786,0.057464084946908,-0.1686445971268,2.9422606555714e-14,X,0.948769129507692,AGN
2CXO J183627.6-234506,279.1152270243707,-23.7518601318678,10.036756876291394,-7.496370749663575,0.24984384759525,0.21986258588382,0.02998126171143,6.4178800002578e-14,X,0.15818242958412546,stellar
2CXO J122517.6+181349,186.3234573062532,18.23054424893384,267.48285052366185,79.2566124659337,-0.034978138663335,0.091193004372267,-0.12742036227358,2.7665092271198e-14,X,0.7235433255159884,AGN
2CXO J033830.6-352638,54.62736463237764,-35.44418197351441,236.70515157726933,-53.63075190516151,-0.087445346658339,0.63335415365397,-0.70081199250468,1.4534998720806e-15,GlC,0.5470305267616031,AGN
2CXO J013342.5+304253,23.427249861663935,30.714882689255724,133.56354408647923,-31.282711878744845,0.60462211118051,0.37851342910681,0.28482198625859,1.3118235762499999e-14,X,0.3748038035415295,stellar
2CXO J122428.4+071831,186.1185171109012,7.308621254723293,283.8167605877484,69.17362991210473,-0.48719550281074,-0.15490318550906,-0.35852592129919,9.3114944222864e-15,Gl?,0.3111036184560103,stellar
2CXO J130527.2-492806,196.36356831665967,-49.46842500473254,305.2714528997999,13.339641991679828,0.99937539038101,0.99937539038101,0.99937539038101,8.0598658074227e-14,Cl?,0.2339009898892122,stellar
2CXO J111816.8+074600,169.57023816726542,7.766706211311737,249.8865370442346,60.64451455757675,0.1998750780762,0.064959400374766,0.13616489693941,5.7636465282902e-14,gLS,0.770815263257294,AGN
2CXO J165351.6-415032,253.46520399213148,-41.842473363199474,343.41484964854976,1.2172671604853529,-0.93191755153029,-0.70830730793254,-0.65209244222361,1.9293082478001e-14,SB*,0.005637722551322972,stellar
2CXO J005414.4-372938,13.560262161143498,-37.494148499005455,299.84535576635216,-79.61729905027875,-0.23985009369144,-0.0074953154278576,-0.23235477826359,9.4430692824243e-14,X,0.9765368367516711,AGN
2CXO J180343.6-242339,270.93181473608934,-24.394397280437435,5.963161580884729,-1.1924118903913556,-0.35977514053716,-0.15990006246096,-0.21111805121799,1.3730043130199e-14,Or*,0.017428293860184012,stellar
2CXO J181901.6-134515,274.75673884501543,-13.75446759271349,17.02610291088881,0.7694958732322281,-0.17239225484072,-0.091193004372267,-0.08369768894441,3.9867396764766e-14,Or*,0.0026304432013811584,stellar
2CXO J172509.9-341050,261.29129630558805,-34.180856907685275,353.23414529086193,0.8296655144666837,-0.99937539038101,-0.99937539038101,-0.25858838226109,1.0596994578099e-15,NIR,0.0004131150925057845,stellar
2CXO J013324.4+302504,23.351925190256395,30.417998627420037,133.5552520273872,-31.586515389273767,0.52717051842598,0.39225484072455,0.15115552779513,7.5054167893538e-14,X,0.41128700140285274,stellar
2CXO J022311.5+425932,35.79820223272321,42.99244476829238,140.25403058030065,-16.771890948771443,-0.47595252966896,-0.033728919425359,-0.4472204871955,5.7314555162702e-14,IR,0.40559197807037434,stellar
2CXO J105710.5-034014,164.29373767940615,-3.6708719499696674,256.6712923524429,48.66414012458111,-0.24859462835728,0.0037476577139288,-0.25109306683323,2.4452784816182998e-14,X,0.7905964865736259,AGN
2CXO J174532.0-290110,266.38349604784594,-29.01967668844443,359.9189367671335,-0.0274649162901111,0.99937539038101,0.86445971267958,0.99937539038101,1.7778768678476e-15,X,0.002090733936817792,stellar
2CXO J032923.8+394731,52.349509240929365,39.79218059594767,153.11957377131995,-13.645404690440555,-0.48469706433479,0.037476577139288,-0.51217988757027,1.1870848830654e-13,Rad,0.3744810687422698,stellar
2CXO J151314.4-590335,228.31048394213167,-59.05986345628601,320.2848149047704,-1.0513884771669115,-0.9156777014366,-0.81449094316052,-0.38600874453467,1.9660498405138e-14,X,0.00425837585888057,stellar
2CXO J174552.0-290324,266.46671269185765,-29.056806049549845,359.9251395156392,-0.1089115031377362,0.96689569019363,0.9843847595253,-0.34478450968145,1.1543932430971e-14,X,0.0029240600000418325,stellar
2CXO J174546.3-285855,266.4430820564951,-28.98222234815527,359.9780570047377,-0.0524361017777076,0.9369144284822,0.85696439725172,0.28856964397252,1.6795842892201001e-15,X,0.008677726301446231,stellar
2CXO J215012.5-054113,327.552424127205,-5.68706040312183,51.01107382897147,-41.91596046968099,-0.1948782011243,0.082448469706433,-0.27108057464085,6.0594736558518e-14,X,0.9837861037134438,AGN
2CXO J144031.3-623822,220.13054127298847,-62.6396534919972,315.09900020186404,-2.3734622392362543,-0.80949406620862,-0.52717051842598,-0.49219237976265,1.9781911688232e-14,X,0.0,stellar
2CXO J091934.9+303155,139.89554218674914,30.532228955700027,195.52460102055215,43.89811794318249,-0.38850718301062,-0.10493441599001,-0.29356652092442,2.4132182198026e-13,gLS,0.9912722018104535,AGN
2CXO J180405.7-241455,271.023907002558,-24.248610137884548,6.131406274374472,-1.1939198546371006,-0.39850093691443,-0.13366645846346,-0.27857589006871,2.3899124267429998e-14,Or*,0.004594203959983414,stellar
2CXO J004743.0-251322,11.92943070682412,-25.223049274747204,99.06716306887526,-87.92001096415224,0.25234228607121,0.26608369768894,-0.016239850093691,2.8413122266257e-14,X,0.542360530992883,AGN
2CXO J053526.4-052302,83.86003653593787,-5.383998503776311,209.0251381119274,-19.344685090608905,0.90318550905684,0.47220487195503,0.74828232354778,4.8590515502532e-15,Or*,0.017750627287021644,stellar
2CXO J175130.6-293227,267.87752441912903,-29.541055399812727,0.1443918255412795,-1.412803082326476,-0.97938788257339,-0.77451592754528,-0.83073079325422,3.1146789000951e-15,X,0.0,stellar
2CXO J174511.6-285121,266.29848060653217,-28.856023667941606,0.0197755681592761,0.1213616207171592,0.94066208619613,0.99937539038101,-0.99937539038101,6.0501167739538e-14,X,0.0075802423575404764,stellar
2CXO J133817.8+481640,204.57408460547757,48.27804106831514,102.72539224370954,66.97046997384005,0.15865084322299,0.53091817613991,-0.40599625234229,2.2174815352033e-13,PaG,0.9162193351479218,AGN
2CXO J053432.5-054342,83.63579471701274,-5.728350169458681,209.2441817717327,-19.699324165472017,-0.79075577763898,-0.40474703310431,-0.5633978763273,5.5217912553676997e-14,Or*,0.001253916040100251,stellar
2CXO J180349.2-242208,270.9549891817419,-24.36905531474968,5.995611328410281,-1.198346525392688,-0.36102435977514,-0.24109931292942,-0.12991880074953,1.6383708393039e-14,Or*,0.0,stellar
2CXO J171440.7-400235,258.6696255781029,-40.04295078656944,347.23154865547434,-0.8121983459911741,0.9156777014366,0.4684572142411,0.77951280449719,1.6931167007144e-13,X,0.02953321340600947,stellar
2CXO J174529.0-290406,266.37098926562044,-29.06851364881264,359.87155935788513,-0.0435889107486341,0.99937539038101,0.97189256714553,0.99937539038101,1.6658741099731e-14,X,0.002510453690152624,stellar
2CXO J174542.7-285353,266.42814841241443,-28.898307758676594,0.0428863188618533,0.0024238377687994,0.99937539038101,0.99937539038101,0.76577139287945,1.9718634730969e-14,X,0.025146455134259442,stellar
2CXO J133702.4-295126,204.26009700551185,-29.857265908796837,314.5919219362934,31.979883664422392,-0.94316052467208,-0.65708931917552,-0.75078076202374,4.1710364540513e-15,Cl?,0.011030812408279259,stellar
2CXO J053520.2-051359,83.83426555078233,-5.233162119329627,208.8703054414921,-19.299281529203277,0.3997501561524,0.067457838850718,0.33853841349157,7.0705301598018e-15,Or*,0.059806956764321476,stellar
2CXO J104219.4-595051,160.5809300533433,-59.84764287187626,287.36983050449726,-0.9356223382721652,0.067457838850718,0.10743285446596,-0.041224234853217,8.485428997497e-14,Or*,0.015934403065804167,stellar
2CXO J165430.0-415604,253.6252689289247,-41.93456433967122,343.4185033651785,1.0667135189137251,0.11242973141786,0.18363522798251,-0.0737039350406,3.2501568802144997e-14,gD*,0.012915171793561523,stellar
2CXO J212959.0-043818,322.4958855288394,-4.638485969908863,48.783654328618574,-37.06715170733499,-0.93816364772017,-0.64459712679575,-0.7420362273579,9.1779371777164e-14,SB*,0.007931892080242335,stellar
2CXO J123044.6+122201,187.68609849715065,12.367001431541675,283.73566665201105,74.46234089324845,-0.24984384759525,-0.013741411617739,-0.23610243597751,2.1195846655565e-14,X,0.8597387947585379,AGN
2CXO J093401.9+551428,143.5081628396307,55.24119475277708,160.52519192333492,44.84162999085128,-0.32979387882573,0.033728919425359,-0.35852592129919,6.9495087610713e-14,Rad,0.9584373468474224,AGN
2CXO J133728.9-294942,204.37055886188227,-29.828497923396775,314.7094718276234,31.98805252195786,0.60836976889444,0.35227982510931,0.3210493441599,1.0984429974465e-14,X,0.34447209055251016,stellar
2CXO J013438.7+304539,23.661391662525887,30.76091072954111,133.78410844890527,-31.198709443209943,-0.022485946283573,0.11242973141786,-0.13616489693941,1.864626036987e-14,X,0.43056850169387956,stellar
2CXO J165414.6-414556,253.56110339230625,-41.76557664237794,343.5196342265244,1.210302971890878,-0.038725796377264,0.0049968769519051,-0.043722673329169,4.2596559056224e-14,Y*?,0.007010333643677675,stellar
2CXO J104749.5+123459,161.95625271985023,12.583299327722248,233.48708050189637,57.633324300440265,-0.018738288569644,0.17489069331668,-0.19237976264834,1.4839668719399998e-14,X,0.8882630739058206,AGN
2CXO J141551.4+112700,213.9645478534553,11.450138685151703,358.68582001897937,64.72705836516323,-0.49843847595253,-0.19113054341037,-0.33853841349157,1.1747326560629e-14,X,0.7489300309177858,AGN
2CXO J133214.7+502209,203.06131513979253,50.36915740954972,107.13053444238922,65.48863216524774,-0.25733916302311,-0.0087445346658339,-0.24984384759525,4.7124721345528e-14,X,0.9987539160401002,AGN
2CXO J174556.9-285519,266.48748740977794,-28.922249374983608,0.0494902820398149,-0.0543896467602679,-0.26233603997502,0.33229231730169,-0.54590880699563,2.6612277275252002e-15,X,0.007565236235652666,stellar
2CXO J172354.0-340849,260.9751592977716,-34.14729890508527,353.114768763111,1.0648345015961531,0.21861336664585,0.16989381636477,0.013741411617739,1.1083918369808e-11,IR,0.21472008392825712,stellar
2CXO J053512.4-052031,83.80190125887498,-5.34213329522664,208.95780718467248,-19.377360418027965,0.99937539038101,0.99937539038101,-0.99937539038101,8.455357513015e-16,X,0.018048219124009186,stellar
2CXO J053841.5-690556,84.67292663758855,-69.09915677289992,279.4632686871464,-31.673410835140658,-0.5896314803248,-0.26358525921299,-0.38226108682074,2.0341511917164e-15,X,0.08563578577496411,stellar
2CXO J123051.8+122251,187.7161075600876,12.38094449732875,283.8245909083132,74.48440849490252,-0.071205496564647,0.71830106183635,-0.99937539038101,6.540906802895701e-16,GlC,0.3686151887471904,stellar
2CXO J071841.9-245850,109.67478377855252,-24.980698606977622,238.2034721366161,-5.556879155229955,-0.43972517176765,-0.079950031230481,-0.37226733291693,3.3403891228227e-14,Or*,0.050659454264565563,stellar
2CXO J053507.8-051704,83.78276031599302,-5.284737092485325,208.8944121667615,-19.36836874764061,-0.82573391630231,-0.39850093691443,-0.62460961898813,3.3144902962653e-15,Or*,0.0,stellar
2CXO J053512.3-052131,83.80164643800902,-5.35872821571831,208.97337283569624,-19.385096605117248,-0.34353529044347,0.14990630855715,-0.45221736414741,3.5376295086871e-16,LM*,0.2399594405680764,stellar
2CXO J001824.3-410549,4.60163379542081,-41.09701432624664,326.7709737629873,-74.4663968947866,-0.35727670206121,0.028732042473454,-0.38101186758276,2.6119956197315e-13,blu,0.9975,AGN
2CXO J151037.5+332703,227.6563344150219,33.45085026083025,53.44634536396738,59.44388847576925,-0.13866333541537,0.12367270455965,-0.25858838226109,4.0126617421013e-14,X,0.995627941637904,AGN
2CXO J174554.7-290318,266.4782960965488,-29.05515727056252,359.9318180960822,-0.1166988405489283,0.99937539038101,0.94565896314803,0.99937539038101,1.5212829821258e-14,X,0.007108149483629538,stellar
2CXO J123059.5+122510,187.74824749342795,12.419496812831284,283.8938002809555,74.53055896556629,-0.25858838226109,-0.0049968769519051,-0.25484072454716,1.552345166327e-14,X,0.7460589086119055,AGN
2CXO J130509.7-493143,196.29066551260428,-49.52866349693393,305.2194481014601,13.282114883416234,0.80324797001874,0.48469706433479,0.51717676452217,3.7823720653544e-14,X,0.1965540634421936,stellar
2CXO J031956.0+413315,49.983729473310575,41.55424824351029,150.5729134408556,-13.21207055461548,0.11118051217989,0.20237351655215,-0.09369144284822,1.6476879786919998e-14,X,0.22013796358261573,stellar
2CXO J103625.7-273728,159.10709913687356,-27.62465758499028,269.60271739074955,26.37176580639623,-0.2998126171143,-0.017489069331668,-0.28357276702061,1.0128894091076e-13,X,0.9774784621740422,AGN
2CXO J045554.7-662714,73.97820448812428,-66.45401956700057,277.26512575222114,-36.13866102596336,0.018738288569644,-0.0012492192379763,0.01998750780762,1.2638321967707e-14,X,0.7029863811404689,AGN
2CXO J173638.8+820632,264.1616904296136,82.10890034008843,114.3477609133902,29.39556423227349,-0.10618363522798,0.12866958151156,-0.23235477826359,4.3264817301464e-13,X,0.9472695735398723,AGN
2CXO J174536.6-290202,266.402890150242,-29.033938106233567,359.9156019218313,-0.0493702295774948,0.88694565896315,0.94316052467208,-0.37726420986883,1.2298516542769e-15,X,0.0025,stellar
2CXO J213624.1+572222,324.1006924293034,57.3727658909532,98.9557379816182,3.8814445122872687,0.52966895690194,0.32979387882573,0.23860087445347,2.2191336758871e-13,X,0.07571611497979024,stellar
2CXO J203314.4+411923,308.31007317937826,41.32324862288672,80.23019190016413,0.7944497436255834,0.6420986883198,0.1686445971268,0.52966895690194,4.6798626811429996e-14,Y*?,0.0029275518335353332,stellar
2CXO J111125.6+554401,167.8569517430279,55.73360199372677,148.25856189510478,56.19951431662647,-0.36102435977514,-0.054965646470956,-0.31105559025609,3.8622392225873e-14,X,0.9733153676420437,AGN
2CXO J141538.4+112922,213.9101009698055,11.48949883120916,358.6724246886739,64.79311771408307,0.92317301686446,0.5946283572767,0.72454715802623,4.0423968005243e-14,Rad,0.681780627309129,AGN
2CXO J132556.8-430044,201.48692349507428,-43.01231838138272,309.61044932798524,19.4114734203427,-0.061211742660837,-0.039975015615241,-0.01998750780762,4.7034855851874005e-15,X,0.08630059841989914,stellar
2CXO J174542.0-285824,266.42529648576533,-28.973511686146328,359.97738962262594,-0.0346172674204908,0.97314178638351,0.98813241723923,-0.44597126795753,1.0982183376419e-14,X,0.0,stellar
2CXO J145648.9+222402,224.2036999718921,22.400639879834944,30.444378882270215,61.22440823312546,-0.2473454091193,-0.02998126171143,-0.21861336664585,4.4476838522327e-14,X,0.9796307755006898,AGN
2CXO J180337.8-242142,270.90768798045906,-24.36182280246426,5.980735443177554,-1.1572648432586408,0.58588382261087,0.32479700187383,0.3210493441599,3.2572985874396e-14,Or*,0.0046697573912340634,stellar
2CXO J180350.7-242012,270.9612811836686,-24.336956018829,6.026393601919494,-1.1875722626116971,-0.1261711430356,-0.034978138663335,-0.091193004372267,1.5019327833187e-14,Or*,0.01135091329588111,stellar
2CXO J123551.1+263101,188.96328563068343,26.51702833830372,222.019009479878,86.46985644909692,-0.17738913179263,0.13241723922548,-0.30231105559026,7.2901170380336e-14,X,0.9263639259323824,AGN
2CXO J011859.0-341428,19.74583625733959,-34.24128045375649,264.8617523363221,-80.74993404884935,-0.83447845096814,-0.38600874453467,-0.66083697688944,8.2511600173229e-14,Pe*,0.4297741653491194,stellar
2CXO J113304.9+255355,173.2704728855881,25.89874514720942,212.4981012506053,72.44583343851558,-0.37976264834478,0.062460961898813,-0.43222985633979,5.8172796277251e-14,X,0.9908512081655693,AGN
2CXO J053521.7-052339,83.84070969894617,-5.394252745224589,209.02560696248975,-19.36648384285128,0.99937539038101,0.22361024359775,0.99937539038101,2.4453557753251e-15,Or*,0.009887477616015413,stellar
2CXO J104405.8-593511,161.02424155413348,-59.58659009269717,287.4435429180322,-0.5999305991173681,-0.49094316052467,-0.34978138663335,-0.16739537788882,1.8920405135286e-14,Y*?,0.0,stellar
2CXO J141623.5+230958,214.09809226807383,23.16638596585096,25.978238052492895,70.39638877787259,0.87570268582136,0.67083073079325,0.48219862585884,8.603135086839999e-14,X,0.9604247907738208,AGN
2CXO J150859.0+570628,227.24580892537665,57.10801126408892,93.47139085054438,51.42034664638462,-0.37726420986883,0.09369144284822,-0.45471580262336,4.9717339357367e-14,X,0.9630292249323061,AGN
2CXO J134254.3+282806,205.7266592327927,28.468385014689662,42.62929303728803,78.5447981469061,-0.31980012492192,0.09369144284822,-0.40099937539038,3.9760786708026e-13,Rad,0.9950069618566592,AGN
2CXO J123046.2+122349,187.69269133174657,12.397005228201042,283.7250242837726,74.49289548940017,0.068707058088695,0.39725171767645,-0.34853216739538,1.062640543543e-14,GlC,0.3227511618876596,stellar
2CXO J112833.6+583350,172.140385030174,58.564057543343296,141.89738710230935,55.406973732099225,-0.76077451592755,-0.53091817613991,-0.38226108682074,2.0928262663902e-14,X,0.7327429524734699,AGN
2CXO J053524.6-052104,83.85259047194882,-5.351195135974953,208.99057954298436,-19.33645602724376,0.99937539038101,0.90068707058089,0.72579637726421,8.1475391998554e-15,Or*,0.04888867656625288,stellar
2CXO J123044.6+122140,187.68584376994875,12.361293182700493,283.74116255570726,74.45682021388023,-0.26108682073704,0.1211742660837,-0.37226733291693,1.315739788283e-14,X,0.5538355313254284,AGN
2CXO J174530.1-285813,266.37558245646414,-28.97049840012522,359.95729914157897,0.0040746217101943,0.99937539038101,0.9631480324797,0.99937539038101,8.4896960122194e-15,MoC,0.0008368178967175413,stellar
2CXO J085328.2+511834,133.36756456892084,51.30966944054649,167.3321632817262,39.66844165614475,-0.21861336664585,0.1211742660837,-0.32979387882573,1.1848281290643999e-14,X,0.8630154647065459,AGN
2CXO J053459.4-052615,83.74788527856833,-5.437825725643403,209.022502434883,-19.468609460993346,0.9631480324797,0.66583385384135,0.81698938163648,8.2986356420347e-15,X,0.03533251299239812,stellar
2CXO J214258.6+660610,325.7440861349269,66.10287136763688,105.39680603676918,9.877640546813804,-0.45346658338538,-0.14865708931918,-0.32354778263585,8.3373853561022e-14,X,0.15542182417532455,stellar
2CXO J053516.9-052209,83.82054740466691,-5.369389603861019,208.99247749600303,-19.37313885350208,-0.72204871955028,-0.44097439100562,-0.37601499063086,6.8635025751806e-16,LM*,0.0008368178967175413,stellar
2CXO J123957.3-113720,189.98905883657412,-11.622263537778524,298.4471426185233,51.14947562445731,0.016239850093691,0.20737039350406,-0.19237976264834,3.0354569136915e-14,GlC,0.883668831599848,AGN
2CXO J174928.3-291859,267.36805520709856,-29.316560265947327,0.1099317960949711,-0.9167110593702928,-0.76577139287945,-0.25359150530918,-0.63460337289194,2.5458642048148e-13,X,0.0056427355747636085,stellar
2CXO J012540.1-011943,21.417356616165705,-1.3288250692916674,142.01013191649858,-62.92565594364142,-0.32604622111181,-0.0049968769519051,-0.3210493441599,3.3377622594548e-14,X,0.9941646689413255,AGN
2CXO J125329.2-090201,193.37183292271288,-9.033857898279065,303.789397976512,53.83447754358215,-0.3210493441599,0.15365396627108,-0.44971892567146,7.812409311537e-14,X,0.9340436668570837,AGN
2CXO J031103.6-270156,47.76542358204182,-27.032239035486,220.9055908625982,-59.02317338623743,0.92567145534041,0.90693316677077,0.08369768894441,2.0961863045391998e-13,X,0.997135605521218,AGN
2CXO J131659.8+285750,199.2494422597763,28.963916383492386,52.44721390103154,84.07021981788725,-0.48594628357277,-0.12991880074953,-0.37726420986883,4.4162548273182e-14,blu,0.7351185909402961,AGN
2CXO J222314.6-013936,335.8109416672808,-1.6601918711923644,62.23442379359743,-46.32218307297301,-0.36602123672705,-0.11867582760775,-0.25858838226109,2.1935933562959997e-13,ClG,0.9705291289390291,AGN
2CXO J095651.4+685606,149.21395450724174,68.93503418296699,142.14329959360495,41.07059682151564,0.18488444722049,0.17239225484072,0.00999375390381,3.1046777579135e-14,X,0.8065422724633877,AGN
2CXO J034437.3+321223,56.15578603185173,32.20669867261608,160.47039251774407,-17.761282946863727,-0.38725796377264,-0.33354153653966,-0.057464084946908,5.470547254118e-15,Or*,0.004348411732403936,stellar
2CXO J123046.1+122328,187.69241004793912,12.391300254242244,283.7304388571963,74.48737046939057,0.12367270455965,0.37601499063086,-0.26733291692692,1.6588222818343e-14,X,0.5113150056751217,AGN
2CXO J042649.2+255704,66.70541846180271,25.95105206396629,171.92159746541574,-15.81747442893189,0.087445346658338,0.16239850093691,-0.077451592754529,2.1694613099268e-14,X,0.2871769252826251,stellar
2CXO J174510.9-290403,266.2957514405815,-29.067768595504084,359.8378976046968,0.0129085067935977,0.79575265459088,0.85196752029981,-0.096189881324172,2.3462845351404e-14,X,0.01582838020924722,stellar
2CXO J190150.4-365637,285.4602875868624,-36.943951199176034,359.93756367018915,-17.838694941537877,0.789506558401,0.2211118051218,0.68332292317302,2.0029627613309e-14,,0.009191267189543805,stellar
2CXO J013409.9+305045,23.541373342666983,30.845943674290496,133.6466520929636,-31.135274451311865,0.24859462835728,0.11992504684572,0.12866958151156,9.2386886096779e-15,X,0.3925274939690425,stellar
2CXO J225627.7+623928,344.1158433747257,62.65786348581828,110.15737092354476,2.67302118948794,-0.077451592754529,0.012492192379763,-0.088694565896315,6.625107001580399e-14,Or*,0.014189299953836085,stellar
2CXO J174532.9-285823,266.38734114497834,-28.97327554202908,359.9602906997203,-0.0061522595151317,0.99937539038101,0.96939412866958,0.99937539038101,8.871004785018e-15,X,0.0008368178967175413,stellar
2CXO J063214.8+044855,98.06169962769413,4.815418067139907,206.4559187126839,-2.0571963473968222,-0.30480949406621,-0.19113054341037,-0.11992504684572,4.1766114858318e-14,Or*,0.006472136396642783,stellar
2CXO J183402.1+491817,278.5090579222492,49.30467923629232,78.02284415765385,22.938383761851515,0.1524047470331,0.24609618988132,-0.096189881324172,3.3471120257782e-13,X,0.5001244793978864,AGN
2CXO J165425.6-414717,253.6070065808716,-41.78832576024315,343.523541518244,1.169387279751648,-0.26733291692692,-0.10368519675203,-0.16739537788882,4.1235986318231e-14,Y*?,0.005005874074563353,stellar
2CXO J210649.1+233336,316.7048471562339,23.559975449962405,70.63756971660881,-15.789399228070284,0.0024984384759525,0.17114303560275,-0.1686445971268,4.9581010368392e-14,X,0.6411848758782779,AGN
2CXO J063329.1+174837,98.371276939903,17.810302765802078,195.05263141539973,4.195680348010934,0.099937539038101,0.10368519675203,-0.0049968769519051,1.0002887263464e-14,X,0.09059385334046353,stellar
2CXO J095543.7+685905,148.93234921107592,68.98482915947402,142.1668549676754,40.95930775463516,-0.65459088069956,0.11867582760775,-0.71455340412242,3.1934671895967e-11,X,0.6771528158485487,AGN
2CXO J123650.2+622145,189.20951599655064,62.36252273080325,125.85997597099713,54.68264879475521,-0.14241099312929,0.13991255465334,-0.27482823235478,5.6368268684685e-15,X,0.9446476027120693,AGN
2CXO J165401.4-414952,253.50583211755668,-41.83132739407144,343.44260403966695,1.200819276233993,-0.52592129918801,-0.13491567770144,-0.420986883198,2.1428682226519e-14,Y*?,0.010229544270236535,stellar
2CXO J005221.6+473543,13.090342477065406,47.595480588648726,123.0933131897709,-15.275977621892892,-0.76951905059338,-0.46096189881324,-0.47595252966896,1.2140931653963e-14,SB*,0.012778341095981588,stellar
2CXO J053254.1-704027,83.22552626307197,-70.67429666666004,281.37864322625205,-31.95516401305046,-0.024984384759525,0.11992504684572,-0.14490943160525,9.0156380394326e-14,Rad,0.4023231534108131,stellar
2CXO J162714.9-260248,246.81248013580785,-26.046860318009287,351.91367551591594,15.681898739638273,0.11367895065584,0.2423485321674,-0.13116801998751,5.1980502924604e-14,CV?,0.36673477944707455,stellar
2CXO J040717.6-480655,61.82359158921128,-48.11538075304637,255.50981257648144,-46.85095137803281,-0.62211118051218,-0.2261086820737,-0.45846346033729,1.3137122362798e-13,Pe*,0.7975420599200531,AGN
2CXO J053533.4-052702,83.8893978584415,-5.450609781867266,209.1021147273298,-19.34873137177837,0.83198001249219,0.55840099937539,0.4946908182386,5.6545483109907e-15,X,0.020666655028085137,stellar
2CXO J011229.4-722708,18.12289082378072,-72.45231374511378,300.7063459514708,-44.58484692879262,0.036227357901312,0.19237976264834,-0.15740162398501,5.5321459308957e-14,X,0.7728312033356832,AGN
2CXO J172435.4-341238,261.14748403459043,-34.21079579568926,353.1425528895461,0.9112636714123796,0.65708931917552,0.36477201748907,0.37976264834478,1.2663550975124e-13,NIR,0.007100298313683302,stellar
2CXO J053528.2-045837,83.867577273292,-4.977153198548336,208.6446254873561,-19.153565886767165,0.99937539038101,0.60712054965646,0.99937539038101,3.2996167227184e-14,IR,0.06929803141135986,stellar
2CXO J053915.9-685751,84.81633746942782,-68.96441143743073,279.29922133869667,-31.637486332674456,-0.48594628357277,0.24859462835728,-0.65958775765147,1.3867003748287e-14,X,0.4262858044667331,stellar
2CXO J174552.8-284916,266.47013050243265,-28.821387597556388,0.1277011142667163,0.0110869865266097,0.99937539038101,0.99937539038101,-0.99937539038101,1.6669737194505e-14,X,0.003217768380576457,stellar
2CXO J122536.7+125956,186.4032136583137,12.99902473612994,278.5105937649029,74.63294396668563,-0.30356027482823,0.089943785134291,-0.38351030605871,3.1560060331179e-14,X,0.9852584593672219,AGN
2CXO J053521.8-050701,83.84122997901284,-5.117203860005555,208.7641454954031,-19.240528417588184,-0.55590256089944,-0.18363522798251,-0.41349156777014,5.0510714341229997e-14,Or*,0.02408909620938705,stellar
2CXO J121514.3+331105,183.80975163765092,33.18483001310689,172.98235855731684,80.11242367805804,0.93816364772017,0.79325421611493,0.56589631480325,1.4422887801898e-13,Rad,0.959547966100097,AGN
2CXO J172438.1-341241,261.1589093855034,-34.21162598145046,353.14717905945275,0.9029832163682584,0.57838850718301,0.20112429731418,0.14865708931918,1.7870771758108003e-15,NIR,0.011021922768336533,stellar
2CXO J140100.2+025718,210.25115317216887,2.955038333969693,340.4561563993347,60.65432341387347,-0.23610243597751,0.092442223610244,-0.3210493441599,2.5024545299686e-14,X,0.9108496109494445,AGN
2CXO J174806.3-244504,267.0266614352407,-24.75139357020509,3.866208744990639,1.696067861374415,0.97439100562149,0.92816989381636,0.59088069956277,1.611219112383e-14,Rad,0.00922330041050238,stellar
2CXO J090512.2+340705,136.30083360650616,34.11810042498825,190.0781620263837,41.43752961210518,-0.10993129294191,-0.056214865708932,-0.053716427232979,3.7676453764495e-14,X,0.840481294339673,AGN
2CXO J225642.3+624308,344.1765491858016,62.719081591109344,110.20880486557677,2.71642479067651,0.19862585883823,0.039975015615241,0.15990006246096,1.1024887551792999e-13,Or*,0.0064303186079773655,stellar
2CXO J092001.1+303404,140.00498153281524,30.5680735650929,195.4973040797769,43.99701777602522,-0.1998750780762,0.043722673329169,-0.24109931292942,1.3228139315219998e-13,Rad,0.9709797909175013,AGN
2CXO J061721.6+782221,94.34042100415844,78.37251228822066,135.6198796034213,24.838001502302426,-0.22485946283573,0.032479700187383,-0.25484072454716,4.8859715335634e-14,X,0.9019799524372678,AGN
2CXO J111108.1-603657,167.7837117744399,-60.6159275024968,290.9296385357687,-0.1029526573703658,-0.70455965021861,-0.47720174890693,-0.31980012492192,1.488478858095e-15,X,0.004093235500294966,stellar
2CXO J043535.2-124747,68.89701881159255,-12.796616677203067,209.30382177537425,-35.862263422811715,-0.77826358525921,-0.21736414740787,-0.67332916926921,1.9811222784498e-13,Ro*,0.43089854127854565,stellar
2CXO J072816.1+854436,112.06718179874828,85.74340965303001,127.67989296239976,27.729394154778728,0.35352904434728,0.24609618988132,0.10868207370393,4.9315518858636e-14,X,0.7800523179443427,AGN
2CXO J205824.0+435354,314.6000368275602,43.89848858591584,85.12968083479453,-1.2146939736938454,0.12367270455965,0.081199250468457,0.042473454091193,9.7357127522756e-14,Or*,0.0054353839137358355,stellar
2CXO J102454.6-574843,156.22762576385048,-57.81189388148255,284.39886709928675,-0.311949369788852,0.99937539038101,0.82073703935041,0.99937539038101,1.5206191295922e-13,Y*?,0.003512854051324168,stellar
2CXO J162615.8-241922,246.56586296282703,-24.322991544833396,353.1045188540643,16.9917431362094,0.79825109306683,0.33853841349157,0.62336039975016,5.5389186961916e-14,Or*,0.03349684991916715,stellar
2CXO J171401.6-292147,258.5068675677734,-29.36332425380693,355.84173672084444,5.523270494942641,0.28981886321049,0.22735790131168,0.064959400374766,5.9116934898229e-14,Rad,0.15759272500979382,stellar
2CXO J053513.5-052757,83.80656143209063,-5.4659457729994285,209.07710667913537,-19.429220523496788,-0.71955028107433,-0.4896939412867,-0.3422860712055,1.324128649104e-15,Or*,0.0028393194601947147,stellar
2CXO J010502.4+020841,16.260153710887778,2.144934119938245,129.85520855061014,-60.54383100516707,-0.97064334790756,-0.7632729544035,-0.79950031230481,2.8189827380391998e-14,Pe*,0.04289608329019092,stellar
2CXO J182026.0-161104,275.1084989429047,-16.18461014040079,15.044306202084693,-0.677481730027122,0.69706433479076,0.24859462835728,0.53716427232979,8.2102557176141e-15,IR,0.0,stellar
2CXO J174531.7-290151,266.38235849521175,-29.030964384717105,359.9087849591053,-0.0324990300879292,0.84946908182386,0.93191755153029,-0.45971267957527,1.8787125085843e-15,X,0.0,stellar
2CXO J064050.4+093219,100.21018849398972,9.538768367878331,203.23870945264983,2.0054616406250987,0.90318550905684,0.74453466583385,0.45721424109931,1.5717854373095e-14,Rad,0.008150567654964112,stellar
2CXO J201609.1+371111,304.0381880994337,37.1864566749916,74.94393972301623,1.1141742180258718,0.9156777014366,0.60836976889444,0.6895690193629,9.6153540051062e-14,X,0.0016701439599415815,stellar
2CXO J091858.8-441830,139.74515646064566,-44.30847529160196,267.9358943476364,3.654832163955787,0.97564022485946,0.83447845096814,0.75202998126171,1.4183803545811e-12,IR,0.2519109765719991,stellar
2CXO J053511.7-052512,83.7988699303782,-5.420236894847096,209.03020504548752,-19.415385634808644,0.99937539038101,0.65584009993754,0.99937539038101,5.5647363096895e-15,Y*?,0.01698590390318723,stellar
2CXO J215703.0-044932,329.26283397490533,-4.825795659711115,53.23257026803138,-42.89177756105053,0.21111805121799,0.092442223610244,0.1211742660837,6.0471258285562e-14,blu,0.7922808905665422,AGN
2CXO J095609.2+691248,149.03819345346642,69.21299407600391,141.8915768305208,40.858295167210095,-0.10368519675203,0.028732042473454,-0.13241723922548,1.4758010065448e-14,X,0.7495984657460683,AGN
2CXO J123959.9-113622,189.99949471686568,-11.606416414589493,298.46160801106714,51.16600791591703,-0.11118051217989,0.077451592754528,-0.18613366645846,3.3529118963776e-14,GlC,0.961914547627244,AGN
2CXO J064104.5+093618,100.26924427067875,9.60503187165614,203.206333860146,2.0875296599416684,0.99937539038101,0.92941911305434,0.99937539038101,8.3397195000769e-15,mm,0.0008368178967175413,stellar
2CXO J132446.5-573632,201.19405301098163,-57.60896285326896,307.40232989697773,4.973126898039086,-0.61461586508432,-0.46970643347908,-0.20237351655215,5.1065474424769e-14,Rad,0.0016736357934350825,stellar
2CXO J004743.0-251524,11.929695388927428,-25.25695629381713,98.6958150430328,-87.95116876388718,0.64084946908182,0.38725796377264,0.33479075577764,3.1443466970092e-14,X,0.5993962899820742,AGN
2CXO J125839.6+280952,194.66503993429512,28.164488315198064,66.28687165020189,88.09428487951602,-0.38226108682074,0.18488444722049,-0.52966895690194,5.562831883399999e-15,X,0.46552440520325983,stellar
2CXO J171455.0+572350,258.7294737580112,57.39736404029501,85.79498400653279,35.46256523854631,-0.38850718301062,0.06371018113679,-0.43972517176765,2.1217146195159e-14,X,0.9366511911667917,AGN
2CXO J174537.3-282427,266.405497159878,-28.40755345502906,0.4514379491912584,0.2750439974046587,-0.98688319800125,-0.87695190505934,-0.81199250468457,8.1398137940348e-14,X,0.0,stellar
2CXO J174536.1-290107,266.4006654331388,-29.01869967487589,359.9275947084109,-0.039769860606611,0.99937539038101,0.78825733916302,0.99937539038101,6.6297376314087e-16,X,0.0,stellar
2CXO J132557.8-425701,201.49080703770267,-42.95046144885799,309.6227211500294,19.472304654174625,0.49594003747658,0.36602123672705,0.15740162398501,2.7387701264024e-14,X,0.18893121244362437,stellar
2CXO J181122.1-192420,272.8425511836166,-19.405801639297746,11.184383813274168,-0.3148115078744561,-0.90818238600874,-0.64834478450968,-0.59088069956277,1.6996557788385e-15,X,0.005014793936859625,stellar
2CXO J163551.8-473523,248.96593094127525,-47.58982318684371,336.97607408390763,-0.1114677774268707,0.99937539038101,0.99937539038101,-0.99937539038101,1.0247984801766999e-13,NIR,0.002430401683848373,stellar
2CXO J160326.1+814221,240.8588997280061,81.70596777922606,115.63053291290024,32.487862582977385,-0.94940662086196,-0.69831355402873,-0.73454091193004,2.8983294654909995e-13,SB*,0.048539183892003776,stellar
2CXO J122508.1+125523,186.28409220545507,12.923065602733136,278.21525794472063,74.51859325658971,0.2423485321674,0.34103685196752,-0.1211742660837,6.7667007008443004e-15,X,0.32404912708903344,stellar
2CXO J053520.1-052841,83.83413614008134,-5.478310997784881,209.10195591143236,-19.41032275654263,-0.89194253591505,-0.52717051842598,-0.66458463460337,2.822424320272e-15,Or*,0.002090733936817792,stellar
2CXO J205058.7+441731,312.74462929676,44.29191430948583,84.57123873659762,0.0575057564678113,-0.2423485321674,-0.15740162398501,-0.072454715802623,5.6524974944513006e-15,Or*,0.008763696953519237,stellar
2CXO J174742.4-282227,266.9269459759189,-28.37434370427917,0.717975147923861,-0.0997825105742858,0.99937539038101,0.97938788257339,-0.37101811367895,1.1528969755425999e-13,MoC,0.009848407021376402,stellar
2CXO J205112.6+441845,312.80258572862056,44.31260047825063,84.61358967877813,0.038672506195224,-0.68332292317302,-0.3735165521549,-0.41224234853217,4.9984613797061e-14,Or*,0.0006279416379039849,stellar
2CXO J004241.7+411635,10.67412806256766,41.27663377804414,121.16609267364024,-21.565140761745425,0.017489069331668,0.084946908182386,-0.067457838850718,1.4151591135625e-14,PN,0.5439815798843208,AGN
2CXO J174610.7-290019,266.54461970504894,-29.005502618868533,0.0043940998239719,-0.1403901757514364,0.89444097439101,0.99937539038101,-0.99937539038101,2.156995357827e-15,X,8.67299399770309e-05,stellar
2CXO J053513.9-052319,83.80802654615508,-5.388918735275102,209.0049621910493,-19.393090839830357,-0.6633354153654,-0.2735790131168,-0.473454091193,2.0461350392587e-15,PoC,0.00322118656028361,stellar
2CXO J132953.9+470953,202.4745878808848,47.16497984015397,104.80934384199934,68.58697515928152,0.66958151155528,0.20612117426608,0.53591505309182,2.8439286103512e-15,X,0.16380444238249844,stellar
2CXO J013336.0+303333,23.400193852665268,30.55919770850985,133.57158970021706,-31.43997770745496,0.024984384759525,0.037476577139288,-0.012492192379763,1.8059806248873998e-14,X,0.25573246083579204,stellar
2CXO J112830.6+583344,172.12786986140236,58.56222310076608,141.90874508665067,55.404879048230825,0.35103060587133,0.13491567770144,0.2261086820737,3.8409068133018e-14,PoG,0.6889724773529496,AGN
2CXO J083312.6+655041,128.3027887928331,65.8446992534404,149.72037130548176,34.926252828906925,-0.1261711430356,0.022485946283573,-0.14865708931918,1.0886032321288999e-12,Rad,0.9588815341418914,AGN
2CXO J133629.1-295122,204.12105022252103,-29.85644880794256,314.45298812604165,32.005546574887525,0.96564647095565,0.83447845096814,0.6158650843223,8.5871707647409e-14,Rad,0.8387446818854607,AGN
2CXO J174534.1-285926,266.3922147780163,-28.99059495174191,359.947730856607,-0.0188167058584066,0.93066833229232,0.87445346658339,0.22860712054966,1.5703456865352e-15,X,0.010764968404770522,stellar
2CXO J004215.2+411801,10.56347778629771,41.30032645931321,121.077716263722,-21.538354190401638,0.011242973141786,0.059962523422861,-0.049968769519051,1.6172131375804e-14,X,0.45683802515962085,stellar
2CXO J012549.4-012411,21.45591181705004,-1.4030557962086674,142.13887091553713,-62.98540109725361,-0.21986258588382,0.10243597751405,-0.31480324797002,3.0461547155686e-14,X,0.9929240600000417,AGN
2CXO J174535.6-290005,266.3985363373322,-29.001537793859487,359.941272423564,-0.029238134394574,0.99937539038101,0.99937539038101,-0.99937539038101,1.0730361698319e-14,X,0.0008044983205534876,stellar
2CXO J122541.5+130957,186.4229192683541,13.16603561568955,278.33786470195736,74.79476910369291,-0.10868207370394,0.1211742660837,-0.22735790131168,3.6828216491435e-14,X,0.9386786995551643,AGN
2CXO J174546.0-285839,266.4418325178588,-28.97767241476788,359.9813720677369,-0.0491335133436643,0.63335415365397,0.47220487195503,0.20861961274204,4.758468231124401e-16,Rad,0.020258261920414404,stellar
2CXO J174540.2-285913,266.4178224537742,-28.986954634763507,359.962508756554,-0.0360387610796172,0.87320424734541,0.95565271705184,-0.55590256089944,1.0380064958559e-15,Rad,0.003002510985561833,stellar
2CXO J053516.2-053100,83.81786710344869,-5.516891800584156,209.1306940766981,-19.44220074525351,-0.9369144284822,-0.62336039975016,-0.7207995003123,,Or*,0.006439145669221729,stellar
2CXO J134938.4+263838,207.41028773206224,26.64382456782958,34.109964724762854,77.0202132504996,-0.081199250468457,0.054965646470956,-0.13741411617739,3.5650971666394e-14,X,0.8866864291141283,AGN
2CXO J021916.7+570200,34.819701621429715,57.03362074365394,134.69956835467045,-3.817602074540546,0.51842598376015,0.35477826358526,0.19737663960025,2.8734898008997e-14,Rad,0.007514793936859625,stellar
2CXO J175137.4-293515,267.90620299103193,-29.587607800786703,0.1170717807531178,-1.458007583192881,0.99937539038101,0.99937539038101,-0.99937539038101,8.799861253098801e-15,X,0.005191350619509127,stellar
2CXO J165420.1-415125,253.58380540328076,-41.856989051320255,343.4593139026331,1.1395531915814905,-0.31355402873204,-0.081199250468457,-0.23735165521549,2.9749613318172e-14,Y*?,0.0016701439599415815,stellar
2CXO J132530.8-430043,201.37833173761132,-43.01202625407967,309.5271382668584,19.42293256354401,0.45596502186134,0.15490318550906,0.30855715178014,4.1448899787368e-14,X,0.10691325056652073,stellar
2CXO J053517.9-052055,83.82498341011882,-5.348806129855492,208.97513905662484,-19.359886598158894,0.94815740162398,0.93816364772017,0.037476577139288,1.6062371091247e-14,Or*,0.14531092229770037,stellar
2CXO J032241.9-371225,50.674746292481245,-37.20704666811508,240.16054137789448,-56.6894813198394,-0.80074953154279,-0.062460961898813,-0.77826358525921,2.9736739725702e-14,X,0.26064247071319097,stellar
2CXO J091127.6+055053,137.86504609990834,5.848439256775199,224.6848523793114,33.6661721435542,-0.088694565896315,0.12367270455965,-0.20986883198001,6.008348276958e-14,LeI,0.9256187202934233,AGN
2CXO J123547.2+123531,188.9469224442796,12.592044803599547,288.0137493919857,75.00864413513666,-0.473454091193,-0.11367895065584,-0.37726420986883,1.980118398809e-14,X,0.7787281992336783,AGN
2CXO J132533.0-430107,201.38774915358044,-43.01884418165608,309.5333564476468,19.41521856545773,0.99937539038101,0.49094316052467,0.99937539038101,1.4375019010842e-14,X,0.029893135327738254,stellar
2CXO J131651.5+291240,199.2146395728039,29.2112534087394,54.8085914882836,84.02402426063021,0.076202373516552,0.1686445971268,-0.09369144284822,3.0633265515686e-14,X,0.48604498495731635,stellar
2CXO J132512.0-430044,201.30005378389117,-43.012428454857776,309.46697660085056,19.430499423183427,0.41723922548407,0.31480324797002,0.11742660836977,3.2227130034738e-14,X,0.2584442246987449,stellar
2CXO J132538.2-425933,201.40948117818084,-42.99276232006062,309.553917352788,19.438816133943977,-0.28107432854466,0.0012492192379763,-0.28107432854466,8.1700922375186e-15,X,0.2658317234939435,stellar
2CXO J174621.5-285256,266.58988660542923,-28.882393366525317,0.1301537359074323,-0.1102297941548077,0.97314178638351,0.96564647095565,-0.072454715802623,3.6257090674615e-14,X,0.036068087239848154,stellar
2CXO J072646.0+854548,111.69131006019596,85.76334020359347,127.66128229391704,27.69938645426334,0.19737663960025,0.086196127420362,0.11118051217989,4.5595666371064e-14,UX?,0.5926377440400494,AGN
2CXO J124341.6+113351,190.92361490816347,11.564293328477808,295.89370632729833,74.33012748529258,-0.1524047470331,0.077451592754528,-0.22735790131168,8.101733004481601e-15,GlC,0.17928494651455257,stellar
2CXO J183125.3-020332,277.8557606155964,-2.059126007556454,28.81121182909013,3.5081839060189592,0.82448469706433,0.40599625234229,0.6208619612742,4.7165713831609e-14,Y*?,0.029518074176192045,stellar
2CXO J115908.2+292144,179.78453578801418,29.362239046514333,198.8977679203206,78.27410027717389,-0.3422860712055,-0.033728919425359,-0.31105559025609,4.9881549651165e-14,X,0.9540877202257656,AGN
2CXO J121948.5+292552,184.95244004992665,29.431306996910443,192.783186499642,82.66774435978463,-0.27982510930668,-0.042473454091193,-0.23985009369144,2.6811192090731e-14,X,0.715554770269422,AGN
2CXO J102733.7+174418,156.8905483356266,17.738440256864052,221.10483487053008,55.586427262788426,0.8682073703935,0.63585259212992,0.49968769519051,1.4033900712944e-13,ClG,0.972187610060801,AGN
2CXO J122001.5+291626,185.00653630756165,29.273981453889046,193.8744731764682,82.75612215317756,0.99937539038101,0.99937539038101,-0.99937539038101,3.4509272419113004e-16,X,0.5043554899231412,AGN
2CXO J162706.6-260731,246.7778393697752,-26.12540089744373,351.83125096866013,15.652946375807623,-0.85321673953779,-0.31730168644597,-0.73204247345409,3.9944019509105e-14,Y*?,0.015067497601460313,stellar
2CXO J160954.4-190654,242.4767989880827,-19.11517609121079,354.5257295589764,23.29720157690613,-0.42598376014991,-0.11367895065584,-0.32729544034978,1.5359836478367e-12,Or*,0.8929972474689214,AGN
2CXO J124338.7+113247,190.9113813134237,11.546505647077655,295.85697891437803,74.31111335716399,-0.37476577139288,0.99937539038101,-0.99937539038101,1.0957311956027001e-15,GlC,0.40907517309167907,stellar
2CXO J001045.8+210820,2.6912439978337943,21.13907938803236,110.38034525092088,-40.73928914358432,0.0087445346658337,0.23860087445347,-0.23235477826359,5.2335393293456e-14,SN*,0.8483162603979996,AGN
2CXO J132952.9+471146,202.4706695215117,47.19626610106621,104.85084651188984,68.55947871044019,-0.99937539038101,-0.99937539038101,-0.86695815115553,6.48768923401e-15,MoC,0.03515349310933355,stellar
2CXO J162808.4-384845,247.0353665778696,-38.812611433021765,342.455443207823,6.89746707828136,0.30730793254216,0.25858838226109,0.051217988757027,2.2773159140646e-13,CV?,0.40912490515293043,stellar
2CXO J132954.9+471102,202.4790292924116,47.18403666680239,104.82303437655963,68.56833985686765,-0.064959400374766,0.022485946283573,-0.086196127420362,3.1070625399625003e-15,Cl*,0.2440692510309078,stellar
2CXO J140828.9-270328,212.12053220774715,-27.05775444803289,323.3729184339045,32.737537856902435,0.058713304184884,-0.0087445346658339,0.067457838850718,6.1976352033945e-14,ev,0.5493693150293736,AGN
2CXO J090930.9+542345,137.3790023952816,54.3960967136538,162.85682553931875,41.63334278409236,-0.99937539038101,-0.99937539038101,-0.78825733916302,1.3181308609154e-14,SB*,0.0004131150925057845,stellar
2CXO J042000.3-545616,65.00164386083219,-54.93794828553195,264.3103244050305,-43.39328945774321,-0.052467207995003,0.34353529044347,-0.39100562148657,2.131987385905e-12,GrG,0.94605804155491,AGN
2CXO J195344.3+184610,298.43496538042336,18.76947777454055,56.733262793012734,-4.5622716522218125,0.098688319800125,0.17613991255465,-0.079950031230481,5.1623682592216e-14,X,0.10141925766409457,stellar
2CXO J164138.2+362626,250.4092915273743,36.44078718692653,58.98080793915898,40.9208427230937,-0.28357276702061,-0.053716427232979,-0.23235477826359,3.6651540208996e-14,X,0.9886110335725766,AGN
2CXO J001316.6-193201,3.3194051188498293,-19.53381810218357,71.87204371629646,-78.4151009509279,-0.33479075577764,-0.066208619612742,-0.2735790131168,4.1241080063784e-14,X,0.9956817330846005,AGN
2CXO J004729.8-251738,11.87459830420528,-25.294162985844608,96.98958437179256,-87.96418926003732,-0.39850093691443,-0.20112429731418,-0.21236727045597,1.4903440986328e-14,Rad,0.7404731004958294,AGN
2CXO J141956.8+524908,214.9867759386021,52.81898942799107,96.29341876849767,59.489259397650905,-0.20986883198001,0.079950031230481,-0.28482198625859,6.777759676031701e-15,X,0.9691473764139648,AGN
2CXO J045419.5-532043,73.58158560662048,-53.34547195687148,261.0566935629806,-38.729854093173486,-0.09369144284822,0.043722673329169,-0.13616489693941,4.2202512802334e-14,X,0.8757463601064817,AGN
2CXO J095545.8+690300,148.94128882891897,69.05005028391666,142.0938447105493,40.92434342690687,0.20487195502811,-0.042473454091193,0.2473454091193,6.4742036745949005e-15,Gl?,0.5874509742716228,AGN
2CXO J145938.5-180744,224.91083450919507,-18.129115419477724,340.9878695747699,35.0995877909468,-0.0049968769519051,0.062460961898813,-0.066208619612742,7.313259978014099e-14,Rad,0.8274036600870887,AGN
2CXO J022505.6-244752,36.27348077008281,-24.797920882515687,211.88755940835165,-68.85118773339829,0.036227357901312,0.028732042473454,0.0074953154278576,8.1330552785678e-14,PoG,0.8390820474823514,AGN
2CXO J161108.8-190447,242.7870449998445,-19.079841861410294,354.76894151520014,23.10426080883346,-0.49344159900062,-0.18738288569644,-0.33728919425359,7.156808299815e-13,Or*,0.8020353886771227,AGN
2CXO J115828.6-775431,179.61889934109445,-77.90875481762643,300.08044286362207,-15.331222369152444,-0.90693316677077,-0.59212991880075,-0.67457838850718,9.631794239485299e-13,Or*,0.02215086452174493,stellar
2CXO J152929.3-561213,232.37239091622064,-56.20377714610693,323.6586410315224,0.1711892670639005,-0.37226733291693,-0.12866958151156,-0.25484072454716,3.3119742762915e-13,SB*,0.02054440395169292,stellar
2CXO J053517.8-052440,83.824228577633,-5.411395520523179,209.03394830164112,-19.3888707955001,-0.42223610243598,-0.22236102435978,-0.21861336664585,4.8417466998358e-15,Or*,0.0027186755747217774,stellar
2CXO J160928.5-320617,242.36886236373616,-32.104916237678886,344.60208506703106,14.310392857940776,-0.8682073703935,-0.52217364147408,-0.63085571517801,4.472989332995e-14,Y*?,0.008776542057160377,stellar
2CXO J203308.8+411317,308.28683165692223,41.22148351197975,80.13799539246885,0.7479458725033594,-0.40849469081824,-0.49968769519051,0.11617738913179,3.3677995348174e-14,SB*,0.002507832080200502,stellar
2CXO J002413.8-720302,6.057517626039555,-72.05062113276234,305.88669921309986,-44.9212084943434,-0.26358525921299,-0.028732042473454,-0.23610243597751,7.3969181751684e-15,X,0.4559848816455097,stellar
2CXO J053456.8-044605,83.73676572160929,-4.768056123098548,208.38472229457687,-19.174530717048047,-0.59837601499063,-0.21361648969394,-0.44097439100562,5.6776654550133e-14,Or*,0.0095961527932019,stellar
2CXO J124340.6+113246,190.91934017713996,11.546157828637387,295.88577924664474,74.31163837885425,0.47470331043098,-0.11118051217989,0.87570268582136,9.6036517602877e-16,GlC,0.2350588480641793,stellar
2CXO J013301.0+304043,23.254345699799785,30.6786148354914,133.40071422840265,-31.346498041967852,0.55215490318551,0.26233603997502,0.33354153653966,2.3511547355598e-14,X,0.47368930306082535,stellar
2CXO J021808.5-051224,34.53569444232176,-5.206818232373276,170.0814223388899,-59.88518415301362,-0.28856964397252,-0.044971892567146,-0.24609618988132,2.9020142315362e-14,NIR,0.9808027482473746,AGN
2CXO J053524.1-052155,83.85051726682735,-5.365434570480841,209.00304777358588,-19.344739520550743,0.84322298563398,0.26483447845097,0.7420362273579,3.9608818728979005e-15,Or*,0.002507832080200502,stellar
2CXO J061759.2+222738,94.49684721070103,22.460784659972845,189.23449752425583,3.129342879480748,0.57464084946908,0.25234228607121,0.37476577139288,5.7925966548449e-14,X,0.05402617313744333,stellar
2CXO J104355.3-593252,160.9805946806625,-59.54799143836745,287.40589171408897,-0.5762416112073959,-0.10368519675203,0.11118051217989,-0.21361648969394,9.5872099196948e-15,X,0.0037539160401002507,stellar
2CXO J123052.0+122248,187.7170142476864,12.380224911541085,283.8285531131609,74.48398577229437,0.99937539038101,0.99937539038101,-0.99937539038101,9.2211059795946e-16,GlC,0.47169812574405207,stellar
2CXO J144556.1-445234,221.4840284913813,-44.87641318791725,323.3576144892394,13.406446282775802,-0.92941911305434,-0.62960649594004,-0.7207995003123,1.510768272605e-13,Or*,0.04218440397803825,stellar
2CXO J124847.4-054512,192.1978270959687,-5.75350858907057,301.7194869197774,57.11200840858379,-0.11742660836977,0.10868207370393,-0.22361024359775,2.7216916002647e-14,X,0.8214076783778493,AGN
2CXO J053517.9-052059,83.82492781860219,-5.349831027355087,208.97608124001096,-19.360399749402664,0.57589006870706,0.6633354153654,-0.20612117426608,4.2112467473911e-16,LM*,0.07600369086152375,stellar
2CXO J145634.8+221702,224.1449882444232,22.283924118951003,30.180125374232052,61.24441693060568,0.1524047470331,0.18738288569644,-0.036227357901312,4.457745040241e-14,X,0.6650296538748293,AGN
2CXO J132541.2-425925,201.4217089493202,-42.99035614600189,309.563666412423,19.43994258872794,-0.20612117426608,0.078700811992505,-0.28107432854466,8.8663927867101e-15,X,0.28633568535330556,stellar
2CXO J132542.2-425916,201.4260000508144,-42.98801442724191,309.56731104781926,19.44181989169972,-0.26983135540287,-0.10618363522798,-0.16739537788882,1.3868770647258e-14,X,0.08137902951280486,stellar
2CXO J053526.9-052447,83.86226149943224,-5.413364482981714,209.0539592535516,-19.355990216805537,-0.70830730793254,-0.33853841349157,-0.48094940662086,2.3509773672635e-15,Or*,0.002090733936817792,stellar
2CXO J123959.4-113727,189.99759428847688,-11.6242306221328,298.46065912334086,51.148106602263006,-0.076202373516552,0.087445346658338,-0.16364772017489,1.7029415896809e-14,GlC,0.6436279390758426,AGN
2CXO J130625.4-492824,196.6063698927932,-49.473353789527486,305.43303957277305,13.325595934119765,-0.80449718925671,-0.37226733291693,-0.61336664584635,2.5798276866652e-14,Y*?,0.06520254564067071,stellar
2CXO J013308.3+304803,23.284843681148917,30.801013831347884,133.40388802180573,-31.221353027302897,-0.23485321673954,-0.096189881324172,-0.14241099312929,1.005929418524e-14,X,0.5947540254410071,AGN
2CXO J095717.2+691017,149.3219740564739,69.17152212198306,141.85859909528446,40.96441351051858,0.18113678950656,0.23360399750156,-0.058713304184885,3.3246224627442e-14,X,0.7766186351671271,AGN
2CXO J013336.4+303742,23.401723618537176,30.628521936404173,133.5576092491663,-31.371675414621595,0.59837601499063,0.22985633978763,0.41349156777014,5.7731132201583006e-15,X,0.28545477576775896,stellar
2CXO J095711.0+690501,149.2958341018115,69.08375367954174,141.960243526219,41.00803511332337,-0.074953154278576,0.29356652092442,-0.36102435977514,1.6720641259869e-14,X,0.7481112562264509,AGN
2CXO J174535.5-285920,266.3980157617933,-28.988976712808785,359.9517561620727,-0.0223042084757723,0.44097439100562,0.88694565896315,-0.73079325421611,8.356727581704401e-16,X,0.001253916040100251,stellar
2CXO J170422.8+514734,256.09533953451023,51.793057829507816,78.95549140172835,37.3142846423305,-0.45971267957527,-0.037476577139288,-0.42723297938788,4.9890548821544e-14,X,0.854309738255962,AGN
2CXO J004251.5+411701,10.7149795346553,41.28372409582514,121.19935630088244,-21.559164869673456,-0.23110555902561,-0.013741411617739,-0.21861336664585,9.1716707178021e-15,X,0.7048032448407091,AGN
2CXO J174536.2-285930,266.4009168589041,-28.99188643794729,359.95059493055186,-0.0259862477019565,0.99937539038101,0.99937539038101,-0.99937539038101,8.525138935238601e-16,X,8.67299399770309e-05,stellar
2CXO J045454.7-663733,73.728135922413,-66.62599887906829,277.5032420664273,-36.1889795559805,-0.082448469706433,-0.17988757026858,0.096189881324172,2.5773631843139997e-14,X,0.7185487135151415,AGN
2CXO J230451.5+121826,346.21487667610995,12.307199866405387,86.235493535096,-42.84370264466295,-0.25109306683323,0.043722673329169,-0.29231730168645,8.4500993303283e-14,HII,0.9953045034222631,AGN
2CXO J034421.6+320624,56.09026838265993,32.10686952803502,160.49284092334412,-17.87346888289529,-0.49094316052467,-0.23985009369144,-0.28232354778264,1.8004254638448e-14,Or*,0.004010718901117483,stellar
2CXO J034434.9+321530,56.14569094527178,32.25865870886599,160.4285524505834,-17.7268624155644,-0.48094940662086,-0.27108057464085,-0.21236727045597,1.9917665175531e-15,Or*,0.0071055278736774155,stellar
2CXO J034419.2+320734,56.08020005419405,32.12626422370328,160.47290929569905,-17.86403456805228,-0.25608994378513,-0.048719550281074,-0.20861961274204,8.2679178642211e-15,Or*,0.39747599315127813,stellar
2CXO J210802.0+233513,317.00861994594584,23.58710899429644,70.84490033430649,-15.98558917231431,-0.20612117426608,-0.02998126171143,-0.17613991255465,6.1379069421939e-14,X,0.4996578918769371,stellar
2CXO J132535.9-430003,201.39997791145595,-43.00087696537604,309.5454128702314,19.43175639111036,-0.37976264834478,-0.013741411617739,-0.36727045596502,1.8275203960702e-14,X,0.16317232827041578,stellar
2CXO J104446.7-592150,161.19489849927982,-59.364073921368,287.4159132071053,-0.3627321087414014,-0.69581511555278,-0.46970643347908,-0.32729544034978,6.7211083206696005e-15,Y*?,0.0,stellar
2CXO J174600.3-290244,266.5014647437945,-29.045599231235748,359.95052030349234,-0.1290197360570358,0.94440974391006,0.95565271705184,-0.14615865084322,8.460594705923501e-15,X,0.0,stellar
2CXO J053520.0-051250,83.83336766476737,-5.213969277446693,208.8517485337616,-19.29138177941149,0.80324797001874,0.92067457838851,-0.49219237976265,1.4451705220674e-14,Or*,0.15742217774122214,stellar
2CXO J090927.2+541428,137.36384478775585,54.24147871761919,163.0621471462688,41.65438305222967,0.0074953154278576,0.16239850093691,-0.15365396627108,4.8438530314703e-14,X,0.7809059566683101,AGN
2CXO J130920.5+212642,197.3356455532862,21.445136013608565,339.55423326188,83.00564814211413,-0.36727045596502,-0.1736414740787,-0.20487195502811,1.0952092979515e-13,G?,0.8555516052793127,AGN
2CXO J183852.5+170936,279.7188677717767,17.160066856627985,46.97958770409024,10.435193815784618,-0.20861961274204,0.00999375390381,-0.21861336664585,1.0502780104786999e-13,Y*?,0.4753780954184597,stellar
2CXO J123047.3+122410,187.6972301989623,12.402980067349228,283.7341468833691,74.49992428605148,0.99937539038101,0.20112429731418,0.82698313554029,1.6089993576994003e-16,GlC,0.2604881476678151,stellar
2CXO J174527.8-290542,266.3661771965783,-29.09522895704116,359.8465688407057,-0.0539265857546752,0.95315427857589,0.99937539038101,-0.99937539038101,1.2866135215601999e-14,X,0.0035520016379458176,stellar
2CXO J104622.4-595320,161.59351193881878,-59.88898330552525,287.8382745060386,-0.7339171559128772,-0.85571517801374,-0.75952529668957,-0.26358525921299,3.6090682791495e-14,SB*,0.0,stellar
2CXO J142914.7+154626,217.31151314958677,15.77396299101362,11.356545463687135,64.63670724761691,-0.43972517176765,-0.013741411617739,-0.41723922548407,2.1215268283647e-15,?,0.6783834033153892,AGN
2CXO J110759.9-771730,166.99994409389137,-77.29183115481351,297.215115837753,-15.58300022973905,0.43472829481574,0.16739537788882,0.28732042473454,1.5868173640512998e-13,Or*,0.27086013659737523,stellar
2CXO J090806.1-490714,137.02555787420533,-49.120529851093146,270.13920212438586,-1.0114497021990745,0.93566520924422,0.74828232354778,0.60836976889444,1.8780221704538999e-13,Y*?,0.04591258143437812,stellar
2CXO J132546.0-425510,201.4419138811645,-42.919591461828986,309.5897568637627,19.507922453922152,-0.43597751405372,-0.33229231730169,-0.11992504684572,1.5459848592142e-14,PN,0.0022576777955861443,stellar
2CXO J054525.1-000856,86.3546514717903,-0.1489817965949198,205.37312316898323,-14.715935214402208,0.75827607745159,0.53091817613991,0.33479075577764,5.6835641884849995e-14,X,0.3095859298621538,stellar
2CXO J122944.3+075941,187.4347098922608,7.994966165571136,286.8971377690929,70.188254754838,0.99937539038101,-0.22236102435978,0.99937539038101,1.3501222431887002e-15,GlC,0.22014690003790516,stellar
2CXO J141832.3+523815,214.63471371884623,52.63776521877952,96.37511770949358,59.76601328331774,-0.08369768894441,-0.084946908182386,0.0012492192379763,4.3389957110166e-15,X,0.7908241586117215,AGN
2CXO J165429.8-414228,253.62451361003943,-41.707897913824425,343.594253890483,1.2098985200281562,0.54965646470956,0.68707058088695,-0.2261086820737,5.0867782820109e-14,X,0.01480760567329626,stellar
2CXO J122010.8+291628,185.045363595475,29.27445352080033,193.7994219068212,82.78865137756986,0.089943785134291,0.19737663960025,-0.10993129294191,1.1651618348172e-14,GlC,0.34841290756344434,stellar
2CXO J203449.0+601217,308.7044071707776,60.20487810981983,95.75754298334522,11.707744298667167,0.12492192379763,0.11867582760775,0.0062460961898814,3.4186105203958e-14,X,0.3840487943953327,stellar
2CXO J221601.1-173722,334.0049022491505,-17.622975826081387,39.51327699775924,-52.99602975712687,0.34103685196752,0.21486570893192,0.13491567770144,2.8522491275732e-14,SN*,0.706187105841213,AGN
2CXO J052221.5+332851,80.58968904101744,33.480879806931,173.48365554417651,-1.7056824243168518,-0.20487195502811,-0.053716427232979,-0.14865708931918,3.8836075696701004e-15,TT?,0.012149529234536225,stellar
2CXO J174531.7-290159,266.3823565900459,-29.0331926670467,359.90688238725227,-0.033658972528716,0.83447845096814,0.99937539038101,-0.99937539038101,7.2988327030453e-16,X,8.67299399770309e-05,stellar
2CXO J053514.7-052106,83.8112966209959,-5.351738810906694,208.9713745826112,-19.373365737204605,0.53466583385384,0.091193004372267,0.46470955652717,4.1880497518499994e-15,Or*,0.023160205763851346,stellar
2CXO J165401.4-414807,253.50586835335503,-41.80195632425978,343.46541506787224,1.2193273698563782,-0.42848219862586,-0.084946908182386,-0.35352904434728,4.9817979107444e-15,Y*?,0.0043857645168598695,stellar
2CXO J130528.9-492704,196.3705913616756,-49.45132655895304,305.2771205615354,13.356458184135311,0.80699562773267,0.25983760149906,0.68707058088695,1.4713466969268e-14,X,0.1093445736827605,stellar
2CXO J053520.8-052121,83.83684340567356,-5.355956774383483,208.98756118899385,-19.3525921312905,0.1736414740787,-0.059962523422861,0.23110555902561,3.1357139245174e-15,Ir*,0.030232885714639467,stellar
2CXO J033857.0-353532,54.73754473519267,-35.5923884598491,236.95113125855548,-53.53756081823267,0.036227357901312,0.26358525921299,-0.23110555902561,1.0011552883438e-14,GlC,0.6003085210730056,AGN
2CXO J174536.5-285954,266.4021105936805,-28.998492345150137,359.94550067273593,-0.0303194595091669,0.72204871955028,0.83947532792005,-0.32229856339788,1.6577168193122e-15,X,0.0,stellar
2CXO J132942.2+471046,202.42618186803963,47.17947853297393,104.90783692977726,68.58709133057822,-0.54465958775765,-0.22485946283573,-0.36352279825109,3.8841490196911e-15,MoC,0.3435222702278448,stellar
2CXO J174534.7-285919,266.3947083736631,-28.988834372292438,359.95037012255943,-0.0197608436843342,0.99937539038101,0.87070580886946,0.99937539038101,1.3762251983629e-15,X,0.004590733936817792,stellar
2CXO J125449.1+085336,193.70467997764467,8.893321734110772,305.5989143032013,71.7475601457178,-0.37476577139288,0.073703935040599,-0.43472829481574,1.9842064392905e-13,blu,0.9991701439599416,AGN
2CXO J174548.1-284838,266.45084394038395,-28.810740274049877,0.1279938329171473,0.031057805769538,0.99937539038101,0.73579013116802,0.99937539038101,1.8001909150902e-14,X,0.0018779324366593683,stellar
2CXO J161709.1-225530,244.28828029863507,-22.92510360828661,352.7317477594943,19.478244098622238,-0.042473454091193,0.096189881324172,-0.13866333541537,4.9417669378563e-14,X,0.39493227280759335,stellar
2CXO J164020.1-485020,250.08370481259044,-48.83886471645673,336.54514670224654,-1.500388436043982,-0.49968769519051,-0.22485946283573,-0.30855715178014,2.862096100971e-14,Or*,0.003340287919883163,stellar
2CXO J020433.8-051545,31.141085611435983,-5.262570861529643,164.71953810709437,-62.04643533793288,-0.25983760149906,-0.016239850093691,-0.24484697064335,2.9730236263842e-14,X,0.9761440567536052,AGN
2CXO J174547.5-285408,266.44823154393225,-28.902245056243707,0.0486816572971377,-0.0146361703289342,0.93441599000625,0.94316052467208,-0.078700811992505,1.3458028369957e-14,X,0.0,stellar
2CXO J183127.9-020623,277.8663954285355,-2.1067072141992,28.77376002392664,3.476887122427007,0.77576514678326,0.57214241099313,0.34978138663335,4.4402520029489e-14,Y*?,0.03510341476792216,stellar
2CXO J024024.3+390427,40.10130617322199,39.07426576569971,145.0191374140984,-19.07887464720665,0.084946908182386,,,2.6432269423369e-14,GlC,0.2713981734534367,stellar
2CXO J174516.8-290541,266.3200183222881,-29.094842286775275,359.8258654091172,-0.0193090711352752,0.94690818238601,0.95565271705184,-0.12492192379763,1.4959519986569e-14,X,0.010756417603577423,stellar
2CXO J022227.6+422108,35.61525447435946,42.35226962466133,140.3649651043322,-17.41739366081939,-0.064959400374766,0.11617738913179,-0.17863835103061,1.5212814026448e-14,X,0.33635425642958433,stellar
2CXO J121937.8+291012,184.9074390757444,29.17009345404493,194.8427583565798,82.6991203062691,-0.25983760149906,-0.017489069331668,-0.24359775140537,5.1429944847094e-14,X,0.8933896002413888,AGN
2CXO J004452.2+412717,11.217625357328243,41.4550955279701,121.61034377092656,-21.399799108435893,-0.17239225484072,0.034978138663335,-0.20612117426608,1.5279177625995e-13,X,0.9670863746949345,AGN
2CXO J225614.0+623942,344.0585485694834,62.661870377538136,110.13529374136692,2.6879255543885296,-0.24484697064335,-0.1736414740787,-0.072454715802623,2.8227921030482e-14,Or*,0.00771475033337691,stellar
2CXO J174546.8-285928,266.44502322649566,-28.99122842295384,359.97125265021793,-0.0585755970600859,0.94440974391006,0.94066208619613,-0.034978138663335,2.3430375738663e-15,X,0.008730269410408173,stellar
2CXO J215034.5-055446,327.64381900572107,-5.913047893148096,50.81656544086721,-42.112055433611054,-0.0049968769519051,0.11867582760775,-0.1261711430356,5.8675722663231e-14,X,0.8852645308995517,AGN
2CXO J053500.8-053808,83.75347192665481,-5.635547206044837,209.21231638048087,-19.552955714582083,0.096189881324172,-0.079950031230481,0.1736414740787,1.5775445572298e-14,Or*,0.029566302633230793,stellar
2CXO J104718.6+593244,161.8277743676017,59.54576095681102,147.5905643830134,51.224429448272375,0.0074953154278576,0.087445346658338,-0.079950031230481,8.0512081631201e-14,Rad,0.9063124011767516,AGN
2CXO J002353.3-721144,5.972130473351626,-72.1958437177466,305.8926100718475,-44.77369896501629,-0.38475952529669,-0.049968769519051,-0.34103685196752,4.3312044385082e-14,X,0.9923176565971022,AGN
2CXO J124337.8+113328,190.90771853984768,11.557863281779584,295.8390805544952,74.32199749027387,0.046221111805122,0.2261086820737,-0.18238600874453,1.1431186771695e-14,GlC,0.2005349503518523,stellar
2CXO J122506.2+125332,186.27616975683415,12.892297622329036,278.23249292408417,74.48720702044737,-0.2685821361649,-0.06371018113679,-0.20861961274204,5.6639036177057e-15,GlC,0.2020895542101474,stellar
2CXO J061622.0-212221,94.09182743651256,-21.37268985457997,228.6848818594407,-17.007997172908066,0.46470955652717,0.9419113054341,-0.85071830106184,1.1315611665368e-13,X,0.2167736495988845,stellar
2CXO J143934.6-252459,219.89440246657523,-25.416406362734275,331.6655203379363,31.352784325981595,0.42348532167395,0.24984384759525,0.19113054341037,2.8014711968964e-13,Rad,0.850652736259296,AGN
2CXO J114405.1+200138,176.02163744486688,20.02732491962586,234.07548896290552,73.0347675398079,-0.32229856339788,-0.014990630855715,-0.30855715178014,6.061916223197199e-14,X,0.9852475350953774,AGN
2CXO J112253.2+013258,170.72169384721815,1.5497169026183717,259.5174817248014,56.7628079820645,-0.048719550281074,0.18238600874453,-0.22860712054966,3.5720381870279e-14,X,0.9084815377901373,AGN
2CXO J053531.5-051636,83.88155943731243,-5.276919056071761,208.93423661173264,-19.277114371338328,-0.22236102435978,0.048719550281074,-0.26483447845097,8.7360364303913e-15,Or*,0.23163942881991859,stellar
2CXO J130526.6-492741,196.36105818938552,-49.46150087746136,305.2701765865564,13.346646466828563,-0.2211118051218,-0.052467207995003,-0.1686445971268,1.0334865000762e-14,X,0.4091917234208095,stellar
2CXO J183123.0-020716,277.84609599928706,-2.121234328286836,28.7514964807464,3.488232023966075,0.93441599000625,0.71080574640849,0.64334790755778,6.5101600844344e-14,Y*?,0.047577471469174445,stellar
2CXO J174542.3-285506,266.42657261241914,-28.91849106883437,0.0249385889962728,-0.0069114647015815,0.98563397876327,0.96564647095565,0.35477826358526,8.687917960968e-15,X,0.001253916040100251,stellar
2CXO J122436.0+131811,186.15004793024437,13.303267445322568,277.20049569303325,74.81794985127381,-0.39350405996252,-0.14490943160525,-0.26233603997502,1.9589633225399997e-14,blu,0.8365430612931433,AGN
2CXO J225602.5+623939,344.01065484259755,62.66089529878227,110.11499011769315,2.6964934162016254,-0.34353529044347,-0.067457838850718,-0.27982510930668,1.6575470668772e-14,Or*,0.02191012011000286,stellar
2CXO J064059.2+095308,100.246737156363,9.885529858401918,202.94646778914293,2.195858478525775,-0.77076826983136,-0.33978763272954,-0.58213616489694,4.9233184287462e-14,Y*?,0.001253916040100251,stellar
2CXO J124331.3+113302,190.88067477684356,11.550776325819973,295.74464960111084,74.31196423422297,0.21486570893192,0.27108057464085,-0.059962523422861,9.622222650928401e-15,GlC,0.23444122620401978,stellar
2CXO J111153.7-604612,167.97382633428776,-60.77019576164578,291.0738570747422,-0.210932985522448,0.64584634603373,0.52717051842598,0.15490318550906,4.5148399144587e-14,Y*?,0.013621359539038414,stellar
2CXO J103616.0-273944,159.0669183581798,-27.662439436191335,269.5928760663137,26.32061272100761,0.75952529668957,0.51967520299813,0.39225484072455,1.5279133957801e-13,X,0.8015918692158263,AGN
2CXO J132641.5-472215,201.67309200502385,-47.371065153484935,309.1013104044503,15.07793468988251,0.5209244222361,0.32354778263585,0.23235477826359,2.4051211086434e-14,X,0.24626078300933968,stellar
2CXO J162008.9-201223,245.03749851966427,-20.20639552174827,355.3839411679977,20.772796964468416,-0.67957526545909,-0.39725171767645,-0.38351030605871,1.6711868652628e-13,Y*?,0.4252174808032532,stellar
2CXO J132524.7-430124,201.35313475258715,-43.02353821781755,309.506091935652,19.414104815415023,0.51842598376015,0.36352279825109,0.18738288569644,,X,0.13905600514844016,stellar
2CXO J233633.2+210836,354.1386860696812,21.143533524062946,100.46316164284828,-38.4390632961374,0.14865708931918,0.22735790131168,-0.082448469706433,2.2751766067772e-14,X,0.7946734376030757,AGN
2CXO J175119.1-293740,267.8298572872734,-29.62800532939368,0.0484341536132548,-1.4215421896703178,0.67832604622111,0.71455340412242,-0.082448469706433,1.0381740091677e-14,X,0.0029240600000418325,stellar
2CXO J191630.5-160200,289.1274642768833,-16.03365910150208,21.22474120989689,-12.66978453909998,0.0024984384759525,0.12866958151156,-0.1261711430356,1.5830854940687e-14,Rad,0.3353779034792366,stellar
2CXO J174544.1-290127,266.4340356317464,-29.024486736324704,359.93785601088337,-0.0676925407801759,0.93816364772017,0.95690193628982,-0.25608994378513,2.1778621158693e-15,X,0.0008368178967175413,stellar
2CXO J175821.0-334653,269.5875404580754,-33.78159083394956,357.2054640108344,-4.802368444816605,0.55090568394753,0.30356027482823,0.2948157401624,1.0532189624128e-13,X,0.07659396472252795,stellar
2CXO J053536.6-063833,83.90264945726557,-6.642682727754592,210.2391329658325,-19.87222239314076,0.88319800124922,0.57339163023111,0.62336039975016,9.344279720851999e-14,Rad,0.4487001159758885,stellar
2CXO J133648.0-295324,204.2000535955508,-29.890221358899733,314.52384065204416,31.958409742445298,-0.0049968769519051,0.061211742660837,-0.066208619612742,8.72563440343e-15,EmO,0.3597201765403397,stellar
2CXO J165406.3-414543,253.5266243387423,-41.762007250598586,343.506186593074,1.2325153645998688,-0.60836976889444,-0.32979387882573,-0.3472829481574,1.9325513409095e-14,Y*?,0.0,stellar
2CXO J174547.0-290029,266.44624112030806,-29.008088900948422,359.9574132387416,-0.0682648327832483,0.80824484697064,0.99937539038101,-0.99937539038101,3.103390397413e-16,OH?,8.67299399770309e-05,stellar
2CXO J122810.9+440338,187.045645798034,44.06057873529085,136.88719286162578,72.43206832796109,0.49344159900062,0.99937539038101,-0.99937539038101,5.556410639999e-16,X,0.494643803432206,stellar
2CXO J111011.4-763529,167.54710624986137,-76.59145826513787,297.0434703481615,-14.891358482444332,-0.2423485321674,-0.16739537788882,-0.078700811992505,3.2937117665876e-14,Or*,0.06307244977641499,stellar
2CXO J053522.7-044829,83.84499896271541,-4.808283719849559,208.4746099761045,-19.09681644425101,-0.86945658963148,-0.53091817613991,-0.62960649594004,4.6634449891987e-14,Or*,0.0037617481203007525,stellar
2CXO J124827.3-054707,192.11402327344115,-5.785519760705889,301.56721957849226,57.07832644191215,-0.052467207995003,0.20362273579013,-0.25234228607121,1.6373377738601e-14,X,0.893780570901597,AGN
2CXO J004256.0+411218,10.73345124460468,41.20510819957477,121.21126912646967,-21.63822608801925,-0.45971267957527,-0.20487195502811,-0.28107432854466,3.542118324306e-14,ev,0.602766881046268,AGN
2CXO J101733.3-462003,154.3889368859218,-46.334390101428674,277.17618238236923,8.699475786111297,-0.38351030605871,-0.10118675827608,-0.29231730168645,2.8018544870699996e-14,X,0.15194941011673024,stellar
2CXO J133000.7+471212,202.50322878323345,47.203544278769,104.80368847733688,68.54382595770866,0.49968769519051,0.32729544034978,0.20362273579013,4.560135843832e-15,Cl*,0.30756616874782966,stellar
2CXO J014829.4+384754,27.12279665861388,38.7985862052721,134.948635518155,-22.738211151537893,0.8844472204872,0.60337289194254,0.60087445346658,8.4095671617325e-14,X,0.8635708119238272,AGN
2CXO J174534.2-285918,266.3926308229949,-28.98840803706301,359.949786997045,-0.0179876587401899,0.99937539038101,0.82573391630231,0.99937539038101,1.5674275173662e-15,X,0.0025,stellar
2CXO J053513.9-052231,83.80817574612598,-5.375522583308787,208.9923680509071,-19.386898174955338,0.99937539038101,0.78450968144909,0.99937539038101,1.0634335425189e-14,mm,0.0027439002847504546,stellar
2CXO J135356.8-663051,208.4867041155436,-66.5142689862964,309.112896684842,-4.395572946124768,-0.99937539038101,-0.99937539038101,-0.89943785134291,1.2234735649378e-13,PN,0.0004131150925057845,stellar
2CXO J091720.7+415432,139.33662462141535,41.90901933031776,179.65586754593883,44.29346957770425,0.64834478450968,0.52841973766396,0.18113678950656,8.9577391009897e-14,SN*,0.16736208010915746,stellar
2CXO J174546.9-285903,266.4454263469852,-28.984208729669614,359.97742909937006,-0.0552212047941567,0.99937539038101,0.96814490943161,0.12367270455965,8.9645445959148e-15,Rad,0.010280299101618737,stellar
2CXO J033045.8-020323,52.69123179826107,-2.0563901826277307,186.51453069814903,-44.37642422943602,-0.40349781386633,-0.1686445971268,-0.2473454091193,1.0933278498481999e-13,X,0.9771691186362823,AGN
2CXO J053502.6-044929,83.76109709466374,-4.824880839821132,208.449975747262,-19.178814831350778,-0.82698313554029,-0.58713304184884,-0.46346033728919,4.9594960354438e-14,Or*,0.01680137500959666,stellar
2CXO J165923.1-401122,254.84636839239957,-40.18960801141706,345.3569669065503,1.4361857916883884,0.99937539038101,0.88694565896315,-0.420986883198,2.2074238818748e-14,Y*?,0.009268391985676092,stellar
2CXO J173933.1-534647,264.8880801510867,-53.77974876121971,337.98483099647774,-11.865074062344622,-0.10993129294191,0.066208619612742,-0.1736414740787,3.9640054428859995e-14,X,0.3779879301226062,stellar
2CXO J064104.4+095126,100.26848757307704,9.8572253677788,202.98145875831855,2.202003008636083,-0.73579013116802,-0.37476577139288,-0.49843847595253,4.7477447513801e-14,Or*,0.008746819195969435,stellar
2CXO J034437.7+321217,56.15739115090565,32.2050352680249,160.47260667617704,-17.761689416207922,-0.420986883198,-0.19362898188632,-0.24609618988132,1.8484589030423e-14,Or*,0.0037539160401002507,stellar
2CXO J005055.8-174703,12.73273790970893,-17.784334329929834,122.18865587628626,-80.65535027689083,-0.84821986258588,-0.49094316052467,-0.60961898813242,7.9630529208936e-14,SB*,0.44126996982186023,stellar
2CXO J174534.2-285935,266.3925933003786,-28.993329911955986,359.9455691507251,-0.020524527697958,0.89818863210493,0.99937539038101,-0.99937539038101,1.1395952851717e-15,X,8.67299399770309e-05,stellar
2CXO J180427.7-242431,271.11557359506105,-24.40887490981441,6.032694709901424,-1.3453208077109835,-0.15615240474703,-0.023735165521549,-0.13241723922548,4.412939261126e-14,Or*,0.007638275281581659,stellar
2CXO J224118.1+531751,340.32635519670976,53.29758381484037,104.11639449607104,-4.7528208527804106,-0.76202373516552,-0.32979387882573,-0.54465958775765,2.7389815503687e-14,Y*?,0.0010037617554858934,stellar
2CXO J114436.6+193831,176.15240693933094,19.6419040052403,235.434250763646,72.95854377110845,-0.15615240474703,0.11367895065584,-0.26608369768894,2.3746283081578e-14,X,0.8184972546403686,AGN
2CXO J010438.5-720535,16.160778419865835,-72.09327110871882,301.49712403473075,-44.99817496282847,0.13366645846346,0.14366021236727,-0.0099937539038102,2.4721497662323e-14,X,0.7753274331334099,AGN
2CXO J174535.7-290004,266.39904611827365,-29.00124445155561,359.9417551199213,-0.0294658266400045,0.99937539038101,0.99937539038101,-0.99937539038101,7.7665312141617e-16,X,8.67299399770309e-05,stellar
2CXO J175758.8-334626,269.4951786239619,-33.77416102895925,357.1738322437227,-4.731974247379159,-0.069956277326671,0.20737039350406,-0.2735790131168,9.223949382442899e-14,X,0.18654680914542143,stellar
2CXO J110439.8-584701,166.1659269373945,-58.783738438355805,289.46562768799333,1.2680110032792042,0.77576514678326,0.43847595252967,0.50718301061836,3.7018567799063e-14,X,0.01952774919048942,stellar
2CXO J085333.5+511852,133.3896433293096,51.31453016247313,167.32429402396275,39.6817611152047,-0.041224234853217,0.19362898188632,-0.23235477826359,1.3406887510808e-14,X,0.7518737562872682,AGN
2CXO J053513.3-052817,83.80579228190174,-5.471582773324333,209.0820718478327,-19.4324512184816,0.88194878201124,0.65209244222361,0.46720799500312,3.5966445575482e-15,Or*,0.0856470209800006,stellar
2CXO J053512.5-051945,83.80248340748943,-5.32928740740187,208.94594293749105,-19.371029306651334,0.13241723922548,0.016239850093691,0.11492816989382,3.8949817526814e-15,Or*,0.08757117660047455,stellar
2CXO J165359.9-415935,253.4995641938988,-41.99306237600863,343.3141522003884,1.1023979636310597,-0.12866958151156,0.061211742660837,-0.18863210493442,4.5071514928096e-14,Y*?,0.010007832080200502,stellar
2CXO J165423.6-414251,253.59839095613967,-41.71433700654698,343.576965789276,1.2209890156133405,-0.35477826358526,-0.076202373516552,-0.28482198625859,2.3650609839695e-14,Y*?,0.009058419462363285,stellar
2CXO J053530.4-052830,83.87703375761697,-5.475180850210133,209.1194518019078,-19.37081483308029,-0.1736414740787,-0.036227357901312,-0.13741411617739,1.6854785439542e-15,Or*,0.12952480441529393,stellar
2CXO J004731.6-251506,11.881865714623814,-25.25182699877374,97.65813087736464,-87.92866949260605,0.3947532792005,0.27232979387883,0.13616489693941,2.406266227704e-14,X,0.46344233624183195,stellar
2CXO J053516.0-052550,83.81683817002983,-5.430868625712367,209.0488349579868,-19.404238368525508,-0.64709556527171,-0.18488444722049,-0.52342286071206,3.625602636601e-15,Or*,0.014162161490650506,stellar
2CXO J161031.9-191306,242.6330906748907,-19.218467217368836,354.55104213750457,23.11853478986718,-0.28981886321049,0.10243597751405,-0.38101186758276,8.2060420461367e-13,Or*,0.9346877674636411,AGN
2CXO J013436.4+304713,23.651835154221885,30.787235356498183,133.76869757909628,-31.17448977165751,0.99937539038101,0.92317301686446,0.99937539038101,2.8839142476823e-14,X,0.533778587780424,AGN
2CXO J133712.7-294309,204.30291124319888,-29.719213885757046,314.6686636626608,32.107192509341566,-0.18738288569644,0.076202373516552,-0.25858838226109,1.4691195426189e-14,X,0.7198633089224673,AGN
2CXO J122939.6+075332,187.4153499593564,7.892436094024958,286.9173242675937,70.08417297270921,-0.60337289194254,0.074953154278576,-0.64584634603373,1.6843852515199997e-14,GlC,0.668675890139342,AGN
2CXO J033825.2-352522,54.60520578651267,-35.42291289623556,236.6699723263653,-53.64928202368439,-0.3472829481574,-0.022485946283573,-0.32479700187383,1.818455453189e-14,GlC,0.9141274066500756,AGN
2CXO J130537.2-492601,196.40510593374268,-49.43377137042598,305.3011661812523,13.37272213079305,0.59837601499063,0.53091817613991,0.094940662086196,2.0934174824835e-14,X,0.3519152526348406,stellar
2CXO J120148.9-184901,180.4541471215117,-18.817247170071724,286.9202715613854,42.50649054300652,-0.24984384759525,-0.043722673329169,-0.20861961274204,1.2428103041579e-14,X,0.7418706569329965,AGN
2CXO J095531.8+693957,148.88277244060723,69.66594942134158,141.44700505351005,40.55078139647341,0.27232979387883,0.27982510930668,-0.0099937539038102,3.957187161465e-15,GlC,0.6844231336778406,AGN
2CXO J033209.5-273727,53.03974658768544,-27.62421481736846,223.24240081235507,-54.477003098429776,0.23735165521549,0.27232979387883,-0.044971892567146,2.2271470782693e-15,X,0.9721309647970797,AGN
2CXO J031656.5-442556,49.23545359479169,-44.43245104812188,253.36804061617556,-56.19164282413647,-0.35852592129919,-0.058713304184885,-0.30480949406621,5.0126764948962e-14,X,0.9336462593207072,AGN
2CXO J180349.3-242337,270.9556096404722,-24.393703470802304,5.974414698244354,-1.2109462245174638,-0.38226108682074,-0.17239225484072,-0.22485946283573,1.6009976400165e-14,Or*,0.0075,stellar
2CXO J102306.6-574353,155.77755732843377,-57.731339876496506,284.1529034561538,-0.3719662481915667,-0.90193628981886,-0.55090568394753,-0.6945658963148,6.6692700208522e-14,Y*?,0.0,stellar
2CXO J144936.5+090829,222.40216896514107,9.141656827773597,5.724625926303797,56.81313421797952,-0.20986883198001,0.071205496564647,-0.27607745159275,1.1369562948371e-13,X,0.9954318920802424,AGN
2CXO J122509.6+180929,186.29028291079817,18.158272172825384,267.55110204010646,79.17880843231431,-0.31355402873204,-0.054965646470956,-0.26358525921299,2.9210090005365e-14,X,0.980058958188884,AGN
2CXO J124335.5+113608,190.8981764327923,11.602365181107842,295.7860951443124,74.36516389796549,-0.21736414740787,0.15740162398501,-0.36227357901312,9.426977567429901e-15,GlC,0.2921415812616713,stellar
2CXO J005950.5-073458,14.960680055793262,-7.582988162037266,129.13753839463195,-70.35340046464056,0.18238600874453,0.25234228607121,-0.0737039350406,2.6439810800082e-13,ULX,0.8716582822090334,AGN
2CXO J032852.1+312245,52.21737108139803,31.379200567970152,158.2405396577452,-20.49102961429553,-0.43222985633979,-0.18113678950656,-0.27108057464085,3.5916460382861997e-14,Or*,0.33280443425764233,stellar
2CXO J164010.4-484353,250.04328645839,-48.73144478386285,336.6078928362154,-1.4092088689625637,-0.23985009369144,-0.081199250468457,-0.16114928169894,3.7804556439649e-14,Or*,0.0025097993159082206,stellar
2CXO J095550.1+690540,148.95883581228463,69.09451703593244,142.0409989072047,40.90380672463696,-0.99937539038101,0.071205496564647,-0.67207995003123,0.0,X,0.22975232922723043,stellar
2CXO J053540.3-052840,83.9182737605812,-5.477846685556175,209.14163188101543,-19.33539698931637,0.99937539038101,0.72704559650219,0.99937539038101,1.8046613702401002e-15,X,0.00047247089750814946,stellar
2CXO J100309.4+554134,150.78936564212114,55.69273561315535,157.68269945259738,48.50587274785908,-0.59088069956277,-0.23985009369144,-0.40724547158026,1.0480332522787e-13,X,0.8954384311046049,AGN
2CXO J132533.0-425102,201.38763834380305,-42.85071811296509,309.5582429852425,19.58169992488623,0.024984384759525,0.041224234853217,-0.016239850093691,3.9761810182831e-14,X,0.08561750341244964,stellar
2CXO J013338.5+302851,23.41055943814092,30.480904430531982,133.5994008995967,-31.51512422321468,-0.047470331043098,0.11118051217989,-0.15865084322299,1.1605151473733e-14,X,0.6362505152502961,AGN
2CXO J042710.3+255551,66.79331600025773,25.93072907433511,171.99196926218755,-15.771919079346144,0.24484697064335,0.074953154278576,0.17239225484072,3.3026993663959e-14,X,0.2181998478635662,stellar
2CXO J174534.9-290202,266.3956742833718,-29.033898910947048,359.9123479073172,-0.0439649300541457,0.841973766396,0.84697064334791,-0.1686445971268,8.034972630189901e-16,X,0.0,stellar
2CXO J053525.0-052326,83.85434123953081,-5.390724753074386,209.02877792010293,-19.35278440945987,0.97938788257339,0.75327920049969,0.85071830106184,6.6494430032231e-15,X,0.00022857061275769513,stellar
2CXO J123044.2+122209,187.6843780960022,12.369289405138591,283.7271216452991,74.46402017979575,-0.10368519675203,0.20861961274204,-0.30605871330418,1.3508074495903e-14,X,0.40089801822192456,stellar
2CXO J094550.4-142138,146.46028599847165,-14.360748890911411,249.76122741142845,28.782646358554643,-0.40224859462836,0.04996876951905,-0.44097439100562,3.6329253259015e-14,X,0.7208186745316479,AGN
2CXO J053909.5-690429,84.78968150465306,-69.0748834783705,279.42941852071954,-31.63473550169573,0.99937539038101,0.84946908182386,0.99937539038101,3.2195280658129003e-15,X,0.5556203276586043,AGN
2CXO J095601.9+685859,149.00812363385626,68.98329773589687,142.14776729352187,40.98239689979113,-0.53591505309182,-0.064959400374766,-0.48344784509681,9.9488354123647e-15,X,0.3966390314336129,stellar
2CXO J012522.2+014629,21.34277139818613,1.774760017679168,140.0639908441489,-59.96346008464118,-0.34103685196752,-0.052467207995003,-0.29356652092442,4.8477878055841e-14,G?,0.9510674009456642,AGN
2CXO J123046.9+122259,187.6956383682392,12.383186655633963,283.75076977785386,74.48057387704407,0.12367270455965,0.55090568394753,-0.48344784509681,2.9619367951245e-15,X,0.35403260805006526,stellar
2CXO J034404.9+320953,56.02079105710868,32.16486632371855,160.40634373635072,-17.86656646352453,-0.7682698313554,-0.38850718301062,-0.52841973766396,5.7106820253455e-15,Or*,0.011033349629205142,stellar
2CXO J004853.3-732458,12.222554401987791,-73.41602309146951,303.183418130558,-43.710985232649904,0.9419113054341,0.94316052467208,-0.071205496564647,1.6527167974969998e-13,Y*?,0.8926306967746213,AGN
2CXO J174537.4-285306,266.40605129964115,-28.88529152511355,0.0439183228358515,0.0257187874028188,0.92692067457839,0.9419113054341,-0.13491567770144,1.6129614709183e-14,X,0.00625391604010025,stellar
2CXO J233716.4+532456,354.3184165823777,53.415685819340574,111.902228281824,-7.860369344874192,0.20737039350406,0.041224234853217,0.16614615865084,3.5780253121074e-14,gB,0.0744901744487954,stellar
2CXO J174042.0-280724,265.1749809664227,-28.123585340271603,0.1236204992129736,1.3463930368478614,0.99937539038101,0.99937539038101,-0.99937539038101,1.453029774804e-13,X,0.013714775821209254,stellar
2CXO J124340.8+113338,190.92000411347897,11.560701608263065,295.8821733332072,74.32616403814598,-0.4159900062461,0.081199250468457,-0.47970018738289,3.136826354478e-15,GlC,0.34679681326868717,stellar
2CXO J121957.7+291714,184.99044217629705,29.28736683776734,193.80171633912173,82.7390380139202,-0.092442223610244,0.089943785134291,-0.18113678950656,2.2406839312358e-15,GlC,0.3237951755237696,stellar
2CXO J180401.2-213153,271.00502443174344,-21.531575039381263,8.489805304282697,0.1556171603589894,0.8369768894441,0.41973766396002,0.63960024984385,1.4901836183428e-13,X,0.011070702413661076,stellar
2CXO J225636.6+623606,344.152607932856,62.60180530099762,110.14863205405426,2.615124785817055,-0.037476577139288,,,1.4248193352345e-14,Or*,0.012514793936859624,stellar
2CXO J174536.3-285955,266.40138899447606,-28.99865900743188,359.9450295684656,-0.0298676113694543,0.73828856964397,0.79950031230481,-0.18488444722049,1.6281786016927e-15,X,0.0,stellar
2CXO J121849.4+471646,184.7061635920633,47.27956393579594,138.40280828599273,68.85700033187209,-0.28357276702061,-0.15365396627108,-0.13491567770144,4.2940209159626e-14,X,0.7297634150768582,AGN
2CXO J085908.7-473037,134.78649893581417,-47.51027348985904,267.9461773991378,-1.0503270251952872,0.98688319800125,0.71705184259838,0.92192379762648,4.7967388855625e-14,Y*?,0.001253916040100251,stellar
2CXO J124316.3+025004,190.81806137195645,2.834348096452811,297.9859712078941,65.62764863665537,-0.091193004372267,0.13241723922548,-0.22236102435978,2.9938648273529997e-14,X,0.9605601235900777,AGN
2CXO J053521.6-052325,83.84009197391987,-5.390496159827263,209.02176081863607,-19.365333224955616,-0.789506558401,-0.64834478450968,-0.28232354778264,1.8590331264575e-15,Or*,0.012102036040183917,stellar
2CXO J225636.7+624603,344.15308583835497,62.76760843862385,110.21986509370176,2.764883798810086,-0.38475952529669,-0.34978138663335,-0.037476577139288,7.8990521258709e-14,Or*,0.009304494000178375,stellar
2CXO J102400.1-574534,156.0005484595091,-57.759637628335255,284.2685756352736,-0.3321709637351585,0.40224859462836,0.47220487195503,-0.1474078700812,9.289730116818701e-15,X,0.016254088648525192,stellar
2CXO J174533.0-285924,266.38771920899944,-28.990235784988503,359.94598813688594,-0.0152734393348056,0.78076202373517,0.737039350406,0.086196127420362,9.9921460876628e-16,X,0.009183850114705436,stellar
2CXO J174615.9-290258,266.5663766613807,-29.049549381084944,359.9766605748756,-0.179542278634338,-0.099937539038101,0.26358525921299,-0.35103060587133,7.433438612389801e-15,X,0.004590733936817792,stellar
2CXO J053401.7-054651,83.50745590997678,-5.78092084961243,209.2328822401003,-19.837004432874156,-0.88569643972517,-0.47845096814491,-0.64834478450968,5.3669785040387e-14,Or*,0.0015037570444583594,stellar
2CXO J125757.8+280339,194.49095950645767,28.06088788681615,66.13068573930599,88.27944450300585,-0.6420986883198,0.43597751405372,-0.84572142410993,2.8896751744509e-15,Rad,0.4983936452565698,stellar
2CXO J174535.4-285925,266.3978553364947,-28.99040660935684,359.9504626136604,-0.0229295308267483,0.99937539038101,0.9369144284822,-0.10493441599001,1.1754315512623e-15,X,0.0,stellar
2CXO J132458.1-430949,201.2423920633064,-43.163715753524464,309.4006416397982,19.286470540270795,-0.23485321673954,0.034978138663335,-0.26733291692692,2.3362081022284e-14,X,0.31273394505563745,stellar
2CXO J132655.0-473113,201.72949242539264,-47.52042916050427,309.1185012267779,14.924674253461555,0.19237976264834,0.12242348532167,0.071205496564647,1.4756369106998e-14,X,0.4198985246747757,stellar
2CXO J053517.3-052413,83.82247952980822,-5.403869088825124,209.0259971539568,-19.387020038733027,-0.35852592129919,-0.29731417863835,-0.068707058088695,2.423569719162e-15,Or*,0.010183470092292984,stellar
2CXO J184939.9-005643,282.41660639576776,-0.9453818874899328,31.888614224884854,-0.0369665080781705,0.6420986883198,-0.39725171767645,0.82698313554029,3.2132390268829e-14,X,0.002340574941175901,stellar
2CXO J053539.0-052025,83.91289355777428,-5.340416851502022,209.00918154770585,-19.27803631728674,-0.5633978763273,-0.50718301061836,-0.072454715802623,1.6675462442928001e-15,Or*,0.008355081856742788,stellar
2CXO J164705.3-455105,251.77238356252,-45.85135341513097,339.5519325613321,-0.4071924941701359,0.95190505933791,0.45096814490943,0.87695190505934,5.7913924957652e-14,LP?,0.011450447772587852,stellar
2CXO J122450.4+130142,186.2102723721298,13.028401542451247,277.8137855810062,74.58813958890447,0.074953154278576,0.41099312929419,-0.38226108682074,,X,0.8570784821749523,AGN
2CXO J105901.0-772240,164.75413283247258,-77.37809284387428,296.7883777206112,-15.867841398838213,-0.87320424734541,-0.59337913803873,-0.57963772642099,1.1436816418713e-13,Or*,0.1369128758539309,stellar
2CXO J110545.8-182124,166.44091844951708,-18.356812320711075,270.62739743187586,37.79812559796722,-0.037476577139288,0.32229856339788,-0.35477826358526,7.5368538854565e-14,X,0.8167204788238088,AGN
2CXO J130522.8-492852,196.34491243644345,-49.4812642127705,305.2582785346806,13.32749862109309,0.45346658338538,0.27607745159275,0.20112429731418,1.5983067589658e-14,X,0.273800629692911,stellar
2CXO J123628.0+260000,189.11708661609785,26.000181857951475,230.71257792211185,86.4679085637029,-0.058713304184885,0.084946908182386,-0.14241099312929,3.5576565876169e-14,X,0.7872540062124913,AGN
2CXO J063333.2+060839,98.38843000283146,6.144326347860427,205.42609258842847,-1.156038596480769,0.50968144909432,0.16489693941287,0.37476577139288,7.443508749639599e-13,NIR,0.11198512517771286,stellar
2CXO J000113.3+131032,0.3055568937918451,13.175536779021796,104.53252605546136,-47.89417935281412,-0.27232979387883,0.1524047470331,-0.40724547158026,6.293172785191299e-14,UV,0.9640870733677154,AGN
2CXO J174532.4-285931,266.3852432783151,-28.992069184750257,359.9432947347797,-0.0143806215707284,0.90068707058089,0.93191755153029,-0.27232979387883,7.823157764794101e-16,X,0.0,stellar
2CXO J174546.3-290108,266.4430496572086,-29.01900183660755,359.9466433419421,-0.0715649942771071,0.91442848219863,0.99937539038101,-0.99937539038101,1.5148406374663001e-15,X,8.67299399770309e-05,stellar
2CXO J174549.6-284925,266.4568554516063,-28.823846257325076,0.1195469909483408,0.0197370495796939,0.99937539038101,0.99937539038101,-0.99937539038101,,Rad,0.0022727167159770517,stellar
2CXO J053516.7-044544,83.8197370775639,-4.762430504764173,208.41927825572768,-19.09835594699812,0.74828232354778,0.23110555902561,0.62460961898813,7.5598977568379e-14,Or*,0.049927737077540675,stellar
2CXO J132535.2-430236,201.39668539929403,-43.04343200701594,309.5365641696146,19.38995837116073,-0.6945658963148,-0.51217988757027,-0.27982510930668,1.8313122351984e-14,X,0.0029240600000418325,stellar
2CXO J095534.5+690250,148.89419171700524,69.04723798052056,142.10972837491047,40.9122000138095,0.1998750780762,0.22236102435978,-0.023735165521549,8.9827574384093e-15,PN,0.7999409677452283,AGN
2CXO J102249.4+040804,155.70595610614373,4.134592889127555,239.27772642004575,47.76282030359412,-0.26233603997502,0.014990630855715,-0.27482823235478,8.2498338711523e-14,X,0.9850960398891924,AGN
2CXO J194748.1-762311,296.9506930462418,-76.38632132074115,318.1561064166098,-29.615313512480924,0.44846970643348,0.5633978763273,-0.15990006246096,2.9143998316533e-13,WV*,0.8370811534700764,AGN
2CXO J053532.7-045011,83.88634234953781,-4.836579112722991,208.52110796994336,-19.073006681362056,-0.26483447845097,-0.13116801998751,-0.13741411617739,5.0062629591981e-14,Or*,0.12545734153659735,stellar
2CXO J001355.9-231240,3.483254045343358,-23.21121073073258,55.657905469642415,-80.65767204377205,-0.089943785134291,0.23735165521549,-0.31980012492192,3.1744634998433e-14,X,0.8286680192837877,AGN
2CXO J034807.0+680454,57.029453703684,68.08150549324709,138.27852617459212,10.64534153876261,0.11992504684572,0.1211742660837,-0.0037476577139288,6.5367698697585e-14,X,0.531210174479877,AGN
2CXO J061842.8-705957,94.6784575662773,-70.99915078902069,281.4853580772716,-28.18842569745534,-0.61711430356027,-0.11992504684572,-0.52841973766396,3.7428348949605e-15,gB,0.2857648246672482,stellar
2CXO J033827.3-352636,54.61409998343379,-35.443534163903564,236.7044741455937,-53.64157035011194,0.57339163023111,0.99937539038101,-0.53216739537789,1.0666549173683e-15,GlC,0.683083369355961,AGN
2CXO J032604.4-212258,51.51854952405,-21.382994994496222,212.23586698701357,-54.42788619026673,0.41099312929419,0.24109931292942,0.18738288569644,4.9603761872833e-14,X,0.6782077926991801,AGN
2CXO J162703.0-491232,246.7626082917752,-49.20907284569444,334.79447402199247,-0.1532083360458669,0.9893816364772,0.99937539038101,-0.99937539038101,8.310384373117899e-13,X,0.103479748053664,stellar
2CXO J092106.7+302737,140.27818568722057,30.46039555777762,195.6995462784424,44.2112640625252,-0.31855090568395,-0.10118675827608,-0.22236102435978,9.1933483521099e-14,X,0.9816997536439888,AGN
2CXO J183130.2-020717,277.8758637064607,-2.1216782755517323,28.764792103762236,3.4616054386366004,0.99937539038101,0.94440974391006,0.99937539038101,8.3163364910986e-14,Y*?,0.0789902031193048,stellar
2CXO J034439.2+320735,56.16351522951118,32.12653268539053,160.52963538893837,-17.818617925236964,-0.11867582760775,-0.20362273579013,0.089943785134291,1.7667507107888e-14,Or*,0.005013706154763855,stellar
2CXO J151352.5+085555,228.46880654558024,8.932167698691996,11.305900436506445,51.77520201016607,-0.13491567770144,-0.018738288569644,-0.11617738913179,9.3899743981161e-14,X,0.8716566019807511,AGN
2CXO J175114.2-293224,267.8091651820829,-29.54004408136522,0.114888957235075,-1.3611489175575089,0.99937539038101,0.63460337289194,0.99937539038101,6.9776526330978e-15,X,0.003972591614822028,stellar
2CXO J130535.5-492526,196.3979071157355,-49.42411367165762,305.2969222985875,13.382629010666928,0.51967520299813,0.39850093691443,0.14990630855715,1.5547846308204e-14,X,0.29123183422463794,stellar
2CXO J181852.0-150213,274.7169619346746,-15.03724763007544,15.877585655072204,0.1967639608951412,0.96689569019363,0.45471580262336,0.91442848219863,3.4970995754148e-14,X,0.03691579379199581,stellar
2CXO J053520.7-045834,83.83646924644466,-4.976205991537762,208.628826644213,-19.180743581844325,-0.14865708931918,-0.047470331043098,-0.10243597751405,4.3171120511016e-14,Or*,0.13610332046936496,stellar
2CXO J013442.8+304505,23.67839163248584,30.751643983976248,133.80297386732238,-31.20494699332704,0.051217988757027,0.1261711430356,-0.074953154278576,1.8247075675369e-14,X,0.40523658143177704,stellar
2CXO J132523.4-425651,201.34781151951483,-42.94764248449208,309.5132199334957,19.48980258602457,0.067457838850718,0.047470331043098,0.01998750780762,1.6693436306681e-14,X,0.05928646182855004,stellar
2CXO J053513.2-052355,83.80514032856559,-5.39874667604321,209.01287673209487,-19.400098970962382,0.63460337289194,0.99937539038101,-0.99937539038101,1.1471360928345e-15,Or*,0.03933140975757243,stellar
2CXO J054522.3+090412,86.34321397276312,9.070059978135813,197.1092020761249,-10.251346148886254,0.75952529668957,0.86196127420362,-0.29731417863835,6.261562996751e-14,Or*,0.49247229689502237,stellar
2CXO J101723.9-204658,154.3498793516319,-20.78292423267116,261.0577825066551,29.29511826090137,-0.25359150530918,0.067457838850718,-0.31480324797002,1.3366723118638e-13,LeQ,0.9164305867637615,AGN
2CXO J222809.0+612857,337.0377299236303,61.482510129655765,106.67991141547908,3.217690519826649,-0.74703310430981,-0.56464709556527,-0.29231730168645,1.0421307800473e-14,SB*,0.009594203959983415,stellar
2CXO J182420.5-245133,276.08550864570225,-24.85916646101533,7.786120823323859,-5.534253678368254,-0.011242973141786,0.14241099312929,-0.1524047470331,1.2578519806273e-14,X,0.14445769030157585,stellar
2CXO J123053.8+122301,187.7244086607982,12.383808058371976,283.8503366680934,74.4895586598221,-0.80949406620862,-0.31730168644597,-0.65833853841349,1.1532464709302999e-14,Gl?,0.42690151268246745,stellar
2CXO J123442.6+621411,188.67787201752083,62.236422020032094,126.30860340147868,54.78203202407184,-0.06371018113679,0.023735165521549,-0.084946908182386,2.7797519268803e-14,Rad,0.9279845688137678,AGN
2CXO J013444.6+305535,23.68617009995017,30.926582305972108,133.77073617755357,-31.032070348021318,0.29106808244847,0.11367895065584,0.18238600874453,4.0586596734556e-14,X,0.47358367303344023,stellar
2CXO J111504.7-611356,168.7696787690752,-61.23244854418767,291.6029966354336,-0.498243757144867,0.94815740162398,0.95690193628982,-0.13366645846346,1.5015595534943e-14,X,0.01764218212043729,stellar
2CXO J152156.1+074149,230.48392620171452,7.697105818005125,11.400127960210057,49.43054378450546,-0.1948782011243,-0.0024984384759525,-0.19113054341037,5.5643202126915e-14,X,0.9438721419420325,AGN
2CXO J034659.3+240142,56.74725405517103,24.02846238901873,166.63340480928375,-23.588088557421045,-0.84572142410993,-0.38850718301062,-0.67957526545909,1.6210465316594e-14,Er*,0.042664829243373587,stellar
2CXO J192128.4+435545,290.36867107720195,43.92938037987748,75.69630748781115,13.44923392193587,-0.85321673953779,-0.49344159900062,-0.6208619612742,4.9525501611062e-14,X,0.030863066789081555,stellar
2CXO J180425.5-241750,271.10662091403367,-24.29724390381425,6.1260152264741095,-1.283483378706353,-0.25359150530918,-0.0012492192379763,-0.25234228607121,3.8132783434655e-14,Or*,0.007511729746637473,stellar
2CXO J095551.1+694050,148.96278378846807,69.68070620054507,141.409907106074,40.564775975836525,0.09369144284822,-0.30480949406621,0.38351030605871,1.2073340791469e-14,GlC,0.3143385993886347,stellar
2CXO J165452.1-415406,253.717072926464,-41.90176163606432,343.486998962162,1.0342730280432697,-0.31480324797002,-0.082448469706433,-0.23735165521549,2.5580355430875e-14,Y*?,0.0,stellar
2CXO J174536.1-285942,266.40075605910874,-28.99511488913924,359.9477660954134,-0.0275484168119344,-0.75078076202374,-0.30730793254216,-0.47970018738289,0.0,X,0.0037614348400445037,stellar
2CXO J165410.4-414837,253.54354499874387,-41.8103172151639,343.4766415653896,1.192259741960333,-0.52467207995003,-0.29731417863835,-0.26733291692692,1.3009764544564e-14,Y*?,0.0,stellar
2CXO J125834.1-014329,194.64234100255655,-1.7248383675552164,306.6207907055078,61.0958201206846,0.57713928794503,0.38475952529669,0.24359775140537,3.6100284626441e-14,X,0.6991808963070781,AGN
2CXO J111503.9-611548,168.76661429901696,-61.26342970581128,291.61287916320583,-0.5276435656231309,0.42723297938788,-0.023735165521549,0.44597126795753,6.3102882958049006e-15,IR,0.001253916040100251,stellar
2CXO J053515.7-051947,83.81575245783358,-5.329805533725966,208.9527714017764,-19.359483051181183,0.99937539038101,0.99937539038101,0.44597126795753,1.1444776555301e-15,LM*,0.08826858322063488,stellar
2CXO J013335.9+303627,23.399744328979068,30.607678074253,133.56030710715677,-31.39246154534349,-0.99937539038101,-0.99937539038101,-0.64834478450968,1.6645750043947e-14,MoC,0.07001148093945002,stellar
2CXO J132547.2-425825,201.4466312907216,-42.97366422640828,309.5853005392277,19.45390266568592,-0.027482823235478,0.044971892567145,-0.072454715802623,7.989465190015401e-15,X,0.0817212201450836,stellar
2CXO J031925.0+414026,49.85444434550686,41.67399157519466,150.4223077211556,-13.16538118734251,-0.19612742036227,-0.048719550281074,-0.14865708931918,1.8733032054732e-14,X,0.3649059384152232,stellar
2CXO J183932.2-054420,279.884336178651,-5.738954012163026,26.46995959269617,0.0208887897756337,0.9156777014366,0.33978763272954,0.83322923173017,1.8340070225492e-13,smm,0.02047792784627268,stellar
2CXO J104449.8-595141,161.20793393332428,-59.86158968169472,287.65416288013296,-0.7995485641076641,0.24109931292942,0.36976889444097,-0.1474078700812,1.1608626217731e-13,X,0.03095691218838706,stellar
2CXO J053426.1-052630,83.60904657247164,-5.441776347610992,208.9599205627908,-19.593668698167875,-0.086196127420362,-0.028732042473454,-0.056214865708932,4.051654520332e-14,Or*,0.0714714613003794,stellar
2CXO J032843.5+311736,52.18147298622176,31.293422798885757,158.26959079212293,-20.577965419593163,-0.43972517176765,-0.28232354778264,-0.17863835103061,4.2126489691939e-14,Or*,0.30555875513010045,stellar
2CXO J121855.8+472024,184.73267881906415,47.34004931373603,138.29769880971486,68.80659142137254,0.32479700187383,0.11492816989382,0.21611492816989,7.0717946328919e-14,HII,0.6781700139412835,AGN
2CXO J132613.6-473441,201.55674061085176,-47.578177598652346,308.99063704203905,14.883897914230811,-0.043722673329169,0.16364772017489,-0.20612117426608,1.9756446630699e-14,X,0.3908403099370542,stellar
2CXO J004250.1+404749,10.708838264736812,40.79704405764093,121.17554201221184,-22.04536444620347,0.0037476577139288,0.034978138663335,-0.031230480949407,1.5456562933753e-14,X,0.5297088805958321,AGN
2CXO J170326.7+515726,255.8614682141064,51.95732177831274,79.17002986189597,37.45128657083278,-0.1261711430356,0.17863835103061,-0.29606495940037,1.2503467711501e-13,X,0.9729278072773881,AGN
2CXO J052758.5-694502,81.99399700684768,-69.75075486977896,280.37989500601554,-32.514594484266944,-0.63335415365397,0.011242973141786,-0.63835103060587,1.4299471489012e-12,X,0.6980420753189266,AGN
2CXO J034433.2+320939,56.138782670648936,32.16097357627824,160.48956450658503,-17.805606733660298,-0.72954403497814,-0.56714553404122,-0.27108057464085,6.9787603502353004e-15,Or*,0.007931892080242333,stellar
2CXO J041648.8-240243,64.20356280622366,-24.04532033086136,221.1128311733791,-43.90601892128533,0.26733291692692,0.28607120549656,-0.022485946283573,4.2967549964262e-14,Rad,0.6449005250216883,AGN
2CXO J133707.3-294650,204.28038843468917,-29.78059942589502,314.6310085928065,32.051223038014804,-0.21486570893192,-0.028732042473454,-0.18738288569644,7.7398470149813e-15,X,0.5541304298225121,AGN
2CXO J053515.0-050653,83.81281404861664,-5.114979930607463,208.74844581187207,-19.264742222931957,0.69206745783885,0.21111805121799,0.55215490318551,7.5106784235272e-14,X,0.022454851086899374,stellar
2CXO J085909.6-473025,134.7900470686887,-47.50703483178045,267.9453008456045,-1.0463944771847409,0.99937539038101,0.70455965021861,0.99937539038101,5.0353214132495e-14,Y*?,0.0008368178967175413,stellar
2CXO J141120.4+521211,212.8350423232772,52.20310291369783,97.51630962415946,60.802134874771895,-0.52841973766396,-0.23985009369144,-0.32979387882573,3.6566788910715997e-14,gLS,0.9495113075294167,AGN
2CXO J112013.3-115850,170.05547553565918,-11.980746879089075,270.46705197832455,45.06412181408031,-0.39725171767645,-0.14615865084322,-0.26483447845097,3.5495021876093e-14,GrG,0.9625142309507443,AGN
2CXO J174533.4-290022,266.3893133977,-29.006292727946484,359.933010732188,-0.0248315023147926,0.92317301686446,0.92816989381636,-0.15615240474703,2.0848734299804e-15,X,0.0,stellar
2CXO J131519.5+420301,198.83124425136415,42.05049541184943,106.3441027311072,74.29959998339754,-0.35352904434728,0.02998126171143,-0.37851342910681,9.7258551625044e-13,UX?,0.9991701439599416,AGN
2CXO J180954.9-234018,272.47889456975645,-23.67166847500876,7.282831444470124,-2.0748319990379724,-0.59212991880075,-0.086196127420362,-0.53091817613991,3.3978025245046e-14,X,0.023323251037122142,stellar
2CXO J141525.8+113007,213.85786884825984,11.502008648327823,358.614973678025,64.83979424043525,-0.28107432854466,0.032479700187383,-0.31105559025609,1.9791918252384e-14,X,0.9566020042205227,AGN
2CXO J032811.0+311730,52.04607203533004,31.291747436155823,158.17192874454545,-20.648919320658862,-0.35477826358526,-0.16239850093691,-0.1998750780762,2.9572022474119e-14,Or*,0.3988987736931544,stellar
2CXO J004148.3-092841,10.451313799344632,-9.47814490167563,115.1384031702138,-72.2039767872437,-0.33978763272954,-0.10118675827608,-0.2473454091193,5.3537067732167e-14,X,0.9692043912566232,AGN
2CXO J141557.0+112648,213.9876476407353,11.44668449350522,358.7147663614301,64.7077794004174,-0.27108057464085,-0.0087445346658339,-0.26108682073704,1.6437832570007e-14,X,0.9696939110451152,AGN
2CXO J053521.6-052657,83.84015795419094,-5.449362729979721,209.0774505985991,-19.39189214264706,-0.86945658963148,-0.6633354153654,-0.47970018738289,1.9164380054579002e-15,Or*,0.02273134547807411,stellar
2CXO J172323.6+321053,260.8483754008963,32.18153016648808,55.70233245241102,31.67955717066586,-0.2998126171143,0.062460961898813,-0.35477826358526,1.5410394920857998e-13,blu,0.8963470219103358,AGN
2CXO J122950.8+080009,187.4619525299557,8.002748856860979,286.96858984354435,70.20247751226574,0.15990006246096,0.24859462835728,-0.092442223610244,1.575297162937e-14,GlC,0.4247163478890541,stellar
2CXO J225704.9+623822,344.27067170858766,62.639673419070405,110.21396795726848,2.6261738160357204,0.058713304184884,-0.017489069331668,0.076202373516552,8.6117153755969e-14,Or*,0.01010803885923925,stellar
2CXO J123557.7+275807,188.99074068448888,27.968798593900967,198.27312546062552,86.46860538777814,-0.0012492192379763,-0.031230480949407,0.02998126171143,1.2587249467741e-13,UX?,0.7756566100516855,AGN
2CXO J143830.2+353915,219.62599715259864,35.654413994227255,60.11903724681674,65.70808068698024,-0.19362898188632,0.13491567770144,-0.31980012492192,7.8953066443899e-13,ev,0.9898200611960992,AGN
2CXO J042706.3+260035,66.77659178113083,26.009879703023184,171.92012514538948,-15.730570894728231,0.25608994378513,0.12991880074953,0.12991880074953,8.7904801996894e-15,X,0.28390575720452654,stellar
2CXO J053516.5-054018,83.81880205049617,-5.671677730126201,209.2776471878609,-19.511230505156117,-0.82448469706433,-0.41224234853217,-0.62211118051218,2.4862472262987e-14,Or*,0.0031773928378934424,stellar
2CXO J013303.5+303903,23.26491918180119,30.651038576464803,133.41725074492564,-31.37187063599677,0.074953154278576,0.062460961898813,0.012492192379763,1.3469333665099e-14,s?r,0.39289417458923737,stellar
2CXO J174535.7-290002,266.3990333695747,-29.000716223886727,359.9422001588949,-0.029181065055387,0.7945034353529,0.99937539038101,-0.99937539038101,1.0660485823011e-15,X,8.67299399770309e-05,stellar
2CXO J122811.9+440641,187.04990161513024,44.11150672656094,136.8272934108482,72.38436858573107,-0.12991880074953,0.1948782011243,-0.316052467208,1.0771994794163e-14,Cl*,0.15529319610071338,stellar
2CXO J013402.8+304940,23.511772340419043,30.827950579973653,133.62155698254458,-31.157823355518524,0.8107432854466,0.72329793878826,0.16114928169894,1.1759860226594e-14,Cl?,0.47679801002984135,stellar
2CXO J165415.1-415021,253.56299560091972,-41.839294968699726,343.4632824566402,1.1627401596506308,-0.48844472204872,-0.24859462835728,-0.27108057464085,2.0866309242748e-14,Y*?,0.005088501007664761,stellar
2CXO J174543.8-290135,266.4328576429456,-29.026518641492142,359.9355849762829,-0.0678714982696382,0.99937539038101,0.99937539038101,-0.99937539038101,1.2887015415732e-15,X,0.0009235478366945722,stellar
2CXO J123409.5+074223,188.53989483936084,7.706405750772735,290.23328327455187,70.15099679810822,-0.052467207995003,0.16739537788882,-0.21736414740787,4.6409183425729995e-14,GlC,0.9371332530881148,AGN
2CXO J003735.1-334517,9.39649956713589,-33.75487516240685,326.32520778212654,-82.73329793384082,-0.28482198625859,-0.016239850093691,-0.26733291692692,1.6247476761515998e-14,X,0.7164313274498428,AGN
2CXO J170112.1-300659,255.30061001766975,-30.11653965817349,353.5702344537114,7.318327431773952,0.67707682698314,0.29856339787633,0.47220487195503,4.1340521186267e-14,CV?,0.19345783705507785,stellar
2CXO J105646.2-034023,164.19263180796543,-3.673226323643625,256.5569185550748,48.59726673334639,0.37226733291693,0.15365396627108,0.23110555902561,2.931543163476e-14,X,0.7179941739320114,AGN
2CXO J053707.5-691243,84.28143871491079,-69.212088569362,279.614398975992,-31.79846287268123,0.71080574640849,0.35852592129919,0.46470955652717,3.1927162797536e-14,X,0.511635224871074,AGN
2CXO J001400.8-493633,3.503648394229572,-49.6093189326491,318.18494675169165,-66.39595079322113,-0.15490318550906,-0.0037476577139288,-0.14865708931918,1.4029306575089998e-13,Rad,0.9584198109246512,AGN
2CXO J082052.3+633621,125.21771413900932,63.60600403443367,152.65477953082362,33.983212889740216,-0.2998126171143,-0.076202373516552,-0.22860712054966,1.9510599419082e-13,blu,0.9762571922584203,AGN
2CXO J013323.9+304820,23.349864594995324,30.805712971375776,133.4669761269175,-31.206189417404897,0.16364772017489,0.19237976264834,-0.028732042473454,,X,0.48134221899700047,stellar
2CXO J123714.0+620916,189.30851757980813,62.15465491141656,125.81537251544208,54.89400456171055,-0.036227357901312,0.15740162398501,-0.19237976264834,3.1740003851428002e-15,X,0.9439507995387463,AGN
2CXO J174545.0-285903,266.4375765829502,-28.98422201879641,359.9738418577888,-0.0493661070278314,0.92192379762648,0.99937539038101,-0.99937539038101,5.5869061549776e-17,Mas,8.67299399770309e-05,stellar
2CXO J123041.7+122439,187.67379270407525,12.41105288224175,283.6433723106665,74.50074971302139,0.08369768894441,0.2423485321674,-0.16364772017489,1.2213073192132999e-14,X,0.29472618985555565,stellar
2CXO J142509.4+354355,216.28910421538592,35.732079655542464,62.09523928714361,68.30726723051312,-0.45846346033729,-0.086196127420362,-0.38600874453467,2.9642324938251e-14,X,0.9792075639138613,AGN
2CXO J053513.7-052221,83.80725393496499,-5.372784037090641,208.9893388332077,-19.3864776551041,-0.46595877576515,-0.36727045596502,-0.11367895065584,2.6320696116701e-15,Mas,0.009181467873635584,stellar
2CXO J183131.0-020440,277.8792499775566,-2.0779606842328797,28.80525308079553,3.478681338817976,0.93441599000625,0.71705184259838,0.62585883822611,5.5398562568949e-14,Y*?,0.06400997654406242,stellar
2CXO J165431.6-414034,253.6318764527076,-41.67613337209968,343.62239804544043,1.2256299885156556,-0.316052467208,-0.13741411617739,-0.18613366645846,3.6114133977103e-14,Y*?,0.010014793936859626,stellar
2CXO J061253.4+175633,93.22288509563737,17.94278789226298,192.6405190363758,-0.0723724187527283,0.99937539038101,0.93816364772017,0.99937539038101,3.1308117523568e-14,X,0.007775088631370356,stellar
2CXO J124341.9+113256,190.9249274666273,11.549105716832198,295.90468687460395,74.31517712855204,-0.20112429731418,0.13866333541537,-0.33853841349157,1.3268071794487e-15,GlC,0.2594930091279864,stellar
2CXO J105029.7-024145,162.62377756044634,-2.695864206456092,253.80999639941237,48.29820027284925,-0.96939412866958,-0.80074953154279,-0.75452841973766,7.4390136887068e-13,SB*,0.015165154747700908,stellar
2CXO J165434.1-415032,253.6421039233705,-41.84223167343796,343.4981370182982,1.115119835521918,-0.14865708931918,0.068707058088695,-0.21486570893192,3.1855924848111e-14,Y*?,0.0075069618566591225,stellar
2CXO J053523.5-052454,83.84808996853832,-5.415092356000963,209.0488308323457,-19.36935510293446,-0.77326670830731,-0.43972517176765,-0.49718925671455,1.2964195003821001e-15,Y*?,0.009387496813524878,stellar
2CXO J043626.4-024925,69.11019530691357,-2.823658139740828,198.79448191198887,-31.084660142355908,-0.90568394753279,-0.59712679575265,-0.66708307307933,3.8572108644031e-14,SB*,0.07278139777615734,stellar
2CXO J220221.4+015330,330.5894682188633,1.8918218011263304,61.537831923495325,-40.02816815406624,-0.68207370393504,-0.16739537788882,-0.57963772642099,6.9917331701766e-13,X,0.5329790662293089,AGN
2CXO J104356.0-593438,160.98366810798893,-59.577427985859856,287.4211028458567,-0.6014919664034106,-0.25484072454716,0.18238600874453,-0.41099312929419,2.2303733520121e-15,Y*?,0.001253916040100251,stellar
2CXO J102845.6-283038,157.1903931974091,-28.51056514953185,268.6032003727812,24.68898155143268,-0.87070580886946,-0.36227357901312,-0.74078700811993,9.9189100466816e-14,LM*,0.026339817331432293,stellar
2CXO J053448.1-052238,83.70049476962998,-5.3773905234419,208.94269586870428,-19.48334882264373,-0.64084946908182,-0.072454715802623,-0.57214241099313,2.2621587552723e-15,Or*,0.0712560123902957,stellar
2CXO J132526.9-430052,201.3622186238056,-43.014577946663366,309.51439005652753,19.422051358400367,0.53216739537789,0.29731417863835,0.27607745159275,1.706135563542e-14,X,0.08835326397780982,stellar
2CXO J183209.5-021215,278.0398159786862,-2.2051194729061065,28.76592927757074,3.277749020705521,-0.082448469706433,0.1524047470331,-0.23235477826359,7.2780849987693e-14,Y*?,0.07362205531096962,stellar
2CXO J120149.7-185550,180.45735117144125,-18.930657564847543,286.9640640756607,42.397738307506735,-0.066208619612742,0.20986883198001,-0.2735790131168,9.7426205955704e-15,X,0.41133502811009265,stellar
2CXO J053515.0-052354,83.81267235796571,-5.398447321104184,209.0161894112461,-19.393275817730675,-0.50343535290443,-0.27232979387883,-0.25733916302311,8.5633936474467e-16,?,0.014628153890737542,stellar
2CXO J165419.5-414152,253.581245172486,-41.698059554077886,343.5815418098712,1.2411849806409487,-0.31980012492192,-0.0737039350406,-0.25109306683323,3.0392353518946e-14,Y*?,0.0016701439599415815,stellar
2CXO J133004.5+470949,202.51876653268005,47.16376339674009,104.7328894312055,68.57583076747646,0.33728919425359,0.47720174890693,-0.18738288569644,1.0566385752434e-15,Cl*,0.45002309776564375,stellar
2CXO J060758.3-061405,91.99299319317907,-6.234683720789431,213.58919131719964,-12.492361417893848,0.89444097439101,0.67582760774516,0.54840724547158,6.6815263065247e-14,X,0.11011887431125071,stellar
2CXO J033646.1-355955,54.19254070907334,-35.99861534996677,237.662318969064,-53.966055693184366,-0.8844472204872,-0.49718925671455,-0.67832604622111,1.1653885776193999e-14,HII,0.10474077208455734,stellar
2CXO J013644.1+154818,24.18390725727494,15.805158446329685,138.62240074441758,-45.682038026918406,-0.99937539038101,0.99937539038101,-0.99937539038101,0.0,Cl*,0.08850468253967099,stellar
2CXO J182956.9+011247,277.48737179965,1.2132475047000155,31.56009207679952,5.333918918515705,0.92941911305434,0.49344159900062,0.80449718925671,5.1656617793865e-14,Rad,0.06358367340916073,stellar
2CXO J053358.1-055021,83.49223001942164,-5.83935418487523,209.2810894964142,-19.876855374055047,-0.86570893191755,-0.46720799500312,-0.60212367270456,3.3191702714785e-14,Or*,0.013867599216385118,stellar
2CXO J013410.6+304223,23.544459304341217,30.70660194165288,133.68111784413856,-31.271487869543705,-0.97938788257339,-0.80199875078076,-0.81698938163648,1.2155064447617e-14,PoG,0.014039612948168207,stellar
2CXO J133749.7-295543,204.45705883873583,-29.928862206109528,314.77103583919234,31.874173296242883,0.022485946283573,0.22361024359775,-0.20237351655215,3.1146185164545e-14,X,0.5586139073448493,AGN
2CXO J174454.1-285841,266.2255788512407,-28.97829688598028,359.8821735233547,0.111953750239627,0.99937539038101,0.91442848219863,0.99937539038101,2.4630499743363997e-13,HX?,0.027910128013547763,stellar
2CXO J123054.4+122302,187.72697244011044,12.384086097521369,283.85896660705464,74.49056985107565,-0.80449718925671,-0.32354778263585,-0.63335415365397,4.631560795133e-15,GlC,0.41283263950790067,stellar
2CXO J172437.1-341223,261.154871162898,-34.2065380175379,353.14950963484137,0.9086054861906334,0.99937539038101,0.25608994378513,0.99937539038101,3.7052262155921004e-15,IR,0.0,stellar
2CXO J003724.1-334309,9.350659581332536,-33.719263696098665,326.7185503239233,-82.74915155691053,-0.037476577139288,0.21361648969394,-0.24859462835728,1.2832415950513999e-14,X,0.356574625406898,stellar
2CXO J174458.1-285040,266.24230497094413,-28.844509334761845,0.0039126033130807,0.1693398949254552,0.65459088069956,0.43222985633979,0.40724547158026,3.7064474382752e-15,X,0.003340287919883163,stellar
2CXO J084005.0+193817,130.0209836357859,19.6381359203707,205.92068864648328,32.40459297880727,-0.34103685196752,0.13491567770144,-0.45596502186134,1.7432302851158e-14,X,0.6854529698076797,AGN
2CXO J174530.3-290341,266.3762628419812,-29.061642731955523,359.87982571524714,-0.0439411311547786,0.99937539038101,0.84697064334791,0.99937539038101,5.876589285466001e-16,X,0.0,stellar
2CXO J131329.4+363517,198.372708523435,36.58816922014916,98.0135983253889,79.449867248205,-0.19862585883823,-0.067457838850718,-0.13241723922548,6.7512433430318e-14,X,0.9244501740335339,AGN
2CXO J174507.0-290357,266.279460295641,-29.06596085540536,359.8320084574695,0.0259983646660166,0.99937539038101,0.9581511555278,0.99937539038101,1.627731711119e-14,X,0.002510453690152624,stellar
2CXO J174609.5-284807,266.53984733248126,-28.802062535284243,0.1759881851359773,-0.0310244267437186,0.99937539038101,0.96939412866958,-0.056214865708932,,X,0.016124078854995404,stellar
2CXO J061836.9+782127,94.65400106042192,78.35757519846298,135.65266193829186,24.895776388583183,0.99937539038101,0.67957526545909,0.99937539038101,5.9213856931966e-14,HII,0.7209862700221208,AGN
2CXO J132525.2-430222,201.3552610890188,-43.03969896419517,309.5053355046435,19.397885180321527,0.34103685196752,0.39350405996252,-0.064959400374766,9.939589338255e-15,X,0.08118371333047465,stellar
2CXO J002337.5+041700,5.906484180967652,4.283404562940271,109.80968565728296,-57.87801021032003,-0.24109931292942,-0.049968769519051,-0.19362898188632,7.5572900529811e-14,X,0.9524355711717841,AGN
2CXO J024237.6-000029,40.65700779966738,-0.0081771322966355,172.08299343559673,-51.93850126463953,0.29231730168645,0.34103685196752,-0.054965646470956,9.0219437916427e-15,X,0.794064081089409,AGN
2CXO J104614.9-602545,161.56239182497814,-60.42917927074771,288.07425034341725,-1.220109897437192,0.82948157401624,0.48094940662086,0.57589006870706,1.0079433409511e-13,LP?,0.02383600367977593,stellar
2CXO J182027.8-161146,275.1161342484236,-16.196203616411516,15.037537542211862,-0.6894134478572198,0.87695190505934,0.49094316052467,0.67332916926921,1.2421952193984e-14,X,0.00948401254259438,stellar
2CXO J163630.4+405652,249.1268846989201,40.947808462798726,64.89978049738625,42.23175212268294,0.53966271080575,0.31230480949407,0.27108057464085,4.807121780028e-14,X,0.5162441121265127,AGN
2CXO J191237.9+101044,288.1581790655064,10.179112934567248,44.3946510570668,-0.0178087862485538,0.74453466583385,0.50593379138039,0.37976264834478,2.6596898327744997e-13,X,0.016708642523538438,stellar
2CXO J033830.1-352633,54.62561071964831,-35.4426958571897,236.7027007058563,-53.63221415251948,0.54840724547158,0.27108057464085,-0.17239225484072,1.6908701422957e-15,GlC,0.7074662167906609,AGN
2CXO J033831.2-352657,54.63016675117939,-35.44922960549824,236.71357379188987,-53.62835492461365,0.99937539038101,0.99937539038101,-0.99937539038101,0.0,GlC,0.825395594045685,AGN
2CXO J172448.9-341058,261.20394303934086,-34.18307163698227,353.1917358561458,0.8882213238977648,-0.087445346658339,-0.24859462835728,0.69581511555278,6.9392091397969e-16,IR,0.0057479213554613275,stellar
2CXO J203230.8+401706,308.1284257073737,40.28498899733544,79.31340395600657,0.2880237105381662,0.9581511555278,0.77701436602124,0.70331043098064,1.2391970654507e-13,Y*?,0.01795714620535506,stellar
2CXO J174536.8-285914,266.4034536011934,-28.98737959335969,359.95559780263017,-0.0255318539272647,0.86945658963148,0.99937539038101,-0.99937539038101,1.3911402510452e-15,X,0.0009235478366945722,stellar
2CXO J025405.5+413609,43.52292816568337,41.60261016810558,146.2622918913439,-15.646237810858352,-0.087445346658339,0.10493441599001,-0.19113054341037,2.2358264109161e-14,X,0.47041663215775903,stellar
2CXO J064100.8+094257,100.25373842912694,9.715978510502232,203.1005765466772,2.124587900404486,0.99937539038101,0.84821986258588,0.99937539038101,2.5555106846285e-14,X,0.00584659881013653,stellar
2CXO J034408.8+321609,56.03678529333121,32.26943115918337,160.34702103734517,-17.77753060632676,-0.61461586508432,-0.27607745159275,-0.40599625234229,6.1781326496189e-14,Or*,0.021708663646609817,stellar
2CXO J212906.1+073254,322.27540169954545,7.548523668036726,60.73991077157606,-30.019578223807365,0.65084322298563,0.39225484072455,0.34478450968145,2.8551434232858e-13,blu,0.7953974362286347,AGN
2CXO J151349.6-590136,228.4568439540127,-59.02683552113804,320.3663452933935,-1.062060169639586,-0.87945034353529,-0.76702061211743,-0.33354153653966,1.1483016588803e-14,X,0.007097695793476915,stellar
2CXO J132627.5-473455,201.6146475636507,-47.582083127114586,309.0300929378676,14.87457349279128,0.036227357901312,0.097439100562149,-0.062460961898813,1.5662385000524e-14,X,0.3098657555348442,stellar
2CXO J024912.8-081525,42.30360584701901,-8.257109067835668,184.3393985327664,-56.35487661096236,-0.37601499063086,0.043722673329169,-0.41224234853217,3.4468210523533e-13,PoG,0.9987539160401002,AGN
2CXO J133006.2+471017,202.52620265819007,47.17146267189779,104.72887853425682,68.5667373855682,0.51842598376015,0.31730168644597,0.23985009369144,3.2062625302473e-15,Cl*,0.28657965841313393,stellar
2CXO J052018.7-691137,80.0780138582627,-69.19379454451379,279.87021777832325,-33.27508148803242,-0.20237351655215,-0.0062460961898814,-0.19612742036227,1.0907261757659e-13,X,0.9678234357180265,AGN
2CXO J174543.2-285855,266.4302597900296,-28.98202886649535,359.9723805871433,-0.0427600158986791,0.90568394753279,0.84572142410993,0.15615240474703,1.6647048044586002e-15,smm,0.009597335430390774,stellar
2CXO J025340.1+413019,43.41725965122061,41.50541212005999,146.23735313858106,-15.769217297888682,0.057464084946908,0.17114303560275,-0.11742660836977,4.7703255536941e-14,X,0.48385696472800616,stellar
2CXO J033820.0-352446,54.58360107244539,-35.412937849794474,236.65381020067045,-53.66710798142792,-0.20737039350406,0.39225484072455,-0.55590256089944,9.9184017950317e-15,GlC,0.6328247942971533,AGN
2CXO J174533.0-285912,266.3876981378197,-28.98687391810073,359.94884775905166,-0.0135056581633495,0.92067457838851,0.99937539038101,-0.53591505309182,1.5940111251779e-15,X,8.67299399770309e-05,stellar
2CXO J205547.0+253904,313.9460597884445,25.651347970757325,70.67125279469855,-12.52399416297868,0.30106183635228,0.012492192379763,0.28732042473454,2.1073716080616998e-14,X,0.04044241873978411,stellar
2CXO J004725.3-251643,11.855828176583143,-25.27884316421202,96.7465900006382,-87.94303635776637,0.52342286071205,0.27732667083073,0.28732042473454,1.7378482290938e-14,X,0.4720264515049882,stellar
2CXO J174558.8-285815,266.4949463418656,-28.97109889760413,0.011173532110544,-0.0853849315209955,0.96689569019363,0.99937539038101,-0.99937539038101,1.0745354160467e-14,X,0.0007146715778810158,stellar
2CXO J125841.6-015402,194.6735787596176,-1.900726874179488,306.66418768383323,60.918424691373055,-0.31105559025609,0.092442223610244,-0.39100562148657,3.5381622751316e-14,X,0.9847111535091002,AGN
2CXO J123050.0+122319,187.7083813725277,12.38885987050864,283.7888269172236,74.48971003083923,-0.66208619612742,0.50968144909432,-0.89319175515303,2.9971146444165e-15,GlC,0.4794934534671911,stellar
2CXO J130529.8-492642,196.37409164813687,-49.44518541626226,305.27980961053606,13.36246212579163,-0.016239850093691,0.0049968769519051,-0.021236727045597,9.588765343274e-15,X,0.22509851298578515,stellar
2CXO J164011.0-485452,250.0460260575676,-48.91440742334901,336.4721491978564,-1.5319459395903456,0.23110555902561,-0.0074953154278576,0.23735165521549,3.3504863576683e-14,Y*?,0.0017889067667828731,stellar
2CXO J174536.1-290255,266.40077870113817,-29.04896336460881,359.90181563281817,-0.0556235810009538,0.71205496564647,0.88319800124922,-0.50468457214241,7.5215441050328e-16,X,0.017017295500336798,stellar
2CXO J053457.6-052223,83.74043713760148,-5.373329977160597,208.9579407768724,-19.44604897205628,0.94815740162398,0.88319800124922,0.31855090568395,7.911669450735501e-15,X,0.1686718285212204,stellar
2CXO J172918.8-233854,262.3284372076346,-23.64833820833191,2.522364865136333,5.9128398527286095,0.6633354153654,0.36976889444097,0.38351030605871,1.3674084276372e-13,LP?,0.09065078701563464,stellar
2CXO J053519.9-052402,83.83301273466873,-5.4007199964207775,209.028047359834,-19.37624315025523,-0.99937539038101,-0.99937539038101,-0.56089943785134,2.3416504048066e-16,Or*,0.03399826486512091,stellar
2CXO J085448.5+200628,133.70222390698666,20.108145567537587,206.81200156412328,35.81951385037477,-0.26983135540287,-0.021236727045597,-0.24984384759525,5.2612354517906e-14,?,0.9641677038742975,AGN
2CXO J182110.0+643212,275.29186008240026,64.53671477659704,94.20925152075564,27.521506987150214,0.047470331043098,0.34353529044347,-0.29856339787633,1.4861181271967999e-13,Rad,0.6898796476105008,AGN
2CXO J062141.0+143212,95.42098384631912,14.536932410009875,196.6398229964352,0.1674713886767752,0.45971267957527,0.26108682073704,0.21986258588382,1.4662709417843e-13,Rad,0.002507832080200502,stellar
2CXO J134919.4+264335,207.3309734650701,26.72649802163853,34.44864785723447,77.09834414665973,-0.24609618988132,-0.011242973141786,-0.23610243597751,1.8459229653341e-14,X,0.8829666006707442,AGN
2CXO J132600.8-430940,201.503296248919,-43.16113495187496,309.60065825483883,19.26246336819848,0.20487195502811,0.28482198625859,-0.086196127420362,2.3948369188479998e-14,GlC,0.10694679772001313,stellar
2CXO J085123.7+114949,132.84901537643253,11.830362563082724,215.6751116371507,31.93031918918485,-0.86695815115553,-0.54341036851968,-0.61211742660837,3.699938125711e-14,SB*,0.20055669714777455,stellar
2CXO J123535.6+122607,188.89840800668756,12.435318150328456,287.9783309053096,74.84517682062035,-0.13991255465334,0.10118675827608,-0.23860087445347,6.8764040786854e-14,X,0.9481749560046793,AGN
2CXO J053600.9-690926,84.00337368000487,-69.15732346960752,279.5647878355551,-31.903282626849848,0.54091193004372,0.80824484697064,-0.55840099937539,5.1311247388788e-15,X,0.5046785563068509,AGN
2CXO J022232.4+422431,35.63513070614573,42.40874937866024,140.35795485415142,-17.359421452387853,0.14241099312929,0.24984384759525,-0.11242973141786,1.4851125582281e-14,X,0.23983096839614546,stellar
2CXO J141701.5+104827,214.2563941929224,10.807755732479237,358.0161288733926,64.08598328740926,-0.31980012492192,0.14116177389132,-0.43972517176765,3.8028715028099e-14,X,0.9758541666830719,AGN
2CXO J123046.6+122401,187.6945367771908,12.40037479884398,283.72767817967986,74.49665039821056,0.5471580262336,0.11742660836977,0.1948782011243,3.517057685558e-15,GlC,0.16435744480817507,stellar
2CXO J043104.2+180718,67.76766288600413,18.121895734621997,178.85956107854227,-20.14734922439044,0.91817613991255,0.6945658963148,0.54840724547158,2.1037151178805e-14,X,0.5744455437147441,AGN
2CXO J163955.9-485148,249.9832529687461,-48.86340210502247,336.48290829725863,-1.4672199143734468,0.24609618988132,0.12866958151156,0.1211742660837,2.997731687084e-14,IR,0.008344649976918044,stellar
2CXO J125834.5+281434,194.6441177904701,28.243050497303763,68.54413327352827,88.06609526730688,-0.35602748282324,0.1211742660837,-0.45721424109931,0.0,X,0.9413422198539417,AGN
2CXO J004339.2+412653,10.913359027294293,41.44811171219766,121.3652899390476,-21.399955329821506,-0.99937539038101,-0.99937539038101,-0.85571517801374,1.0308764050496e-14,Cl*,0.021591246641772463,stellar
2CXO J144926.3+085410,222.3598478508984,8.902992821435713,5.330566938145211,56.703378003419424,-0.18863210493442,0.0074953154278576,-0.1948782011243,2.8564317992572e-14,X,0.9331021116762542,AGN
2CXO J174535.5-285941,266.39816853979767,-28.994945607103045,359.9467312938607,-0.0255285317760344,0.57089319175515,0.45221736414741,0.08369768894441,2.2406414829573004e-16,X,0.00897606163798765,stellar
2CXO J005202.0-731406,13.008806488183154,-73.23512499966711,302.8721543348633,-43.89305809428877,0.99937539038101,0.26233603997502,0.99937539038101,9.5991155879545e-15,X,0.7002630876780909,AGN
2CXO J112833.2+583402,172.13851192185746,58.56733435115017,141.8956180263787,55.40370526637983,0.71330418488445,0.28732042473454,0.53466583385384,2.3168924770129e-14,X,0.7867743072171247,AGN
2CXO J175127.0-293706,267.86249992680234,-29.6185857661213,0.0710268689455489,-1.4411334165487004,0.73204247345409,0.68332292317302,0.086196127420362,,X,0.017938853936901457,stellar
2CXO J004326.3+411911,10.859709939648326,41.31990450199769,121.3175256886936,-21.526767772598166,0.93441599000625,0.74828232354778,0.55340412242349,2.7311899648125e-14,Rad,0.7366039388764957,AGN
2CXO J085914.2-434401,134.8094755822413,-43.73378786043676,265.1040048096907,1.4367429184079648,0.62585883822611,0.18113678950656,0.50093691442848,4.4161159232516e-14,Y*?,0.008772201810453375,stellar
2CXO J044223.7+020219,70.59894077144747,2.0389916188444333,194.91266848807817,-27.291934850220787,-0.032479700187383,0.25608994378513,-0.28607120549656,7.2138696919136e-14,ClG,0.698481815203764,AGN
2CXO J120242.3+015807,180.6765503610876,1.968855028471896,275.9846076717772,62.26343641486861,0.10868207370393,0.18363522798251,-0.082448469706433,4.0444635229922997e-13,ULX,0.6828466784832555,AGN
2CXO J005123.8+851803,12.850951522527737,85.30100205248198,122.93116960161552,22.42925451749015,-0.55215490318551,-0.11367895065584,-0.46595877576515,1.3112455283011e-13,SB*,0.43038650791513466,stellar
2CXO J005027.8-174010,12.61604256450238,-17.66966737681,121.52072837505604,-80.53874675065711,-0.45846346033729,-0.15865084322299,-0.31980012492192,6.2363982634607e-14,LeI,0.8933532076376319,AGN
2CXO J232741.4+233515,351.9226602077304,23.587675477608567,99.24322890945147,-35.402299704775736,0.44971892567146,0.26608369768894,0.20737039350406,4.4074523124653e-14,Cl*,0.6782689169453368,AGN
2CXO J104359.5+114207,160.99802057867066,11.70199088358393,233.96126815481884,56.37332376896357,0.19237976264834,0.23360399750156,-0.043722673329169,3.2405548628455e-14,X,0.7243840342286552,AGN
2CXO J042959.7+351334,67.49907404908589,35.226135362178304,165.35766705110143,-9.07474327135558,0.50718301061836,0.26358525921299,0.27607745159275,5.0202908761577e-14,Or*,0.2307268638454409,stellar
2CXO J053524.3-052844,83.8513900295797,-5.478956942741167,209.11079518376803,-19.395293104026614,-0.99937539038101,-0.99937539038101,-0.59712679575265,1.7883049734731e-15,Or*,0.03447159838970027,stellar
2CXO J095013.9+761828,147.55804147598212,76.30784590111737,134.9732091735674,36.24236285086535,-0.22860712054966,0.13991255465334,-0.35602748282324,8.8413802266119e-14,blu,0.9272732778758653,AGN
2CXO J170745.2+783938,256.9387033790781,78.66061154323357,110.9522969828244,31.572412776436877,-0.22236102435978,-0.061211742660837,-0.16239850093691,1.2853536316998e-13,blu,0.8215576932728235,AGN
2CXO J053518.3-052016,83.82652164312026,-5.33788350465583,208.9655500254355,-19.35357777268556,-0.20112429731418,-0.19862585883823,-0.0012492192379763,1.9234356195881e-15,Or*,0.01185971383577006,stellar
2CXO J095840.6+020426,149.66918581955372,2.0740255468225377,236.61644337683217,41.6787873146614,0.086196127420362,0.16989381636477,-0.084946908182386,4.9239110236291e-14,GrG,0.7217086853007302,AGN
2CXO J022013.0-060117,35.054235014868595,-6.021577046991221,171.93719245242437,-60.15005448784332,0.75452841973766,0.38850718301062,0.51342910680824,4.4304717212073e-14,X,0.5277900839599994,AGN
2CXO J132457.4-430534,201.2389781783301,-43.0928205881368,309.4083538222219,19.357035162573705,-0.43972517176765,-0.13741411617739,-0.3210493441599,1.4760614212963e-14,GlC,0.049642571729534436,stellar
2CXO J122005.2+291639,185.0218034612958,29.27776065086566,193.8175289848984,82.76796093489305,0.10743285446596,0.1998750780762,-0.094940662086196,9.907041128394e-15,GlC,0.27416133499695106,stellar
2CXO J104443.7-592117,161.18228963408478,-59.35478070933279,287.4058890391152,-0.3575187786378783,-0.6895690193629,0.16989381636477,-0.75202998126171,6.3071122458521e-15,Y*?,0.00789520016813128,stellar
2CXO J174543.8-284848,266.43286973793954,-28.813704448506677,0.1172617699927508,0.0429591623223542,0.99937539038101,0.79825109306683,-0.27607745159275,4.8098169345676e-15,X,0.0015037570444583594,stellar
2CXO J203303.0+411243,308.2628603057026,41.21210567152029,80.11973068139872,0.7568647614322657,0.13866333541537,0.27232979387883,-0.14490943160525,1.6293341622338001e-15,Y*?,0.007433523420178128,stellar
2CXO J131506.3-550923,198.7763707054694,-55.15637337733183,306.33805554916904,7.558772610845853,0.50343535290443,0.27732667083073,0.26233603997502,1.8726184482858998e-13,Rad,0.27455268651223397,stellar
2CXO J132530.8-430041,201.378284981256,-43.01169524139063,309.5271514367563,19.423265105286717,0.99937539038101,0.45846346033729,0.99937539038101,3.368185841852e-14,X,0.1009957810128543,stellar
2CXO J234425.0+001643,356.1044012867194,0.2787416918941703,89.75666698287286,-58.20905225138622,-0.056214865708932,0.15365396627108,-0.20986883198001,5.9821538825928e-14,X,0.983443332158171,AGN
2CXO J015243.8-135901,28.18256158788597,-13.983736144250653,173.39283937263164,-70.57868665825042,-0.64959400374766,-0.08369768894441,-0.59712679575265,4.1260541415086e-14,X,0.8789407930546453,AGN
2CXO J174553.3-290631,266.4723386800732,-29.10882562862288,359.8832832682332,-0.1401888583980726,0.96939412866958,0.93316677076827,0.2261086820737,1.4740680306463998e-14,X,0.002924060000041832,stellar
2CXO J123513.0+620805,188.80453093036863,62.13464745185929,126.22622984754923,54.88973666927232,-0.09369144284822,0.14615865084322,-0.23485321673954,1.8376177346214e-14,Rad,0.9091773813049473,AGN
2CXO J183434.9-084443,278.64553799399755,-8.745369526080587,23.23506938222577,-0.2688688115051562,0.99937539038101,0.99937539038101,-0.99937539038101,1.9278655099462e-13,X,0.025104549612833454,stellar
2CXO J125026.3+253319,192.60989105157137,25.55531648403532,294.7831170317208,88.41124247541356,-0.60212367270456,-0.30106183635228,-0.35727670206121,1.0327366921137999e-14,UX?,0.4691302285436619,stellar
2CXO J174508.6-285652,266.2859037819036,-28.947851282213456,359.93569694723755,0.0828343978745979,0.99937539038101,0.99937539038101,-0.99937539038101,9.4905175947304e-15,X,0.00017655668264950276,stellar
2CXO J183130.1-020418,277.8758202790284,-2.0718006649214207,28.80915768482489,3.484555310553473,0.89569019362898,0.67707682698314,0.52717051842598,5.1690691350791e-14,Y*?,0.02327840430208496,stellar
2CXO J053522.1-052213,83.84233102805592,-5.370389364524185,209.0038229550077,-19.354249675985475,-0.91193004372267,-0.55340412242349,-0.70705808869457,1.3503522227989001e-15,Or*,0.005635773718104487,stellar
2CXO J094533.6-141526,146.3904010595379,-14.257417132530552,249.62214129944653,28.80278853911601,0.93191755153029,0.91317926296065,0.098688319800125,1.3012752533461999e-13,X,0.946823187638391,AGN
2CXO J174532.1-285907,266.3840206595944,-28.985483146671623,359.94835821461345,-0.0100354198465413,0.99937539038101,0.99937539038101,-0.99937539038101,1.0264128541777e-15,X,8.67299399770309e-05,stellar
2CXO J033853.4-353520,54.72260840535091,-35.58897000329665,236.9458927059601,-53.54978887678589,-0.55090568394753,-0.08369768894441,-0.48594628357277,1.7458074645645e-15,PN?,0.6081405217479737,AGN
2CXO J172437.1-341225,261.1546732167837,-34.20719361794107,353.1488753414,0.9083722826763732,0.57339163023111,0.46595877576515,0.11492816989382,4.6424279289379997e-14,IR,0.011477225872687291,stellar
2CXO J024619.8-301602,41.58251888795843,-30.26738588648428,226.89714710110152,-64.67785246359377,-0.044971892567146,0.21736414740787,-0.25858838226109,1.7046294476766e-13,HII,0.9695667628189937,AGN
2CXO J122941.5+080014,187.42328209974423,8.003975946426896,286.85818381314704,70.19416916269194,0.12492192379763,0.18488444722049,-0.061211742660837,1.3464023106277e-14,GlC,0.31074818055492437,stellar
2CXO J053519.9-051846,83.8332554096354,-5.3129377861127205,208.9451914569385,-19.336307846206356,-0.76951905059338,-0.68582136164897,-0.15365396627108,1.6436348826667e-15,Or*,0.017566938378555916,stellar
2CXO J053515.6-052815,83.81543304035569,-5.471046089488402,209.08616330767725,-19.42364784831385,-0.79950031230481,-0.50468457214241,-0.48844472204872,1.7959756705831e-15,Or*,0.0,stellar
2CXO J174546.1-285831,266.44241712085454,-28.975403474150717,359.98357539660725,-0.0483885377116255,0.99937539038101,0.99937539038101,0.081199250468457,2.9445760929095e-15,X,0.009859709124742525,stellar
2CXO J122859.0+033414,187.24596039261317,3.5706477466196374,289.1325643142936,65.838999394796,-0.51967520299813,-0.072454715802623,-0.46221111805122,4.0249167879412996e-14,Rad,0.9747409173380419,AGN
2CXO J123052.1+122411,187.71709069071017,12.40315335519981,283.8032251711372,74.50589184487605,0.01998750780762,0.63835103060587,-0.6420986883198,1.1070894653168001e-15,GlC,0.40887545739507125,stellar
2CXO J132105.4+341459,200.2728448902436,34.24997938105655,82.93746999515673,80.44810902819334,-0.16739537788882,0.084946908182386,-0.24859462835728,2.5599601443651e-13,Rad,0.9485613651524781,AGN
2CXO J053505.4-052230,83.77273233437552,-5.375178873673693,208.9751164783407,-19.41821201936284,-0.16489693941287,-0.14990630855715,-0.012492192379763,3.4350950411603003e-15,Or*,0.02652371772350564,stellar
2CXO J183055.5-020930,277.7313373542696,-2.158404772791547,28.66562707690355,3.5730096019004702,0.78076202373517,0.35727670206121,0.55090568394753,3.8896128619793e-14,Y*?,0.025933912601967674,stellar
2CXO J111333.0-763538,168.38728264969666,-76.59408880129105,297.2303195752089,-14.818282437107577,-0.86445971267958,-0.32854465958776,-0.72329793878826,2.1193432912421e-14,Or*,0.004848407021376402,stellar
2CXO J124129.1+410757,190.3714352069976,41.132553973609895,130.6165740814833,75.8468576201605,-0.26983135540287,-0.084946908182386,-0.18738288569644,1.3211245139441e-13,UX?,0.9827506490973495,AGN
2CXO J004720.9-251747,11.837376529382029,-25.296572045688585,96.11072747277684,-87.95163532733552,0.29731417863835,0.29606495940037,0.0012492192379763,1.8885529322711e-14,X,0.5836885138296186,AGN
2CXO J121437.3-653501,183.6553794203519,-65.58375642848387,299.1357182687741,-2.983732971726286,-0.86695815115553,-0.51717676452217,-0.62211118051218,5.7190939938997004e-15,Y*?,0.0,stellar
2CXO J174531.5-285915,266.38147827377884,-28.98760756844861,359.9453860669918,-0.009244671551775,0.8844472204872,0.93191755153029,-0.30980637101811,1.5996601353863e-15,X,0.0,stellar
2CXO J091017.4+541758,137.57284517626408,54.29965223628288,162.9541372671683,41.76290949261013,-0.75327920049969,-0.3210493441599,-0.56589631480325,1.1603134837305e-14,gD*,0.10606095774585224,stellar
2CXO J163925.7-465303,249.857262428941,-46.88435019735425,337.905259198559,-0.0883894340290501,-0.93441599000625,-0.60836976889444,-0.75202998126171,5.9755862300857e-14,X,0.0,stellar
2CXO J053727.6-691218,84.36485611382159,-69.2051902437604,279.60213654949666,-31.769902252590267,0.85571517801374,0.44472204871955,0.63085571517801,3.9448562892574e-15,X,0.42630648632492196,stellar
2CXO J112830.6+583350,172.12767331158022,58.56390586899021,141.90725078287738,55.4034222146875,-0.420986883198,-0.23735165521549,-0.20362273579013,1.8703750628484e-14,PoG,0.8079305711324177,AGN
2CXO J174539.5-285913,266.41491635030206,-28.9874020251016,359.96080259447206,-0.0341019618241216,0.51967520299813,0.58338538413492,-0.13116801998751,1.8568052635969002e-16,smm,0.004177976040142083,stellar
2CXO J192748.3+735759,291.9515752083605,73.9664012035173,105.62508103112803,23.54078456356534,-0.61086820737039,-0.37726420986883,-0.2948157401624,2.6595399916765e-14,Rad,0.42019216777275675,stellar
2CXO J174533.1-285910,266.3879401178981,-28.98615994230649,359.9495674226046,-0.0133142182568827,0.78076202373517,0.99937539038101,-0.99937539038101,9.8164838160088e-16,X,8.67299399770309e-05,stellar
2CXO J053512.0-051924,83.80035745052282,-5.323521485561187,208.9394773851551,-19.370306783396398,-0.17114303560275,0.0074953154278576,-0.17738913179263,5.6887453705266e-15,Or*,0.11155018516731277,stellar
2CXO J174532.0-290056,266.3835804131663,-29.01560408845406,359.9224509550404,-0.0254053048185124,0.59212991880075,0.99937539038101,-0.076202373516552,3.7240967756878e-16,X,0.0005025109855618331,stellar
2CXO J034427.8+320731,56.11620867953855,32.125413043608525,160.4980852964376,-17.84515532807145,-0.88569643972517,-0.52592129918801,-0.66583385384135,7.1801898637037e-15,Or*,0.001253916040100251,stellar
2CXO J125903.9+345353,194.76632197667527,34.898228370770646,111.53653854398809,82.0605592810242,-0.53841349156777,-0.18738288569644,-0.38850718301062,6.3370226191583e-14,X,0.900124573010559,AGN
2CXO J104400.3-595227,161.0014523520406,-59.87428258620948,287.5685228908705,-0.859317361968561,-0.93941286695815,-0.77951280449719,-0.59587757651468,4.1564542635593e-14,SB*,0.011188594996960987,stellar
2CXO J001548.3-391839,3.9513936702064143,-39.31096465342527,332.02865637850823,-75.73669660949062,-0.51717676452217,-0.20112429731418,-0.35103060587133,5.1623596724222e-14,HX?,0.9153337377997207,AGN
2CXO J131120.6-012257,197.8359723885621,-1.3827436654249492,313.26562151839335,61.08898162119567,-0.88569643972517,-0.35227982510931,-0.75827607745159,1.1062698416633e-14,X,0.206095891796203,stellar
2CXO J004241.5+405234,10.673271557109388,40.8761877220854,121.14963822047656,-21.965295656516343,0.99937539038101,0.40724547158026,0.99937539038101,8.9863856848631e-16,PN?,0.5632651743662526,AGN
2CXO J174609.5-284819,266.5399990104663,-28.805341520537635,0.1732566267317378,-0.0328432177754874,0.99937539038101,0.9631480324797,-0.2423485321674,1.1976735270803e-14,X,0.0029240600000418325,stellar
2CXO J053527.8-044503,83.86614119521232,-4.75090099563354,208.43069885789328,-19.0519343498838,-0.80324797001874,-0.32604622111181,-0.64334790755778,4.2512340880481e-14,Or*,0.0,stellar
2CXO J231925.1-421432,349.8547448213051,-42.24231031810009,348.1037869850714,-65.92479503446884,0.2948157401624,0.11617738913179,0.18363522798251,1.0921692248037999e-13,UX?,0.955078384673211,AGN
2CXO J132952.7+471244,202.4698922353925,47.21243035854765,104.87012994211204,68.54492382249688,0.7158026233604,-0.086196127420362,0.75327920049969,1.8937562955306e-15,MoC,0.18382801837536092,stellar
2CXO J165406.1-414642,253.52560020694125,-41.77846077108051,343.4929329898312,1.2227314805464586,-0.10243597751405,0.16614615865084,-0.26358525921299,3.4654864468952e-14,Y*?,0.005007832080200502,stellar
2CXO J112832.2+583318,172.1344988730715,58.5550040972208,141.91073326634594,55.41280349318732,0.13116801998751,0.048719550281074,0.082448469706433,1.935032853991e-14,X,0.8801374427932812,AGN
2CXO J163734.5+405045,249.3939142731108,40.846024601277016,64.77075752703509,42.0269471814383,0.30106183635228,0.26733291692692,0.036227357901312,7.6327242543497e-14,X,0.8963323123952204,AGN
2CXO J122504.7+125332,186.2698744072943,12.89242938881597,278.21109851311974,74.48498669284002,-0.19237976264834,0.0049968769519051,-0.19612742036227,5.6413179084839e-15,X,0.19400308641015065,stellar
2CXO J182026.5-160311,275.1105467672701,-16.05320978294444,15.161125053777592,-0.6172735615870609,0.99937539038101,0.64834478450968,0.99937539038101,1.5758039898257e-14,X,0.0008368178967175413,stellar
2CXO J000212.8+672746,0.5534507811615299,67.46286783042927,118.22796340129348,5.04178446221824,0.81948782011243,0.32229856339788,0.67207995003123,8.3553597894248e-14,Y*?,0.07629407816652893,stellar
2CXO J034435.5+315322,56.14785851139334,31.88948387111345,160.67872655007395,-18.008994508451174,0.58463460337289,0.36352279825109,0.27232979387883,4.9792925658759e-14,X,0.13990314217592353,stellar
2CXO J073709.6-302708,114.29023113371062,-30.45243024991452,244.97989527104423,-4.534179410272741,0.4684572142411,0.28357276702061,0.21111805121799,1.0401650585086e-13,Rad,0.09963227230793219,stellar
2CXO J113449.3+490440,173.7054648102503,49.07771354464106,151.77025736973837,63.53934355879327,-0.83198001249219,-0.40224859462836,-0.6420986883198,2.4432602467002e-14,Rad,0.5513613942795351,AGN
2CXO J123444.7+621052,188.6863826328597,62.18128748609946,126.31252408602452,54.8372629685344,-0.44971892567146,-0.26483447845097,-0.18488444722049,4.2629310334117e-15,Rad,0.5154041577986027,AGN
2CXO J053455.0-052659,83.72921901234378,-5.449832397193207,209.02494986721084,-19.49061241222233,-0.41224234853217,-0.047470331043098,-0.36727045596502,2.2605590753202e-15,Or*,0.1503199717080342,stellar
2CXO J165427.8-414632,253.61593270720323,-41.77559046533237,343.5376283835246,1.17223934836705,-0.18363522798251,0.059962523422861,-0.24109931292942,2.6632021986093e-14,Y*?,0.006014090688136035,stellar
2CXO J053513.8-052150,83.80782518194695,-5.363975924442493,208.9812846205931,-19.38198521678808,0.99937539038101,0.61336664584635,0.99937539038101,1.7544491503427002e-16,X,0.009636626658269446,stellar
2CXO J160210.4-224128,240.54341085281223,-22.691299732641895,350.3673557835688,22.140423119187407,-0.88694565896315,-0.54840724547158,-0.65708931917552,6.358288466227e-13,Or*,0.02723269174406464,stellar
2CXO J131540.8+420149,198.9201575744221,42.030327236019325,106.08937752212968,74.2957729163268,-0.10993129294191,0.02998126171143,-0.13991255465334,5.4267728576133e-14,UX?,0.8771332644502142,AGN
2CXO J174532.0-285908,266.38344977835345,-28.985835817349034,359.94779696481226,-0.0097930381023588,0.7207995003123,0.99937539038101,-0.99937539038101,8.2375008271094e-16,X,8.67299399770309e-05,stellar
2CXO J225616.9+624241,344.0707983316597,62.71155430738003,110.16172275439968,2.7303891253525583,-0.41224234853217,-0.36102435977514,-0.049968769519051,6.7466602421387e-15,Or*,0.0,stellar
2CXO J123532.1+123456,188.88385089772495,12.582447739132778,287.791477738751,74.98476321046093,-0.076202373516552,0.0087445346658337,-0.084946908182386,1.6328464033219e-14,X,0.502990156882585,AGN
2CXO J093607.4+613245,144.03099628188903,61.54589151603373,152.2184853245884,42.84769961504336,-0.39100562148657,-0.076202373516552,-0.32229856339788,6.967672271091999e-14,X,0.9113928298167856,AGN
2CXO J174527.4-285938,266.36422682442026,-28.993959487110125,359.93209962723165,0.0003219128385332,0.99937539038101,0.9631480324797,0.44347282948157,6.3013895906553e-15,X,0.0029240600000418325,stellar
2CXO J210712.5+422533,316.80192357453745,42.425950859360654,85.09299857325304,-3.393206263884391,-0.86445971267958,-0.52342286071206,-0.61086820737039,6.3543960072355e-14,Or*,0.015483725521301646,stellar
2CXO J174539.9-285910,266.4168365065532,-28.98628036725376,359.9626350265916,-0.0349513346870092,0.99937539038101,0.95565271705184,0.4159900062461,1.6079848787682e-15,X,0.0052221455978873985,stellar
2CXO J125857.0+275329,194.7377720874704,27.89153792528061,57.97982999916781,88.16758127957715,-0.38725796377264,0.02998126171143,-0.41224234853217,6.8859299746524e-14,UV,0.9653428515967692,AGN
2CXO J005501.4-351909,13.756017419001637,-35.319424541409305,297.8130878282313,-81.77315488891021,0.49094316052467,0.17239225484072,0.34603372891943,6.5037909813044e-14,UX?,0.48376065608930985,stellar
2CXO J105630.3-771138,164.12626940929067,-77.19422270979098,296.5752972320046,-15.763579978790794,-0.5946283572767,-0.23610243597751,-0.4159900062461,1.2486892687026e-13,Or*,0.1199823421481193,stellar
2CXO J034420.0+320645,56.08341658831739,32.112630245749806,160.4842811261221,-17.87276170764083,-0.35727670206121,-0.17738913179263,-0.18738288569644,6.0390331271836e-15,Or*,0.048205399299424474,stellar
2CXO J122508.7+125323,186.28648351486447,12.889726128393525,278.2709121516385,74.48866249479605,-0.064959400374766,0.1736414740787,-0.23735165521549,5.9912116235082004e-15,PN,0.06230730946518559,stellar
2CXO J121541.3+362114,183.92249119766583,36.35397318222348,160.1398509441781,78.05940890578366,-0.25484072454716,0.17988757026858,-0.41723922548407,6.8768804988561e-14,HII,0.9708977895047797,AGN
2CXO J184903.5-631610,282.26465405403883,-63.26967317207735,332.36885303218867,-23.77203041391196,-0.72579637726421,-0.25234228607121,-0.57838850718301,1.8817629154135998e-13,SB*,0.32192111246712085,stellar
2CXO J004611.8+420827,11.549535738379802,42.14101324940176,121.8934725624082,-20.72016906364473,0.13241723922548,0.14241099312929,-0.012492192379763,7.2157089611078e-14,XB?,0.6586910338636873,AGN
2CXO J165356.9-420019,253.48722024979625,-42.00543658029597,343.2987612255924,1.1017061755624893,-0.10743285446596,0.041224234853217,-0.1474078700812,7.4035582116806e-14,Y*?,0.013762845132467092,stellar
2CXO J122940.0+075927,187.41701989493208,7.990911771755636,286.8500571819267,70.17997263541022,-0.14366021236727,-0.069956277326671,-0.072454715802623,9.2962740982439e-15,GlC,0.25992529657923497,stellar
2CXO J174534.8-290008,266.39533135208944,-29.002339100842057,359.9391278497656,-0.027263238295043,0.99937539038101,0.93316677076827,0.99937539038101,4.0527276049501e-15,X,0.0,stellar
2CXO J034620.9+235858,56.58721789884157,23.98296217367765,166.5487069593081,-23.72008836237251,-0.8682073703935,-0.45846346033729,-0.67957526545909,1.8409336702617e-14,X,0.01404229582087233,stellar
2CXO J100103.0+024014,150.26250359283256,2.670819370650104,236.42131705350167,42.50741158828779,-0.087445346658339,0.092442223610244,-0.17988757026858,6.1802306132196e-14,GrG,0.9747694271404267,AGN
2CXO J123034.8+122215,187.6453065499643,12.370999566002965,283.5893527613638,74.45417318599219,0.36102435977514,0.16114928169894,0.20986883198001,1.8019444412599e-14,X,0.23811372069190295,stellar
2CXO J153611.2-494459,234.04699073961024,-49.74983458404819,328.21091392115625,4.860721226301396,0.23360399750156,0.1736414740787,0.058713304184884,1.6075396368888e-13,X,0.11505531861025341,stellar
2CXO J113005.3-144900,172.52239585360758,-14.816705433698992,275.2679050998378,43.64229152108017,-0.16364772017489,0.12742036227358,-0.28482198625859,1.7199457290373e-14,X,0.865528909413339,AGN
2CXO J005901.0-721329,14.754473343266907,-72.22493414169183,302.1154632397564,-44.89129989172784,0.30730793254216,0.22485946283573,0.087445346658338,3.6059866074823e-14,Y*?,0.7429135327441501,AGN
2CXO J132954.1+471003,202.47570161804677,47.16766939923796,104.81044903377136,68.58421033518722,0.18238600874453,0.35477826358526,-0.18488444722049,3.5373311486906e-15,Cl*,0.34452091050380956,stellar
2CXO J002425.8-720703,6.107769439132653,-72.11766187058103,305.8510937293376,-44.857199922349935,-0.68082448469706,-0.31355402873204,-0.46470955652717,4.839397255491e-15,X,0.10202037268735008,stellar
2CXO J095633.8+410823,149.1410479871867,41.13985344192748,179.98434089907076,51.66660554422837,-0.28357276702061,0.066208619612742,-0.3422860712055,7.9430581107042e-14,X,0.9927269172304488,AGN
2CXO J174535.0-290008,266.39612865526715,-29.00232990395313,359.9394990707866,-0.0278536081740045,0.82698313554029,0.84946908182386,-0.20737039350406,6.4733902625884e-16,X,0.0,stellar
2CXO J132532.4-430033,201.3851377909261,-43.00927904424355,309.53277091485387,19.424956773062167,-0.35727670206121,-0.12991880074953,-0.23860087445347,1.7739293600063e-14,X,0.09487358408917089,stellar
2CXO J183056.4-020447,277.73503471706374,-2.0800500391143126,28.737057393091103,3.605733052875841,-0.2261086820737,0.038725796377264,-0.25733916302311,4.1117696048633e-15,Y*?,0.018534219852746524,stellar
2CXO J181314.2-175343,273.30915176214785,-17.895415084334584,12.72144901973027,0.0230572569309057,0.99937539038101,0.83947532792005,0.99937539038101,1.9650086578585e-13,X,0.015438513871159158,stellar
2CXO J124251.4+023836,190.714370519928,2.643300139533044,297.7729037021453,65.4290622384434,-0.053716427232979,0.066208619612742,-0.11992504684572,2.0713046911771e-14,X,0.8393137348247153,AGN
2CXO J140047.9+025324,210.1999566385823,2.8900992482855994,340.29673900850725,60.62744485285123,-0.27482823235478,0.048719550281074,-0.31980012492192,1.5681225479344e-14,X,0.8937521810654353,AGN
2CXO J162824.0+393322,247.1001302636672,39.55613221546225,62.93928320300004,43.73930745688994,0.064959400374766,0.12742036227358,-0.06371018113679,3.2728606020513e-14,X,0.8584112658987548,AGN
2CXO J123537.5+123319,188.90631826449896,12.55536970748807,287.89843480538184,74.96366344627849,-0.57838850718301,-0.20986883198001,-0.39725171767645,4.3983680144378003e-16,Gl?,0.33427639639932927,stellar
2CXO J063210.4+045800,98.04361688981902,4.966627588018886,206.31333832672152,-2.003481549850296,-0.99937539038101,-0.99937539038101,-0.82698313554029,2.5646663923404e-14,bC*,0.0016670311326060353,stellar
2CXO J123018.6+132656,187.57769693471155,13.448907479238828,282.04413162002703,75.45693860429988,-0.8894440974391,-0.61211742660837,-0.60712054965646,8.2317519351881e-14,X,0.34677713396819954,stellar
2CXO J111515.2-611701,168.8135515875124,-61.28358788232728,291.64121832762856,-0.5382379401978961,0.39225484072455,-0.57589006870706,0.99937539038101,0.0,X,0.028393058753947677,stellar
2CXO J165259.0+022359,253.2462562153273,2.399679862967934,20.728298623880452,27.28954155851728,-0.99937539038101,-0.99937539038101,-0.61961274203623,7.9897274868896e-15,Cl*,0.200823019722158,stellar
2CXO J133701.2-295202,204.2552100428728,-29.86720150814872,314.58460581353233,31.971042729831705,0.99937539038101,0.99937539038101,0.99937539038101,1.8253354381956e-14,Rad,0.5537568501513719,AGN
2CXO J034722.8+680859,56.845344884953874,68.14995134814554,138.18042326647856,10.655268463196798,-0.57589006870706,-0.45846346033729,-0.15615240474703,6.3855936173985e-14,X,0.06713050331671983,stellar
2CXO J045846.8+295440,74.69512958074887,29.91122766540469,173.41294673016873,-7.859365321717616,-0.75452841973766,-0.19737663960025,-0.65084322298563,1.2266745300718e-13,LM*,0.05176762954069622,stellar
2CXO J165351.7-414755,253.46557769808885,-41.79884480192694,343.44887134650503,1.2445909077376045,0.023735165521549,-0.0024984384759525,0.024984384759525,3.2585154417802e-14,Y*?,0.002090733936817792,stellar
2CXO J101753.0+412423,154.4709313833423,41.40649678179252,178.3939743000053,55.568492881856514,-0.39350405996252,0.036227357901312,-0.42223610243598,5.794141702395699e-14,X,0.9797838364145102,AGN
2CXO J180429.4-242304,271.122730190076,-24.38447383411213,6.057164536590858,-1.33904010251992,-0.42598376014991,-0.25109306683323,-0.19362898188632,3.3865919459661e-14,Or*,0.0,stellar
2CXO J181007.2-255119,272.5300426993317,-25.855496475662857,5.389227469854839,-3.1671384530636746,-0.53591505309182,-0.28232354778264,-0.29731417863835,9.9759339015685e-14,NIR,0.007893451513690631,stellar
2CXO J172447.5-341021,261.1981012749361,-34.17250656751115,353.19776136707856,0.8981550787501923,0.99937539038101,0.1948782011243,0.99937539038101,1.7015092729775001e-15,IR,0.0037617481203007525,stellar
2CXO J133006.0+471404,202.5250343444484,47.23467613812357,104.80142191296667,68.50936078601362,-0.39350405996252,0.0012492192379763,-0.39100562148657,3.8418662586473e-15,Cl*,0.4152109371080443,stellar
2CXO J041830.3+380230,64.62661941252611,38.04180823715159,161.68605121811,-8.787889093015647,0.74828232354778,0.26983135540287,0.59962523422861,1.7458277227628e-14,Rad,0.11251441143861499,stellar
2CXO J013627.8+154752,24.116144344703343,15.797890697212848,138.53460064061582,-45.70534129251123,-0.13241723922548,0.23235477826359,-0.35227982510931,4.1804607043364e-14,X,0.9577848810335494,AGN
2CXO J174553.5-290022,266.47306408526924,-29.0062363225727,359.9712081333398,-0.0873285054075035,0.99937539038101,0.97314178638351,0.98188632104934,7.8470174097148e-15,X,0.0,stellar
2CXO J001215.5+723209,3.06487591529509,72.53606555526267,119.96134618484987,9.890665569829482,0.21861336664585,0.20362273579013,0.016239850093691,1.2871926423222998e-13,Rad,0.3818096485237355,stellar
2CXO J091435.1+405615,138.64654599069138,40.93759713664672,181.01248474233748,43.783225201215394,-0.31105559025609,0.028732042473454,-0.33479075577764,6.9338042822113e-14,X,0.9758164728046278,AGN
2CXO J132654.4-472204,201.7270855875655,-47.36800264927909,309.13924950923183,15.075786259261866,-0.15490318550906,0.0087445346658337,-0.16364772017489,1.9188447317672e-14,X,0.28495437871126605,stellar
2CXO J091137.3+541000,137.9055180741472,54.16684580904376,163.07765017601872,41.97967285213261,0.43597751405372,0.21861336664585,0.23735165521549,2.802694322291e-14,X,0.6860144357649647,AGN
2CXO J165349.1-414621,253.45458433194744,-41.77268388502075,343.46398974868225,1.2674629417297525,-0.11617738913179,0.09369144284822,-0.20737039350406,3.619970435195e-14,Y*?,0.012726052436743034,stellar
2CXO J174532.9-290035,266.38716417922456,-29.0099975945532,359.9288692036195,-0.0251581209046763,0.7420362273579,0.99937539038101,-0.99937539038101,7.0257019624646e-16,X,8.67299399770309e-05,stellar
2CXO J203304.6+411206,308.2694634420362,41.20169015486126,80.11431042698615,0.7466771380195576,-0.037476577139288,0.26733291692692,-0.30480949406621,9.742010682119301e-16,Y*?,0.007507832080200502,stellar
2CXO J091348.9+762828,138.45379461098776,76.47458455276764,136.2523465284945,34.3667656764406,-0.45346658338538,-0.10868207370394,-0.36102435977514,5.4949280063246e-14,UX?,0.9380051306937517,AGN
2CXO J182947.2+012234,277.4467782777433,1.3763771207844224,31.687331568102422,5.444423176679124,0.14865708931918,0.0062460961898814,0.14241099312929,3.3732503741895e-14,Or*,0.07646883788100718,stellar
2CXO J210701.4+421410,316.75598887589445,42.23635242578136,84.9295801503358,-3.495634415841691,-0.96439725171768,-0.84946908182386,-0.62960649594004,1.5505068503846e-14,PN,0.004598566017018293,stellar
2CXO J034432.5+320842,56.135791272526376,32.14509634452913,160.49820946048976,-17.819418280931473,-0.85946283572767,-0.63835103060587,-0.48344784509681,5.4058536816837e-15,Or*,0.00760803885923925,stellar
2CXO J120705.2+253906,181.7721276530833,25.65166662953394,218.89149073061296,79.96241398676582,0.4159900062461,0.31230480949407,0.11742660836977,1.6458833626263999e-12,X,0.9215043511050974,AGN
2CXO J005449.6-373959,13.707053747853536,-37.66663455347665,299.2694761538231,-79.43749746796986,-0.082448469706433,0.072454715802623,-0.15490318550906,2.0847205116928e-14,X,0.7948917064828461,AGN
2CXO J132935.0+471956,202.39585680336236,47.33246789990451,105.12779607734142,68.4553990844959,-0.42348532167395,-0.088694565896315,-0.34603372891943,1.1291048595979e-14,X,0.4531777868911728,stellar
2CXO J061240.3+175532,93.16806949621775,17.925827029071435,192.6303754757597,-0.1262669728640062,0.99937539038101,0.20362273579013,0.99937539038101,4.6350853306287e-15,X,0.0008368178967175413,stellar
2CXO J223507.5+183344,338.7813434325169,18.56238130392266,83.29988122092854,-33.6177230323156,-0.35103060587133,-0.037476577139288,-0.31855090568395,4.9000859910384e-13,blu,0.9850885595683104,AGN
2CXO J043147.4-050212,67.94771392967647,-5.036856081710195,200.3834508529903,-33.1901768455552,-0.50218613366646,0.059962523422861,-0.54590880699563,3.9029873093936e-14,X,0.7539313656619538,AGN
2CXO J122947.3+075911,187.44739099478736,7.986492817557882,286.9392257375995,70.18315940766618,-0.28482198625859,0.18863210493442,-0.45096814490943,1.2093745726523e-15,GlC,0.3019390863496946,stellar
2CXO J180402.7-241754,271.01156264486053,-24.298544487898177,6.082367093424317,-1.208626509001642,-0.19862585883823,-0.077451592754529,-0.1211742660837,2.1295400006583e-14,Or*,0.008346161994446516,stellar
2CXO J165411.4-414936,253.5476489264454,-41.82669275794106,343.4658570621209,1.1795610370008325,-0.18488444722049,-0.10368519675203,-0.082448469706433,2.5319712472864e-14,Y*?,0.002384368663566069,stellar
2CXO J155246.9-502953,238.1955768781412,-50.49825590169839,329.86210543112554,2.6431190523506323,0.81199250468457,0.60212367270456,0.40349781386633,1.0078095149416e-12,CV?,0.21663860958401515,stellar
2CXO J174931.7+700820,267.3820694321605,70.1388627721924,100.5655792898652,30.633877586825943,0.45096814490943,0.24109931292942,0.23485321673954,1.5813686130406998e-13,X,0.8782945427920152,AGN
2CXO J182024.5-161139,275.10247044911694,-16.19426512991982,15.03306134473986,-0.676927454769855,0.99937539038101,0.72829481574016,0.99937539038101,8.379689925646e-15,Mas,0.00022857061275769513,stellar
2CXO J202130.7+402646,305.3780935977268,40.44612247552478,78.2267089586638,2.087092372426974,-0.46595877576515,-0.48719550281074,0.028732042473454,2.7303241910338998e-14,X,0.0,stellar
2CXO J174527.8-290210,266.36587908686647,-29.036250658495973,359.8967631631188,-0.0229582343735937,0.97938788257339,0.95940037476577,0.18488444722049,6.0999299049408004e-15,X,0.0012539160401002505,stellar
2CXO J132533.5-430020,201.38951435016477,-43.005753406769,309.53665431828057,19.42799983818978,-0.098688319800125,0.2211118051218,-0.31355402873204,1.0573908286115e-14,X,0.18733980543257198,stellar
2CXO J013329.2+304537,23.372100510462246,30.76040185341823,133.49896151759174,-31.24705412805485,0.28856964397252,0.32354778263585,-0.043722673329169,7.9620616198971e-15,X,0.3801111031254733,stellar
2CXO J004115.3+410102,10.31409626953473,41.01743898620338,120.8635244309098,-21.813414717172847,-0.25858838226109,-0.11367895065584,-0.14990630855715,4.4510055939249e-14,X,0.8229575119668289,AGN
2CXO J170112.8-300653,255.30361820293444,-30.114840934984223,353.5731866048436,7.317286807050558,0.25858838226109,-0.0087445346658339,0.26733291692692,1.5527889152539e-14,CV?,0.17275426859597065,stellar
2CXO J124335.8+113429,190.89934964986992,11.574917846399124,295.8018161947809,74.33802176642733,0.11867582760775,0.13616489693941,-0.017489069331668,8.0030473938699e-15,X,0.10073703922217886,stellar
2CXO J141511.8+361124,213.79931348659036,36.19024631004218,65.15629766301132,70.06515332072236,0.54965646470956,0.17613991255465,0.41099312929419,7.615931933359e-15,X,0.13469919769256106,stellar
2CXO J053452.5-051536,83.71912481147785,-5.260217427319203,208.84080813329723,-19.41375429680692,0.13366645846346,-0.016239850093691,0.14990630855715,2.6069883084411e-14,Or*,0.03326888938248244,stellar
2CXO J015300.4-134418,28.25194402882852,-13.738592282159956,173.01877355206446,-70.35734297271051,-0.15490318550906,0.34603372891943,-0.47470331043098,1.5162567311532998e-14,ClG,0.6533821874721846,AGN
2CXO J143812.0+341506,219.55001810608405,34.25187891638519,56.78626472140727,66.04933289524632,0.20237351655215,0.048719550281074,0.15490318550906,1.4249571937958e-14,X,0.7106522531959685,AGN
2CXO J084854.0+450231,132.22532055609668,45.04207869669376,175.4750405059817,39.1273513797536,-0.80949406620862,-0.36477201748907,-0.62460961898813,1.0830075539762e-14,X,0.09214958819345387,stellar
2CXO J144921.8+631615,222.3411882674252,63.270968803017546,103.17705601464236,49.08812892602175,-0.93441599000625,-0.72329793878826,-0.64459712679575,1.7269067479375e-14,Rad,0.14774648295373793,stellar
2CXO J123959.6-113524,189.9986211772745,-11.590345576849852,298.4584307682355,51.181977762630176,0.16739537788882,0.19362898188632,-0.027482823235478,2.8242206439551e-14,GlC,0.6293864911257814,AGN
2CXO J133730.5-295937,204.37720914149384,-29.99385169162282,314.6753488626755,31.825153807079584,-0.20612117426608,0.052467207995003,-0.25484072454716,2.552852936283e-14,X,0.6891917697435187,AGN
2CXO J174346.1-292902,265.9423965864423,-29.48421046485144,359.32174556122123,0.0577543087228456,0.99937539038101,0.98188632104934,-0.99937539038101,8.519863981186399e-14,X,0.008017378576207806,stellar
2CXO J175051.8-343554,267.7159557083269,-34.598568317308484,355.7181506216427,-3.872525834082983,0.67957526545909,0.44347282948157,0.33603997501562,1.5121044034421e-13,GlC,0.02483812716171744,stellar
2CXO J112018.2+125959,170.07588008468497,12.999774047938295,241.9638207347379,64.43394786300215,0.4946908182386,0.081199250468457,0.42973141786383,4.8201781856694e-14,HII,0.6027058201652306,AGN
2CXO J090327.5+012401,135.86490260599902,1.4003391534039058,228.054206809755,29.721956289880563,0.21486570893192,0.15990006246096,0.056214865708932,2.1078732840964e-13,X,0.9258205202350611,AGN
2CXO J053513.1-052452,83.80473583704196,-5.414688224631238,209.02775784753925,-19.407667952421274,-0.16739537788882,-0.18363522798251,0.023735165521549,9.152016489602299e-17,Y*?,0.016693640200543088,stellar
2CXO J123051.0+122241,187.71255907617729,12.378128358190992,283.81536583772754,74.48068658476623,-0.21611492816989,0.99937539038101,-0.99937539038101,3.7150633567383e-15,Gl?,0.36381254771027716,stellar
2CXO J053146.3+111520,82.9431135884185,11.255605884053814,193.45840224240305,-12.025077149717545,-0.63960024984385,-0.29106808244847,-0.42723297938788,1.0833817310137999e-13,Or*,0.014277312595639451,stellar
2CXO J134834.2+262205,207.1428152603662,26.368240824446143,32.767266583048425,77.22933623679327,-0.53841349156777,-0.2423485321674,-0.32229856339788,7.0495498495053e-13,X,0.9372341636962284,AGN
2CXO J034438.7+321906,56.161518881745565,32.31838311095276,160.39917480793633,-17.672431099407245,-0.99937539038101,-0.99937539038101,-0.64459712679575,2.5299798466964e-14,Or*,0.013741080296390873,stellar
2CXO J174030.9-534752,265.12893210098593,-53.79801606788723,338.0414240230838,-11.997411381497956,-0.1686445971268,0.091193004372267,-0.25484072454716,3.9408065711171e-14,X,0.542196483969841,AGN
2CXO J180322.5-242204,270.8440874435155,-24.36808190340732,5.946791294063292,-1.1098939062827675,-0.95315427857589,-0.67083073079325,-0.77451592754528,9.993467972652801e-15,Or*,0.009399470671623727,stellar
2CXO J034437.3+320611,56.15586719251115,32.10326273700994,160.54008620923804,-17.840628642954915,-0.74828232354778,-0.56714553404122,-0.31105559025609,1.0999263870321e-14,Or*,0.005006961856659122,stellar
2CXO J225626.3+624129,344.1098850466818,62.69141902483785,110.16929128962708,2.704512024515149,-0.60462211118051,-0.38850718301062,-0.28107432854466,3.0244092887729e-14,Or*,0.002090733936817792,stellar
2CXO J031745.1-410602,49.437877310888496,-41.100728391501725,247.47537992136336,-56.96325381365856,-0.3422860712055,0.02998126171143,-0.36727045596502,4.0064357098791e-14,X,0.981542822471426,AGN
2CXO J122933.9+080515,187.3912733344748,8.087653247703,286.7056036637561,70.26726522731528,0.034978138663335,0.24609618988132,-0.21361648969394,1.6876666948409e-14,X,0.3822370931750099,stellar
2CXO J160833.6-390008,242.1404345373968,-39.00251087542265,339.59417271033783,9.451175132010391,0.53216739537789,0.47220487195503,0.074953154278576,2.7043009168615e-14,X,0.33059234293682604,stellar
2CXO J174544.4-285829,266.4352870180918,-28.974867061337093,359.98078486043187,-0.0427841953164154,0.99937539038101,0.91942535915053,0.91817613991255,1.2204837745811e-15,X,0.0017889067667828731,stellar
2CXO J174543.5-285242,266.43157440506025,-28.87838414855744,0.0614564489223923,0.0102403935875327,0.96564647095565,0.96939412866958,-0.14366021236727,1.4599654557435e-14,X,0.004177976040142083,stellar
2CXO J095806.7+690439,149.52803062908183,69.07760184424727,141.90262646681722,41.07890784657688,-0.097439100562149,0.014990630855715,-0.11367895065584,1.8571092021684e-14,X,0.7932567412975715,AGN
2CXO J174804.6-244605,267.01952530699475,-24.76812069886145,3.848529038442054,1.6929872686309335,0.9581511555278,0.60712054965646,0.83073079325422,5.7229376207728e-15,LP?,0.0,stellar
2CXO J112731.7+565236,171.88240553012736,56.87690715443756,143.81606060489202,56.7178842550645,0.86945658963148,0.85446595877577,-0.0037476577139288,2.4784418655965e-14,Rad,0.9006683325635667,AGN
2CXO J175127.9-293508,267.86645870382256,-29.585738993534303,0.1010396612070642,-1.4273292549851413,0.7945034353529,0.57089319175515,0.3735165521549,5.3221869244172e-15,X,0.012180487025703917,stellar
2CXO J174546.7-290110,266.4447310143746,-29.019568795280147,359.94692496618603,-0.0731154247600066,0.81948782011243,0.99937539038101,-0.99937539038101,1.2257737570478e-15,X,8.67299399770309e-05,stellar
2CXO J183137.8-020314,277.90751652325514,-2.0541584461029103,28.83943339367964,3.4645216873379394,0.99937539038101,0.7632729544035,0.99937539038101,6.7850744002064e-14,Y*?,0.048098711683566886,stellar
2CXO J170112.5-300704,255.30229381634933,-30.11779248432691,353.57011948653576,7.316409639576523,-0.082448469706433,-0.046221111805122,-0.036227357901312,2.6475392183709e-14,X,0.10534804775370514,stellar
2CXO J183818.5-092551,279.57748212100205,-9.431095187913549,23.048835354065474,-1.4012928127420958,0.96564647095565,0.76577139287945,0.75702685821362,1.1691123937212e-12,NIR,0.1812138375975555,stellar
2CXO J085107.2+115302,132.77995993983006,11.88388588549213,215.58454639612808,31.89130891109628,-0.83073079325422,-0.46720799500312,-0.59088069956277,3.6013814921161e-14,SB*,0.09752260301875727,stellar
2CXO J125754.3+280454,194.47642417538668,28.08180863791728,66.94762553240837,88.27886876013153,0.99937539038101,0.19113054341037,0.99937539038101,6.014827446108901e-15,X,0.26428953582621306,stellar
2CXO J132659.2-473457,201.74688374232903,-47.58268893739729,309.1213666578091,14.861378212528908,0.21611492816989,0.11742660836977,0.099937539038101,1.662928342817e-14,X,0.315046027219655,stellar
2CXO J174531.7-290542,266.38229464114715,-29.095289754264925,359.8538580573754,-0.0659772926311675,0.99937539038101,0.99937539038101,0.99937539038101,1.5157844428458998e-14,X,0.005853145661433519,stellar
2CXO J150415.7-602122,226.0654542735017,-60.35637798949647,318.65428748016336,-1.6040735983674288,0.72329793878826,0.74453466583385,-0.068707058088695,1.2427801997463e-12,CV?,0.0767095189560116,stellar
2CXO J141759.7+524559,214.4987989053848,52.76638439757181,96.66563710456936,59.72244274339638,0.15865084322299,-0.041224234853217,0.20487195502811,1.1312267524759e-14,X,0.5902119436523653,AGN
2CXO J165356.7-414937,253.4864270230944,-41.82712968309989,343.4367361978957,1.2146857712816064,-0.61836352279825,-0.3947532792005,-0.29356652092442,1.6396500269449e-14,Y*?,0.0016701439599415815,stellar
2CXO J165958.8+641727,254.99513109445627,64.29099680278775,94.53733514693889,36.248621227756594,-0.049968769519051,0.15865084322299,-0.20737039350406,2.3761735232396e-14,X,0.8571829972864531,AGN
2CXO J034651.5+680028,56.7146460647603,68.00785195896214,138.2325837448029,10.514044793757352,0.50593379138039,0.40349781386633,0.1261711430356,7.4759679897806e-14,X,0.4681503017857658,stellar
2CXO J100358.4+684341,150.99332922864892,68.7282588642289,141.85750613473417,41.71061102591839,-0.38226108682074,-0.18613366645846,-0.20986883198001,2.5215527932792e-14,X,0.9526012193367834,AGN
2CXO J053517.1-052458,83.82134763369885,-5.416318922722703,209.03722862253,-19.393655304718177,-0.83572767020612,-0.54965646470956,-0.52467207995003,1.5172933523251001e-15,Or*,0.0027147503333769096,stellar
2CXO J174532.0-285904,266.3837215186297,-28.984523262504563,359.9490410446468,-0.0093118223839118,0.99937539038101,0.99937539038101,-0.36976889444097,4.5919220413757e-15,X,0.0025,stellar
2CXO J104443.8-592125,161.18278535946934,-59.3569659736616,287.4071337648696,-0.3593325984768879,-0.97938788257339,-0.90818238600874,-0.64584634603373,2.8668339561678e-14,Y*?,0.001253916040100251,stellar
2CXO J174538.3-285910,266.4097386476699,-28.986440024887216,359.9592641786157,-0.0297348791513771,0.8107432854466,0.81199250468457,-0.041224234853217,4.4671303119739e-16,X,0.003964759534621527,stellar
2CXO J051652.0+794316,79.21671197058481,79.72130506487449,133.1333819474329,22.64246245967129,0.29856339787633,0.20861961274204,0.096189881324172,1.4885428364269998e-13,X,0.906268741359687,AGN
2CXO J123051.1+122242,187.7131269845281,12.378433833626874,283.81700392938944,74.48114366169986,-0.23485321673954,0.38850718301062,-0.60587133041849,4.5428944583261e-15,Gl?,0.365777607384867,stellar
2CXO J123053.2+122356,187.72181520260077,12.399132985607142,283.8242008673708,74.50343183886181,0.44597126795753,0.35602748282324,0.026233603997502,7.2888145824544e-15,GlC,0.36528020154683327,stellar
2CXO J141649.7+231800,214.20733016700612,23.30019293219684,26.442992476942944,70.33643227867557,-0.39725171767645,-0.14116177389132,-0.26983135540287,4.0740598494097e-14,X,0.9154333149731382,AGN
2CXO J033908.2-353120,54.78448478840596,-35.52247269007787,236.83203179277763,-53.50105992540952,-0.37101811367895,0.027482823235478,-0.3947532792005,2.627882144453e-14,X,0.8699454678383982,AGN
2CXO J160841.7-390137,242.17412246510344,-39.02704725757335,339.596517801448,9.415372740803972,-0.81324172392255,-0.19862585883823,-0.73079325421611,2.4161793438211e-14,Or*,0.03644859591443701,stellar
2CXO J130021.4+275929,195.08947219208608,27.99150637851856,57.0339453780731,87.84284766264538,-0.17988757026858,0.11742660836977,-0.28981886321049,4.5273966968529e-14,X,0.8111566735618823,AGN
2CXO J171531.5-394308,258.8815592656184,-39.71896069086352,347.58964141563183,-0.7555191433334716,0.95315427857589,0.73828856964397,0.6371018113679,3.21113454553e-13,C*,0.07242532549787066,stellar
2CXO J142307.5+532040,215.7815815910324,53.34457302871885,96.27879254935952,58.77926028216688,-0.11992504684572,0.29106808244847,-0.39725171767645,1.4899944144608e-14,X,0.8737011732827524,AGN
2CXO J124347.2+113533,190.946903555334,11.59262990419638,295.96610654928827,74.36081642150235,0.087445346658338,0.40349781386633,-0.32854465958776,9.7120470993016e-15,X,0.3033739449819738,stellar
2CXO J174543.3-290213,266.4304153590156,-29.03715854165002,359.92538994936064,-0.0715902396014331,0.96189881324172,0.93316677076827,0.23110555902561,2.5183367138658003e-15,X,0.003927821755527725,stellar
2CXO J174535.7-285914,266.3989821218038,-28.98738168137949,359.95355800039766,-0.0221945426274997,0.84072454715803,0.90818238600874,-0.31105559025609,1.5806794946635001e-15,X,0.0,stellar
2CXO J174540.6-285626,266.4194086126573,-28.940836358203647,0.0025981918763859,-0.0131989092396609,0.95565271705184,0.95690193628982,-0.027482823235478,7.2047424169448e-15,X,0.005226507654922279,stellar
2CXO J053522.7-052157,83.84482939195732,-5.365997368759657,209.000864319872,-19.35004438131009,0.017489069331668,-0.06371018113679,0.079950031230481,2.2046576902307002e-15,Y*?,0.0493303265647166,stellar
2CXO J050722.1-684758,76.84217747979386,-68.7996164181088,279.709464911622,-34.49256462735058,0.08369768894441,0.41973766396002,-0.38226108682074,0.0,HX?,0.6089435746324535,AGN
2CXO J174536.4-290545,266.40172813326944,-29.09613819316641,359.86198318828474,-0.0809125444499334,0.95690193628982,0.8632104934416,0.45471580262336,6.220758888244601e-15,X,0.0037617481203007525,stellar
2CXO J174601.1-285821,266.5048371351726,-28.972714832155948,0.0142961622320004,-0.0936150850383707,0.97938788257339,0.98188632104934,-0.11367895065584,1.1709910304571e-14,X,0.0029240600000418325,stellar
2CXO J165411.5-415005,253.54794522500765,-41.83499036627474,343.459554273201,1.1741581992343282,-0.44472204871955,-0.35352904434728,-0.10243597751405,8.3670640085033e-15,Y*?,0.0,stellar
2CXO J180409.9-242532,271.04133786057605,-24.42576346791664,5.984811937215846,-1.2946957245706174,-0.24109931292942,-0.10243597751405,-0.14116177389132,1.5431634741692e-14,Or*,0.012351877044542024,stellar
2CXO J132532.8-430030,201.38685456210635,-43.00855777647432,309.53419599087806,19.42549529108014,-0.26733291692692,-0.22485946283573,-0.043722673329169,1.6201843817397998e-14,X,0.020869224827196654,stellar
2CXO J112831.6+583349,172.1318344303637,58.563633812305305,141.90433661852518,55.40485265152078,0.85196752029981,0.37101811367895,0.69581511555278,2.6174072437039998e-14,X,0.7667110695396713,AGN
2CXO J213529.0+573412,323.8712297739198,57.570002756772936,98.9970152520717,4.110422709483525,0.5683947532792,0.27232979387883,0.34603372891943,1.1192381373591999e-13,X,0.05949093548696954,stellar
2CXO J003604.4-431028,9.01824083991869,-43.17462855140565,312.9287540056188,-73.65411371744698,0.84572142410993,0.32479700187383,0.7158026233604,5.5896802541665e-14,GrG,0.47946124538146273,stellar
2CXO J085904.4-473056,134.7684541421305,-47.51559198485029,267.9422110457857,-1.0630197105787118,0.94316052467208,0.60587133041849,0.78326046221112,3.6284325150493e-14,IR,0.017219874215331384,stellar
2CXO J174608.0-284842,266.5333698533334,-28.811920373637022,0.1646165214036169,-0.0313034671872878,0.99937539038101,0.98813241723923,-0.74453466583385,,X,0.0007181304386830536,stellar
2CXO J175133.3-293430,267.88877980184475,-29.575279534605563,0.1199463544244835,-1.438686189974533,0.99937539038101,0.83822610868207,0.99937539038101,5.2913906296668e-15,X,0.0,stellar
2CXO J112343.0+014403,170.92937640119783,1.734391333484449,259.6115506164008,57.03586874569503,-0.11742660836977,0.032479700187383,-0.14865708931918,2.8882693816179e-14,X,0.8341776016571092,AGN
2CXO J170326.1-350417,255.85903670456605,-35.07160144802403,349.8983397501875,3.9382999692146616,0.99937539038101,0.96939412866958,0.27232979387883,2.7640122077785e-13,Sy*,0.12669335155208666,stellar
2CXO J205101.5+441541,312.756496648797,44.26158998209192,84.5532454455494,0.0316600393473952,-0.21236727045597,-0.29106808244847,0.091193004372267,1.8494370968433e-14,Or*,0.0006279416379039849,stellar
2CXO J174534.4-285951,266.3934903202859,-28.99762543344695,359.94231184233496,-0.0234326238234601,0.88069956277327,0.99937539038101,-0.99937539038101,2.3404474309196e-15,X,8.67299399770309e-05,stellar
2CXO J121742.2+375016,184.42613214905865,37.83780161941596,154.33536886190234,77.1567461131366,0.17988757026858,0.17613991255465,0.0037476577139288,3.8697588212471e-14,X,0.42605760209421734,stellar
2CXO J180416.1-241952,271.0671754121515,-24.33124270023401,6.078744944932288,-1.268830262135319,-0.56714553404122,-0.34103685196752,-0.27857589006871,1.4162459503383e-14,Or*,0.0025,stellar
2CXO J135724.2-643243,209.35121079227892,-64.54551163603806,309.94709056066074,-2.5760147810848064,-0.82323547782636,-0.54590880699563,-0.49968769519051,3.7639986199643e-14,X,0.0016701439599415815,stellar
2CXO J053510.1-052757,83.79232749000687,-5.466138505427178,209.07049777685347,-19.441946964331382,-0.87820112429731,-0.66458463460337,-0.48844472204872,1.355766235211e-15,Or*,0.0671115409801124,stellar
2CXO J104352.8+114223,160.97028089930222,11.70666948531656,233.9281476650603,56.35275382747072,0.52841973766396,0.34603372891943,0.22361024359775,2.9257393926858e-14,X,0.7456079362366685,AGN
2CXO J034653.0+235655,56.7212856621934,23.949127443914023,166.6725574598367,-23.66272228226211,-0.29731417863835,-0.02998126171143,-0.2685821361649,2.288827501764e-14,X,0.9051310726838598,AGN
2CXO J100444.9+411348,151.18723189601425,41.23014072590121,179.4748353857067,53.17753946865075,0.39225484072455,0.27108057464085,0.1211742660837,6.4119490393295e-15,X,0.756280459788459,AGN
2CXO J132519.7-424922,201.33209166283075,-42.82312346846444,309.5195203122097,19.6147121741233,-0.17114303560275,0.17489069331668,-0.33479075577764,4.9934236919822e-14,X,0.5134980138943286,AGN
2CXO J170112.8-300645,255.30345213428325,-30.11275678243229,353.57477041755817,7.318663965187508,0.56589631480325,0.37476577139288,0.23985009369144,6.4665967570013e-14,CV?,0.16737520848718596,stellar
2CXO J123046.7+122402,187.6945905927153,12.40075478725157,283.72743965313214,74.49702866914744,0.82573391630231,0.13741411617739,0.46970643347908,,GlC,0.46998953973832175,stellar
2CXO J140644.0+341125,211.68361322681997,34.19027712161797,61.13310567414376,72.37110744340306,0.89943785134291,0.88819487820112,0.038725796377264,2.7093267984767e-14,X,0.8427045166908903,AGN
2CXO J162838.2+393304,247.1593482406779,39.55117648745821,62.93423153666727,43.69352591306769,-0.55840099937539,-0.19237976264834,-0.40849469081824,3.5842990322924e-14,ClG,0.9602781361609,AGN
2CXO J031556.3-023324,48.98476244201015,-2.5568948905325777,183.80020809839093,-47.60347788008283,-0.23360399750156,0.0,-0.23235477826359,2.9867925226437e-14,blu,0.9769006246556383,AGN
2CXO J174543.5-285848,266.4316095479503,-28.98010524494236,359.974637672799,-0.0427660555774183,0.82573391630231,0.99937539038101,-0.99937539038101,1.0321967390866001e-15,X,8.67299399770309e-05,stellar
2CXO J202117.4+364723,305.32250619354704,36.78978820494662,75.19405553735412,0.0431176420788776,0.99937539038101,0.76702061211743,0.99937539038101,4.0797015258957e-14,X,0.029585837155832153,stellar
2CXO J174543.2-290146,266.4302756898878,-29.029505498285328,359.93185937566227,-0.0674999375899726,0.98188632104934,0.9843847595253,-0.17738913179263,6.0722981501673e-15,X,0.0,stellar
2CXO J123055.4+122343,187.731004243308,12.395283418495186,283.8605579074902,74.50243181463865,0.0074953154278576,0.38725796377264,-0.38975640224859,8.902474727465601e-15,X,0.27366779878062464,stellar
2CXO J170147.8-295447,255.4494942604349,-29.91328305727487,353.81203709758336,7.338721878390859,0.028732042473454,0.10618363522798,-0.077451592754529,2.7928656750240998e-14,X,0.20185149933007449,stellar
2CXO J132649.5-473212,201.7066676985905,-47.53691414622203,309.10029348770297,14.910541856039549,-0.021236727045597,0.13991255465334,-0.15990006246096,1.2852125487294e-14,X,0.332734038033527,stellar
2CXO J052417.2-692534,81.0720281516941,-69.42613117902923,280.06538709430254,-32.88704679684522,-0.45221736414741,0.10493441599001,-0.53091817613991,,HX?,0.870386045338314,AGN
2CXO J141939.6+525507,214.91509781956688,52.91865648581057,96.48673308238423,59.44278560793917,-0.11992504684572,0.46470955652717,-0.55465334166146,8.796492068924e-15,GrG,0.6398863102621374,AGN
2CXO J132536.7-430005,201.40312902397292,-43.0015378393757,309.5477342288263,19.430778994490563,-0.16364772017489,0.096189881324172,-0.25608994378513,7.1574606475835e-15,X,0.21903117129589728,stellar
2CXO J053508.5-052441,83.78554783142579,-5.411575742322974,209.01565458800312,-19.42329769102776,-0.77701436602124,-0.4684572142411,-0.46970643347908,3.2271134746615e-15,Or*,0.0021726549455034143,stellar
2CXO J053506.1-051955,83.77558354480601,-5.332086092632934,208.9357362791466,-19.3961786411982,-0.66958151155528,-0.46096189881324,-0.29231730168645,1.9725568769977e-15,Or*,0.0054240600000418325,stellar
2CXO J165436.5-414749,253.65206052777444,-41.797042624095,343.5379256486242,1.137804309149768,-0.013741411617739,-0.037476577139288,0.023735165521549,2.7913270930971e-14,Y*?,0.006299240410460549,stellar
2CXO J095652.3+691041,149.21816442004274,69.17812779368498,141.87998372748638,40.93057845461063,-0.58463460337289,-0.10743285446596,-0.50468457214241,9.049743081118501e-15,X,0.34124670033094767,stellar
2CXO J174546.3-284817,266.44324474687426,-28.804836769937197,0.1295664193029276,0.0398166281773324,0.99937539038101,0.99937539038101,-0.99937539038101,8.5987657436084e-15,X,0.00017655668264950276,stellar
2CXO J025428.8-465359,43.62030023487188,-46.89976073993946,260.4864263882929,-58.81437962097604,-0.31230480949407,0.038725796377264,-0.34603372891943,1.0747815050822999e-13,Rad,0.9954240600000418,AGN
2CXO J210644.4+233859,316.685219883749,23.649957281890035,70.69741765579113,-15.717967855986489,-0.049968769519051,0.10118675827608,-0.14990630855715,4.0764492078188997e-14,X,0.6072419696895073,AGN
2CXO J204247.0+750241,310.69595446465405,75.04483876017785,108.92494848904612,19.46877021247338,0.094940662086196,0.25359150530918,-0.16364772017489,3.6566699900201e-14,X,0.1354544340710923,stellar
2CXO J053903.1-690703,84.76326438329926,-69.11776820306233,279.48071198429733,-31.63929787267895,0.38101186758276,0.33354153653966,0.044971892567145,2.1037706646532e-15,X,0.42521114357668394,stellar
2CXO J102347.4-574755,155.94758047379446,-57.79885115613262,284.2656489335737,-0.3804070931149409,0.4946908182386,0.077451592754528,0.42473454091193,4.6136046593952e-15,Y*?,0.0,stellar
2CXO J073727.3+653101,114.36375677320564,65.51721470440296,150.66909734999803,29.24492858200745,0.18738288569644,0.27482823235478,-0.09369144284822,1.9530956054951998e-14,Er*,0.5953773482226391,AGN
2CXO J143652.7+632107,219.2196887842272,63.35219029163463,104.91298776137356,49.92554740561982,-0.17239225484072,0.16114928169894,-0.32479700187383,3.052601748535e-14,X,0.994180594918124,AGN
2CXO J125806.0-014638,194.52538087086043,-1.7771904339194216,306.37347644163793,61.05002125594603,-0.22985633978763,0.092442223610244,-0.31480324797002,3.1300669070875e-14,X,0.9987539160401002,AGN
2CXO J174535.6-285357,266.3985974703098,-28.89933493250972,0.0285315066119932,0.0239716458963057,-0.52592129918801,-0.27732667083073,-0.26483447845097,0.0,X,0.0018405796522034347,stellar
2CXO J174513.7-285638,266.3072344925372,-28.94406953794175,359.9486631525132,0.0688845177538653,0.94815740162398,0.99937539038101,-0.99937539038101,1.1012601283416e-14,X,0.0006279416379039849,stellar
2CXO J091340.9+410313,138.4206458372253,41.05372009213703,180.85067058537783,43.61331852785109,-0.13616489693941,0.06371018113679,-0.19862585883823,3.3940112715226e-14,X,0.9103204143898134,AGN
2CXO J063155.2+045635,97.98037250102868,4.9431205567862175,206.30514155176544,-2.0702310229047898,-0.43222985633979,-0.20612117426608,-0.24609618988132,2.704438978322e-14,X,0.0060480763966009495,stellar
2CXO J053518.2-052430,83.82590162709522,-5.408420141724344,209.0319335465692,-19.386039690062187,-0.68207370393504,-0.30356027482823,-0.47470331043098,1.562684556367e-15,Or*,0.009654997001754475,stellar
2CXO J104438.9-592131,161.1620183018117,-59.35880193255002,287.3986353589017,-0.3659038135852505,-0.99937539038101,-0.99937539038101,-0.47970018738289,1.3336952870312e-15,Y*?,0.00479497277051002,stellar
2CXO J174543.6-285845,266.4317082592588,-28.97925713263812,359.97540664449883,-0.0423980420326725,0.99937539038101,0.99937539038101,-0.99937539038101,8.935611283796e-16,X,8.67299399770309e-05,stellar
2CXO J095747.7+691038,149.4491477060459,69.17725195001516,141.8174134221148,40.9977355650197,-0.15365396627108,0.14490943160525,-0.29606495940037,1.8175938129415e-15,Rad,0.37297601324386576,stellar
2CXO J032242.3-371259,50.67657516482615,-37.21632527310081,240.17702853836224,-56.68698589099105,0.0037476577139288,0.25109306683323,-0.24984384759525,1.0977502813907e-14,Gl?,0.8398755458976419,AGN
2CXO J021953.7-030352,34.974145232859655,-3.0644909365081734,168.05930378538082,-57.963625166793214,0.5209244222361,0.20861961274204,0.34853216739538,5.4866362889823996e-14,X,0.6744860579247978,AGN
2CXO J132938.5+471833,202.41073391545228,47.3092512379892,105.07721647659574,68.4726033537219,-0.20986883198001,0.023735165521549,-0.23110555902561,1.1971151223255e-14,X,0.6441126283973165,AGN
2CXO J110635.0-182205,166.64600814079927,-18.36819768542577,270.8481129768915,37.88551194583141,-0.25484072454716,-0.1686445971268,-0.088694565896315,8.9280707342584e-15,X,0.625713469358589,AGN
2CXO J161159.2-190655,242.99687116302368,-19.115335029334645,354.88500034156687,22.933486514198503,-0.61086820737039,-0.33104309806371,-0.34978138663335,8.628917460081799e-13,Or*,0.5570484851810736,AGN
2CXO J123730.8+620849,189.37852586289452,62.14709218411917,125.7600026346984,54.90463737289543,0.28732042473454,0.2998126171143,-0.014990630855715,8.5099403564956e-15,X,0.9590305774066268,AGN
2CXO J053510.1-051931,83.79233986802222,-5.325468716140933,208.93748727099756,-19.37830647731803,0.99937539038101,0.33354153653966,0.99937539038101,3.5757710177448005e-16,Or*,0.012472890458194535,stellar
2CXO J042202.1+265730,65.50910618900832,26.958453719968357,170.39785923911418,-15.93544687432857,0.64584634603373,0.38101186758276,0.35103060587133,9.6260531452438e-14,Or*,0.17240854297501762,stellar
2CXO J063205.8+045705,98.02456240323836,4.951517286592529,206.31799794968416,-2.027293234705729,-0.26483447845097,-0.079950031230481,-0.18863210493442,2.8166765396567e-14,Or*,0.0014647595346215262,stellar
2CXO J004712.0-252038,11.80010433950929,-25.344045844846605,94.65712761529124,-87.9785620636601,-0.97439100562149,-0.77826358525921,-0.78575890068707,1.2553745668217e-14,X,0.2731713428278212,stellar
2CXO J174539.2-290223,266.4136827659379,-29.04001676613617,359.91532969357456,-0.0605914212425084,0.99937539038101,0.96064959400375,0.96689569019363,3.5697591776411e-15,X,0.0016701439599415815,stellar
2CXO J054640.4+000507,86.66845067991795,0.0854579226832097,205.312117265885,-14.328709089583596,-0.34478450968145,-0.25983760149906,-0.092442223610244,1.866615814028e-14,Or*,0.03060548893779398,stellar
2CXO J130525.4-492823,196.35582247202683,-49.47323766180799,305.26601172801986,13.335117926008737,0.86945658963148,0.59587757651468,0.55590256089944,1.2899349473787e-14,X,0.16371370779660743,stellar
2CXO J083931.7+192417,129.8821688220686,19.40474026910116,206.12563535851092,32.200673162548526,-0.72329793878826,-0.28856964397252,-0.5471580262336,1.1461015896535e-14,Er*,0.2067850828945575,stellar
2CXO J132954.4+471121,202.4766187623136,47.18932496399979,104.8330184439318,68.56417586356962,-0.97439100562149,-0.88069956277327,-0.65334166146159,1.7969202476415e-15,MoC,0.129902806516729,stellar
2CXO J123529.6+123106,188.87349221317027,12.518618699641411,287.81216053179185,74.92036174348941,-0.15740162398501,0.13991255465334,-0.28981886321049,1.450231817119e-14,X,0.6369910289652876,AGN
2CXO J060744.5-062233,91.93550490104258,-6.376054467692525,213.6927909299699,-12.606486629650302,0.99937539038101,0.92816989381636,0.99937539038101,5.714173874688e-14,X,0.22051542338710511,stellar
2CXO J091749.9-222147,139.45800550945694,-22.363222564602594,251.40638525135685,18.494649072175925,-0.042473454091193,-0.01998750780762,-0.022485946283573,6.1495586650913e-14,HII,0.13547623942688675,stellar
2CXO J144031.0-623817,220.1293527030193,-62.63807556833379,315.099145636174,-2.3717987692869285,0.45221736414741,0.18738288569644,0.28607120549656,3.6772138232038e-14,X,0.01608476806490232,stellar
2CXO J010243.9-491745,15.683288490121186,-49.29571801128227,298.06956880884104,-67.72575936298365,0.8632104934416,0.88194878201124,-0.12866958151156,2.0697122635445e-14,Rad,0.8482509698007319,AGN
2CXO J015833.4-245932,29.63950488164062,-24.992226231786653,208.6320156009597,-74.7872179596877,-0.14490943160525,0.084946908182386,-0.2261086820737,9.5916119459528e-14,GrG,0.8379700821962721,AGN
2CXO J013348.3+303928,23.451235074498413,30.65791028366569,133.59999416671292,-31.33468760314499,-0.61836352279825,0.99937539038101,-0.99937539038101,1.6670241614181e-15,SR?,0.2596414309384974,stellar
2CXO J174535.8-285955,266.3994920080663,-28.998766329576927,359.944073440152,-0.028507406727234,0.80324797001874,0.92567145534041,-0.47595252966896,1.3400072739538e-15,X,0.0,stellar
2CXO J005244.6-263448,13.186280834679051,-26.580086855926123,151.01366900600834,-89.37912025795019,0.33853841349157,0.17738913179263,0.17114303560275,3.5681893340305e-14,X,0.2669571090266443,stellar
2CXO J123541.5+123139,188.9229713378122,12.527640547823593,287.98446837271496,74.94054998762061,-0.11867582760775,0.13491567770144,-0.24984384759525,1.1962954042252e-14,Gl?,0.3893325665709757,stellar
2CXO J134939.4+263635,207.4146946250669,26.609764428435444,33.96074374503877,77.01302494427497,-0.46096189881324,-0.21236727045597,-0.26608369768894,1.3256371288427e-14,X,0.6454765424372976,AGN
2CXO J142947.6+353427,217.44851250031456,35.57434338599109,61.00541874601274,67.44471051110654,0.84447220487195,0.57838850718301,0.51717676452217,3.0066942232053e-13,Rad,0.9887608778967594,AGN
2CXO J161935.7-505944,244.8986735568976,-50.99573949436306,332.68383990826305,-0.5609708036307091,-0.078700811992505,-0.10743285446596,0.02998126171143,4.40788661623e-14,SB*,0.0051786577645587485,stellar
2CXO J213055.1+470949,322.729912845746,47.16368210190153,91.42680682056094,-3.068768479669714,0.65334166146159,0.21111805121799,0.50718301061836,4.901353134189e-14,X,0.06817635127603511,stellar
2CXO J142140.7+530421,215.41989926172107,53.0726734232847,96.24001048610478,59.12631896056687,-0.49594003747658,-0.30356027482823,-0.21736414740787,1.2326594328468e-14,X,0.6209810999362858,AGN
2CXO J122519.0+130416,186.32925251125064,13.071197300861613,278.1551049589584,74.67229421531303,-0.053716427232979,0.027482823235478,-0.082448469706433,3.2738159725068e-14,X,0.7989758380691849,AGN
2CXO J005527.5-373653,13.864809341746197,-37.6147107533283,298.5664450627465,-79.47943333840448,-0.17613991255465,0.051217988757027,-0.22485946283573,4.3057867988485e-14,X,0.8099657744431608,AGN
2CXO J004147.9-092044,10.449793022836502,-9.345540013584872,115.18627440833606,-72.07217879081222,-0.31980012492192,-0.17114303560275,-0.15490318550906,3.2204836803861e-14,Rad,0.8132060287689427,AGN
2CXO J061254.5+175916,93.2274553594578,17.988073760329726,192.6028689912815,-0.046834492857078,0.7207995003123,0.18488444722049,0.61086820737039,1.0190787200409e-14,IR,0.002507832080200502,stellar
2CXO J102310.6-574421,155.79425697293254,-57.73929719515342,284.16469607543985,-0.3738982021660554,0.99937539038101,0.8682073703935,0.99937539038101,1.6520399849259e-14,X,0.003764369730252875,stellar
2CXO J171412.8-293413,258.5535328492772,-29.570353686823857,355.6959903378473,5.370099799831573,0.72954403497814,0.63460337289194,0.16614615865084,6.6583212123759e-14,X,0.1540265203443806,stellar
2CXO J053512.2-053032,83.80096382709041,-5.509167343165172,209.11532524223688,-19.45372177331686,0.92692067457839,0.62336039975016,0.67582760774516,7.359095475221e-15,Or*,0.034950943083353704,stellar
2CXO J184729.5-020324,281.8733202486716,-2.0568213674287827,30.65180883815256,-0.0606160635376672,0.99937539038101,0.99937539038101,-0.99937539038101,0.0,MIR,0.0022727167159770517,stellar
2CXO J054516.9+090502,86.32047186338104,9.08398598445222,197.0855615963043,-10.263880676686416,0.80699562773267,0.44472204871955,0.56214865708932,3.3342363463439e-14,X,0.15473122091105126,stellar
2CXO J122429.8+071916,186.12417994169016,7.3213141162814015,283.82137393114886,69.18741279727203,-0.420986883198,0.034978138663335,-0.4472204871955,7.533888300380901e-15,Gl?,0.3002453589649798,stellar
2CXO J064104.3+094822,100.26806237333363,9.806103411440866,203.02678525764583,2.1782935392592133,-0.73579013116802,-0.34353529044347,-0.52342286071206,3.9705321318929e-14,Or*,0.0,stellar
2CXO J053505.4-052522,83.77267133459122,-5.422859370465545,209.02017884215465,-19.439833809279776,-0.39600249843848,-0.33229231730169,-0.069956277326671,4.1608038231624e-15,Or*,0.005347151540395216,stellar
2CXO J123003.7+134221,187.51546526631728,13.705984053592704,281.4739555982359,75.67954981165354,-0.15365396627108,0.15740162398501,-0.30356027482823,2.753458702299e-14,X,0.9026052965656377,AGN
2CXO J095559.1+690617,148.99657998926477,69.10479724406663,142.01960405314472,40.90885899393018,-0.26733291692692,0.078700811992505,-0.33853841349157,1.2556626300602e-14,X,0.8274487077433811,AGN
2CXO J174543.5-290131,266.431307168771,-29.02544557467647,359.93579489713466,-0.0661552753613606,0.93441599000625,0.95440349781387,-0.18988132417239,1.9069405643555e-15,Mas,0.0,stellar
2CXO J142156.0+530556,215.4837108765196,53.099164187257706,96.21867504692044,59.08103490671196,0.1948782011243,0.22735790131168,-0.036227357901312,2.2444870541381e-14,X,0.8119064929308059,AGN
2CXO J000219.5+671813,0.581664165659106,67.30369650497514,118.208269425503,4.883454808855771,0.67457838850718,0.47220487195503,0.28856964397252,8.8460742566411e-14,Or*,0.0726486191490946,stellar
2CXO J054611.7+003224,86.54892513892162,0.54024051058313,204.84018491866848,-14.219472115827111,-0.5159275452842,-0.25359150530918,-0.2948157401624,5.1479199440393e-14,Or*,0.02083577547375771,stellar
2CXO J033827.2-352716,54.61360723942619,-35.454599068401265,236.72314920315392,-53.64171761251494,0.99937539038101,0.50093691442848,0.16489693941287,2.7937019086026e-15,GlC,0.8350162528427966,AGN
2CXO J174552.2-285523,266.4675084022472,-28.923376836304787,0.0394254431775132,-0.0400450396982833,-0.83947532792005,-0.44472204871955,-0.60087445346658,1.5680276439386e-15,X,0.002507832080200502,stellar
2CXO J034421.6+321037,56.09007216890495,32.17708527836801,160.44546743468965,-17.81964677928886,-0.14366021236727,0.038725796377264,-0.17988757026858,1.0676125661672e-14,Or*,0.16864143707961124,stellar
2CXO J024240.9-000125,40.67067176489917,-0.0236961995491131,172.11633044839442,-51.940773166132296,0.16614615865084,0.59212991880075,-0.47095565271705,4.8971284652776e-15,HII,0.6372583350947947,AGN
2CXO J061259.2+180946,93.24675680225528,18.16286507733323,192.45829620637056,0.0531024931332923,0.5471580262336,0.30730793254216,0.27857589006871,7.2117849715295e-14,Rad,0.002090733936817792,stellar
2CXO J031921.3+412926,49.83885721526019,41.49084160095215,150.51580566985984,-13.324745199670817,-0.86945658963148,-0.50468457214241,-0.6208619612742,4.3656077515302e-14,SN*,0.03944373148799874,stellar
2CXO J183003.4+011619,277.51421633996995,1.2719744135414426,31.62487658601351,5.33681653307039,0.11992504684572,0.028732042473454,0.091193004372267,2.7047633075539e-14,Or*,0.17275866228899658,stellar
2CXO J203331.7+412047,308.3823890861416,41.3465523210707,80.28124810223856,0.7646971141458029,0.44597126795753,0.056214865708932,0.3997501561524,3.1535827534222e-14,Pu*,0.0,stellar
2CXO J174533.5-285958,266.3899322092416,-28.999485763087623,359.9391023263604,-0.0217460258455435,0.83198001249219,0.84447220487195,-0.099937539038101,1.2071320111558001e-15,X,0.002507832080200502,stellar
2CXO J041524.5-241223,63.852378978009085,-24.20642718182927,221.2124837058533,-44.25752445314573,-0.31480324797002,-0.081199250468457,-0.23735165521549,8.7582865200621e-14,blu,0.9908170781058812,AGN
2CXO J053521.2-054212,83.83859709844376,-5.703412159798726,209.3171203793048,-19.50795652774965,-0.52467207995003,0.0087445346658337,-0.50593379138039,1.4631133970072e-14,Or*,0.17086254168820644,stellar
2CXO J130539.0-492529,196.4125954251939,-49.42485426720361,305.3066841465386,13.381349051878663,0.52966895690194,0.30730793254216,0.24859462835728,7.142493149822201e-15,X,0.19580777707198144,stellar
2CXO J174540.6-290203,266.41928203041334,-29.03441443180651,359.92266206395004,-0.061851624437376,0.64959400374766,0.85321673953779,-0.46470955652717,5.7251023414905e-17,X,0.0,stellar
2CXO J132931.1+114924,202.3797230526444,11.823540455495506,335.0583725744862,72.27677679876845,-0.15740162398501,0.074953154278576,-0.22985633978763,6.9130331674813e-14,X,0.9500663963322432,AGN
2CXO J135445.3-590904,208.6888554839105,-59.15130761630616,310.98147506528454,2.727293670404448,-0.12242348532167,0.28107432854466,-0.39225484072455,2.5657836512797e-13,X,0.08152339762257248,stellar
2CXO J045219.6-684151,73.08198852884493,-68.69765543947572,280.0440951650561,-35.831416065966536,-0.058713304184885,0.081199250468457,-0.13741411617739,1.2974838438858e-13,X,0.8923273975044391,AGN
2CXO J182430.1-245150,276.1256493453807,-24.86386503753568,7.798757323095196,-5.568755259584184,0.41224234853217,0.26733291692692,0.16114928169894,9.9734329932062e-15,X,0.30610893147021634,stellar
2CXO J132527.6-430217,201.3652528385792,-43.03831239062972,309.5132072262748,19.398239610115123,-0.97439100562149,-0.72579637726421,-0.81823860087445,5.3327853147529e-15,X,0.0008368178967175413,stellar
2CXO J095406.6+690842,148.5271041667769,69.14465345541836,142.10350982164022,40.74903499976449,0.17489069331668,0.42848219862586,-0.29231730168645,1.3680413999118e-14,X,0.6438671156876796,AGN
2CXO J145211.0+581323,223.0459195941228,58.22331227663791,97.18439615432992,52.44383139063567,-0.20112429731418,0.0012492192379763,-0.20237351655215,6.0235145231042e-14,Rad,0.9874109015194819,AGN
2CXO J140629.2+341235,211.62175626945972,34.20981319460217,61.24823928261159,72.41336968914318,0.94440974391006,0.88819487820112,0.33354153653966,2.0828893588421e-14,X,0.8614773973373367,AGN
2CXO J160856.7-203346,242.2363364008293,-20.56278141572444,353.2048429151051,22.48112899384333,-0.52966895690194,-0.036227357901312,-0.50218613366646,5.2767926799795e-13,Or*,0.5165489812353428,AGN
2CXO J022721.5+333500,36.839654741012566,33.583617960669685,144.8995289581725,-25.163703693987834,-0.15115552779513,-0.027482823235478,-0.12492192379763,2.5021536691474e-13,UX?,0.8634893433575069,AGN
2CXO J192355.8+501541,290.98279664049187,50.261547017240034,81.83557458349571,15.678695110519616,-0.87695190505934,-0.29231730168645,-0.77201748906933,1.8949697891187e-14,Er*,0.028210331386086192,stellar
2CXO J174531.3-290132,266.380774637139,-29.025784334333448,359.9124839953488,-0.0286172797756552,-0.99937539038101,-0.99937539038101,0.99937539038101,0.0,X,0.007416090211589481,stellar
2CXO J125902.1+280656,194.7583821217022,28.11585274335003,63.782163097577055,88.04912843546158,-0.73579013116802,-0.39225484072455,-0.46970643347908,7.9736473220628e-15,Rad,0.4465338314739386,stellar
2CXO J184421.1-035706,281.08800188016085,-3.951897935214299,28.607717823914594,-0.2279804210763927,0.36477201748907,0.13741411617739,0.23860087445347,3.4168878106302997e-14,AB?,0.01662832213722224,stellar
2CXO J123044.2+122134,187.68435899132956,12.359597906571608,283.73789364057325,74.45476835672098,-0.28232354778264,0.023735165521549,-0.30356027482823,1.231771868467e-14,X,0.4748420103296471,stellar
2CXO J091405.0+400649,138.52124936892136,40.11366221925847,182.15101562498657,43.67780829443937,0.43847595252967,0.74828232354778,-0.46221111805122,1.7089287488425998e-13,HII,0.9004883306357812,AGN
2CXO J034510.9+320821,56.29546672837682,32.13946019016694,160.61090772554647,-17.73698945089027,0.54590880699563,0.3472829481574,0.2261086820737,1.640891779459e-14,X,0.11290276535868415,stellar
2CXO J124015.1-113305,190.06279592232116,-11.551577136332211,298.55418945933417,51.225058089961465,0.073703935040599,0.21486570893192,-0.14366021236727,3.4899655866171e-14,GlC,0.6858430495074538,AGN
2CXO J174532.2-285902,266.384548157489,-28.984169413617742,359.9497199032003,-0.0097445343590385,0.99937539038101,0.99937539038101,0.32479700187383,0.0,X,0.016629632953971962,stellar
2CXO J120009.3-781142,180.03800641433304,-78.19509128014788,300.23034948593147,-15.59321675199426,0.99937539038101,0.38725796377264,0.99937539038101,1.2490217924027998e-13,Or*,0.12057246228491263,stellar
2CXO J022613.6-185741,36.55704457626064,-18.961525098481847,197.3926455779145,-66.76389532274769,0.89693941286696,0.49968769519051,0.71830106183635,2.9044606307562e-14,Rad,0.5796954362025825,AGN
2CXO J030114.3+603001,45.30959187953897,60.50042455516012,138.2579156189561,1.5501840099118105,-0.091193004372267,-0.086196127420362,-0.0024984384759525,2.4853708554326e-14,LP?,0.011172645523418756,stellar
2CXO J004616.8+414300,11.570121649972464,41.71689595670078,121.90005248986438,-21.14451829034776,-0.39725171767645,-0.099937539038101,-0.30980637101811,2.8220451433471e-14,X,0.7497879840078953,AGN
2CXO J022226.3+421833,35.60986646459486,42.30919843103163,140.3773596759653,-17.459000927889864,-0.25858838226109,-0.076202373516552,-0.18488444722049,9.7550773373273e-15,X,0.22068713752044275,stellar
2CXO J122303.5+103640,185.7646319683488,10.611201969647512,279.5564594510658,72.1827127599884,-0.39100562148657,-0.067457838850718,-0.33229231730169,4.6862196454017e-14,X,0.9861171224737241,AGN
2CXO J142053.5+525524,215.2230804896774,52.92361897991055,96.21943980960978,59.31641791719843,-0.11367895065584,0.09369144284822,-0.20487195502811,6.7693812404057e-15,X,0.8350325539154027,AGN
2CXO J004422.5+414507,11.094070859552572,41.75179253333175,121.520291913383,-21.100598987369807,-0.12991880074953,0.10868207370393,-0.23735165521549,8.198735364244899e-14,XB?,0.8010187012604325,AGN
2CXO J123055.4+122314,187.73095818854267,12.387233666103365,283.86936282292083,74.49473357540167,-0.5633978763273,-0.16989381636477,-0.42973141786384,4.6503754449405e-15,X,0.30012958175845583,stellar
2CXO J150943.1+333139,227.42962717612272,33.52762759437029,53.61493144110543,59.62919221902478,-0.35227982510931,-0.028732042473454,-0.32604622111181,3.8084371948576e-14,X,0.9487479689550665,AGN
2CXO J181209.7-190226,273.0405400768618,-19.040632087818206,11.594463501473705,-0.3030496982038568,0.99937539038101,0.93066833229232,0.99937539038101,1.1758507972855e-13,LX?,0.00779867819347187,stellar
2CXO J173616.6-444423,264.06928158630967,-44.73984853635952,345.55180426813496,-6.738520881842344,0.79825109306683,0.65209244222361,0.30231105559026,6.1726328975014e-14,X,0.24631307261194066,stellar
2CXO J174531.7-285917,266.3822152361949,-28.988092858499044,359.9453078854335,-0.0100477604105723,0.99937539038101,0.87820112429731,0.99937539038101,0.0,X,0.02977340936640561,stellar
2CXO J123539.7+123331,188.91571163104103,12.558689522109438,287.92975778206346,74.96905550860806,0.067457838850718,0.27857589006871,-0.21611492816989,2.300284545786e-14,GlC,0.5221630040808265,AGN
2CXO J123900.6-113459,189.7526849660502,-11.583002005013574,298.074316888798,51.17149765718486,-0.081199250468457,-0.022485946283573,-0.057464084946908,1.7370705253662e-13,X,0.7305977876502812,AGN
2CXO J004244.1+411619,10.683939864059028,41.27203005802985,121.17383650221892,-21.57000992529155,0.1686445971268,0.10743285446596,0.061211742660837,7.7310132462402e-15,Gl?,0.51105208426611,AGN
2CXO J182937.6+010324,277.4066734048896,1.0568272355785786,31.38332436245507,5.334356124081645,0.19862585883823,-0.014990630855715,0.21236727045596,6.1032865925745e-14,Y*?,0.020675147980630516,stellar
2CXO J171420.9-292916,258.58729708108945,-29.487912678720363,355.7805680543715,5.393956774136557,-0.79950031230481,-0.33603997501562,-0.63210493441599,1.7849857740542e-14,LX?,0.0030428228068831243,stellar
2CXO J184350.7+793910,280.9614409220087,79.65282243107002,111.30967690214064,26.991791262830144,-0.15615240474703,-0.033728919425359,-0.12242348532167,9.6060678968733e-14,X,0.8111542849993735,AGN
2CXO J024518.4-531514,41.32571414156189,-53.25214533024039,271.8620674687058,-56.45652854691208,-0.28232354778264,-0.028732042473454,-0.25109306683323,7.7783951540616e-14,Le?,0.9629823590721024,AGN
2CXO J053518.5-051635,83.82746783434908,-5.276407076696727,208.90790880154307,-19.324905496570043,-0.53341661461587,-0.3735165521549,-0.19237976264834,5.4934940468384e-14,Or*,0.004555763393431711,stellar
2CXO J123041.0+122403,187.6709637778849,12.40087819510214,283.64497293996067,74.49021526295662,-0.034978138663335,0.11992504684572,-0.15490318550906,8.543952098578401e-15,X,0.2006142541717609,stellar
2CXO J100319.1+684402,150.82953412716722,68.73388692671524,141.89959579389387,41.65987737211224,0.79825109306683,0.5683947532792,0.41848844472205,5.2845173438705e-14,?,0.7444576987667719,AGN
2CXO J052020.5-690653,80.08562927222084,-69.11477679546904,279.77681970177235,-33.287520777361074,-0.14865708931918,0.022485946283573,-0.17114303560275,7.1865803456327e-14,X,0.8724951467364676,AGN
2CXO J141922.7+530131,214.8448054702092,53.02545945534221,96.68720897503236,59.38992271306539,0.36352279825109,0.13991255465334,0.22860712054966,5.889246346429701e-15,X,0.8237035405987675,AGN
2CXO J053522.8-052022,83.84509204369954,-5.339636458523474,208.97607537535183,-19.33788314824864,0.77201748906933,0.28107432854466,0.6158650843223,1.9357962075834003e-15,Y*?,0.017342275679298948,stellar
2CXO J034701.9+680236,56.75793982732876,68.04340161786192,138.2227272734799,10.551890798268104,0.1524047470331,0.31980012492192,-0.18363522798251,4.973784160212e-14,X,0.2888473735499687,stellar
2CXO J131920.1-125205,199.83415562167443,-12.868232676775566,313.42028842855854,49.434523801687966,-0.88194878201124,-0.054965646470956,-0.80074953154279,3.5187846867131e-14,Pe*,0.13660144761908574,stellar
2CXO J141753.8+524030,214.4744022070513,52.67519954822738,96.56996287834444,59.80125660472959,-0.24984384759525,0.011242973141786,-0.25983760149906,5.360737497810801e-15,X,0.9187838979568842,AGN
2CXO J053435.6-052951,83.64873458449654,-5.497761273636045,209.0318838879944,-19.583742821722712,-0.95065584009994,-0.64084946908182,-0.75078076202374,6.5303621849724004e-15,Or*,0.0008368178967175413,stellar
2CXO J151651.8+070832,229.2161010415857,7.1424998293840725,9.599736015585808,50.16384469003955,-0.83572767020612,-0.23860087445347,-0.7420362273579,1.8988984134064e-14,X,0.3092410067182589,stellar
2CXO J174806.3-244637,267.02632357059804,-24.77717426271645,3.843957149126337,1.6830281093645985,0.99937539038101,0.80324797001874,0.99937539038101,9.072523554606201e-15,LP?,0.002507832080200502,stellar
2CXO J222835.3+203822,337.14711958930934,20.639734373934388,83.32701055122764,-31.032259084848235,-0.11367895065584,0.071205496564647,-0.18238600874453,1.2358866789871e-13,NIR,0.8367858072220774,AGN
2CXO J133702.3-294425,204.25982644670376,-29.740461306078835,314.62024571433795,32.094194119668686,0.77326670830731,0.31355402873204,0.60087445346658,1.7409772694584e-14,X,0.5274221774449253,AGN
2CXO J223706.6+342619,339.2775071920028,34.43888137587969,93.74287972037264,-20.7089357656656,-0.99937539038101,-0.52592129918801,-0.18238600874453,6.1721204191536e-16,ULX,0.12435399088408537,stellar
2CXO J033712.8+615302,54.30343024804506,61.88395272683286,141.17982110690988,5.035937404835694,0.46970643347908,0.26483447845097,0.23110555902561,5.6489826820275e-14,X,0.09679734845215236,stellar
2CXO J152158.1+074321,230.4922181177105,7.722811507640321,11.440097221027578,49.43780133964521,-0.28856964397252,-0.16989381636477,-0.12367270455965,3.2886021338121e-14,X,0.7386484734438875,AGN
2CXO J011417.0-731851,18.570711635207545,-73.31428161560113,300.6664054816602,-43.71333766619815,0.35727670206121,0.17863835103061,0.18613366645846,3.6578294625157e-14,X,0.7245175225757243,AGN
2CXO J132530.0-430048,201.37504883027805,-43.0134950717359,309.52440025689924,19.421813668723463,0.72829481574016,0.420986883198,0.43472829481574,1.4322352800827e-14,X,0.04495487380008636,stellar
2CXO J100656.4+345445,151.73534915181335,34.91262874208803,190.04306649775333,54.167320747449686,-0.57589006870706,-0.30480949406621,-0.32729544034978,6.5447193970051e-14,Rad,0.9292520039685479,AGN
2CXO J174541.3-285738,266.4220877550033,-28.96074411717754,359.98682597564704,-0.0255703298230153,0.99937539038101,0.9843847595253,0.99937539038101,4.3745697584323e-15,X,0.0008368178967175413,stellar
2CXO J145008.5-101144,222.5354218978331,-10.195751740017736,344.6031856728314,42.8695569782089,-0.19612742036227,0.071205496564647,-0.26358525921299,5.6496785665201e-14,X,0.9845003284170681,AGN
2CXO J135241.7+600311,208.1738971910089,60.053284492564224,109.48969221429736,55.44747852420601,0.39725171767645,0.22985633978763,0.18238600874453,8.8332623975865e-14,X,0.8801681912102404,AGN
2CXO J093435.9+611615,143.6497109959185,61.27089139761264,152.6617055471341,42.790885125364106,-0.17239225484072,0.0037476577139288,-0.17489069331668,5.6555861152593e-14,X,0.9393347149044725,AGN
2CXO J133023.8+471008,202.5994568233248,47.16898033957963,104.6018620585894,68.54856638181117,-0.0074953154278576,0.2211118051218,-0.22985633978763,3.0700331206867e-15,X,0.18971699720674298,stellar
2CXO J053530.9-054305,83.87895640191425,-5.718117809705027,209.35024696582963,-19.478736210491714,-0.64959400374766,-0.21986258588382,-0.49843847595253,3.8071132824617e-14,Or*,0.009181467873635584,stellar
2CXO J203213.5+412711,308.05625347551666,41.45333429699449,80.2217659238752,1.0249139919091683,0.66208619612742,0.088694565896315,0.60462211118051,1.0711833288831e-14,X,0.001253916040100251,stellar
2CXO J174611.1-284821,266.546645755167,-28.806013403543226,0.1757115656589362,-0.0381673908236195,0.99937539038101,0.97064334790756,0.47220487195503,1.7638023763994e-14,X,0.007938853936901458,stellar
2CXO J010747.5-173025,16.947955945345825,-17.507088498094223,145.20297882033617,-79.66460222013383,0.9106808244847,0.50218613366646,0.74578388507183,6.2041383721493e-14,MoC,0.7728231413654063,AGN
2CXO J172437.6-341141,261.1568093626936,-34.19483950568016,353.16008687633985,0.9138566914499516,0.73079325421611,0.24609618988132,0.56964397251718,1.4099373626724e-14,NIR,0.0,stellar
2CXO J102843.0+682816,157.17936431034127,68.47118659509826,140.11953959593566,43.58756224739876,-0.061211742660837,-0.037476577139288,-0.023735165521549,2.2967257087645e-13,X,0.7183390044042883,AGN
2CXO J174551.4-290227,266.464561418793,-29.04114205456048,359.9375345046633,-0.0991512597438279,0.99937539038101,0.98188632104934,0.55465334166146,5.7845682282496e-15,X,0.0037608778967593735,stellar
2CXO J033244.2-275141,53.18449802539647,-27.86146831598435,223.67873763940824,-54.38598516155884,-0.37601499063086,0.076202373516552,-0.43722673329169,4.1739896761166003e-16,Rad,0.907437393828529,AGN
2CXO J174531.7-290109,266.3822356696402,-29.019252639581527,359.9187242426972,-0.026303291506008,0.99937539038101,0.94690818238601,-0.16739537788882,1.9414021029234e-15,X,0.0,stellar
2CXO J034622.1+680505,56.59246181698188,68.08489382395051,138.1472777691999,10.545476638350834,-0.20986883198001,0.021236727045596,-0.22985633978763,2.6160118265333e-14,X,0.32436368048912345,stellar
2CXO J003427.2-431857,8.613514760658859,-43.31599409468319,313.8334715002351,-73.45092561280615,-0.48469706433479,-0.27857589006871,-0.23360399750156,4.3757408595892e-14,ClG,0.8805132578296418,AGN
2CXO J001344.7-193051,3.436283398366527,-19.514285058392964,72.31817320996164,-78.48244869981046,-0.37601499063086,-0.23610243597751,-0.15115552779513,3.0162800827961e-14,X,0.8146232687248449,AGN
2CXO J104406.6-593405,161.02747349756578,-59.56814800047791,287.4363298602291,-0.5828787230229711,0.054965646470956,0.19237976264834,-0.1474078700812,2.3173650879311e-15,X,0.002507832080200502,stellar
2CXO J003246.5+393440,8.193882411503353,39.577828144793074,119.02217845935618,-23.152202939644106,-0.24109931292942,0.06371018113679,-0.29731417863835,2.4504293994195e-14,GlC,0.830343470894085,AGN
2CXO J053554.4-052436,83.97696733467086,-5.410171999291501,209.10564843106,-19.252690622192127,0.99937539038101,0.70081199250468,0.99937539038101,1.0255909517682e-14,X,0.0017263869376084,stellar
2CXO J164152.6+364018,250.46962707938428,36.671837451217016,59.291689212252905,40.89775981401593,-0.53216739537789,-0.19612742036227,-0.35852592129919,1.0959646770714999e-13,X,0.9556515859286311,AGN
2CXO J104430.3-593726,161.12648870480302,-59.62411267845564,287.50683236535133,-0.608822316604125,-0.57963772642099,-0.25983760149906,-0.37101811367895,2.0357010284914e-14,SB*,0.0015037570444583594,stellar
2CXO J111205.4-763137,168.02220154493193,-76.52701794434414,297.12264449760505,-14.7889372152903,0.21736414740787,0.24359775140537,-0.028732042473454,4.9727828209697e-14,X,0.3006141191002559,stellar
2CXO J023208.0+612203,38.03351132375786,61.367626598088194,134.6942570630568,0.8169191196832881,-0.71205496564647,-0.3947532792005,-0.43847595252967,2.4863709662526e-14,Or*,0.0,stellar
2CXO J071826.4-245453,109.61013485218166,-24.91500269088913,238.11777288088325,-5.578711260382203,-0.41723922548407,-0.028732042473454,-0.39100562148657,2.2348968122187e-14,Or*,0.14345637618873083,stellar
2CXO J151604.1+561614,229.01723455067008,56.27072777202466,91.48581854666826,51.09876091437893,-0.10368519675203,-0.24109931292942,0.14490943160525,1.9345479582218e-14,X,0.5060024673060459,AGN
2CXO J052550.8-692730,81.46178897569911,-69.45840926651789,280.0748086588251,-32.74665055324637,-0.23485321673954,0.27607745159275,-0.48594628357277,0.0,IR,0.8180210692597987,AGN
2CXO J013803.7-215531,24.51579067751993,-21.92542573446573,189.3131145582396,-78.19607393264295,-0.45596502186134,-0.18988132417239,-0.28856964397252,1.7258713483859e-13,SN*,0.9408216933239208,AGN
2CXO J174514.1-285425,266.3090066671863,-28.907156237303276,359.98096361056565,0.0868199574699567,0.91692692067458,0.98063710181137,-0.99937539038101,3.3726202267593e-14,X,0.010469941537829874,stellar
2CXO J124005.3-113459,190.022144114844,-11.583260788268046,298.49430576825165,51.19067124644509,0.027482823235478,0.20237351655215,-0.17613991255465,2.4567017593558998e-14,GlC,0.7481073032452372,AGN
2CXO J101741.4+413051,154.42275441597496,41.514246723525694,178.22141243517962,55.51035866362175,-0.45096814490943,0.037476577139288,-0.47845096814491,7.7063195808612e-14,X,0.9737263741523087,AGN
2CXO J124338.2+113331,190.90950812212589,11.558681272453253,295.8451885758139,74.32300690253793,0.1474078700812,0.99937539038101,-0.99937539038101,4.639492022345e-16,GlC,0.45298580624576607,stellar
2CXO J160901.8-390512,242.25770414535327,-39.086854557285015,339.6029887449981,9.327347012959189,-0.77451592754528,-0.41723922548407,-0.52467207995003,1.9151220786279e-13,Or*,0.017429620697686322,stellar
2CXO J174541.8-290042,266.42442575719326,-29.011734892145903,359.9443645673123,-0.0538770677821142,0.92941911305434,0.98063710181137,-0.62460961898813,3.3844031895867e-15,X,0.0022576777955861443,stellar
2CXO J151427.2-151039,228.61340315082805,-15.177820581553949,346.63003856896535,35.28739657337121,0.85696439725172,0.3735165521549,0.6895690193629,1.1357842676632999e-13,X,0.8160939077403264,AGN
2CXO J092455.8+021923,141.23254856554706,2.32319481592635,230.41658400224807,34.78621713858323,-0.35852592129919,0.052467207995003,-0.39600249843848,1.5172734673025e-14,LeI,0.8723125102936887,AGN
2CXO J053522.5-051950,83.8438717683236,-5.3308820640218375,208.96721941883789,-19.33500456272078,0.99937539038101,-0.44846970643348,0.99937539038101,1.9149503408031003e-16,X,0.0018818576780042357,stellar
2CXO J183118.7-020336,277.8281760737491,-2.060106775256148,28.797652206955167,3.5322196264611483,0.99937539038101,0.89319175515303,0.63335415365397,5.6658438711679e-14,Y*?,0.06395768899642061,stellar
2CXO J103846.6+533013,159.69418230129838,53.50359872132522,156.60198218416758,54.063825153907,0.2473454091193,0.056214865708932,0.19237976264834,3.0440924984326e-14,HII,0.6776438482713598,AGN
2CXO J165941.8-400551,254.92454627688065,-40.09772411976959,345.4661723238227,1.4459739697522491,0.99937539038101,0.62835727670206,0.99937539038101,4.2087385794663e-14,Y*?,0.014000439041458519,stellar
2CXO J053524.4-052400,83.85192155856544,-5.400300639588644,209.03667533308996,-19.359263826317605,-0.75078076202374,-0.63960024984385,-0.20487195502811,1.2674023661665e-15,Y*?,0.00868743946027838,stellar
2CXO J180916.4-255425,272.3186920372559,-25.90718981938154,5.252192620725839,-3.0253418116425457,-0.63585259212992,-0.55840099937539,-0.11867582760775,3.5493392340283996e-14,X,0.007931892080242335,stellar
2CXO J214223.6+122950,325.5983874743765,12.497321918501408,67.53475279591348,-29.407306115519653,-0.99937539038101,0.99937539038101,-0.99937539038101,0.0,SN*,0.04639528269196155,stellar
2CXO J032239.1-371148,50.6630728174581,-37.19660941819416,240.14356486485823,-56.69989735347633,0.084946908182386,-0.076202373516552,0.16364772017489,1.3133625262572e-14,GlC,0.7551827967862372,AGN
2CXO J180447.8-242330,271.19934110273994,-24.391781561547543,6.084988102074524,-1.403446832260847,-0.57713928794503,-0.22485946283573,-0.40349781386633,2.6997644861399998e-14,Or*,0.0032926638112412325,stellar
2CXO J162217.0-240537,245.57121453863957,-24.09357479855669,352.6519583778808,17.821878466454738,-0.5633978763273,-0.48469706433479,-0.10743285446596,1.947882919823e-14,Y*?,0.007937983713360077,stellar
2CXO J174535.7-285912,266.3988993429116,-28.98673988072939,359.954068054607,-0.021798315551378,0.93566520924422,0.91817613991255,0.14366021236727,1.2845760969716e-15,X,0.006888819534663359,stellar
2CXO J004339.0+412115,10.912820441990393,41.35466758199392,121.3615956128736,-21.493337047652236,0.420986883198,0.44347282948157,-0.033728919425359,6.3101218829719e-14,XB?,0.5460822659289416,AGN
2CXO J004732.3-252810,11.88492271230558,-25.469742239220327,94.934895251148,-88.1254648279393,-0.93191755153029,-0.61711430356027,-0.70580886945659,2.4374036316054998e-14,SB*,0.47046672000316647,stellar
2CXO J132507.3-430407,201.2803260301257,-43.06883667834605,309.443563389747,19.376628257236053,-0.99937539038101,-0.99937539038101,-0.89569019362898,4.4773262614255005e-15,Y*?,0.0012499329892233257,stellar
2CXO J003752.4-334403,9.468502411950624,-33.73434582069936,325.96342855678915,-82.77716859998776,0.35727670206121,0.34353529044347,0.013741411617739,1.9514020710291e-14,X,0.6309844280265456,AGN
2CXO J174533.5-285906,266.389955517321,-28.98508958504504,359.95139969290227,-0.0142610309120989,0.99937539038101,0.99937539038101,-0.51717676452217,5.412466080556201e-16,X,0.004677463876794823,stellar
2CXO J143811.0+341437,219.54602894916616,34.24386784758818,56.76824196177498,66.05397310621933,-0.78076202373517,-0.22236102435978,-0.66958151155528,5.1125052675606e-15,X,0.3684999056862324,stellar
2CXO J125304.0-091805,193.26690879525552,-9.301623725962433,303.60897674625056,53.56798141278443,-0.28856964397252,0.026233603997502,-0.31105559025609,2.0263273651588e-14,X,0.9265646256546479,AGN
2CXO J004732.3-251744,11.88480729585359,-25.295665133214545,97.2064387294724,-87.96950549865234,0.71705184259838,0.66583385384135,0.092442223610244,3.0269962163973e-14,X,0.7207418352186408,AGN
2CXO J174532.6-285948,266.3859545217431,-28.996811852218947,359.9395713093486,-0.0173832884631784,0.99937539038101,0.99937539038101,-0.45471580262336,9.2671111962412e-16,X,0.0,stellar
2CXO J174543.4-285847,266.4309812008023,-28.97990328116554,359.9745237895599,-0.0421916356299728,0.32229856339788,0.99937539038101,-0.99937539038101,0.0,X,0.015248540029620887,stellar
2CXO J141511.0+361203,213.7961535475636,36.20089609290704,65.18812841863134,70.06369366036164,-0.2998126171143,0.18113678950656,-0.45471580262336,6.4951539330685e-15,ClG,0.2738542354450264,stellar
2CXO J022215.0+422341,35.562980100532286,42.394678641471536,140.3111964923579,-17.39175143515238,-0.27857589006871,-0.051217988757027,-0.22985633978763,1.5771235605155998e-14,X,0.42176629750695144,stellar
2CXO J053518.8-052417,83.82873176396754,-5.404858064635732,209.02991643148977,-19.38191580828043,-0.69831355402873,-0.20986883198001,-0.55590256089944,9.4346040661686e-16,Or*,0.014077138640567779,stellar
2CXO J122258.6+155124,185.7443484960804,15.856722345753171,271.1200890905413,76.93624023158829,-0.3735165521549,-0.21986258588382,-0.16614615865084,2.405092904214e-14,HII,0.8480394372191846,AGN
2CXO J111126.8+553914,167.8618710307136,55.65400307600432,148.35178489712297,56.25999932822034,-0.23485321673954,0.099937539038101,-0.32604622111181,3.3087696014529e-14,X,0.992305917678046,AGN
2CXO J174544.3-290156,266.43457687134844,-29.0324114076894,359.9313374424802,-0.0722238440916318,0.95940037476577,0.96939412866958,-0.18738288569644,1.0724014665919999e-14,X,0.0,stellar
2CXO J013439.8+305144,23.666006824919748,30.862404891779036,133.76553334508304,-31.098389663327698,-0.018738288569644,0.11742660836977,-0.13616489693941,1.5290299484471e-14,X,0.6082819300295964,AGN
2CXO J005228.4-263716,13.118696089850175,-26.62116094802039,147.50250290075763,-89.44268080525649,-0.41723922548407,-0.024984384759525,-0.3947532792005,5.2248669853101e-14,X,0.9222520956276145,AGN
2CXO J102408.9-574714,156.03713437947272,-57.78746415477217,284.29992539141546,-0.345292892269897,0.10618363522798,0.22985633978763,-0.13991255465334,7.2247153163137e-15,HII,0.005007832080200502,stellar
2CXO J031947.9+413052,49.94991516224832,41.51448766988419,150.57375425594168,-13.259197292284313,-0.99937539038101,-0.91692692067458,-0.80449718925671,0.0,X,0.02942893755113911,stellar
2CXO J053505.6-045854,83.77358891590632,-4.981710957414334,208.60388004782072,-19.23904880578609,-0.81948782011243,-0.30980637101811,-0.68332292317302,1.1625200377643e-13,X,0.0029240600000418325,stellar
2CXO J085128.3+114128,132.86823821413998,11.69112835492376,215.8333271926932,31.889062304844146,0.026233603997502,0.29856339787633,-0.27482823235478,7.1037180372458e-14,X,0.5100013987534211,AGN
2CXO J174538.7-290235,266.4115204073769,-29.043123656664505,359.91169284399314,-0.0605963679712326,0.99937539038101,0.99937539038101,-0.99937539038101,4.4531969143719005e-16,X,8.67299399770309e-05,stellar
2CXO J063009.0-120119,97.53784797812888,-12.022209831163456,221.34385514256115,-10.11998330799728,0.37976264834478,0.29356652092442,0.091193004372267,1.1944491898042e-13,LeQ,0.619809384715839,AGN
2CXO J005441.1-373350,13.671490234872977,-37.56402945320604,299.38378340373856,-79.54183653843847,0.67582760774516,0.40599625234229,0.36602123672705,3.417448189872e-14,X,0.6559110418294128,AGN
2CXO J053515.5-052246,83.81475029545527,-5.379548571295532,208.99931346888545,-19.38288207325281,0.99937539038101,0.99937539038101,-0.99937539038101,4.3673861563703006e-16,Y*?,0.018048219124009186,stellar
2CXO J063216.6+044938,98.06955601586507,4.82725194133723,206.4490207312542,-2.044794485121445,-0.24859462835728,-0.13741411617739,-0.11367895065584,2.9657320149215e-14,Or*,0.0050078320802005,stellar
2CXO J150037.7+013519,225.15719009687805,1.5887127445551668,358.9062230701831,49.8753997278449,-0.21611492816989,-0.058713304184885,-0.15865084322299,3.0199305405656e-14,X,0.9389225819540336,AGN
2CXO J063148.1+045338,97.95055063590588,4.893845090974822,206.33518463911068,-2.119317644212213,-0.44846970643348,-0.33354153653966,-0.13366645846346,2.6465191955571998e-14,Or*,0.0,stellar
2CXO J112305.7+012742,170.77371350521776,1.4619415736961971,259.690339473649,56.725083103617166,-0.22361024359775,0.17863835103061,-0.38475952529669,2.8797306697791e-14,X,0.9642958149366018,AGN
2CXO J055207.8+322638,88.03282639401965,32.44408000499563,177.71159886436047,3.005273761323341,-0.99937539038101,-0.99937539038101,-0.55715178013741,1.5463711647769e-15,LM*,0.005007319052489198,stellar
2CXO J203253.7+411513,308.2240088405026,41.25369200267987,80.13580516128246,0.8050804977855761,0.70955652717052,0.29106808244847,0.52467207995003,3.6541567739288996e-14,EB?,0.007732599288040022,stellar
2CXO J132511.5-430226,201.29811521714964,-43.04065658284166,309.4613431702886,19.402739610280378,-0.078700811992505,0.14990630855715,-0.2261086820737,1.2112254932599998e-14,X,0.17332557734237167,stellar
2CXO J065237.6+742420,103.15681743981958,74.4055897862786,140.35525393938175,26.131965001737417,-0.44597126795753,-0.037476577139288,-0.41349156777014,2.0703225941272e-14,X,0.7941541367733391,AGN
2CXO J053516.9-054555,83.82060862319418,-5.765461433576233,209.36733575330268,-19.551896092858197,-0.45721424109931,-0.12492192379763,-0.35103060587133,4.0927897512642997e-14,Or*,0.04947172275394906,stellar
2CXO J034434.6+321556,56.14455417880959,32.26566163460476,160.4230677902407,-17.722100948416116,0.47595252966896,0.24859462835728,0.25484072454716,3.7479011475163e-14,X,0.19806581069991183,stellar
2CXO J174534.2-285905,266.3928311971483,-28.98498476556296,359.9528000453735,-0.0163533242484197,0.99937539038101,0.92941911305434,0.56964397251718,1.5021714904888001e-15,X,0.009433691119063545,stellar
2CXO J053530.6-045936,83.87752327092483,-4.993364028812557,208.664678139497,-19.152102328220412,0.37601499063086,0.088694565896315,0.29606495940037,3.4466681223205e-14,Or*,0.09079869733530803,stellar
2CXO J174532.6-290234,266.3859474609726,-29.042882096940115,359.9002492080258,-0.0413882934349122,0.99937539038101,0.85196752029981,0.99937539038101,5.537189224025301e-16,X,0.0,stellar
2CXO J215232.6+471346,328.1359975610826,47.22947254503181,94.24628051715776,-5.432632424512192,-0.47970018738289,-0.1524047470331,-0.35103060587133,5.350851191164e-14,Or*,0.012357751119105375,stellar
2CXO J171259.0-390914,258.2458990493933,-39.15414132034454,347.76072550930814,-0.0269818316803496,-0.80449718925671,-0.32854465958776,-0.64709556527171,6.508109408250899e-13,Y*?,0.0012539160401002505,stellar
2CXO J132521.2-430158,201.33865203747143,-43.0329600490244,309.493585097066,19.40624908996112,0.23110555902561,0.2948157401624,-0.071205496564647,6.547807856566401e-15,X,0.060075097970986445,stellar
2CXO J061848.6+782506,94.70279583987104,78.4183650662436,135.59014036852196,24.919782082220756,-0.067457838850718,0.19237976264834,-0.25484072454716,3.6164410835298997e-14,X,0.8550678962418329,AGN
2CXO J133701.2-295200,204.25530798809325,-29.866660797561263,314.58483588950816,31.971554089074388,-0.7945034353529,-0.41723922548407,-0.55590256089944,5.3872649634988e-15,SR?,0.08146456092152371,stellar
2CXO J093210.0+213001,143.0419402224494,21.50027539759438,208.71217765940355,44.53976193184577,0.48469706433479,0.061211742660837,0.43472829481574,2.526701043314e-14,HII,0.7560020575653268,AGN
2CXO J132514.0-430242,201.30856662425435,-43.04519640078004,309.46869631811546,19.39718526650701,-0.37476577139288,0.0,-0.36976889444097,2.3070119069314e-15,GlC,0.13394702253732288,stellar
2CXO J120152.9-185202,180.4708217456291,-18.86744444446156,286.9585753512682,42.46209594376453,-0.70206121174266,-0.40849469081824,-0.41099312929419,6.4832662850662004e-15,MoC,0.15985216312252976,stellar
2CXO J042908.2-534940,67.28420458094001,-53.827852786533455,262.4219485357376,-42.35223615710287,-0.61086820737039,-0.10993129294191,-0.53716427232979,6.8631700108169e-14,Rad,0.8470903560745106,AGN
2CXO J174534.7-290006,266.394906783539,-29.001784670557555,359.9394075538861,-0.0266573971425715,0.99937539038101,0.8369768894441,0.99937539038101,6.699510361145501e-16,X,0.0,stellar
2CXO J111403.7-611909,168.51548644982086,-61.31939654306717,291.5210054942337,-0.6237895907646815,0.99937539038101,0.72704559650219,0.71705184259838,1.4970868158916e-14,X,0.03354846727210547,stellar
2CXO J180413.3-241513,271.0557695035434,-24.2538649544241,6.141085922978471,-1.221810792468066,-0.76577139287945,-0.4896939412867,-0.43222985633979,1.4522367054708e-14,Or*,0.0,stellar
2CXO J164741.8+345732,251.9243169279116,34.958955185821694,57.26139961079195,39.51167695830844,-0.81324172392255,-0.368519675203,-0.63335415365397,1.7329953550476e-13,X,0.01714624716060004,stellar
2CXO J102416.6-573931,156.0692530240825,-57.65860668016344,284.2457268766178,-0.2271361074463479,-0.8894440974391,-0.14615865084322,-0.83572767020612,0.0,Y*?,0.008348120000083665,stellar
2CXO J174542.3-285606,266.4263785771509,-28.935070615811725,0.0106972794803533,-0.015402361625125,0.99937539038101,0.96689569019363,0.99937539038101,1.0498430226057e-14,X,0.0016736357934350825,stellar
2CXO J053518.5-052624,83.82746192461872,-5.4402415754153095,209.0627679852313,-19.39904256963888,0.87195502810743,0.57089319175515,0.58338538413492,4.6618573531643e-15,Or*,0.018990855574847275,stellar
2CXO J165423.7-415236,253.59894924008316,-41.87685097270379,343.4509948752626,1.1182811407765234,-0.25858838226109,-0.14366021236727,-0.11867582760775,1.5480609249541e-14,Y*?,0.004590733936817792,stellar
2CXO J124835.8-054802,192.1495456283427,-5.800724505847435,301.6328001251636,57.06385983578174,-0.039975015615241,0.098688319800125,-0.13866333541537,1.7818025218181e-14,GrG,0.727181562968754,AGN
2CXO J053518.7-051802,83.82820198521495,-5.300741000028332,208.93125191884116,-19.335272589475885,0.27732667083073,-0.016239850093691,0.28732042473454,2.0135602355181e-15,Or*,0.039088502148817705,stellar
2CXO J061049.2-061130,92.70504925266096,-6.191650587698768,213.8725685853668,-11.839520370194638,0.68207370393504,0.23110555902561,0.53216739537789,4.354265975772e-14,Rad,0.086540372369004,stellar
2CXO J013442.4+305249,23.67688078530682,30.880445700172896,133.77211602207385,-31.07887546147261,0.32354778263585,0.1998750780762,0.12866958151156,9.561679816321e-15,X,0.39319796691804576,stellar
2CXO J135451.8-022249,208.71618904246088,-2.380437433711887,332.8077664250483,56.7665417553812,-0.89069331667708,-0.52966895690194,-0.68082448469706,1.0826331693596e-13,SB*,0.011986632168243494,stellar
2CXO J182432.2-245209,276.1344667726032,-24.869326183026416,7.797579836364978,-5.578370353756125,0.17489069331668,0.37476577139288,-0.21361648969394,1.0691191058665e-14,X,0.10559016153034935,stellar
2CXO J070354.8-113434,105.9785880140114,-11.576133696130327,224.65006314332447,-2.5253465532353467,-0.21986258588382,-0.036227357901312,-0.18363522798251,5.0998852911706e-14,Or*,0.009312326080378876,stellar
2CXO J053523.3-045720,83.8470884108167,-4.955759717333927,208.6146324779237,-19.162029280496014,-0.79075577763898,-0.31480324797002,-0.63460337289194,2.8648679493217e-14,X,0.007097695793476915,stellar
2CXO J071848.1-245513,109.700901091567,-24.9204922011789,238.16071872590248,-5.508148450425705,-0.49718925671455,-0.23235477826359,-0.29856339787633,2.1106004339834e-14,Or*,0.008771309776584118,stellar
2CXO J053517.3-052235,83.82229472285348,-5.376605637798179,209.0001333768642,-19.374852067647627,0.76452217364147,0.80949406620862,-0.19237976264834,4.7368854349131e-15,?,0.08433850507928067,stellar
2CXO J174532.2-290049,266.3845271363804,-29.01366659134439,359.92453599357447,-0.0251020924422089,0.99937539038101,0.90693316677077,0.99937539038101,4.8017657571051e-16,X,0.0,stellar
2CXO J174934.0-280613,267.39194034492493,-28.10380622132052,1.1610150352182194,-0.3112588630021535,-0.89194253591505,-0.55965021861337,-0.66083697688944,4.8085793898394e-14,Y*?,0.0037608778967593735,stellar
2CXO J003751.6-334100,9.465204471063544,-33.68348058400882,326.1538195904975,-82.82217240569696,0.52467207995003,0.2685821361649,0.29731417863835,1.302464470176e-14,X,0.4064611872825127,stellar
2CXO J013648.2+154530,24.200792618806133,15.758565040877194,138.66163295667442,-45.7230777496913,-0.50843222985634,0.017489069331668,-0.51967520299813,8.9277255254958e-15,SN*,0.43546176690382515,stellar
2CXO J225743.6+624322,344.43174613067924,62.723003010872034,110.31641860252792,2.670159455990149,0.88819487820112,0.63835103060587,0.56714553404122,1.3055785413862e-13,Or*,0.018111237888857466,stellar
2CXO J233148.3+001852,352.9514763777744,0.3146560578612924,84.7904094805783,-56.54157809062634,-0.16364772017489,0.10368519675203,-0.26233603997502,3.0783008546954e-14,X,0.9855013569174105,AGN
2CXO J132426.9+041642,201.11234184100908,4.2785327929006165,323.39489275885273,65.83014855380891,-0.38600874453467,-0.059962523422861,-0.33229231730169,3.9883973176577e-14,blu,0.9869469785137825,AGN
2CXO J165403.6-414824,253.5150879795915,-41.80674673562714,343.4660334746191,1.2109728717813506,-0.64959400374766,-0.34853216739538,-0.38600874453467,1.3724099961831999e-14,Y*?,0.0006279416379039849,stellar
2CXO J114438.3+194406,176.15974612452715,19.73505949442363,235.16745818534972,73.00983044861769,-0.26983135540287,-0.11367895065584,-0.16114928169894,1.0208480589344e-14,X,0.3181558353582514,stellar
2CXO J034257.7-352258,55.74067035272765,-35.38299247741718,236.5785686643206,-52.72453203406472,0.7682698313554,0.69081823860087,0.15490318550906,1.0143434110681e-13,X,0.949148079237824,AGN
2CXO J133015.5+470830,202.56472898307757,47.14182123732353,104.63019872399197,68.58303481710207,0.54341036851968,0.28482198625859,0.30106183635228,2.9260950955409003e-15,X,0.25247751377592276,stellar
2CXO J212335.3-051945,320.8973730287207,-5.329323234336059,47.039851806654,-36.0418772157209,-0.21236727045597,0.017489069331668,-0.22860712054966,2.5919516043338e-13,Rad,0.9743862309084907,AGN
2CXO J190638.8+090804,286.6620308055051,9.134449783082728,42.78724294197195,0.8087089314452607,0.92692067457839,0.75327920049969,0.55465334166146,2.0773559573746999e-13,Y*?,0.028030155894929746,stellar
2CXO J200506.0+362913,301.2751052889509,36.48707287398401,73.14971416484941,2.5849965520966163,0.72704559650219,0.56589631480325,0.2211118051218,1.7013242808636e-14,Or*,0.014199418553404581,stellar
2CXO J034422.3+321200,56.09300624496973,32.20016803455733,160.4319472756721,-17.800326184206025,-0.53591505309182,-0.29356652092442,-0.28232354778264,1.0294940376271e-14,Or*,0.007593244922379625,stellar
2CXO J124857.8-055449,192.24087435056825,-5.913785217921242,301.80355306286714,56.95254105933711,-0.20986883198001,-0.026233603997502,-0.18363522798251,2.5511998538518e-14,X,0.8996724556776341,AGN
2CXO J174547.8-290145,266.44917154794143,-29.02922462546956,359.94070345545924,-0.0814583584164488,0.95440349781387,0.9843847595253,-0.99937539038101,6.084517501196301e-15,X,0.0043857645168598695,stellar
2CXO J122416.0+130736,186.06675085667095,13.126871216196148,277.1838246763224,74.62385678559853,0.057464084946908,0.30231105559026,-0.24984384759525,4.9825074455521e-14,X,0.8191847067948159,AGN
2CXO J165359.7-414903,253.49887880158985,-41.81761959134841,343.4499721216834,1.213487653340465,-0.50718301061836,-0.31105559025609,-0.23110555902561,1.259385945205e-14,Y*?,0.0,stellar
2CXO J191823.3+050753,289.5972691823504,5.13149034257746,40.58373401946675,-3.6244309965162382,-0.93816364772017,-0.19113054341037,-0.86695815115553,3.2146942541052e-13,SB*,0.03666568058680732,stellar
2CXO J054022.2-690737,85.09271968326357,-69.12713975759371,279.47651683110723,-31.521570226775907,0.99937539038101,0.62460961898813,-0.051217988757027,0.0,X,0.6637927751712884,AGN
2CXO J180428.5-241856,271.1191923177421,-24.315752226568502,6.115498240102481,-1.3025430456785696,-0.30855715178014,-0.012492192379763,-0.2948157401624,3.3530671305567e-14,Or*,0.009726239513737195,stellar
2CXO J180405.6-241539,271.02356440535755,-24.260929726403976,6.120517062663056,-1.1996945082581751,-0.26233603997502,-0.028732042473454,-0.23360399750156,1.7750705476199e-14,Or*,0.003381689481117728,stellar
2CXO J014613.4-042640,26.55625431250462,-4.444440119716035,155.28125222280718,-63.82021717897595,-0.30480949406621,-0.13741411617739,-0.1736414740787,8.5947947728853e-14,ev,0.9653116808287003,AGN
2CXO J141801.8+524527,214.5078255589558,52.75771051592797,96.64621226492874,59.7254697543465,-0.066208619612742,0.17114303560275,-0.23485321673954,7.079994433315201e-15,X,0.7423669283118329,AGN
2CXO J174535.2-290204,266.39692192098323,-29.034675731345803,359.91225332161184,-0.0453007627851373,0.99937539038101,0.99937539038101,0.33104309806371,3.1874947785575e-15,X,0.0100241380345886,stellar
2CXO J174552.9-285651,266.4705139032874,-28.94767572599306,0.0200478113542576,-0.0549400793848788,0.96439725171768,0.99937539038101,-0.99937539038101,1.7343119744021e-14,X,0.003127941637903985,stellar
2CXO J053414.1-054721,83.55917198562372,-5.789269512763983,209.26545113561247,-19.794835179150365,-0.65584009993754,-0.13116801998751,-0.55715178013741,4.9471540302924e-14,Or*,0.09423602356411546,stellar
2CXO J061050.4-061204,92.7104140318097,-6.201184533642206,213.8837175923728,-11.838997363238477,0.36602123672705,0.037476577139288,0.33104309806371,3.5661309621631e-14,Rad,0.08968328610923298,stellar
2CXO J102409.1-574704,156.03829368783568,-57.78456960046985,284.298904153821,-0.342514855372409,0.70955652717052,0.2948157401624,0.49094316052467,4.9618125666948e-15,Y*?,0.0,stellar
2CXO J004252.4+411631,10.718483662286983,41.275350687148766,121.2018638643526,-21.567627138547703,-0.4896939412867,-0.44472204871955,-0.057464084946908,6.9973749627013006e-15,X,0.1121298183866749,stellar
2CXO J174515.6-284512,266.3153502009152,-28.75355322268933,0.1149066686906031,0.1622130189259395,0.99937539038101,0.99937539038101,0.96064959400375,1.3770196236312e-13,X,0.015242855063887834,stellar
2CXO J104356.8+114220,160.9866977680806,11.705768852909022,233.944883337086,56.365917167611286,0.36227357901312,0.26358525921299,0.10743285446596,2.5650404203927e-14,X,0.9078083766207822,AGN
2CXO J033852.0-353514,54.71685160851649,-35.58749262591836,236.94360472290947,-53.55450606710823,0.047470331043098,0.40474703310431,-0.43847595252967,1.1472045065736e-15,PN,0.6501532900121704,AGN
2CXO J124341.5+113333,190.92321902373897,11.559418078842311,295.8942882602868,74.32523935929657,-0.30356027482823,-0.21611492816989,-0.08369768894441,6.2283148339313e-16,Gl?,0.286201952700797,stellar
2CXO J123612.4+290222,189.0520000786621,29.039418240159964,182.4083696172259,86.13557077831756,-0.65708931917552,-0.25983760149906,-0.47595252966896,2.5789706821147e-14,ClG,0.7838382583547956,AGN
2CXO J192704.2+210618,291.76763835016004,21.10511247305846,55.67412882477236,2.0412803020132104,-0.65708931917552,-0.37601499063086,-0.37101811367895,8.8716005467945e-14,Y*?,0.006676018034504935,stellar
2CXO J141303.1-652043,213.26309891910603,-65.34537027476658,311.312802626332,-3.81023191611196,0.7158026233604,0.33104309806371,0.50343535290443,1.2043392855806e-14,X,0.015018285770353126,stellar
2CXO J174540.4-290545,266.4183516926146,-29.095944484372755,359.86971633928965,-0.0932102607357778,-0.48719550281074,-0.10868207370394,-0.3947532792005,1.8931884259582e-15,Y*?,0.004805484270194702,stellar
2CXO J053458.2-053825,83.74274278005095,-5.640526241725189,209.2119195076808,-19.56473087762311,0.10868207370393,-0.10618363522798,0.21361648969394,2.3330000568886e-14,Or*,0.020758845408684,stellar
2CXO J022231.3+422021,35.630572607428235,42.33937813834732,140.38090758076973,-17.42533011766583,0.68207370393504,0.33603997501562,0.44846970643348,1.5284304867924e-14,ULX,0.03485204766866396,stellar
2CXO J021511.5-034308,33.79798661779728,-3.7188972737220376,167.09005919993763,-59.20926821648897,-0.26108682073704,0.033728919425359,-0.29231730168645,2.6283682687939e-13,LS?,0.9948059176780459,AGN
2CXO J104355.8-593442,160.98268015842268,-59.57844845048905,287.4211409223581,-0.602627819553793,0.99937539038101,0.99937539038101,-0.99937539038101,2.9925224526539e-15,Y*?,0.00017655668264950276,stellar
2CXO J072719.9+854632,111.83263511790808,85.77578435884283,127.64594423787506,27.70828215887815,-0.13741411617739,0.033728919425359,-0.16989381636477,2.7704142931448e-14,X,0.867740116665953,AGN
2CXO J162057.7-504044,245.2407646769209,-50.67911626928583,333.0601217620724,-0.4878547288122211,0.97688944409744,0.66958151155528,0.88569643972517,6.9761992733571e-14,MIR,0.0333864101775448,stellar
2CXO J132623.9-473611,201.59999544970708,-47.60337533632767,309.0168851828489,14.854874900889149,0.33229231730169,0.21736414740787,0.11992504684572,1.7561262532052e-14,X,0.31247804936309964,stellar
2CXO J073833.9-303656,114.64128804808912,-30.615826807593063,245.2703492327252,-4.349054519151432,-0.99937539038101,-0.77951280449719,-0.7632729544035,2.7025010925516e-14,X,0.0,stellar
2CXO J122246.1+154849,185.69243063965848,15.81387873721244,271.0200486805968,76.87446137480615,0.069956277326671,0.41973766396002,-0.36102435977514,1.3392878106557999e-14,X,0.5679289462347705,AGN
2CXO J174534.1-290250,266.3923829456834,-29.0473984839882,359.8993266360092,-0.0485437170016674,0.86071205496565,0.87445346658339,-0.11992504684572,1.1398237721959e-15,X,0.0016701439599415815,stellar
2CXO J125053.1+410714,192.72154591204375,41.12072020918351,123.36165086586784,76.00707185285412,0.084946908182386,0.28981886321049,-0.21111805121799,4.8462223666601e-14,Rad,0.7413512033244757,AGN
2CXO J133700.3-295153,204.25156029235492,-29.864902865302398,314.5815174230088,31.97394744707065,-0.5683947532792,-0.48219862585884,-0.11492816989382,1.072636679103e-14,Cl*,0.15584984572086225,stellar
2CXO J053501.9-063012,83.75808121310803,-6.50356802845344,210.03855069039844,-19.93862685460409,-0.81948782011243,-0.44347282948157,-0.58713304184884,5.9727431773624e-14,Or*,0.016208664414986487,stellar
2CXO J130527.4-492930,196.36437387659737,-49.49192093514445,305.2706399587611,13.316153549409933,0.60587133041849,0.25608994378513,0.41099312929419,1.2459582616899998e-14,X,0.13262805211683512,stellar
2CXO J174533.6-285904,266.390281887112,-28.9847362389996,359.9518500441984,-0.0143205483194784,0.93066833229232,0.99937539038101,-0.66708307307933,2.5452724944679003e-15,X,8.67299399770309e-05,stellar
2CXO J174534.4-285906,266.39347523414494,-28.98527377585645,359.95284695863177,-0.0169847592236804,0.99937539038101,0.99937539038101,-0.99937539038101,1.8233686871726e-15,X,0.0014304727227497536,stellar
2CXO J225629.5+624528,344.1234141647899,62.75795665503516,110.20344113572736,2.761976235115882,-0.30730793254216,-0.14865708931918,-0.16489693941287,5.4105731345739e-14,Or*,0.020966475666092145,stellar
2CXO J033219.3-275406,53.0808110721091,-27.901771235394044,223.72411326677437,-54.48256466331274,-0.32354778263585,-0.14241099312929,-0.18613366645846,3.7248351068335e-16,Rad,0.7769283543329008,AGN
2CXO J054617.7-000014,86.57379956257671,-0.0039866341281962,205.34755955711276,-14.454329949619732,0.6158650843223,-0.018738288569644,0.62710805746408,1.0551918773658e-14,SFR,0.08742257465633965,stellar
2CXO J104415.4-593224,161.06445036056243,-59.54009644875902,287.4397153388172,-0.549315245594232,-0.13741411617739,-0.11492816989382,-0.021236727045597,2.8189826689628e-14,X,0.02508820339348127,stellar
2CXO J004703.8+420452,11.766198199132589,42.08124226211219,122.0640434958961,-20.78313594938489,-0.15865084322299,0.026233603997502,-0.18363522798251,7.5469382083172e-14,XB?,0.8879433288486591,AGN
2CXO J174541.7-285554,266.4238285208903,-28.931976177314024,0.0121762854769006,-0.0118854234427095,0.95190505933791,0.95065584009994,-0.042473454091193,8.318481457974401e-15,X,0.005226507654922279,stellar
2CXO J174529.5-290257,266.37315691629385,-29.049254916434982,359.88898233644744,-0.035166977485374,0.97064334790756,0.97189256714553,-0.056214865708932,6.9260243066098005e-15,X,0.0008368178967175415,stellar
2CXO J182022.9-161152,275.0955598648211,-16.197988627682626,15.02664852649485,-0.6728303025165887,0.53216739537789,-0.092442223610244,0.59712679575265,2.6476210000091e-15,IR,0.003968666373477161,stellar
2CXO J053509.5-052822,83.78998749509037,-5.473059648283527,209.0759286129326,-19.44715297534816,0.65833853841349,0.52966895690194,0.16739537788882,3.3277449766922003e-15,Or*,0.1087559017550581,stellar
2CXO J032810.9+311353,52.04587212827778,31.23148036850551,158.2104983811196,-20.697188762006487,-0.87195502810743,-0.48844472204872,-0.62585883822611,2.3986178282479e-14,X,0.06701681793145756,stellar
2CXO J164019.4+535650,250.08096832353624,53.94730904096328,82.18104858471996,40.709556005592304,-0.26983135540287,0.048719550281074,-0.31230480949407,1.4258310182205998e-13,Rad,0.9982581499002424,AGN
2CXO J043008.7+351437,67.53640230466664,35.243746413440284,165.36548701424422,-9.040390391553046,0.85071830106184,0.48469706433479,0.60712054965646,2.0833509306091e-14,Or*,0.09287347968318949,stellar
2CXO J141902.0+525115,214.7584490747579,52.85421627065392,96.54394379731754,59.55343640743034,-0.34603372891943,-0.0037476577139288,-0.34103685196752,5.9174340930557005e-15,X,0.8391205654450582,AGN
2CXO J002222.8+001050,5.595338274262815,0.1807547179049194,107.40567513305923,-61.81194035218071,-0.12742036227358,0.043722673329169,-0.16989381636477,4.6174647934556e-14,X,0.9248303406012947,AGN
2CXO J103621.3-581519,159.0891013609296,-58.25555048146841,285.92670088917254,0.0844352538791746,0.99937539038101,0.64834478450968,0.99937539038101,6.397814745232e-14,X,0.0018818576780042357,stellar
2CXO J001831.3+162042,4.630532199597724,16.345085703657737,111.57026516886214,-45.79926609861921,-0.14990630855715,-0.0049968769519051,-0.14490943160525,4.2274534004285e-14,Rad,0.8512325404691964,AGN
2CXO J234312.6+001711,355.8023827659332,0.2867300801638408,89.26549512490864,-58.05404164078056,-0.086196127420362,0.016239850093691,-0.10118675827608,2.1429626887609e-14,X,0.7925790821903143,AGN
2CXO J053523.1-052615,83.84628989981076,-5.437559581662717,209.06921474171932,-19.38111155700892,-0.82448469706433,-0.23110555902561,-0.71705184259838,9.780716773481001e-16,Or*,0.0250274610765023,stellar
2CXO J053120.2-705541,82.83417757565377,-70.92808107014969,281.6982550576425,-32.041763411618504,-0.1524047470331,-0.051217988757027,-0.099937539038101,3.0017962372709e-14,Y*?,0.5578510251092531,AGN
2CXO J132524.4-430140,201.3518553001071,-43.02804034063154,309.5044446488613,19.4097769799792,-0.041224234853217,0.15115552779513,-0.19113054341037,8.6895772318517e-15,X,0.1388207199170798,stellar
2CXO J174536.1-285459,266.40064308933165,-28.916688669778445,0.0146529215280946,0.0134007517391763,0.95565271705184,0.99937539038101,-0.99937539038101,7.8132847361828e-15,smm,8.67299399770309e-05,stellar
2CXO J174531.4-285908,266.3808433215929,-28.98560509967413,359.9468055590523,-0.0077269733479196,0.87820112429731,0.99937539038101,-0.99937539038101,1.2134949243284001e-15,X,8.67299399770309e-05,stellar
2CXO J123636.8+622228,189.15356032078125,62.37442903073012,125.9026058459668,54.66823829753671,-0.1211742660837,0.11867582760775,-0.23610243597751,2.8354664370764e-15,X,0.9316874426605605,AGN
2CXO J145407.8+032155,223.5327450202905,3.365301241414222,359.2606260597277,52.27131315180475,-0.31730168644597,0.028732042473454,-0.3422860712055,5.4318574053665e-14,X,0.9893966516148638,AGN
2CXO J053517.4-052251,83.82283226032689,-5.3809067556635295,209.0044561375809,-19.37632055320562,0.99937539038101,0.99937539038101,0.55840099937539,2.3756030530032004e-16,Or*,0.04217202229993424,stellar
2CXO J032242.7-371216,50.67812110148594,-37.20456858999512,240.15550584824308,-56.68709009621144,-0.16364772017489,0.0012492192379763,-0.16489693941287,1.2857281298062e-14,GlC,0.7936649000378857,AGN
2CXO J013321.9+305521,23.341625589057852,30.92260523073281,133.43301088287097,-31.09274842181889,0.86570893191755,0.70580886945659,0.38725796377264,2.3850241011755e-14,X,0.7142545836344967,AGN
2CXO J174531.3-290131,266.3806759745248,-29.025365268459463,359.9127966748028,-0.0283252344719639,0.99937539038101,0.94066208619613,0.99937539038101,2.0807979935668e-15,X,0.0,stellar
2CXO J065931.5-040527,104.88160665981212,-4.091082842380552,217.49418753042744,-0.06917073811364,-0.02998126171143,-0.049968769519051,0.01998750780762,3.9639757875651e-14,Or*,0.009986682302958062,stellar
2CXO J011502.9-731016,18.76249957716732,-73.1713751456204,300.5657287453654,-43.84823129179336,0.51217988757027,0.28232354778264,0.26358525921299,3.9600921092652e-14,X,0.5395641807182411,AGN
2CXO J112324.0+013322,170.85012670434696,1.556358076297077,259.695727878243,56.84649434550049,-0.24984384759525,-0.017489069331668,-0.23360399750156,1.2350326469416e-14,X,0.8055956391481578,AGN
2CXO J053535.9-052033,83.89967889781485,-5.3427418511351386,209.0050708394744,-19.290821645663637,-0.092442223610244,-0.21111805121799,0.12367270455965,2.8816026720627e-15,Or*,0.00939228955782898,stellar
2CXO J053425.1-044511,83.60477111232348,-4.753069173556601,208.30712865106872,-19.28480091879084,-0.44597126795753,-0.079950031230481,-0.37476577139288,6.0703885656386e-14,Or*,0.07720176366051011,stellar
2CXO J112314.2+013333,170.8093982762225,1.5593859971926816,259.6333897515771,56.82404875626738,-0.21236727045597,-0.018738288569644,-0.19362898188632,1.4606827088699e-14,X,0.8485551175126657,AGN
2CXO J100717.6+124812,151.82335362571752,12.803585497629804,225.110241632931,49.08418437246981,-0.34478450968145,-0.084946908182386,-0.26608369768894,3.5247801744349e-14,X,0.9642883705928109,AGN
2CXO J132949.1+471256,202.45472756611457,47.215821154038565,104.89963091837488,68.54600607236318,0.99937539038101,0.96939412866958,-0.20612117426608,6.2638820879457004e-15,X,0.4498353332227436,stellar
2CXO J164003.9-490024,250.0162467553896,-49.00671555326296,336.39008632769526,-1.578569270755122,0.16989381636477,0.11242973141786,0.057464084946908,4.3082248291311e-14,Or*,0.005427551833535334,stellar
2CXO J155107.6-541926,237.7819388414016,-54.32387782972739,327.25176099940614,-0.1657162404742894,0.99937539038101,0.99063085571518,0.99937539038101,5.7393709762426e-14,X,0.012981401356074552,stellar
2CXO J153242.4+324616,233.1766258660166,32.77123540013232,52.126741063594125,54.82587650238531,-0.30480949406621,-0.049968769519051,-0.25733916302311,1.9223250882243e-14,X,0.9713059375258857,AGN
2CXO J174804.2-244624,267.0175691484152,-24.77350150544471,3.843001046299404,1.691731947444739,0.90443472829482,0.58088694565896,0.67207995003123,7.1810047260866e-15,X,0.0,stellar
2CXO J232741.3+233525,351.92241842801263,23.590478386403163,99.2443202538052,-35.39963248692109,-0.12367270455965,0.084946908182386,-0.20612117426608,3.1478411534317e-14,Cl*,0.8886750498362648,AGN
2CXO J174532.8-290237,266.3870468276823,-29.0438520817096,359.8999222690536,-0.0427140916677979,0.87695190505934,0.84572142410993,0.0049968769519051,1.1436664239694001e-15,X,0.0032211865602836103,stellar
2CXO J165445.2-415244,253.6885353160305,-41.87910273872072,343.4912495473429,1.0650410971277295,-0.61961274203623,-0.33354153653966,-0.35852592129919,1.3715311071613e-14,Y*?,0.0,stellar
2CXO J203924.7+421859,309.85324782137127,42.31649102322893,81.71569460174968,0.4742328664584779,-0.94815740162398,-0.62710805746409,-0.78700811992505,1.7257694251101e-14,X,0.0,stellar
2CXO J004710.2-252233,11.79281059111804,-25.376103023404315,94.0604830533826,-88.00373543026485,0.99937539038101,0.59337913803873,0.50218613366646,0.0,X,0.7331960907288166,AGN
2CXO J133816.2+043629,204.56746063641765,4.608063207366926,331.3661678027317,64.86208344813936,-0.36227357901312,0.033728919425359,-0.38975640224859,1.0213040135405e-14,X,0.7059148410375551,AGN
2CXO J174531.7-285822,266.382286856477,-28.97307952317561,359.9581534982969,-0.0022763773182975,0.35103060587133,0.35977514053716,-0.012492192379763,3.33675663671e-15,X,0.03747129781452044,stellar
2CXO J143842.1+341255,219.67562815134272,34.21536023238233,56.65381121554553,65.95333290867651,-0.027482823235478,-0.037476577139288,0.011242973141786,1.8085435592798e-14,X,0.7880855141192034,AGN
2CXO J124000.0-113708,190.0002085117885,-11.619124841369192,298.46415468910044,51.15338087871275,0.011242973141786,0.15990006246096,-0.14990630855715,2.4973454435626e-14,GlC,0.7083001524452155,AGN
2CXO J174547.6-290005,266.4486351973404,-29.00148521950027,359.9641412711451,-0.0666136842285514,0.99937539038101,0.91817613991255,0.99937539038101,3.8220534946955005e-15,cor,0.0,stellar
2CXO J004146.4-092932,10.443512525562312,-9.492390013445636,115.10769157916307,-72.21717109553282,0.031230480949407,0.21111805121799,-0.18113678950656,4.1258184926744e-14,X,0.8433612484426586,AGN
2CXO J084004.1+192450,130.01725293935874,19.41388964033979,206.1681273116771,32.32325040511909,-0.82073703935041,-0.45846346033729,-0.57713928794503,2.4004342779074e-14,Er*,0.04751870768625608,stellar
2CXO J004210.9+411248,10.545608831654649,41.213365849677125,121.05968142122155,-21.62473328508877,-0.28107432854466,-0.11742660836977,-0.1686445971268,1.5861883069763e-14,X,0.7878427937233156,AGN
2CXO J061627.3+221717,94.11375706504356,22.288060063358085,189.21924808165332,2.735522584719587,0.51093066833229,0.47470331043098,0.016239850093691,5.4090449332206e-14,X,0.05243764565816455,stellar
2CXO J013416.7+305101,23.56985761021696,30.850500228313877,133.67365663878002,-31.12608449755245,0.22236102435978,0.10118675827608,0.12367270455965,1.0536259052775e-14,X,0.333352550221241,stellar
2CXO J122428.3+071905,186.11828305832452,7.318258138452174,283.8081685622495,69.18277297655942,-0.65584009993754,-0.50843222985634,-0.20986883198001,2.9707237060316e-15,Gl?,0.4478559124676324,stellar
2CXO J123959.2-113828,189.9969539027641,-11.641201004339958,298.4615777392192,51.13113441621734,-0.0074953154278576,0.10493441599001,-0.11242973141786,2.0732356653766e-14,GlC,0.6912468760990451,AGN
2CXO J132955.4+471143,202.4810383863785,47.19542048079185,104.83229792978152,68.55738573697236,-0.94066208619613,-0.60712054965646,-0.76702061211743,1.9817832562138e-15,Cl*,0.0289311899789898,stellar
2CXO J203322.2+411744,308.3426814432671,41.29570619776268,80.2226370186311,0.7583738721119863,0.62710805746408,0.14865708931918,0.52467207995003,2.7751830224626e-14,Pu*,0.0033437797533766643,stellar
2CXO J032856.6+311835,52.236031944478384,31.309834204729142,158.29875779176427,-20.536774226501056,0.40099937539038,0.073703935040599,0.33728919425359,3.0865666232229e-14,Or*,0.34267998738306443,stellar
2CXO J174535.7-285811,266.39912304266466,-28.969865591392807,359.96857244036,-0.0131726126590204,0.99937539038101,0.9631480324797,0.22236102435978,5.5751902910953e-15,X,0.007351877044542023,stellar
2CXO J165346.9-414906,253.44539812965013,-41.8185016013115,343.4241253195849,1.243846075034391,-0.53966271080575,-0.24359775140537,-0.33728919425359,1.4396062224947e-14,Y*?,0.0,stellar
2CXO J004218.7+412927,10.578376212329772,41.49085427273615,121.09753069321243,-21.34839204471852,0.19862585883823,0.14865708931918,0.04996876951905,3.5276326343830997e-14,Rad,0.6992004878692765,AGN
2CXO J095413.9+690537,148.55796241105963,69.09361999478213,142.1505378748699,40.78720314713594,0.1261711430356,0.16239850093691,-0.043722673329169,1.2073429640078e-14,X,0.7877630906424706,AGN
2CXO J053515.7-052411,83.81569694636562,-5.403190376393785,209.02211788250943,-19.392735462156,-0.99937539038101,-0.99937539038101,-0.59337913803873,0.0,Y*?,0.05561271959758224,stellar
2CXO J132644.1-473231,201.68386697762253,-47.54203866653011,309.0837748850646,14.90764639017948,-0.35977514053716,-0.098688319800125,-0.26983135540287,9.323049514393501e-15,X,0.2984127848039491,stellar
2CXO J123646.2+130400,189.1927383458897,13.066741128361224,288.4990323033454,75.52590267108157,-0.10493441599001,0.17738913179263,-0.27607745159275,7.6839527699822e-14,X,0.9574730909202157,AGN
2CXO J203252.4+410527,308.218698181534,41.090900843686406,80.00248796083017,0.7115573311460162,0.69081823860087,0.31105559025609,0.46970643347908,1.9521943285637e-14,Y*?,0.0033446499769180433,stellar
2CXO J172444.6-341204,261.185994048414,-34.20138363526716,353.1682429791964,0.8902136496092181,0.54590880699563,0.21236727045596,0.3735165521549,3.5978513490424e-14,IR,0.020440678990876492,stellar
2CXO J174555.6-285406,266.481837099961,-28.901658331240096,0.0644985319737131,-0.039449521731955,0.99937539038101,0.82573391630231,0.99937539038101,8.4269694808751e-15,X,0.0,stellar
2CXO J053519.1-052035,83.82971696884283,-5.343269856333183,208.97216692357267,-19.35317845060925,0.28107432854466,-0.024984384759525,0.30106183635228,2.6180355726617e-15,Or*,0.04091904730448752,stellar
2CXO J123047.2+122253,187.6970213618196,12.381547718492032,283.7574201195947,74.47941441814143,0.094940662086196,0.4159900062461,-0.38226108682074,2.8298953959134e-15,GlC,0.2907531345240328,stellar
2CXO J102334.7+040915,155.8948195145647,4.154456048976511,239.42279836307551,47.925293932661226,-0.17489069331668,-0.11867582760775,-0.056214865708932,2.0191987113776e-14,X,0.6263696345304535,AGN
2CXO J053514.5-052903,83.81048887577253,-5.4843014455464445,209.09634350733984,-19.43402845712511,-0.90818238600874,-0.61961274203623,-0.63210493441599,2.7949113239339003e-15,Or*,0.02876245708375167,stellar
2CXO J101812.0+412421,154.55021070526982,41.4058246164671,178.37285402629982,55.62674975665136,-0.11617738913179,0.00999375390381,-0.1261711430356,5.7753466852456e-14,UX?,0.9048651769901255,AGN
2CXO J032220.9-512618,50.58728692501404,-51.4383029183718,263.9356993557388,-52.68750335267041,0.90068707058089,0.77326670830731,0.35977514053716,2.1573703828077e-13,X,0.9830817177581264,AGN
2CXO J135711.3-400234,209.2972638749187,-40.04295618466551,316.35946784498907,21.108222904838502,-0.88319800124922,-0.61836352279825,-0.58088694565896,5.376202687479e-14,Or*,0.22575960744442675,stellar
2CXO J020823.1+105952,32.096464298382784,10.997928614267463,151.56447133786747,-47.55047141941238,0.04996876951905,0.14116177389132,-0.092442223610244,9.0845645626056e-15,GlC,0.7399943875944137,AGN
2CXO J122601.4+333131,186.506060164194,33.52526265555812,161.9736733358626,81.57830587652965,-0.95190505933791,-0.82823235477826,-0.56964397251718,1.5653767037021998e-13,UX?,0.1556716019325152,stellar
2CXO J174546.6-290328,266.44452560717275,-29.057846720896777,359.9141530226959,-0.0928950563345495,0.84697064334791,0.91942535915053,-0.34478450968145,6.8496445092414e-15,X,0.0,stellar
2CXO J053517.1-044113,83.82171690242188,-4.687032215755731,208.34920708212675,-19.062251920876456,-0.86695815115553,-0.5471580262336,-0.60462211118051,3.1895890376113e-14,Or*,0.016073982417724442,stellar
2CXO J165909.5-532026,254.7898831763113,-53.34079081728452,334.96388634760353,-6.647307444552099,0.21111805121799,0.24359775140537,-0.036227357901312,2.3288502571501e-13,cm,0.309198509620681,stellar
2CXO J011409.8-723501,18.541000117021497,-72.58364322713619,300.5533814728061,-44.43950263657232,0.0,0.23860087445347,-0.24109931292942,3.7752377368114e-14,X,0.8014074014019427,AGN
2CXO J214258.8+660610,325.74497224301285,66.10283479006084,105.3970545743663,9.877375525701156,-0.17114303560275,-0.12742036227358,-0.044971892567146,7.0066065708656e-14,Rad,0.11077219713750955,stellar
2CXO J132957.5+471037,202.48957326712437,47.1770729546928,104.79735728440365,68.57178108825673,-0.9631480324797,-0.60587133041849,-0.84447220487196,1.801507349161e-15,MoC,0.03369669985477644,stellar
2CXO J150812.2-403502,227.0510170186028,-40.58409733573802,329.1816822206439,15.214657484261949,-0.67832604622111,-0.23985009369144,-0.52217364147408,7.1082004412365e-13,a2*,0.057850004301798534,stellar
2CXO J030101.2+602839,45.25524036396735,60.47760015851765,138.24528054217154,1.5173477841649876,0.29856339787633,0.038725796377264,0.26233603997502,3.0682109526085e-14,Y*?,0.0,stellar
2CXO J063349.2+174154,98.4551657603892,17.698578013283015,195.18887453585253,4.215755633156356,0.56589631480325,0.46595877576515,0.12866958151156,1.3948294897465e-14,X,0.10320835783591907,stellar
2CXO J230748.9-223953,346.95416457318083,-22.665022975854523,37.96979017706967,-66.12707380504324,0.9581511555278,0.99937539038101,-0.99937539038101,6.5032642218124e-14,X,0.8368360968765629,AGN
2CXO J122549.0+333201,186.454306012202,33.53378349225591,162.15177017393134,81.54294101464801,0.023735165521549,0.23735165521549,-0.21486570893192,8.955446490183e-14,X,0.7875887273874952,AGN
2CXO J033044.9+435821,52.68724128621011,43.97252979045327,150.84856798263937,-10.095612399756934,-0.45221736414741,-0.16239850093691,-0.30855715178014,1.9385427457216e-14,X,0.058054091901057384,stellar
2CXO J215509.3-092023,328.78910257318,-9.339872827293917,47.53700590560563,-44.827019491521895,-0.65334166146159,-0.17114303560275,-0.53591505309182,5.9940602309647e-14,X,0.581643686692844,AGN
2CXO J011306.3-722608,18.27644691561659,-72.43571069171415,300.6390350537799,-44.59594993361125,-0.041224234853217,0.0024984384759525,-0.042473454091193,2.9921516722385e-14,X,0.7031570239365766,AGN
2CXO J174538.3-285909,266.4099396928151,-28.98593845339317,359.9597839229704,-0.0296236715916689,0.87195502810743,0.88694565896315,-0.1524047470331,7.8739252507872e-16,X,0.0,stellar
2CXO J053454.8-054709,83.72873362560802,-5.785886735877361,209.34298278411663,-19.642705653251607,-0.88819487820112,-0.4684572142411,-0.70955652717052,1.7253730520103e-14,Or*,0.0006279416379039849,stellar
2CXO J165437.2-415306,253.65522164425715,-41.8850320739117,343.4710285600725,1.0805841524674482,-0.49344159900062,-0.30106183635228,-0.22485946283573,1.4790681528532e-14,Y*?,0.0025,stellar
2CXO J053504.4-051951,83.76831333739784,-5.331003297415204,208.9312386857697,-19.402143143760096,0.78201124297314,0.68831980012492,0.17988757026858,8.4153500234331e-15,X,0.12003085031464808,stellar
2CXO J123049.4+122239,187.70621533656757,12.37756066869691,283.7938989403343,74.47829482201303,0.99937539038101,0.99937539038101,-0.99937539038101,0.0,GlC,0.7870593692099821,AGN
2CXO J133000.6+471530,202.50254500952383,47.25843293041925,104.86587020650153,68.49388120544607,-0.45471580262336,-0.28607120549656,-0.19113054341037,4.7288521860188e-15,X,0.3042077854454083,stellar
2CXO J181920.9-204542,274.8371064471502,-20.761908604577787,10.884061321115915,-2.6077935397723424,0.99937539038101,0.95190505933791,0.80699562773267,7.7928087658253e-14,X,0.06672647430778651,stellar
2CXO J182524.7-114524,276.35317802040834,-11.756866019911255,19.521095609253816,0.333477099668608,0.94565896314803,0.67957526545909,0.7420362273579,6.9423874909978e-13,X,0.2525038117565705,stellar
2CXO J004157.4-092440,10.489277748483971,-9.411203750352955,115.28632695606566,-72.14206747861192,-0.13116801998751,0.087445346658338,-0.21611492816989,3.5913880699577e-14,X,0.9025145614625666,AGN
2CXO J174546.3-285830,266.44315756411174,-28.97508683728421,359.98418303743694,-0.0487766440049779,0.90568394753279,0.99937539038101,-0.99937539038101,1.7687295330466e-15,X,8.67299399770309e-05,stellar
2CXO J102400.8-574556,156.00354189962877,-57.765765742526575,284.27319739796513,-0.3365003439104633,0.99937539038101,0.087445346658338,0.99937539038101,3.6496589720065005e-15,Y*?,0.0008368178967175413,stellar
2CXO J123006.2+080203,187.5261397200861,8.034307361227665,287.1277416916753,70.24870096640788,-0.51717676452217,-0.066208619612742,-0.46346033728919,2.6982572121155e-14,X,0.7646070707412185,AGN
2CXO J225642.7+623747,344.1780629769328,62.629872634557415,110.17124483690525,2.6354862935415198,-0.24609618988132,-0.081199250468457,-0.16739537788882,3.7618912141875e-14,Or*,0.0035520016379458176,stellar
2CXO J113926.6-320107,174.86089683434307,-32.01862988616143,285.6012889331223,28.41874846470061,-0.99937539038101,-0.99937539038101,-0.68582136164897,1.5087056729231e-14,X,0.07529211188036838,stellar
2CXO J053537.6-051943,83.90672819367182,-5.328778214962799,208.9952433207996,-19.278243887667564,-0.6895690193629,-0.1211742660837,-0.59837601499063,1.6575444541824e-15,Or*,0.051083036913522936,stellar
2CXO J095514.3+691234,148.80891916987355,69.21002879205386,141.95692623338385,40.79360204034423,0.34103685196752,0.2998126171143,0.041224234853217,2.1249173617412998e-14,X,0.6943303357353328,AGN
2CXO J142513.4+352402,216.30577775121503,35.40091627689614,61.223762041359095,68.38762527950264,-0.42223610243598,-0.02998126171143,-0.38975640224859,2.344853975952e-14,X,0.9279799460381528,AGN
2CXO J203339.4+094933,308.4143606434768,9.826040655617843,54.182408937652745,-17.485841306234214,0.44097439100562,0.39350405996252,0.043722673329169,4.2701999698896996e-13,X,0.6041462251142534,AGN
2CXO J113222.5+274831,173.0938501859191,27.80865635799369,206.13767094672087,72.46830175795102,0.40849469081824,0.20612117426608,0.21361648969394,1.7863601450423e-14,Rad,0.3340059559920187,stellar
2CXO J174546.4-284904,266.4437238313419,-28.817910237198344,0.1186240945125583,0.0326502248298478,0.99937539038101,0.99937539038101,-0.99937539038101,1.1436607245821e-14,X,0.0036418283806182892,stellar
2CXO J004733.0-251716,11.887711062151595,-25.287967847009845,97.36580017482348,-87.96366020007957,0.99937539038101,0.99937539038101,-0.99937539038101,4.8734162225552996e-14,HII,0.6993446071468908,AGN
2CXO J053532.4-052821,83.88522604737932,-5.472812034974772,209.1211177847204,-19.36246954245951,0.99937539038101,0.54091193004372,0.99937539038101,6.089941961547e-15,X,0.022923916722003498,stellar
2CXO J124053.2-113404,190.22161735462717,-11.568054557326422,298.8038392606248,51.21910042226952,-0.043722673329169,0.044971892567145,-0.087445346658339,4.2748323703472e-14,X,0.7744500145992894,AGN
2CXO J004224.4+412401,10.602101556745254,41.40045812671086,121.11294282286804,-21.43939650429268,-0.12492192379763,-0.0087445346658339,-0.11617738913179,1.2920800101797e-14,XB?,0.7311185341199904,AGN
2CXO J162738.6-243839,246.91094489182444,-24.644261077917854,353.0692277649032,16.54374698564339,-0.016239850093691,-0.27982510930668,0.26608369768894,2.0305631904956998e-14,Or*,0.014902632623591315,stellar
2CXO J135756.0-400419,209.48359961663573,-40.07198332438527,316.4981344524856,21.041580069034964,-0.80574640849469,-0.53966271080575,-0.46720799500312,5.3174641857386e-14,Or*,0.17938280255337272,stellar
2CXO J091837.5+513930,139.6566192029229,51.65828393900976,166.15258650100543,43.49892165680129,-0.20362273579013,0.19862585883823,-0.38975640224859,5.4632411662740996e-14,X,0.937113995973653,AGN
2CXO J004052.0+414106,10.216648976036083,41.685398426303045,120.81605916656068,-21.1429150627606,-0.42848219862586,-0.12991880074953,-0.31105559025609,4.5333835535469e-14,X,0.7130014607141635,AGN
2CXO J063136.8+045104,97.90359682190478,4.8511728993429415,206.3514848919988,-2.180508709091928,-0.41848844472205,-0.16614615865084,-0.26983135540287,2.6077361967802e-14,Or*,0.01,stellar
2CXO J085103.8+114629,132.7658259040913,11.774971894038218,215.69420766877028,31.833179357857126,-0.49219237976265,-0.098688319800125,-0.41224234853217,4.4344098759999e-14,X,0.6611951659277773,AGN
2CXO J053455.8-054126,83.73255467931818,-5.6906429954074245,209.25454012720127,-19.59638489503314,-0.70455965021861,-0.316052467208,-0.47720174890693,1.0174926426049999e-14,Or*,0.004177976040142083,stellar
2CXO J122513.8+125243,186.3076325556317,12.878623382638576,278.35799364252,74.48623462375882,-0.38475952529669,-0.013741411617739,-0.36602123672705,4.2895115488157e-15,X,0.24412430556671091,stellar
2CXO J132727.4-473131,201.86436357449952,-47.52558292715308,309.2110216930899,14.90654155982402,-0.18988132417239,0.053716427232979,-0.23985009369144,1.5245029932121e-14,X,0.3953615958027,stellar
2CXO J042655.1+260531,66.72980061642602,26.091929480138624,171.82742023831133,-15.70742139448762,0.98563397876327,0.66708307307933,0.93191755153029,8.106207611374501e-15,X,0.1286068279910363,stellar
2CXO J165416.7-415119,253.5696505362728,-41.85535443784062,343.4539376590025,1.1487690130591754,-0.44597126795753,-0.082448469706433,-0.37476577139288,1.3970411450354e-14,X,0.0031357737181044866,stellar
2CXO J101531.4-575556,153.88120525744125,-57.93231013384611,283.4187487527932,-1.0936153240723898,-0.88694565896315,-0.52467207995003,-0.67582760774516,9.9621969366131e-14,Y*?,0.008775671833618999,stellar
2CXO J174621.3-285537,266.5889902491569,-28.927166909725106,0.0914936697900176,-0.1328282884288716,0.99937539038101,0.99937539038101,-0.99937539038101,4.5719098777004e-14,X,0.006535017816202488,stellar
2CXO J133008.7+470554,202.53635936193336,47.09857713031937,104.62975994589624,68.63039185962393,0.0024984384759525,0.16364772017489,-0.16239850093691,6.7146694561677e-15,X,0.17187265269508253,stellar
2CXO J165429.0-415049,253.62084032926828,-41.84703653421601,343.48442688722497,1.1243994228509402,-0.55090568394753,-0.36352279825109,-0.23110555902561,1.2700388516042e-14,Y*?,0.0,stellar
2CXO J004243.3+405351,10.680444756779764,40.89753337089333,121.15632238203376,-21.94416244990149,0.21361648969394,0.11742660836977,0.097439100562149,8.5477299091542e-15,X,0.536901871115052,AGN
2CXO J174534.9-290003,266.3956743430836,-29.00108977091684,359.9403504690247,-0.0268682487161698,0.61211742660837,0.6158650843223,-0.02998126171143,5.599728708099801e-16,X,0.006888819534663359,stellar
2CXO J053514.5-052407,83.81076647838364,-5.402224924519516,209.01885142296703,-19.39667664624238,0.99937539038101,0.98188632104934,-0.74453466583385,4.0639391753712005e-15,X,0.03554195617223446,stellar
2CXO J122017.1+290351,185.0713601732564,29.06391716350181,195.3845688669725,82.86388392944579,0.65334166146159,0.30231105559026,0.42348532167395,4.1153797303257997e-14,X,0.4738024245110813,stellar
2CXO J122240.6+295719,185.6693250079529,29.955308274199243,187.12985701256036,83.08183777976754,-0.33104309806371,0.16239850093691,-0.46470955652717,4.5778687946211997e-14,X,0.7956393798458898,AGN
2CXO J183113.2-020351,277.8052850698164,-2.064405793603993,28.783297360844653,3.5505642629726166,0.99937539038101,-0.049968769519051,0.99937539038101,3.4909234810896e-15,Y*?,0.031062412938440715,stellar
2CXO J123018.0+121922,187.5752593347886,12.323016865101188,283.4007240024532,74.3877035074656,-0.58588382261087,-0.21736414740787,-0.420986883198,4.2366912851003e-14,Gl?,0.9530658563850413,AGN
2CXO J182957.6+011053,277.4902757528637,1.181452543350744,31.5330043541233,5.316833117858883,-0.85696439725172,-0.420986883198,-0.67707682698314,1.7625933591057e-14,Or*,0.0017889067667828731,stellar
2CXO J100505.7-074141,151.27376518858932,-7.694869582104034,247.7318171450909,36.77179309286727,-0.3472829481574,-0.15365396627108,-0.20487195502811,1.1730570585161e-15,GlC,0.23069860866906303,stellar
2CXO J132511.2-430755,201.29681167026604,-43.1320989223462,309.44692786562143,19.31230932065241,0.059962523422861,0.23485321673954,-0.17863835103061,1.1569191603898e-14,X,0.07166128620497945,stellar
2CXO J053506.5-052501,83.77728972959903,-5.4171201492827645,209.01695558269617,-19.43313761983128,0.93316677076827,0.4422236102436,0.83198001249219,2.9060391002449002e-15,Or*,0.01926768465330039,stellar
2CXO J132708.0-472333,201.7834097870333,-47.39275651547684,309.17468822862463,15.045849524117894,0.33354153653966,0.19737663960025,0.14241099312929,1.2510866226184e-14,X,0.33723326359188655,stellar
2CXO J144916.4-101601,222.31823059912315,-10.266921002020286,344.3113945954984,42.94074476178882,-0.16239850093691,0.046221111805122,-0.20612117426608,3.7949180602295996e-14,X,0.971951660653417,AGN
2CXO J160435.8+174317,241.1491630240612,17.721502160630163,31.474278363926757,44.65723436144676,-0.87695190505934,-0.41349156777014,-0.72454715802623,3.6778924107295e-14,GrG,0.040113533367490656,stellar
2CXO J140319.0+541719,210.82920539880612,54.28878306110447,101.94597687035608,59.813161303931146,-0.91317926296065,0.66458463460337,-0.97688944409744,6.8684602827628e-15,X,0.286777887066263,stellar
2CXO J172440.1-341102,261.167445077395,-34.18413381685651,353.1738882290177,0.9125988484468835,0.19113054341037,0.10118675827608,0.084946908182386,4.8086212227793e-15,NIR,0.01063184847675962,stellar
2CXO J064113.3+093023,100.30583347465016,9.506586849317443,203.31046131918225,2.074681792908545,0.83947532792005,0.63335415365397,0.42848219862586,1.6545008934902e-14,LM*,0.0016701439599415815,stellar
2CXO J073725.6+654302,114.35681612814926,65.71737348706786,150.43970226431347,29.248171981970128,0.022485946283573,0.21111805121799,-0.19113054341037,3.1144462041176e-14,X,0.7154746817766464,AGN
2CXO J124007.0-113753,190.0292081231471,-11.631449350659004,298.5107060461242,51.143087007064246,0.24109931292942,0.26108682073704,-0.022485946283573,2.6122488902418e-14,GlC,0.7355381444077546,AGN
2CXO J074211.0+740534,115.54551823803156,74.09298420000685,140.819399248754,29.47812504345099,-0.17489069331668,-0.013741411617739,-0.16114928169894,1.4302851071001e-14,blu,0.8057328754932945,AGN
2CXO J060921.9+241849,92.34164725639933,24.313835013095936,186.6594263504409,2.27489727682592,-0.70580886945659,-0.40349781386633,-0.41973766396002,1.2383197538104e-14,SB*,0.002090733936817792,stellar
2CXO J163720.5+410625,249.33562296792104,41.107142333604095,65.12049064050842,42.07873805729063,-0.099937539038101,0.16489693941287,-0.25983760149906,4.0748990062706e-14,X,0.9871434376014184,AGN
2CXO J043143.9+181034,67.93329936304133,18.176224744550176,178.92034791930288,-19.990935685489777,0.82448469706433,0.54590880699563,0.50343535290443,1.3309981990898e-14,X,0.4195052725961318,stellar
2CXO J041841.5+283500,64.67296988915007,28.58347773786021,168.64027196763627,-15.366469987225315,0.99937539038101,0.87820112429731,0.99937539038101,4.4490772575179996e-13,X,0.1468003061087098,stellar
2CXO J124800.9-382122,192.0040522322577,-38.35626844889762,302.1946994683168,24.51058113482535,-0.27607745159275,-0.048719550281074,-0.22985633978763,7.2850217862539e-14,Rad,0.978687197811777,AGN
2CXO J174446.0-274732,266.1917343816008,-27.792406392829523,0.877860317658797,0.7568553230870271,-0.56589631480325,-0.27108057464085,-0.34603372891943,2.6530349215045e-13,SB*,0.009194737212709426,stellar
2CXO J053455.8-052338,83.73281649446932,-5.393961504177305,208.9738132214493,-19.46214971143704,0.99937539038101,0.93066833229232,0.99937539038101,6.6489127141813e-15,X,0.038556983886187356,stellar
2CXO J141733.8+523349,214.3908483912805,52.563689334466815,96.50185050303322,59.918891667851184,0.78326046221112,0.25234228607121,0.64334790755778,3.5972015690106e-15,GrG,0.5110535880395873,AGN
2CXO J124353.3+112415,190.97233540651663,11.404394700075615,296.13303753051696,74.17641141703288,-0.23110555902561,0.00999375390381,-0.23860087445347,3.5627353748034e-14,X,0.986568873152516,AGN
2CXO J090202.3-474719,135.50970821241208,-47.78882872649847,268.4767350890841,-0.8671869908691691,0.19113054341037,0.031230480949407,0.16114928169894,3.9303210037785e-14,RNe,0.003506258607935533,stellar
2CXO J142658.0+351638,216.74164573158575,35.277533048377144,60.645870544121166,68.07823842864066,-0.30980637101811,0.12492192379763,-0.41848844472205,4.3890512730893e-14,X,0.9892016806668793,AGN
2CXO J132523.0-430134,201.3460986675227,-43.02619387371925,309.50029898521154,19.41219167905585,-0.18113678950656,-0.13616489693941,-0.046221111805122,8.8522314875234e-15,X,0.035900125562379225,stellar
2CXO J085936.1-472557,134.90067186468764,-47.432671403638864,267.93819325768635,-0.9411735158905126,0.29856339787633,0.19612742036227,0.094940662086196,2.2413834525979e-15,X,0.027779917243938752,stellar
2CXO J141950.8+524627,214.9616280716693,52.77421951820999,96.25765493599948,59.53292051371255,0.2423485321674,0.45221736414741,-0.2423485321674,5.456113526985e-15,X,0.8079049109206866,AGN
2CXO J124342.9+113355,190.92907122886996,11.565506756889972,295.91287676238767,74.33192760701677,-0.082448469706433,0.13366645846346,-0.21361648969394,6.435427102424e-15,GlC,0.10340312609396606,stellar
2CXO J053513.8-045803,83.80769019593197,-4.967701982120997,208.60701192521825,-19.202420149230555,0.61711430356027,0.44472204871955,0.20487195502811,5.6745385885703e-14,X,0.1757418903441857,stellar
2CXO J095617.0+685820,149.07094381878494,68.97236258122962,142.14235527752123,41.007110002256574,0.99937539038101,-0.024984384759525,0.99937539038101,0.0,X,0.4068279601650503,stellar
2CXO J174539.2-290226,266.41372513048987,-29.040646428707426,359.9148115232603,-0.0609510691599854,0.99937539038101,0.96564647095565,0.99937539038101,3.3716618369281e-15,X,0.0,stellar
2CXO J113216.2-195520,173.06784511326157,-19.92236827066188,278.6804380950371,39.192412769489714,-0.094940662086196,0.22361024359775,-0.31730168644597,4.7014306840178996e-14,X,0.9653275475850163,AGN
2CXO J053510.1-052020,83.79246482877238,-5.3391616843292935,208.9504903754961,-19.384393554479093,-0.63835103060587,-0.44846970643348,-0.25234228607121,8.707173019430301e-16,Or*,0.0057633794602365476,stellar
2CXO J174556.3-285053,266.4848106088606,-28.848351818274743,0.1113712443262332,-0.0139286754542324,0.66208619612742,-0.1211742660837,0.72829481574016,,X,0.0292973395680089,stellar
2CXO J174532.5-285907,266.3857109129175,-28.985578781881063,359.94904717008217,-0.0113471189192392,0.99937539038101,0.99937539038101,0.23235477826359,2.1805786675576e-15,X,0.009357755830132911,stellar
2CXO J021705.4-045654,34.2725368888872,-4.948356658370436,169.34976471108266,-59.85970923971084,-0.25359150530918,0.062460961898813,-0.31105559025609,3.9266033133084e-14,X,0.992517393736484,AGN
2CXO J120650.5+650247,181.7107425588208,65.04666395041733,130.44921414418076,51.42577220206351,-0.26233603997502,-0.047470331043098,-0.21736414740787,4.6057289608174e-14,X,0.9821227040516068,AGN
2CXO J174531.0-290219,266.3795624989633,-29.038711567592067,359.900899119943,-0.0344505721442883,0.99937539038101,0.93066833229232,0.83947532792005,4.2997062295726e-15,X,0.0061746712836427435,stellar
2CXO J233201.6+001015,353.00702253183294,0.1710182989162365,84.73113259224371,-56.6920882546001,-0.33853841349157,-0.11992504684572,-0.22485946283573,3.7574957831494e-14,Opt,0.9935520016379459,AGN
2CXO J053458.1-052847,83.74250401971165,-5.48004669259831,209.05988085433256,-19.492474520761,-0.24859462835728,-0.08369768894441,-0.14990630855715,1.1705275632978e-15,Or*,0.11111136316507655,stellar
2CXO J004212.0+405336,10.550386356275112,40.89354109076248,121.0502444743644,-21.94445826968189,-0.02998126171143,0.18613366645846,-0.21486570893192,2.6734498816931e-14,EmO,0.6265572983474739,AGN
2CXO J203151.8+413118,307.96596531377463,41.52191138250603,80.2369668663448,1.1200259638092698,0.97564022485946,0.79075577763898,0.789506558401,1.0371792926941e-13,X,0.0060554934714393185,stellar
2CXO J015021.3-100530,27.588836995746878,-10.09188513092466,164.9096428449347,-68.02149889127136,-0.67582760774516,-0.38725796377264,-0.38850718301062,7.7296983969661e-14,ClG,0.7184299309290272,AGN
2CXO J013334.1+303714,23.39217686766557,30.6208059926087,133.54988630979898,-31.380815974699026,0.28482198625859,0.12242348532167,0.16614615865084,5.4617627186494e-15,X,0.28881385540151994,stellar
2CXO J052251.0+332542,80.71270356559398,33.42855731980228,173.58493299015106,-1.6507006827028738,-0.17489069331668,-0.19237976264834,0.01998750780762,5.207876334847e-15,TT?,0.002507832080200502,stellar
2CXO J045619.5-662631,74.08133398238374,-66.4418910689221,277.237294902321,-36.102057060468255,0.22860712054966,0.19737663960025,0.031230480949407,7.956546169043601e-15,X,0.7691999435181137,AGN
2CXO J234014.7-122303,355.0613781885463,-12.38438067094874,70.92346251552058,-67.73919439840427,-0.39225484072455,0.0062460961898814,-0.39725171767645,9.5715107494765e-14,blu,0.9991701439599416,AGN
2CXO J133750.3-295642,204.45970773311612,-29.94522294411372,314.7696191290901,31.857696183883625,0.021236727045596,0.22735790131168,-0.20612117426608,4.4170447525532e-14,X,0.5881677946814967,AGN
2CXO J142633.7+563759,216.640795908516,56.63306247174928,99.58377674996828,55.97076478093194,0.27482823235478,0.0037476577139288,0.27108057464085,2.4306954041163e-13,Rad,0.7662124894143002,AGN
2CXO J122038.4+334725,185.1600766382178,33.79048130671754,165.92465330938003,80.60244113217348,-0.33104309806371,0.033728919425359,-0.35727670206121,3.7175459218079e-13,X,0.992726052436743,AGN
2CXO J165418.5-414852,253.57743082176967,-41.81458828818245,343.48924903721627,1.1699609801105006,-0.39350405996252,-0.089943785134291,-0.31355402873204,1.5162706880892e-14,Y*?,0.004590733936817792,stellar
2CXO J094350.0-201932,145.9587399128635,-20.32577286291457,254.221219225017,24.32067577293731,-0.1261711430356,0.064959400374766,-0.19113054341037,3.1198578382360996e-13,GrG,0.9466190093818573,AGN
2CXO J174537.8-285908,266.407723497068,-28.98586547763136,359.95883620161226,-0.0279309542746219,0.99937539038101,0.99937539038101,-0.99937539038101,5.7002522068358e-15,X,0.0049785491193507034,stellar
2CXO J045629.7-662702,74.12396549332266,-66.45068029962992,277.24231086705163,-36.08332087955211,0.098688319800125,-0.0062460961898814,0.10493441599001,1.0918873884371e-14,X,0.6558334836728996,AGN
2CXO J113933.6-304000,174.89040549265758,-30.66685543105458,285.1424430584303,29.70990645387061,-0.82823235477826,-0.46346033728919,-0.58838226108682,5.1725022026687e-14,Y*?,0.1147715297545991,stellar
2CXO J231956.8+003112,349.986703369089,0.5202115730633075,80.70194740598258,-54.66997733095521,0.046221111805122,0.33603997501562,-0.29606495940037,3.5112457969038e-14,Opt,0.8246924316336656,AGN
2CXO J053535.0-053035,83.89598235648964,-5.509901535066832,209.1613182712247,-19.369673361849305,0.99937539038101,0.66083697688944,0.99937539038101,6.9549823351799996e-15,X,0.0010807181814679956,stellar
2CXO J112016.2+133527,170.06769305817977,13.59084780581477,240.8447182968208,64.77910976044313,0.85196752029981,0.3947532792005,0.68582136164897,3.8828914372992997e-14,X,0.5532421125874106,AGN
2CXO J063207.3+045816,98.03053953878486,4.971200486914755,206.3032677884831,-2.0129342905563883,-0.85821361648969,-0.29856339787633,-0.74953154278576,2.3279725654466e-14,SB*,0.007722582413577412,stellar
2CXO J132533.6-430313,201.39017431771344,-43.05363862260145,309.5300548686012,19.380518461276043,0.99937539038101,0.81324172392255,0.99937539038101,1.0326801114419e-14,X,0.00024390028475045427,stellar
2CXO J215632.0-044211,329.1333644844881,-4.703081227207522,53.27654731928519,-42.71666473671071,-0.43597751405372,-0.13866333541537,-0.31480324797002,4.3785636697424e-14,blu,0.9639861317417158,AGN
2CXO J034619.4+235629,56.58116087979869,23.94147936405361,166.57468222869971,-23.754527828232984,0.043722673329169,0.12242348532167,-0.082448469706433,3.0719195944216e-15,X,0.5335059630508863,AGN
2CXO J174545.3-285521,266.4389467684731,-28.92280205314185,0.0268995640480597,-0.0184027339379671,0.97938788257339,0.99937539038101,-0.35852592129919,8.3834194728515e-15,X,0.0025,stellar
2CXO J164039.9-485016,250.16623263729844,-48.83784812722967,336.5819164900586,-1.5403944473211622,-0.5421611492817,-0.28732042473454,-0.2998126171143,2.0325267525826e-14,Or*,0.001253916040100251,stellar
2CXO J034218.6-352240,55.57799621426216,-35.37777901522115,236.57224025560555,-52.85721172755589,-0.086196127420362,0.014990630855715,-0.099937539038101,2.8256442102679998e-14,Gl?,0.8118498771836815,AGN
2CXO J100320.7+684140,150.83654947624433,68.69446994428627,141.93963287270944,41.68568093295151,-0.35727670206121,-0.037476577139288,-0.32229856339788,2.1518923902326998e-14,EmO,0.942013115684306,AGN
2CXO J053501.6-052410,83.75672720691887,-5.402871645836727,208.99366110450848,-19.444950626712995,-0.82073703935041,-0.2998126171143,-0.67332916926921,1.4902626739445002e-15,Or*,0.0037643697302528743,stellar
2CXO J174518.6-290024,266.3277637529425,-29.006871168514035,359.9044525349712,0.0208011217896604,0.99937539038101,0.99937539038101,-0.42598376014991,1.2134935727359999e-14,X,0.0029240600000418325,stellar
2CXO J053506.2-052336,83.77626615575878,-5.393468781560065,208.9940993910753,-19.4233488969296,0.94815740162398,0.87570268582136,0.32979387882573,5.7954823236158e-15,X,0.16190562010773768,stellar
2CXO J122801.2+441055,187.0052747945688,44.18216589894656,136.85860487357812,72.30737524134666,0.49718925671455,0.36227357901312,0.15990006246096,2.0062636845313e-14,PaG,0.6864068788749143,AGN
2CXO J114405.3+195602,176.02241246729454,19.93387288229613,234.35891555967183,72.99143917920826,-0.069956277326671,0.074953154278576,-0.14366021236727,3.4975250546512e-14,X,0.8169194802380728,AGN
2CXO J014303.8+133955,25.766008239604105,13.665424539701691,141.60669112583753,-47.32570586905362,0.033728919425359,0.15740162398501,-0.12367270455965,2.9161608515477996e-14,X,0.7969125823721634,AGN
2CXO J061740.6+225208,94.41945109518264,22.869083188792654,188.84016224708623,3.25892249788647,0.35727670206121,0.7945034353529,-0.61711430356027,1.8594048645841999e-13,Y*?,0.11560461913993128,stellar
2CXO J174516.0-285757,266.31671915851086,-28.96598661700441,359.9342946897348,0.0503701820933447,-0.64334790755778,-0.31230480949407,-0.40099937539038,2.0302870753797e-15,X,0.0016701439599415815,stellar
2CXO J053414.1-053653,83.55908699548087,-5.614965123221586,209.1001152160062,-19.71629100027585,-0.91317926296065,-0.66958151155528,-0.5946283572767,3.4770140276197e-14,Or*,0.147996711883559,stellar
2CXO J140122.8+025446,210.34528937847165,2.912864075742861,340.5702568326224,60.56782569951071,-0.28607120549656,-0.051217988757027,-0.23610243597751,1.9369167925295e-14,X,0.9686763464515731,AGN
2CXO J174543.7-285836,266.4324376994622,-28.976887968674355,359.97776145438195,-0.0417088352707737,0.22985633978763,0.5209244222361,-0.33104309806371,1.2340680569403001e-15,X,0.005307995255756534,stellar
2CXO J181138.7-192425,272.911476555944,-19.40722918345574,11.214425129640697,-0.3724813244090159,-0.16739537788882,-0.084946908182386,-0.082448469706433,5.1470688466268004e-15,X,0.0,stellar
2CXO J013339.2+304049,23.41344656971637,30.68053676508544,133.5575822912794,-31.31869198232119,0.037476577139288,0.25608994378513,-0.22236102435978,7.1282235512195e-15,X,0.5011131770689897,AGN
2CXO J045701.7-045116,74.25733712078079,-4.85450151440371,203.69985426375263,-27.58854387230665,0.0024984384759525,-0.037476577139288,0.039975015615241,3.4135064001236e-14,X,0.5969261065300635,AGN
2CXO J013407.8+303554,23.53259586458944,30.598366880991318,133.69385754397817,-31.37965697964831,-0.11492816989382,0.091193004372267,-0.20362273579013,9.8559138519504e-15,X,0.5110320096540689,AGN
2CXO J132513.8-425330,201.3076799565174,-42.89182291975983,309.4905773067151,19.549166436689603,-0.21361648969394,-0.028732042473454,-0.18613366645846,3.0897670149815e-14,X,0.1732654037086377,stellar
2CXO J124337.9+113312,190.9080305813885,11.553426530781012,295.84204555025485,74.31762301056055,-0.11867582760775,0.52467207995003,-0.62585883822611,9.0309859989152e-16,Gl?,0.3244605540144436,stellar
2CXO J225723.8-410255,344.3494339980102,-41.04876747034071,354.8292143772333,-62.77766007421391,0.13616489693941,0.012492192379763,0.12242348532167,3.3456121340280997e-14,Cl*,0.7695477474046559,AGN
2CXO J055237.9+323415,88.15822506876498,32.570958492643484,177.65580052899548,3.160763426284135,-0.79700187382886,-0.40474703310431,-0.57214241099313,2.9094221388717e-15,LM*,0.0012558832758079697,stellar
2CXO J165413.7-415302,253.5574513718229,-41.88401376784552,343.42595715353,1.1377560899705943,-0.41224234853217,-0.12866958151156,-0.29856339787633,1.7858490702489e-14,Y*?,0.0075,stellar
2CXO J111818.2-324852,169.57594475159465,-32.81470875130129,281.2206537718788,26.10051217141078,0.50468457214241,0.3735165521549,0.15990006246096,9.3698424359315e-14,X,0.5317679981841195,AGN
2CXO J162227.7-500052,245.6157983391314,-50.0145546628079,333.6991171806713,-0.18683273689786,0.90818238600874,0.57589006870706,0.68707058088695,7.4498365271408e-14,LP?,0.012309824516901702,stellar
2CXO J174528.5-285605,266.3691827904356,-28.934796447174723,359.98484801673555,0.0274636609116472,0.94316052467208,0.90443472829482,0.21111805121799,5.0146156898535e-15,Rad,0.005133556743700915,stellar
2CXO J141530.1+360932,213.87535150028907,36.15911130246512,65.00665561283272,70.01902364746691,0.93816364772017,0.87070580886946,0.30855715178014,1.4999249752366e-14,X,0.7751574457987245,AGN
2CXO J095524.1+691450,148.8501531838192,69.24749952327045,141.90535483801918,40.78394234428291,0.99937539038101,0.80699562773267,0.99937539038101,3.5585141997256e-14,X,0.4371335371569859,stellar
2CXO J174537.3-285908,266.4056963204073,-28.9856406785036,359.95810418305166,-0.0263002765855151,0.99937539038101,0.99937539038101,-0.20612117426608,3.48187440474e-16,X,0.0,stellar
2CXO J032448.6-030231,51.20279949087484,-3.0421708593823844,186.35606916580304,-46.15696408488765,-0.53716427232979,0.17863835103061,-0.65334166146159,4.7354112621312e-13,GrG,0.7841231085936399,AGN
2CXO J122549.7+181513,186.4573039578788,18.253645896910747,267.9919024524352,79.34471212017179,-0.25733916302311,0.014990630855715,-0.2685821361649,4.6243223251109e-14,X,0.990226194374666,AGN
2CXO J053502.3-044916,83.75994573240189,-4.82118778180727,208.44594129064143,-19.178155513512674,-0.78450968144909,-0.43098063710181,-0.53091817613991,3.1511245749411e-14,Or*,0.0018818576780042357,stellar
2CXO J053525.3-052345,83.85579512315303,-5.396059285772477,209.03451446754704,-19.353906176942843,-0.8369768894441,-0.47970018738289,-0.58088694565896,1.0439881532778e-15,Y*?,0.004427817044500192,stellar
2CXO J053517.7-052230,83.82396312143578,-5.375257995346681,208.9996559548243,-19.37276103648619,0.59088069956277,0.19862585883823,0.43347907557776,2.4174889668009998e-15,Y*?,0.027944051412378816,stellar
2CXO J140639.5+341229,211.66478565555892,34.20807820888623,61.20521104933346,72.38020388516793,-0.32979387882573,0.09369144284822,-0.40974391005621,6.5383893407391006e-15,X,0.2611189952555632,stellar
2CXO J191832.7+183130,289.6363597181371,18.524998088504866,52.45144942255499,2.596076415382776,-0.27108057464085,0.02998126171143,-0.29731417863835,2.3306279693365997e-13,Y*?,0.01669539158695383,stellar
2CXO J123741.2+264227,189.4216498703454,26.70766903391313,219.96372746832577,86.90602807185735,-0.75827607745159,-0.14490943160525,-0.68707058088695,5.8015878229957e-14,PoG,0.5814406980101107,AGN
2CXO J205057.4+442445,312.73945088781363,44.41263500434412,84.66203955611243,0.1371451532889221,0.077451592754528,0.10618363522798,-0.02998126171143,3.0721143883211e-14,Or*,0.008854122819138999,stellar
2CXO J131203.5-012425,198.01491287353892,-1.4070556740029097,313.62226417685395,61.03593749648788,-0.21736414740787,0.067457838850718,-0.27982510930668,2.1981907410253e-14,X,0.9747144362664428,AGN
2CXO J132934.9+470934,202.39538616296147,47.159620133180624,104.9382780236712,68.61372402934728,0.31105559025609,0.19737663960025,0.11617738913179,3.6867858669778e-15,X,0.2063756718888943,stellar
2CXO J084923.9-453639,132.3496881992172,-45.61099903096673,265.4139903071629,-1.1101003949258854,-0.83822610868207,-0.40349781386633,-0.65459088069956,1.8355918350389e-14,Y*?,0.004288906766782873,stellar
2CXO J234349.4-151706,355.9560101048412,-15.285011267978655,66.51551412225926,-70.32573726419919,-0.99937539038101,0.43222985633979,-0.91942535915053,0.0,Sy*,0.16612528247536396,stellar
2CXO J180415.6-242113,271.0650873910306,-24.35367664781629,6.058257362285356,-1.278177314561638,-0.24484697064335,-0.1474078700812,-0.10118675827608,1.4024880962759e-14,Or*,0.007096608011381145,stellar
2CXO J180947.8-233924,272.44910808225063,-23.656870651498405,7.282632357050001,-2.0437959809417388,0.26358525921299,0.17239225484072,0.092442223610244,8.1206794455845e-14,Or*,0.007090733936817793,stellar
2CXO J180421.0-242325,271.087905092602,-24.3903824458042,6.036458353074608,-1.3142930921843885,-0.33603997501562,-0.31355402873204,-0.023735165521549,2.638330587802e-14,Or*,0.0,stellar
2CXO J142454.8+353431,216.22836366020655,35.575326733080715,61.72637262827907,68.39942472121123,-0.12866958151156,0.21611492816989,-0.33479075577764,2.3020898587283e-14,X,0.8672422276745044,AGN
2CXO J143821.1+341726,219.5881385578748,34.290724536576654,56.86689071851725,66.01153730326511,-0.20861961274204,0.022485946283573,-0.22860712054966,1.2251487473403e-14,X,0.8898266324522837,AGN
2CXO J033311.3-361139,53.29714406256687,-36.19416369735104,238.05675332190177,-54.67934296580404,-0.31730168644597,0.31980012492192,-0.57713928794503,3.4491049090797e-14,err,0.7898984876997887,AGN
2CXO J234325.8+001022,355.85777772393635,0.1731219949643446,89.25057169738463,-58.18018924134157,0.054965646470956,0.29106808244847,-0.24359775140537,2.5924788689879998e-14,X,0.7880950796057946,AGN
2CXO J203211.7+412612,308.0489312980019,41.43671916184802,80.20512761558254,1.0194878810141303,0.032479700187383,0.076202373516552,-0.043722673329169,3.7258238543506e-15,Y*?,0.007105527873677417,stellar
2CXO J031930.6+413504,49.87786700395623,41.58447481286264,150.48791389723075,-13.230496170245496,0.046221111805122,0.11242973141786,-0.067457838850718,1.1495571687481e-14,X,0.26475930857398805,stellar
2CXO J213134.6+471503,322.8944066265834,47.25100522042999,91.56827133735857,-3.0813540197259206,0.38475952529669,0.23485321673954,0.16239850093691,3.2954927343869e-14,X,0.1181650320458521,stellar
2CXO J095628.0+690102,149.11708003268814,69.01726856499309,142.0811434804978,40.99462313025003,0.06371018113679,0.13616489693941,-0.074953154278576,1.2210015675815e-14,X,0.7767930550603077,AGN
2CXO J145249.3+425315,223.20577366157204,42.88776423517771,73.54076192446044,60.81697725976995,0.20861961274204,0.19113054341037,0.017489069331668,1.8554105959115e-13,X,0.7957086472562565,AGN
2CXO J114849.3-192852,177.2056073708451,-19.48099339140845,283.2393386613768,40.98411313091712,0.60337289194254,0.23360399750156,0.42848219862586,1.6075137463490998e-13,gB,0.794240210261892,AGN
2CXO J183750.4-064856,279.46024125598296,-6.815642406425467,25.319855390190558,-0.0983594079691114,0.95440349781387,0.9893816364772,-0.72579637726421,1.0411034613281e-13,Rad,0.007090733936817793,stellar
2CXO J182031.7-161035,275.132345155391,-16.176621385539033,15.062147856439816,-0.6939141740020843,0.99937539038101,0.65459088069956,0.99937539038101,2.102888079021e-14,X,0.0037539160401002507,stellar
2CXO J141825.5+522349,214.6063107814482,52.39710921292975,96.0860671709529,59.95876361578175,-0.11367895065584,0.14366021236727,-0.25234228607121,1.1754092624007999e-14,X,0.9164368093271438,AGN
2CXO J174547.9-290305,266.4498692586901,-29.051648860161347,359.9218767001748,-0.0936555920007908,0.99937539038101,0.98313554028732,0.48469706433479,6.1643850591859e-15,X,0.005014793936859625,stellar
2CXO J191910.7+413845,289.7946244724608,41.645949181249954,73.38757594712196,12.868259840582262,0.2948157401624,0.22985633978763,0.064959400374766,6.7594863902762e-14,Rad,0.35423120956062215,stellar
2CXO J044008.0+260525,70.03342781505506,26.090353539759512,173.82824774017774,-13.45941054443279,0.79575265459088,0.39850093691443,0.57963772642099,1.5661297901181e-13,Or*,0.056157145981950846,stellar
2CXO J174555.8-284914,266.48281406483136,-28.82076179731525,0.134019648879185,0.0019243385511823,0.99937539038101,0.93566520924422,0.99937539038101,2.9579862851113e-14,X,0.007775088631370356,stellar
2CXO J205646.6+434602,314.19452469463954,43.767255196692695,84.8394928296973,-1.0782558394105926,-0.50093691442848,-0.28607120549656,-0.24859462835728,4.1500444837218e-14,Or*,0.0054240600000418325,stellar
2CXO J181140.7-192156,272.91979460320704,-19.365717245331243,11.254592149442551,-0.3593861462849151,-0.75452841973766,-0.44347282948157,-0.46346033728919,7.2423036669758e-15,X,0.002507832080200502,stellar
2CXO J110441.4-584352,166.1726001981026,-58.73131706674939,289.4478346607248,1.3174432716503488,0.60087445346658,0.46470955652717,0.18113678950656,3.1186073412859e-14,X,0.006387472783801167,stellar
2CXO J182539.9-133129,276.4164900436956,-13.524881937889829,17.986424251591796,-0.546599410327828,0.99937539038101,0.85571517801374,0.99937539038101,1.6013453506024998e-13,X,0.09666879777108922,stellar
2CXO J123512.2+123235,188.80096048806763,12.543225073250936,287.5251967275682,74.92725521291757,-0.30480949406621,0.12492192379763,-0.41224234853217,2.6180520205936998e-14,X,0.7642335014102367,AGN
2CXO J125036.8+253028,192.65372014670012,25.507838625319163,296.39280771632417,88.3691255568546,-0.57838850718301,-0.11118051217989,-0.49843847595253,7.0386945547094e-14,UX?,0.7991856706505271,AGN
2CXO J013426.5+304446,23.61060248799606,30.746266499441877,133.7373824350921,-31.221566107474796,-0.26733291692692,0.087445346658338,-0.34603372891943,,X,0.717998379075018,AGN
2CXO J053529.8-052348,83.87445959339834,-5.396764464954239,209.0440876613876,-19.33765226458436,-0.34353529044347,-0.10993129294191,-0.23485321673954,1.1000428761502001e-15,Or*,0.06746793346560942,stellar
2CXO J192234.9+140341,290.64547110473575,14.061555619337232,48.96326555461312,-0.3534656985762075,0.91942535915053,0.40974391005621,0.81698938163648,1.0920714831956999e-13,LP?,0.006899830168101111,stellar
2CXO J030445.6-492134,46.190029997007855,-49.35956483303663,262.9781100616384,-56.131480283517256,-0.02998126171143,0.17489069331668,-0.20362273579013,1.0444292267949999e-13,Rad,0.8879849215205202,AGN
2CXO J095509.6+690743,148.79041137430698,69.12859341768315,142.04992262737775,40.83509093210336,-0.24609618988132,0.3997501561524,-0.59212991880075,0.0,X,0.8136988364276444,AGN
2CXO J132548.5-425740,201.45224752392028,-42.96136442233737,309.59145474466385,19.46550022617361,-0.37476577139288,-0.27108057464085,-0.11367895065584,7.7901449708163e-15,GlC,0.010218675574721775,stellar
2CXO J114812.1+525107,177.050762187719,52.852028091650425,143.24388730538212,61.711088267910974,-0.28107432854466,0.078700811992505,-0.35227982510931,2.5108580593211e-14,ClG,0.8797260011577785,AGN
2CXO J034409.1+320237,56.0383135545639,32.04379896034289,160.49974674861,-17.950103243527323,0.99937539038101,,,5.8333310195946e-15,Or*,0.20308165953022175,stellar
2CXO J164721.4-015521,251.8391811216096,-1.9225767269843304,15.75746896201344,26.301328083849448,-0.099937539038101,0.3472829481574,-0.43847595252967,9.148426428845201e-15,X,0.5305916599715845,AGN
2CXO J104340.3-593324,160.91823956538747,-59.556838458923714,287.3821695218897,-0.5989142486941288,-0.55215490318551,-0.65708931917552,0.20612117426608,1.0628560079076e-15,Y*?,0.0018818576780042357,stellar
2CXO J141516.0+361151,213.8167952835671,36.19774046885223,65.16189970553305,70.04929290746459,0.15740162398501,0.34353529044347,-0.19737663960025,4.0501020548831e-15,X,0.31760482961254716,stellar
2CXO J174538.5-285909,266.4105117415688,-28.985935364665583,359.96004726007726,-0.0300491788786176,0.3947532792005,0.737039350406,-0.49344159900062,8.879806395434199e-17,X,0.020237306143598147,stellar
2CXO J104631.8+631334,161.6328167066797,63.22618211789214,143.60454846836254,48.58415940238656,-0.41848844472205,-0.067457838850718,-0.35977514053716,6.7821706533854e-14,HII,0.9972980855978456,AGN
2CXO J182030.9-161121,275.12904512154364,-16.189366369668484,15.04941254001302,-0.6971257993343437,0.86071205496565,0.51342910680824,0.61211742660837,1.2263691384289e-14,Rad,0.002507832080200502,stellar
2CXO J111506.8-611547,168.77835624839986,-61.26328728322189,291.6180873928118,-0.5254602550981398,0.70081199250468,0.14241099312929,0.61461586508432,4.2781686160476e-15,IR,0.004177976040142083,stellar
2CXO J162743.6-243126,246.93168372811124,-24.524166633126985,353.17640687111145,16.608754228077476,0.99937539038101,0.94815740162398,0.99937539038101,5.9381672940484e-14,X,0.14580257712433053,stellar
2CXO J125311.9-091705,193.2996159949481,-9.2848573630348,303.6636489563551,53.58438889296208,0.027482823235478,0.20362273579013,-0.17613991255465,1.4637583195603e-14,X,0.6491403683162531,AGN
2CXO J034446.3+321116,56.19297523601796,32.187952588390935,160.5083724585897,-17.755494916543075,0.53341661461586,0.013741411617739,0.52342286071205,2.2125074663223998e-14,Or*,0.010410867060502378,stellar
2CXO J053512.3-052241,83.80143437797068,-5.378147331164822,208.99163052964877,-19.394071201748076,0.99937539038101,0.77451592754528,0.99937539038101,2.194296046113e-15,Y*?,0.006505648405051207,stellar
2CXO J153125.3+353340,232.8556446309599,35.56121793879144,56.98918467436874,55.06831167973768,-0.41224234853217,-0.09369144284822,-0.33104309806371,1.6720344299753e-14,ClG,0.8849446037477585,AGN
2CXO J053513.7-052147,83.80734765668404,-5.363319055976221,208.98043560154315,-19.38211198242006,0.99937539038101,0.99937539038101,-0.26358525921299,1.0782750435009e-15,X,0.062048629704411946,stellar
2CXO J104447.3-594353,161.1970780392537,-59.73145483838087,287.5885381178782,-0.6870362544156304,-0.95065584009994,-0.79075577763898,-0.64084946908182,1.7917092805504e-14,SB*,0.006055908476801451,stellar
2CXO J122548.3+130516,186.45126169264245,13.087973926499869,278.54759233420407,74.73298125110077,0.31355402873204,0.26483447845097,0.051217988757027,1.9871830975391998e-14,Rad,0.5405588633579903,AGN
2CXO J124338.7+113342,190.9113154727676,11.561828974334166,295.8503957218157,74.32633316188978,-0.058713304184885,0.12242348532167,-0.17988757026858,6.2749664402002004e-15,Gl?,0.14537892745479833,stellar
2CXO J053751.8-691142,84.46576798643565,-69.19532019589758,279.58559139059986,-31.735499226723988,0.99937539038101,0.55215490318551,0.99937539038101,2.1717678683633e-15,X,0.5268506815834145,AGN
2CXO J174525.7-290059,266.35743516559296,-29.016646950296348,359.90964270373206,-0.006437448272848,0.97439100562149,0.97688944409744,-0.11118051217989,5.3573835574128e-15,X,0.0,stellar
2CXO J174547.2-285916,266.446977843938,-28.98793915471424,359.9749510719415,-0.0583223852571954,0.99937539038101,0.99937539038101,0.09369144284822,6.8606016006822e-16,X,0.008605793084642275,stellar
2CXO J165355.7-415013,253.482279262522,-41.83696618050021,343.42715325329846,1.2108757529962428,-0.38475952529669,0.0012492192379763,-0.38351030605871,1.2140762677151e-14,Y*?,0.008768709976959877,stellar
2CXO J054638.3+000548,86.6597095537519,0.0968599619136159,205.29748679329725,-14.33104901801026,0.98063710181137,0.54341036851968,0.9369144284822,3.3005989969195e-14,Or*,0.21234410141686855,stellar
2CXO J132547.1-430243,201.4463921218786,-43.04533000573304,309.57441015223884,19.382976484016982,0.53216739537789,0.27982510930668,0.29606495940037,1.0297515639804e-14,X,0.08618673726350873,stellar
2CXO J064106.2+092940,100.2760946372802,9.494511472241127,203.3078099620526,2.043073279006103,0.18613366645846,0.0087445346658337,0.17489069331668,2.2777727497506003e-15,LM*,0.0021726549455034143,stellar
2CXO J034350.8+315420,55.961842495832514,31.905720259326557,160.54025571657365,-18.0977170452576,-0.8107432854466,-0.57464084946908,-0.42723297938788,1.1516341785332e-14,X,0.002507832080200502,stellar
2CXO J174030.5-534234,265.1270937536449,-53.70950561431859,338.1192759007699,-11.952297267286784,0.26733291692692,0.40224859462836,-0.1524047470331,6.1965518724618e-15,X,0.1481228632362869,stellar
2CXO J100158.0+554046,150.49192622745977,55.67960335574062,157.8099876310597,48.36042711285655,-0.1948782011243,-0.29606495940037,0.10868207370393,1.3767631588077e-14,X,0.3913324105136522,stellar
2CXO J123036.2+122532,187.65099355946109,12.42569998514523,283.5473730969714,74.5079954032145,0.061211742660837,0.20362273579013,-0.14490943160525,1.5683589634616e-14,X,0.23902632085713688,stellar
2CXO J131549.2+420145,198.9552802000934,42.02928601328761,105.99770283252889,74.28766810968207,-0.068707058088695,0.00999375390381,-0.078700811992505,4.8102396420517e-14,X,0.783857400651139,AGN
2CXO J043730.5+004308,69.37733537354757,0.7189364271871821,195.44777375185524,-29.027273946681795,0.072454715802623,0.10868207370393,-0.037476577139288,8.2607073422381e-14,X,0.613243666191633,AGN
2CXO J063148.2+045820,97.9512618820266,4.972259624279454,206.26588601027427,-2.082527762729508,-0.2261086820737,-0.066208619612742,-0.16239850093691,2.2749967270071e-14,Or*,0.001253916040100251,stellar
2CXO J174541.1-285902,266.4216298623037,-28.984152086237952,359.96663595721395,-0.0374217756050636,0.91442848219863,0.94066208619613,-0.29856339787633,1.0079171845664e-15,X,0.0,stellar
2CXO J074409.1+291451,116.0380156661464,29.24744926614479,190.88027995550547,23.56716706611329,0.34478450968145,0.7682698313554,-0.57838850718301,4.2224374166671e-13,HII,0.8009785327855681,AGN
2CXO J225653.5+623603,344.2233412164528,62.60099128113947,110.17774067240998,2.6004755015803864,-0.53341661461587,-0.5159275452842,-0.013741411617739,1.3167428474461e-14,Or*,0.0,stellar
2CXO J122945.7+080046,187.4404963005084,8.012853604266173,286.90041590482934,70.2070047012326,-0.21111805121799,0.57963772642099,-0.71455340412242,8.000263909949701e-16,GlC,0.40816441960732375,stellar
2CXO J175838.7-335659,269.66145207890713,-33.94999576239668,357.08893175836226,-4.938914748856362,0.30480949406621,0.27982510930668,0.023735165521549,6.5322768639024e-14,X,0.23850490215497777,stellar
2CXO J181828.7-165454,274.61957987570963,-16.915057958015122,14.179052163179358,-0.6094646117759163,0.96439725171768,0.81449094316052,0.68332292317302,4.4522370640793996e-14,Y*?,0.013146642413619245,stellar
2CXO J174429.5-291909,266.1230268957403,-29.31931378552822,359.5446352966903,0.0100597370290566,0.99937539038101,0.99937539038101,-0.99937539038101,7.7584109247671e-14,X,0.0009266446393900131,stellar
2CXO J132908.4+471156,202.28517545346187,47.19900108168627,105.1697610305814,68.60777606332047,-0.094940662086196,-0.0049968769519051,-0.086196127420362,1.7674660784697e-14,X,0.5845018887212067,AGN
2CXO J034344.6+320817,55.935853684779545,32.138186971301074,160.36615420759324,-17.933053019279605,-0.8682073703935,-0.473454091193,-0.66583385384135,3.1640013575286997e-14,Or*,0.0031357737181044866,stellar
2CXO J102402.4-574542,156.01013024882627,-57.76171741600593,284.27400822555285,-0.3312011129040951,0.48719550281074,0.15115552779513,0.35602748282324,5.4567328349519e-15,Y*?,0.00354807639660095,stellar
2CXO J215417.5-092107,328.57298227097783,-9.3522089769246,47.37549785766462,-44.64683568605949,-0.011242973141786,0.0062460961898814,-0.018738288569644,1.5136633559516998e-13,Rad,0.6509040053406077,AGN
2CXO J104918.8-250923,162.3282108010551,-25.156468759916827,270.86052358169326,30.00310832870142,-0.87820112429731,-0.33229231730169,-0.71955028107433,2.7677907018191e-14,Y*?,0.05571756631018444,stellar
2CXO J095454.5+694558,148.72717332884542,69.76640764993755,141.3807111627914,40.44850568735086,-0.013741411617739,0.069956277326671,-0.082448469706433,1.1167059924352e-14,X,0.7506728027213809,AGN
2CXO J174530.9-285644,266.3787993272937,-28.945771767002952,359.9798683464808,0.0145607935232937,0.99937539038101,0.99937539038101,-0.074953154278576,5.9332539898707e-15,X,0.0,stellar
2CXO J181121.1-192410,272.8380231670701,-19.40285607154713,11.184908865235576,-0.3096500592842719,0.95315427857589,0.88194878201124,0.43347907557776,1.4572917129365e-14,X,0.01650259449390341,stellar
2CXO J004820.2-733152,12.084557704240863,-73.53131472654817,303.23525047479137,-43.59511207746721,0.99937539038101,0.28607120549656,0.99937539038101,1.96589819992e-14,Sy*,0.7292309644359202,AGN
2CXO J122529.7+130116,186.3737812715453,13.02136174899157,278.3784813753791,74.64276068639434,-0.34353529044347,-0.082448469706433,-0.26733291692692,1.7414642009015e-14,X,0.7907132967187978,AGN
2CXO J085903.8-473105,134.76623379600898,-47.51794706350384,267.9430085811948,-1.0656953875242896,0.99937539038101,0.27482823235478,0.99937539038101,8.4833567691058e-15,IR,0.0008368178967175413,stellar
2CXO J174531.9-285947,266.3829440398945,-28.996460318688012,359.93849900574065,-0.0149528518771181,0.93316677076827,0.93441599000625,-0.024984384759525,3.0958023586999997e-15,X,0.00980940951153957,stellar
2CXO J053516.9-052248,83.82071328838964,-5.380125306056291,209.0027057164512,-19.377848471866315,0.084946908182386,-0.21236727045597,0.29231730168645,2.831042935729e-15,Or*,0.0037617481203007525,stellar
2CXO J120154.5-185303,180.477352325031,-18.884245279478627,286.9725569630522,42.44746592329889,-0.33978763272954,0.23985009369144,-0.53591505309182,1.0990390975019e-14,PoG,0.6310344271161069,AGN
2CXO J174537.2-285826,266.4051708893037,-28.974051189775224,359.9677567981757,-0.0198695257570806,0.97688944409744,0.96439725171768,0.11742660836977,4.0680627562219996e-15,X,0.002507832080200502,stellar
2CXO J132538.1-431212,201.4089395902687,-43.20348771115388,309.5221881984371,19.2302281102247,-0.13241723922548,-0.02998126171143,-0.10243597751405,1.9432238662314e-14,X,0.06861229644200206,stellar
2CXO J034438.3+321259,56.15987038377375,32.216551905583806,160.46654731823762,-17.751504515153645,-0.66958151155528,-0.31730168644597,-0.44097439100562,1.1678530700208e-14,Or*,0.001253916040100251,stellar
2CXO J133741.0+293840,204.42119978531852,29.644542549439965,49.536842290997726,79.52710653541648,-0.42848219862586,-0.11367895065584,-0.32854465958776,7.415241980171e-14,X,0.9849124353473383,AGN
2CXO J143854.1+344103,219.7257054267625,34.684329705748056,57.76523233407077,65.82867089536605,0.38975640224859,0.21236727045596,0.19113054341037,6.2664987710951e-13,X,0.9326985160849804,AGN
2CXO J132530.4-430043,201.37686271049157,-43.01196911614947,309.52601892835503,19.42313929005399,0.70206121174266,0.22361024359775,0.5633978763273,1.2407090086819e-14,X,0.01331707515013749,stellar
2CXO J174552.3-285636,266.46790111192445,-28.943451324886965,0.0224644704740565,-0.0507888194346217,0.99937539038101,0.95315427857589,0.99937539038101,1.3068568509958e-14,X,0.004180597650094205,stellar
2CXO J174531.2-290145,266.3800026432283,-29.029303490505747,359.90912881438504,-0.0298754042789636,0.82323547782636,0.99937539038101,-0.99937539038101,1.0100013902492e-15,X,8.67299399770309e-05,stellar
2CXO J232409.5+165554,351.03993477628774,16.931827682253992,94.76861730697787,-41.11825438243038,-0.46096189881324,-0.1948782011243,-0.29106808244847,1.8199483512673e-13,X,0.9516060534937436,AGN
2CXO J144859.5+085800,222.24788280139975,8.966786353244716,5.301936874313374,56.83009498706548,-0.19737663960025,0.084946908182386,-0.27857589006871,2.6322612891493998e-14,X,0.8482348186484553,AGN
2CXO J140313.7+541908,210.8070920158009,54.31913221043254,102.00039763751084,59.79476684288143,-0.79700187382886,-0.58088694565896,-0.3997501561524,4.1364614852997e-15,HII,0.4518335735325548,stellar
2CXO J072947.4+495316,112.44783202555216,49.88784447707457,168.09341049314344,26.374779754277803,-0.082448469706433,0.16364772017489,-0.24109931292942,2.602553529872e-13,Rad,0.9829588665513674,AGN
2CXO J053515.6-051809,83.81521915810208,-5.302555145813129,208.9267631415448,-19.347620339967055,0.9419113054341,0.9106808244847,0.18363522798251,7.7712115937515e-15,X,0.18181222639284889,stellar
2CXO J132450.4-430722,201.21016954531265,-43.12310376517606,309.38187000624464,19.32992454115516,0.23735165521549,0.31105559025609,-0.082448469706433,1.7887808595775e-14,X,0.07055941908277992,stellar
2CXO J124837.5-054743,192.15633498348927,-5.795381471412294,301.6450234688255,57.06933813188154,-0.11242973141786,0.06371018113679,-0.17489069331668,9.2635055590125e-15,PN,0.7902257271010831,AGN
2CXO J151013.4+332444,227.55597743623173,33.412283030750494,53.37772325727411,59.5292577371873,-0.25733916302311,-0.031230480949407,-0.22735790131168,2.6477303702671e-14,X,0.9213578584042527,AGN
2CXO J174531.7-285859,266.3822149268383,-28.98324536532908,359.9494447811406,-0.0075210462556702,0.99937539038101,0.99937539038101,-0.042473454091193,1.5308519276912e-15,X,0.005014793936859625,stellar
2CXO J053516.3-052025,83.81796973705946,-5.340332103547412,208.9637798011135,-19.36227881366745,-0.77201748906933,-0.60961898813242,-0.29231730168645,1.4348462098288002e-15,Or*,0.015453647873761083,stellar
2CXO J174540.3-285906,266.4179087652001,-28.98530255220413,359.9639582975652,-0.0352425772609623,0.93191755153029,0.92317301686446,0.0012492192379763,2.0729450562716e-15,X,0.010813171267025462,stellar
2CXO J124341.8+113328,190.9242411904908,11.557959064343033,295.8985725339203,74.32390083017218,-0.28856964397252,-0.078700811992505,-0.21111805121799,1.5258387766817e-15,GlC,0.2321290665709158,stellar
2CXO J100206.7+015913,150.52802692097498,1.9869047225142331,237.3841022632535,42.32598203636944,-0.88069956277327,-0.61211742660837,-0.57838850718301,2.1305449921185e-14,Er*,0.22776086215854444,stellar
2CXO J053518.2-051744,83.82593952721567,-5.295820913778679,208.92552185210565,-19.335053553702785,0.87695190505934,0.99937539038101,-0.99937539038101,6.2500079182566e-15,Or*,0.03735620495768106,stellar
2CXO J053522.8-052226,83.84517339368108,-5.374152545675663,209.0087369402709,-19.353428386707844,0.16239850093691,-0.013741411617739,0.17613991255465,2.1354592112515e-15,Y*?,0.027861740242422172,stellar
2CXO J053520.4-051932,83.83531870331586,-5.325759711427097,208.95829371825056,-19.340279981585688,0.99937539038101,0.9369144284822,0.71830106183635,4.5166831829448005e-15,X,0.03743153326253488,stellar
2CXO J141513.2+361352,213.80505653905573,36.23138855870163,65.26387635067103,70.04598148472978,0.9106808244847,0.43847595252967,0.78076202373517,7.6704692204333e-15,X,0.32899585440891843,stellar
2CXO J123810.4+621729,189.54375428654305,62.29136342531584,125.60389615318977,54.76802769454542,0.99937539038101,0.8844472204872,0.39725171767645,1.341270131256e-14,Rad,0.9232525183471444,AGN
2CXO J123045.8+122336,187.6910536867556,12.393380972343724,283.7233810178571,74.4889584253185,-0.44347282948157,-0.28856964397252,-0.15615240474703,2.9288817208199997e-15,X,0.2438397383843317,stellar
2CXO J111501.4-611446,168.75608391300796,-61.24617128150262,291.6018890342739,-0.5134053562559585,0.78450968144909,0.30855715178014,0.61961274203623,4.093121822926e-15,PoC,0.009185808120342587,stellar
2CXO J053540.0-052016,83.91676302374856,-5.337900536538032,209.00865111348537,-19.273462012184893,0.99937539038101,0.99937539038101,-0.41474078700812,7.839978095381e-15,X,0.07102427633703746,stellar
2CXO J004957.2-731655,12.488518749426362,-73.28210676359383,303.0798844958313,-43.84571936414926,0.27607745159275,0.29231730168645,-0.024984384759525,8.8327965288361e-15,X,0.758636394018575,AGN
2CXO J124324.4+131452,190.85182733348017,13.24806231265587,294.8324779245608,75.99336602280087,-0.37476577139288,0.016239850093691,-0.38725796377264,4.4905392737573e-14,X,0.9979240600000417,AGN
2CXO J122310.3+103426,185.7929743862246,10.573884610892256,279.6850742829982,72.15785487009566,-0.12742036227358,0.26983135540287,-0.38351030605871,4.9955533549435996e-14,X,0.9482559471795946,AGN
2CXO J164723.5-015832,251.84824191677467,-1.9756704465308847,15.712403577386391,26.26571514492751,0.048719550281074,0.18988132417239,-0.14490943160525,1.0666909734444e-14,X,0.6459083383346002,AGN
2CXO J031658.6-410406,49.24453143965826,-41.06860643152963,247.48027349384444,-57.112460538833005,0.71455340412242,0.3735165521549,0.46346033728919,3.4701671940106e-14,X,0.6525057311027251,AGN
2CXO J140053.3+024405,210.22212638315352,2.734918175780277,340.1641980778211,60.48487358273441,-0.36227357901312,0.057464084946908,-0.40849469081824,1.7747149365725e-14,X,0.8982454889695074,AGN
2CXO J174612.5-284928,266.5523889775611,-28.824657957164312,0.1624025393993583,-0.0521606454014091,0.99937539038101,0.99937539038101,-0.99937539038101,6.1558005800885e-15,X,0.0033084051594091213,stellar
2CXO J001339.9-192936,3.416378650612671,-19.49335122078029,72.33040311879968,-78.45444364032676,-0.12991880074953,0.19113054341037,-0.31230480949407,2.7418328621275e-14,X,0.8211228335636136,AGN
2CXO J174543.7-285838,266.43214058160777,-28.97733573602764,359.97724383749664,-0.0417201617902608,0.17613991255465,0.56589631480325,-0.42973141786384,1.4175339264138001e-15,X,0.004183356420100931,stellar
2CXO J053509.6-052124,83.79039246248061,-5.356961441405673,208.96632736479165,-19.39428908044116,-0.99937539038101,-0.99937539038101,-0.33603997501562,6.482101106865801e-16,Or*,0.013830768431811705,stellar
2CXO J022440.3-000340,36.168201621263336,-0.0613218135127553,166.3735758219127,-54.86917707069444,-0.02998126171143,0.11492816989382,-0.14490943160525,1.5012038067291e-14,X,0.8329226336575174,AGN
2CXO J111205.7-604325,168.02412421994154,-60.723642651834986,291.079232326308,-0.1585648211817347,-0.089943785134291,0.014990630855715,-0.10493441599001,1.0922659531988999e-14,LP?,0.007931021856700955,stellar
2CXO J053516.2-051743,83.81788852582235,-5.2955763803935065,208.92144387456096,-19.342090598343844,0.098688319800125,-0.048719550281074,0.14615865084322,3.801133139099999e-15,Or*,0.04348379970942745,stellar
2CXO J145429.4+160607,223.622932318037,16.102109514837338,18.157002969491028,59.45379297482193,-0.87820112429731,-0.45471580262336,-0.69956277326671,3.5459109125029995e-14,SB*,0.17814709855842195,stellar
2CXO J223708.0+342600,339.2835984386336,34.43335218069204,93.74433596607408,-20.71628118478165,-0.99937539038101,-0.99937539038101,-0.09369144284822,0.0,ULX,0.2066923671814849,stellar
2CXO J124242.7+024153,190.6782531993724,2.698132887009633,297.6756642231654,65.48079785232692,0.63085571517801,0.39100562148657,0.31105559025609,1.9031234951045e-14,GlC,0.7974690821562562,AGN
2CXO J175348.5-294348,268.4524527491667,-29.7301662015995,0.2355111140349713,-1.939288713989092,0.23235477826359,0.24484697064335,-0.017489069331668,8.6416421818689e-14,X,0.04603485384773654,stellar
2CXO J174527.0-290024,266.36257684281554,-29.006859440059536,359.920339051223,-0.0051717360436941,0.99937539038101,0.96564647095565,0.99937539038101,5.1093920679887e-15,X,0.0,stellar
2CXO J225714.5+623923,344.31086828371895,62.65658763108303,110.2379079048806,2.633607553368014,0.65958775765147,0.25608994378513,0.47220487195503,1.8062186725278e-14,Or*,0.010218675574721775,stellar
2CXO J112833.1+583343,172.1380598671999,58.562168825212616,141.9010096055507,55.40787272952948,0.20986883198001,0.021236727045596,0.18863210493442,1.6237628370192e-14,SN*,0.7328531559288889,AGN
2CXO J102356.6-574323,155.98601840334447,-57.723218210197146,284.24257170383714,-0.3055188534335365,0.99937539038101,0.79950031230481,0.99937539038101,6.4958872675747004e-15,Y*?,0.0,stellar
2CXO J034641.3+240426,56.67248726390682,24.07417935258378,166.5447209735609,-23.60020275877764,-0.058713304184885,0.037476577139288,-0.096189881324172,1.2931371401744e-14,?,0.6949182400777636,AGN
2CXO J053502.3-053110,83.75962495132671,-5.519669729959563,209.10554643126872,-19.49517566572093,-0.88319800124922,-0.39600249843848,-0.69831355402873,2.1896285513963003e-15,Or*,0.0034776815793738113,stellar
2CXO J133626.7-295536,204.11148670287503,-29.92674384813932,314.4264507683805,31.93843952748314,-0.26983135540287,-0.024984384759525,-0.23860087445347,7.8699889325791e-15,X,0.5583744316525544,AGN
2CXO J174601.1-285952,266.5045899600077,-28.998077344898416,359.99252461702423,-0.1066268132147829,0.91942535915053,0.9581511555278,-0.34853216739538,7.894632580285e-15,X,0.0025,stellar
2CXO J183144.3-020743,277.9349168794215,-2.128791530036278,28.78561820974712,3.4059196311375834,0.54465958775765,0.34978138663335,0.23110555902561,3.9654312153191e-14,Y*?,0.0142040646891731,stellar
2CXO J165422.4-415423,253.59358656768688,-41.90640857534251,343.425521775275,1.1027584790035518,-0.45721424109931,-0.20861961274204,-0.2735790131168,1.2618446204265e-14,Y*?,0.005304503422263034,stellar
2CXO J020804.4+111423,32.01859220161538,11.239837271314284,151.3077295841358,-47.36547239494077,0.0049968769519051,0.13241723922548,-0.12492192379763,8.5322366919959e-14,Rad,0.9255357384042668,AGN
2CXO J095614.3+690248,149.05983070469335,69.04679370254654,142.06495581096053,40.96082857262257,0.082448469706433,0.068707058088695,0.014990630855715,7.277240802510201e-15,X,0.651769562356654,AGN
2CXO J174531.9-290054,266.38319188645573,-29.015201020590265,359.9226178715785,-0.0249052637072251,0.99937539038101,0.9631480324797,0.30730793254216,5.354898954938e-15,X,0.004177976040142083,stellar
2CXO J162705.1-242007,246.77163120686043,-24.33555785689799,353.2241146345372,16.842679075307732,0.46221111805122,0.092442223610244,0.38226108682074,1.7933869952537e-14,Or*,0.0068868702270432425,stellar
2CXO J013324.9+305509,23.35386365353986,30.919286277412805,133.4457829538297,-31.094021179744253,0.93316677076827,0.89194253591505,0.15865084322299,2.4400973803769998e-14,X,0.7222098134906251,AGN
2CXO J174544.8-290122,266.43706170548205,-29.023041121592637,359.94046818360505,-0.069198519702509,0.91942535915053,0.99937539038101,-0.84322298563398,1.1175001595467e-15,X,0.002586729939977031,stellar
2CXO J084453.5+425744,131.2231543397295,42.96246019190252,178.10409727076845,38.32850532714018,-0.042473454091193,0.10368519675203,-0.14615865084322,9.8823989003268e-14,ev,0.8102506753070838,AGN
2CXO J053529.9-052858,83.87461974903988,-5.482972768971607,209.12566924617747,-19.37647924682888,0.99937539038101,0.6683322923173,0.99937539038101,7.379222267012e-15,X,0.0029794327541672726,stellar
2CXO J180422.6-241605,271.0945216308594,-24.2680755120473,6.146033148970299,-1.2595687319405855,-0.18863210493442,-0.11992504684572,-0.069956277326671,3.2007874114901e-14,Or*,0.0031318484767596188,stellar
2CXO J161702.5-225837,244.26071059875017,-22.977226132004976,352.67278087673907,19.461798040418675,-0.97314178638351,-0.86071205496565,-0.67957526545909,1.3728350871503e-14,X,0.002090733936817792,stellar
2CXO J123540.2+123249,188.9177793116279,12.546992507750264,287.94795288248304,74.9581646259832,0.08369768894441,0.27982510930668,-0.20237351655215,3.7738660736393e-15,GlC,0.17464548292623822,stellar
2CXO J112321.7+014310,170.84061710383753,1.7196448342445576,259.4992107931848,56.96994800432429,-0.11742660836977,-0.02998126171143,-0.087445346658339,1.6758993254037998e-14,X,0.791488622613965,AGN
2CXO J011324.2-730504,18.351327931449475,-73.0845680232405,300.7153219966534,-43.94901518595611,0.18488444722049,0.16989381636477,0.012492192379763,3.1820757437765e-14,X,0.8384442008345556,AGN
2CXO J142003.7+530426,215.0154847854809,53.0741871990493,96.59797392901736,59.28585559337423,0.32604622111181,0.068707058088695,0.25983760149906,6.1757461733008e-15,X,0.8348074766096782,AGN
2CXO J132557.3-425531,201.48901087817035,-42.92541646208341,309.6251039218746,19.49728333618971,-0.053716427232979,0.072454715802623,-0.1261711430356,7.8374052402334e-15,X,0.12855780807085737,stellar
2CXO J205103.0+442403,312.7628610105162,44.40077983098912,84.66353055341219,0.1166997766745253,0.84946908182386,0.473454091193,0.62211118051218,1.2494721641778998e-13,Or*,0.04059654886358841,stellar
2CXO J084956.3-453143,132.4848495120026,-45.52873088458526,265.4101669589836,-0.984776698411826,0.99937539038101,0.68831980012492,0.99937539038101,1.1296125337808999e-13,X,0.008854122819138999,stellar
2CXO J142612.7+350755,216.5528982547025,35.13212211973509,60.37641282542294,68.26503084956505,0.069956277326671,0.068707058088695,0.0012492192379763,2.4145998268059998e-14,X,0.7274497463759897,AGN
2CXO J053518.3-045323,83.82668436188214,-4.8898899214454,208.5427399660188,-19.150193185897887,0.072454715802623,-0.082448469706433,0.1524047470331,1.1641970310813e-14,Or*,0.06051361449888255,stellar
2CXO J132521.5-430213,201.339784400918,-43.03706771433316,309.49384812886416,19.402066216627528,0.1524047470331,0.30106183635228,-0.15865084322299,7.5066322349371e-15,PN,0.05299782135585614,stellar
2CXO J053516.5-052517,83.81909040821944,-5.421619129650448,209.0411631499513,-19.398056281007783,-0.49344159900062,-0.27732667083073,-0.2423485321674,1.1461759648767e-15,Or*,0.008776542057160377,stellar
2CXO J122132.4+043558,185.38523878308376,4.599526015161717,284.058527105224,66.36958413678619,-0.13491567770144,0.069956277326671,-0.20237351655215,9.5228715227307e-14,Rad,0.8846561737412302,AGN
2CXO J145924.8-164135,224.85332263760188,-16.693360077388686,341.96039459703644,36.299889719063685,-0.4946908182386,-0.15365396627108,-0.36727045596502,2.9120617318631e-14,Rad,0.9228299633569739,AGN
2CXO J221759.2-593741,334.49683651977,-59.628146270993845,331.0571083699762,-48.26567431422309,-0.70331043098064,-0.13991255465334,-0.62211118051218,1.3388203336623998e-13,X,0.7839638501837455,AGN
2CXO J001326.0-193111,3.358407321455786,-19.51997488870887,72.04714170769378,-78.43265829740952,-0.21736414740787,0.23485321673954,-0.42848219862586,2.7554725590200998e-14,X,0.9265544727122921,AGN
2CXO J225739.8+624231,344.41591742897685,62.70872256865836,110.30377592097464,2.660306141851481,0.34103685196752,0.012492192379763,0.32854465958776,6.4198447866129e-14,Or*,0.010431892080242334,stellar
2CXO J142010.0-603943,215.0418763809031,-60.6619867705824,313.5925623291087,0.360038221229473,0.84447220487195,0.90068707058089,-0.27732667083073,6.7494361346733e-14,X,0.01481287953470519,stellar
2CXO J183006.1+010617,277.5255760499324,1.1047179180673314,31.480596222894032,5.25042154873748,-0.27232979387883,-0.11492816989382,-0.16114928169894,3.5656001391513e-14,Or*,0.057214128067769605,stellar
2CXO J174531.6-285938,266.3817894498868,-28.994186395697657,359.9399133221731,-0.0129058349972504,0.91442848219863,0.99937539038101,-0.99937539038101,1.6039240087408e-15,X,8.67299399770309e-05,stellar
2CXO J003743.1-334204,9.429599146821602,-33.70121953858985,326.3082762885202,-82.79356555774311,-0.089943785134291,0.23235477826359,-0.316052467208,6.269515134382e-15,X,0.18370793129059085,stellar
2CXO J132531.6-430036,201.3820296641859,-43.01030317319605,309.5302327538243,19.424260631356727,-0.17239225484072,0.033728919425359,-0.20487195502811,1.8897836852225998e-14,PoG,0.13192567708517136,stellar
2CXO J063204.5+045325,98.01889829343249,4.890281919467896,206.36976832853688,-2.06053257054072,-0.22361024359775,-0.097439100562149,-0.12866958151156,2.4465333512188e-14,Or*,0.005627941637903985,stellar
2CXO J174554.3-285711,266.47658816637625,-28.953210310862787,0.0180889169929694,-0.0623593704873503,0.93441599000625,0.99937539038101,-0.99937539038101,7.710068361091201e-15,X,8.67299399770309e-05,stellar
2CXO J100520.1-074143,151.33401111600767,-7.695466881588671,247.78273961769943,36.81540449397392,-0.47720174890693,-0.19737663960025,-0.30480949406621,2.4220231804603e-15,Gl?,0.23849598074711675,stellar
2CXO J174603.8-290247,266.5158527660649,-29.04666439080553,359.95615498183133,-0.1403158405744021,0.62960649594004,0.35103060587133,0.34853216739538,3.925880254552e-15,X,0.0016701439599415815,stellar
2CXO J125820.1-014031,194.58398643960567,-1.6753676330650369,306.5059820248336,61.148501621885465,-0.17489069331668,0.024984384759525,-0.19737663960025,3.0210326252941e-14,Rad,0.913190768398136,AGN
2CXO J033207.1-275229,53.0296925598862,-27.874887227948783,223.6669172896637,-54.523321621794025,0.73953778888195,0.51217988757027,0.33479075577764,1.3712061215813e-15,?,0.9847046468706204,AGN
2CXO J125025.6+253129,192.60712621672317,25.52487447409066,294.8463305083827,88.38074971081686,-0.21611492816989,0.078700811992505,-0.28981886321049,7.8367510987155e-14,UX?,0.9751228327960989,AGN
2CXO J104523.0+555716,161.34607626198783,55.95455743316924,152.3099357397585,53.37920094915186,0.14865708931918,0.12492192379763,0.023735165521549,9.7784470813103e-14,X,0.8739452201173404,AGN
2CXO J174539.3-285538,266.41373012164104,-28.927464679092783,0.0114231820646978,-0.0019909174672908,0.94940662086196,0.96689569019363,-0.27607745159275,4.9569096912967e-15,X,0.0,stellar
2CXO J053535.1-052754,83.89655646897529,-5.465242215222592,209.1193623289814,-19.348987280928803,-0.3210493441599,-0.087445346658339,-0.23860087445347,2.7641469182282e-15,Or*,0.08136467604176374,stellar
2CXO J122201.2+042937,185.50514690523323,4.493778154363956,284.41926925958285,66.302460031659,-0.35477826358526,0.018738288569644,-0.36976889444097,3.7200741055079e-14,X,0.9938393288822794,AGN
2CXO J102410.0-574725,156.04197744987596,-57.79052883322111,284.30374376682295,-0.3465082793167033,0.44971892567146,0.17988757026858,0.28856964397252,7.115841557233501e-15,Y*?,0.0015037570444583594,stellar
2CXO J053446.3-692313,83.69281853846985,-69.38699348334266,279.84992196694645,-31.98256439721182,0.24984384759525,0.22985633978763,0.017489069331668,3.4260939470153e-14,X,0.41030980460902455,stellar
2CXO J174537.7-285907,266.4074784810207,-28.98541814742247,359.9591063545295,-0.0275149528234488,0.99937539038101,0.99937539038101,-0.99937539038101,6.8442409518433005e-15,X,0.0033084051594091213,stellar
2CXO J174543.5-285729,266.43163373973834,-28.958341936256552,359.993227077116,-0.0314489779459587,0.94440974391006,0.97564022485946,-0.36976889444097,4.3927899246729005e-15,X,0.0025,stellar
2CXO J104357.6+114207,160.9900504391427,11.702066765028464,233.9536915106826,56.36674288262564,-0.90568394753279,-0.55465334166146,-0.69706433479076,1.3385771461121e-14,HII,0.0934022075515985,stellar
2CXO J053510.4-052223,83.79351172546876,-5.373189856990276,208.98316003824297,-19.39886267584851,0.81199250468457,0.99937539038101,-0.99937539038101,1.6301691683164e-15,X,0.04016039557408948,stellar
2CXO J174518.3-290321,266.32642384739347,-29.056072896194856,359.8618627881413,-0.0038625371138294,0.99937539038101,0.99937539038101,-0.70455965021861,8.464740761599901e-15,X,8.67299399770309e-05,stellar
2CXO J123542.4+123330,188.9268907536209,12.55856349813874,287.9707646505228,74.97150502468278,-0.18488444722049,0.22236102435978,-0.36227357901312,5.698116876019101e-16,GlC,0.27914462091747005,stellar
2CXO J072251.3-092509,110.71374769209706,-9.419296570260457,224.898385326337,2.599546250206283,-0.88819487820112,-0.39725171767645,-0.75452841973766,3.2966492237901996e-13,SB*,0.014826170684106911,stellar
2CXO J112028.6+245547,170.11923656540148,24.929946726492854,213.94780649877305,69.47650913733371,-0.30855715178014,-0.21111805121799,-0.10618363522798,3.5282026877115e-14,X,0.7601281408319795,AGN
2CXO J134115.7+262253,205.31570514518265,26.381600884513237,31.91924478164504,78.85688458957085,-0.41349156777014,-0.13866333541537,-0.28856964397252,3.8127884247851e-14,X,0.924559371782542,AGN
2CXO J182422.5-245206,276.0940252183085,-24.86830837551776,7.781536360823493,-5.5453199510935,-0.60961898813242,-0.31855090568395,-0.35852592129919,4.3499964572884e-15,X,0.01982767619214696,stellar
2CXO J111507.4-611632,168.78090372450492,-61.27561740045572,291.62370613653,-0.5365039746604875,0.77826358525921,0.2261086820737,0.66208619612742,4.74960750757e-15,IR,0.021473944013189358,stellar
2CXO J225353.9+623547,343.47504559668926,62.59647051003631,109.8648750888214,2.7451989324271464,-0.3735165521549,-0.081199250468457,-0.29856339787633,2.5990722586973998e-14,SB*,0.004594203959983414,stellar
2CXO J032242.4-371221,50.67707812503494,-37.20583271406326,240.15796347573095,-56.68777293642679,-0.24359775140537,0.062460961898813,-0.30231105559026,7.8964555022805e-15,GlC,0.889000283022306,AGN
2CXO J055348.7-334617,88.4530475555332,-33.77150748524517,239.37515733094403,-25.94687627726334,-0.11617738913179,0.096189881324172,-0.20986883198001,3.823466654294e-14,Rad,0.7557517085922076,AGN
2CXO J165403.1-415149,253.51316120107535,-41.86370191082968,343.42092350936605,1.1761601313048549,-0.56589631480325,-0.42598376014991,-0.17863835103061,7.1733706080446e-15,Y*?,0.0,stellar
2CXO J180350.7-242110,270.9614921061924,-24.3530229982799,6.012489748824622,-1.1956314952015992,-0.81324172392255,-0.53091817613991,-0.49219237976265,6.9952490390575e-15,Or*,0.0016701439599415815,stellar
2CXO J124310.4+024314,190.79367106551183,2.720546895595668,297.9484606575268,65.51230770459385,0.0037476577139288,0.022485946283573,-0.018738288569644,1.3899343295487e-14,GlC,0.7792696335352867,AGN
2CXO J232011.3+080742,350.0474741651328,8.12860583658707,87.62474047459393,-48.38797397651526,-0.20112429731418,0.17489069331668,-0.36102435977514,3.9584179639049e-14,X,0.9757676400522582,AGN
2CXO J053518.7-051728,83.8283660181267,-5.291404609212004,208.9225082981529,-19.33089960313768,0.67207995003123,-0.01998750780762,0.67832604622111,2.8015675427045003e-15,Or*,0.011681467873635585,stellar
2CXO J123944.1-113600,189.93398673576496,-11.600297985181925,298.3588378046638,51.167514346790895,-0.30106183635228,-0.08369768894441,-0.22236102435978,1.8691488224392e-14,GlC,0.9030284941372851,AGN
2CXO J084822.3+445629,132.09297441714858,44.941383903256,175.60247446118277,39.03188458949398,-0.1211742660837,0.097439100562149,-0.21486570893192,1.3828945642176e-14,X,0.706899414016963,AGN
2CXO J174538.8-285909,266.4118130053538,-28.98602347987828,359.96056506700177,-0.0310666700244622,0.99937539038101,0.8157401623985,0.64459712679575,4.7916437214869e-16,X,0.0012556646945408984,stellar
2CXO J183046.2-020938,277.6928600319361,-2.1605451793514256,28.646017141813807,3.6061749667235024,0.60712054965646,0.23860087445347,0.368519675203,0.0,Y*?,0.04104390946684408,stellar
2CXO J123655.5+260121,189.23148177224917,26.022566716969703,230.9314971501013,86.57228278139746,-0.1736414740787,0.04996876951905,-0.22236102435978,4.2705826838022e-14,X,0.7209865754352055,AGN
2CXO J132524.3-430110,201.35139019964183,-43.01948067513207,309.50535235651,19.418300511333577,0.96689569019363,0.69081823860087,0.81449094316052,1.5209077652837e-14,X,0.026536884115830713,stellar
2CXO J110957.6-373221,167.4901482913906,-37.53920842005834,281.57832378775004,21.08892725738037,-0.66083697688944,-0.046221111805122,-0.63210493441599,4.589019593111e-14,MoC,0.3881118455318539,stellar
2CXO J061327.6+175518,93.36518765823767,17.921684755425943,192.7239409330126,0.036331307233996,0.68582136164897,0.26233603997502,0.50593379138039,5.1049351978201e-14,Y*?,0.00438576451685987,stellar
2CXO J053505.5-052752,83.77294291006444,-5.464598882510427,209.05979137960895,-19.458463823891133,-0.87195502810743,-0.5159275452842,-0.59837601499063,1.1255279962446e-15,Or*,0.023603656306242855,stellar
2CXO J005230.7-263319,13.128243961136036,-26.55538387740705,145.7073800347682,-89.37896417248778,-0.39600249843848,-0.054965646470956,-0.34603372891943,2.2609540644229e-14,X,0.7731501469193404,AGN
2CXO J122957.5+080802,187.4898043968118,8.13418722754495,286.95143599096264,70.33665259816156,-0.22985633978763,0.064959400374766,-0.28856964397252,1.3009458888783e-14,X,0.5412920846658051,AGN
2CXO J053510.8-052556,83.79519681703385,-5.432494401297229,209.0400441635494,-19.424189681519568,0.75452841973766,0.37726420986883,-0.038725796377264,6.763891903397701e-16,Or*,0.06416275454498749,stellar
2CXO J181857.7-204713,274.74074522943386,-20.78714697174933,10.819287077125674,-2.5402135870118774,-0.064959400374766,0.10618363522798,-0.16989381636477,1.322183478714e-14,Y*?,0.005007832080200502,stellar
2CXO J171847.0-321013,259.6959028202357,-32.170467184602444,354.132886573353,3.0696762247558875,-0.55465334166146,-0.64584634603373,0.14366021236727,4.4864138170814996e-14,X,0.02060046853622931,stellar
2CXO J155037.5-540721,237.6565915975508,-54.12271665081636,327.321003183706,0.0368707496486604,0.051217988757027,-0.11492816989382,0.16489693941287,2.6713087215681e-13,X,0.01834583178061921,stellar
2CXO J033853.2-353501,54.721707230724974,-35.583784722224145,236.93719866208437,-53.55065145535696,0.74953154278576,0.70705808869457,0.069956277326671,1.0412636575753e-14,GlC,0.7383379739489739,AGN
2CXO J054706.2+002453,86.77607215530946,0.4149678523289846,205.0647048912698,-14.078446225211843,0.71830106183635,0.26358525921299,0.55840099937539,3.4862936048625e-14,Y*?,0.16823822785408385,stellar
2CXO J053526.2-052118,83.85940295304101,-5.355198666657687,208.9976156571365,-19.3322188170128,-0.18988132417239,-0.13616489693941,-0.046221111805122,6.8185134630365e-16,Y*?,0.034156979981646664,stellar
2CXO J165420.4-414851,253.58522334856207,-41.814191624367744,343.4932177694499,1.1657014002684667,-0.43597751405372,-0.067457838850718,-0.37976264834478,1.3321313447199999e-14,Y*?,0.0187998098682076,stellar
2CXO J041959.1+023132,64.99661883951921,2.525687087292998,190.92214207442825,-31.710430709717624,-0.064959400374766,0.19237976264834,-0.25484072454716,4.2899733062468e-14,Rad,0.674340091251889,AGN
2CXO J120155.3-185249,180.48068834421508,-18.880306579591444,286.97530888684093,42.45208692225369,-0.88694565896315,-0.52717051842598,-0.6633354153654,2.4500570396469003e-15,MoC,0.04000088806997633,stellar
2CXO J224324.2-093508,340.8509142507028,-9.585699806835237,56.964993843863176,-55.092469377717535,0.023735165521549,0.099937539038101,-0.078700811992505,2.8465853097309e-14,LeG,0.8099375024709832,AGN
2CXO J124339.6+113317,190.91534217154447,11.554777729424565,295.8678226684275,74.31976743020176,0.036227357901312,0.54091193004372,-0.52217364147408,1.8606284752483e-14,GlC,0.4906631975883623,stellar
2CXO J123057.2+122122,187.73864984391605,12.35635945389924,283.9304608477136,74.46748593826867,-0.077451592754529,0.073703935040599,-0.15115552779513,1.0982418719424e-14,GlC,0.24063932465771995,stellar
2CXO J013432.5+303436,23.63577432080484,30.576875999779176,133.80080515462606,-31.383508557886337,-0.061211742660837,0.053716427232979,-0.11367895065584,1.0198751859195e-14,X,0.5107533908995741,AGN
2CXO J174541.3-290854,266.4224682145858,-29.148456755459097,359.8267646471417,-0.1236344210412564,-0.46595877576515,0.023735165521549,-0.45971267957527,3.4034483206429e-15,X,0.007774982718007601,stellar
2CXO J112813.8+583605,172.05784825467083,58.601391848371726,141.92387975216377,55.35203430459512,-0.26483447845097,0.17738913179263,-0.420986883198,1.3651942726817e-14,X,0.8821725684306349,AGN
2CXO J053453.5-052651,83.72313619696433,-5.447645461869863,209.01997631549028,-19.49502464847304,0.99937539038101,0.52217364147408,0.99937539038101,5.0240288086679e-15,X,0.04389082523222548,stellar
2CXO J174534.0-285956,266.3917426011527,-28.999024442477143,359.9403212205592,-0.0228570252285415,0.99937539038101,0.99937539038101,-0.99937539038101,2.6132503432653e-15,X,0.00017655668264950276,stellar
2CXO J153452.9+232832,233.72083793210368,23.47566696632798,36.57637191579352,53.03724223023578,0.78450968144909,0.41474078700812,0.5421611492817,7.2043391407485e-15,X,0.7159361752028882,AGN
2CXO J022622.0+621402,36.591720933692045,62.23400434798841,133.74151697490063,1.3712527277781388,0.96564647095565,0.82948157401624,0.65833853841349,4.9239564105344e-14,Y*?,0.01041685268476078,stellar
2CXO J174531.1-285922,266.37961001735823,-28.989714773556685,359.94273596181614,-0.0089482880389935,-0.20612117426608,0.052467207995003,-0.24609618988132,2.83607006903e-16,X,0.006971402819700502,stellar
2CXO J174523.2-290034,266.3467062844227,-29.00962124127717,359.9107456380552,0.0052319731956,0.95065584009994,0.99937539038101,-0.99937539038101,5.5336577241468e-15,X,0.004888722376678232,stellar
2CXO J132721.1-472323,201.8381324357221,-47.38983677925986,309.2130867702242,15.043426890447495,-0.057464084946908,0.018738288569644,-0.074953154278576,1.2233582933276e-14,X,0.21214431373329856,stellar
2CXO J123403.0+074158,188.5124704602424,7.699424383408303,290.1589208014737,70.13877287784197,0.32604622111181,0.28482198625859,0.044971892567145,4.3072760932212e-14,MoC,0.6670613859856377,AGN
2CXO J160421.6-213028,241.09017805063843,-21.50800685775943,351.6651191169485,22.605882802961947,-0.79950031230481,-0.25983760149906,-0.67457838850718,4.1707511210859997e-13,Or*,0.1362457537716484,stellar
2CXO J174606.2-285653,266.5258853998263,-28.948266349299363,0.0447565531139853,-0.0966240808364751,0.97813866333542,0.99937539038101,-0.86071205496565,1.6267825718468e-14,X,0.0037539160401002507,stellar
2CXO J173124.8-343904,262.8531778102324,-34.65162624324312,353.5571524977859,-0.5035333816798209,0.99937539038101,0.92816989381636,0.98688319800125,2.1288515181977e-13,Y*?,0.07155934858219264,stellar
2CXO J164029.3-485246,250.12231222484516,-48.87946715585453,336.531579208525,-1.5463208389239858,-0.37601499063086,-0.13991255465334,-0.2473454091193,1.9156346068187e-14,Or*,0.015238246573978417,stellar
2CXO J104053.9-595158,160.22484527101506,-59.866221566678966,287.2215924630555,-1.0373610770238535,0.94690818238601,0.58838226108682,0.80074953154279,5.2209131388531e-14,X,0.0,stellar
2CXO J132952.1+471212,202.46705566605863,47.20359496763378,104.86513015634245,68.55378013710197,-0.94940662086196,-0.62960649594004,-0.78076202373517,1.7678174936627e-15,Cl*,0.032900311570646205,stellar
2CXO J174535.2-290101,266.3969906821038,-29.017077753027568,359.9273045917668,-0.0361819998415245,0.99937539038101,0.99937539038101,-0.99937539038101,5.050972678325601e-16,X,8.67299399770309e-05,stellar
2CXO J064052.6+092953,100.2191983954977,9.498109256410446,203.2789624332804,1.994794256060094,0.99937539038101,0.83447845096814,0.99937539038101,1.4047144145652e-14,Rad,0.0,stellar
2CXO J033826.1-352659,54.609094006202895,-35.45000532359866,236.7155451372877,-53.64549904885935,-0.99937539038101,-0.99937539038101,0.30730793254216,7.5553250360606e-17,Gl?,0.38281776008060897,stellar
2CXO J165403.2-414539,253.51369097406803,-41.76087892515572,343.5009762507022,1.2407134571602134,-0.43222985633979,-0.16989381636477,-0.27857589006871,5.9770469572629005e-15,Y*?,0.006003761755485893,stellar
2CXO J174540.4-285835,266.4183455812275,-28.976493327632472,359.9716768814145,-0.0309797219528919,0.96564647095565,0.99937539038101,-0.99937539038101,3.3254867857141003e-15,X,0.0010904916954629243,stellar
2CXO J174457.4-285020,266.2394120528063,-28.83917160753248,0.007141406813458,0.1742884037402693,0.97813866333542,0.92816989381636,0.37726420986883,1.0309159916114e-13,X,0.0203329636198119,stellar
2CXO J182435.5-245218,276.14802077508944,-24.87183947490604,7.801016628094873,-5.590446499088678,0.35352904434728,0.22485946283573,0.13741411617739,7.1057873579186e-15,X,0.24561963032856993,stellar
2CXO J002411.5-720224,6.048027562391383,-72.0401234773256,305.8929939078684,-44.9311531583931,-0.45846346033729,-0.368519675203,-0.10118675827608,2.8758960318118e-15,X,0.22879795273402725,stellar
2CXO J174540.4-285904,266.4185558959241,-28.984765360355382,359.9647117308299,-0.0354459359658393,0.84447220487195,0.89444097439101,-0.27108057464085,7.1532248026387e-16,X,0.0,stellar
2CXO J085332.9+512020,133.38708545697034,51.3391139457548,167.29265999463618,39.67799618687947,-0.1686445971268,-0.0087445346658339,-0.15990006246096,6.4383549176568e-15,X,0.5356415026861552,AGN
2CXO J133733.3-295703,204.38918899109265,-29.95090964349952,314.6978752619249,31.864972681514868,-0.1261711430356,0.092442223610244,-0.21486570893192,6.171141935866e-15,X,0.44602292459710496,stellar
2CXO J095351.6+690250,148.46507065877995,69.04701528810604,142.22609378090263,40.78650184369824,0.16739537788882,0.26733291692692,-0.10618363522798,1.9027351825729998e-14,X,0.6866503527274764,AGN
2CXO J004253.6+405318,10.723700072812337,40.8883830140813,121.19119653602596,-21.954487952205906,0.11742660836977,0.071205496564647,0.046221111805122,2.0956191487468e-14,C*?,0.4923811642656348,stellar
2CXO J194042.5-305632,295.1770964895797,-30.94228620932297,8.86909030835663,-23.409310316512983,-0.45096814490943,-0.066208619612742,-0.3947532792005,5.9564142422822e-14,X,0.8511462198832507,AGN
2CXO J174531.1-290159,266.3796561827039,-29.033378566939728,359.9054931396119,-0.0317408497638927,0.86945658963148,0.9369144284822,-0.46970643347908,1.3529493535687e-15,X,0.0,stellar
2CXO J174703.2-284913,266.7636627499253,-28.82035981352404,0.2621825912255676,-0.2081244317560483,0.99937539038101,0.9893816364772,0.73953778888195,1.2665304896996e-13,X,0.035659580228405756,stellar
2CXO J090754.0-004330,136.9751837307599,-0.7252445484017453,230.80718259728644,29.56116288179735,-0.33728919425359,-0.014990630855715,-0.32354778263585,4.0135734099104e-14,X,0.8235769116331533,AGN
2CXO J122010.8+291910,185.045078871644,29.319637014679625,193.4535764000207,82.77625675449902,-0.0024984384759525,0.10243597751405,-0.10493441599001,7.829613113867e-15,GlC,0.3680722097997158,stellar
2CXO J141937.1+524658,214.9047306184476,52.78286006757104,96.31992083601106,59.5491352355106,0.53341661461586,0.20487195502811,0.36477201748907,4.8643374985779e-15,X,0.908180591074629,AGN
2CXO J181330.1-175110,273.3757151732101,-17.852851051921775,12.78916290352616,-0.0121538938260022,0.99937539038101,0.99188007495315,0.46720799500312,2.0748452545536e-13,X,0.04308673397656771,stellar
2CXO J124337.8+113302,190.90754716687425,11.55061824800937,295.8414693581314,74.31477933185954,-0.44472204871955,0.013741411617739,-0.44846970643348,9.409861533847101e-16,GlC,0.3367926089627882,stellar
2CXO J120008.8+291644,180.03682123159774,29.27909003449314,199.15957880072835,78.50327750172015,-0.10493441599001,0.0012492192379763,-0.10493441599001,3.6079879179954e-14,X,0.8096177274512446,AGN
2CXO J120203.2-184835,180.5135835980277,-18.809731720841,286.99136312459024,42.52830937740475,0.76577139287945,0.26483447845097,0.61086820737039,2.5178468574469e-15,X,0.7109667748240542,AGN
2CXO J095439.5+684550,148.66526352678136,68.7642486360842,142.47942515977732,41.0066819604705,-0.57089319175515,0.25608994378513,-0.72329793878826,0.0,X,0.6988484004906682,AGN
2CXO J071847.6-244216,109.6986231141214,-24.70452209865801,237.96717639460493,-5.410538035593142,0.73953778888195,0.55215490318551,0.30356027482823,7.8164974053078e-14,Rad,0.11195177567731139,stellar
2CXO J174531.5-290104,266.3816065347469,-29.01791213192748,359.9195815434616,-0.0251351020310704,0.60712054965646,0.64834478450968,-0.13491567770144,0.0,X,0.011687496115592775,stellar
2CXO J133300.3+502332,203.25148717048307,50.39218698080917,106.88209241699388,65.42091728403817,0.066208619612742,0.01998750780762,0.046221111805122,1.7577344757573e-14,X,0.8114413461574156,AGN
2CXO J063305.2+101920,98.27166176824652,10.322273823296802,201.6657032051071,0.6686577866351255,-0.10868207370394,-0.024984384759525,-0.08369768894441,1.6311570272522e-13,Ae*,0.008344649976918044,stellar
2CXO J125306.0-091315,193.27510138019693,-9.221054862660097,303.62406748155934,53.64845848233969,0.22236102435978,0.25608994378513,-0.037476577139288,1.3663575745729999e-14,X,0.7680635265286277,AGN
2CXO J003748.8-334438,9.453386795423569,-33.74406809543671,326.0217207612774,-82.76307239516599,-0.15615240474703,0.12742036227358,-0.27607745159275,1.0785629655864e-14,X,0.41514918523823807,stellar
2CXO J165356.6-414839,253.48586578004108,-41.81100158094465,343.4489863888232,1.2251877459779876,-0.74828232354778,-0.56464709556527,-0.316052467208,1.1367910092528e-14,X,0.004170143959941581,stellar
2CXO J131721.9+285349,199.3414466800025,28.897081441804605,51.61389973604518,84.01134458590016,-0.70331043098064,-0.25109306683323,-0.52592129918801,4.3243582176521997e-14,X,0.3400458122597721,stellar
2CXO J222352.6-021043,335.96952883072777,-2.178750992523307,61.79237784600159,-46.77117903164865,-0.32979387882573,0.10243597751405,-0.41848844472205,1.7203061059103e-14,?,0.852360854354866,AGN
2CXO J122114.1+043650,185.30930879042376,4.61412205266018,283.86729910367853,66.36158560031575,-0.87320424734541,-0.39100562148657,-0.71705184259838,7.6960044173437e-14,SB*,0.19178974448402422,stellar
2CXO J115912.6+292115,179.80279302786596,29.35435599769165,198.92556922751115,78.2909368885415,-0.01998750780762,0.18613366645846,-0.20487195502811,3.9062211964635e-14,X,0.8129832915656461,AGN
2CXO J085847.1-473153,134.69643385707138,-47.530905649043504,267.9219448378067,-1.1098093001743996,0.99937539038101,0.33104309806371,0.66083697688944,2.3003735703032e-15,X,0.010117622325850492,stellar
2CXO J123640.7+621041,189.1699355286703,62.178193377027625,125.92330852709172,54.86425822816325,0.45096814490943,0.23110555902561,0.24359775140537,2.8499515502577e-15,X,0.982876708431368,AGN
2CXO J164021.9-484838,250.09141477278516,-48.81078082149817,336.5695437133228,-1.4855674918855226,-0.48594628357277,-0.21486570893192,-0.2998126171143,1.8892442602454e-14,Or*,0.0054240600000418325,stellar
2CXO J104748.7+123546,161.9530258656995,12.596311527185948,233.46326177168987,57.63740659289963,0.056214865708932,,,8.5015870999887e-15,X,0.6932981367965795,AGN
2CXO J180435.7-242640,271.14890005118843,-24.44452917544773,6.016483449991721,-1.38924455565032,-0.5683947532792,-0.30855715178014,-0.29356652092442,8.7200736352663e-15,Or*,0.0016701439599415815,stellar
2CXO J122945.5+080059,187.43982265476652,8.016406095088975,286.89590295839787,70.21028039712425,-0.038725796377264,0.10993129294191,-0.14865708931918,8.3374985438527e-15,GlC,0.15937322242611787,stellar
2CXO J104442.8-592138,161.1782402656229,-59.36066733820713,287.4068159002403,-0.3636874827835949,-0.81449094316052,-0.70580886945659,-0.23610243597751,1.9004070568807002e-15,Y*?,0.0,stellar
2CXO J144921.6+631614,222.34003069281331,63.2705556159291,103.17722509186775,49.08878431693032,-0.48094940662086,-0.059962523422861,-0.43098063710181,2.3767164370331e-14,Rad,0.9359806034034825,AGN
2CXO J181202.8-185450,273.01179273734215,-18.91393262944194,11.69250417579329,-0.2183148444664952,0.87320424734541,0.65584009993754,0.48844472204872,8.3282457009531e-14,X,0.0029240600000418325,stellar
2CXO J222715.4+170643,336.81448787150725,17.111960563987065,80.45588847244012,-33.61297442563153,-0.64584634603373,-0.20861961274204,-0.50468457214241,4.6027193523997e-13,X,0.5705149442355303,AGN
2CXO J141748.6+524142,214.4524231136037,52.69502443012921,96.61572973575348,59.79489362070381,-0.028732042473454,0.10993129294191,-0.13866333541537,7.2422140702042e-15,X,0.7535574672930463,AGN
2CXO J004648.2+420855,11.700963189665572,42.14868140226184,122.0136535079708,-20.714803665549518,0.31730168644597,0.13741411617739,0.18363522798251,6.2815778937484e-14,XB?,0.5789524898355223,AGN
2CXO J123540.1+123357,188.9172686965537,12.566087672318291,287.9287187740469,74.97660334363245,0.20362273579013,0.26358525921299,-0.06371018113679,1.0212298589101e-14,Gl?,0.2555386293429372,stellar
2CXO J143217.0+344017,218.0711677492268,34.67142147043386,58.41868661067591,67.1641795453745,-0.89693941286696,-0.51342910680824,-0.70955652717052,5.8372727189843e-14,X,0.20879684729986742,stellar
2CXO J124337.8+113326,190.90784285482985,11.557224817009589,295.8397934034785,74.32137671500814,-0.0099937539038102,0.18363522798251,-0.20487195502811,1.2991692155382e-15,GlC,0.21627554372785796,stellar
2CXO J123725.2+115810,189.35526368436376,11.96949284788663,290.01233046929207,74.48857294378872,0.85696439725172,0.60462211118051,0.50093691442848,1.0600744979806e-13,X,0.9588963622132082,AGN
2CXO J063211.6+045357,98.04838517721896,4.899172857632329,206.37542610052932,-2.030362629219753,-0.44597126795753,-0.30231105559026,-0.16614615865084,2.1520373022605e-14,Or*,0.0,stellar
2CXO J091133.5+541420,137.88983600060823,54.23918997535423,162.98474143160925,41.95630926253562,-0.63085571517801,-0.18113678950656,-0.49219237976265,1.7460262251456998e-14,X,0.712778072090716,AGN
2CXO J015946.0+312259,29.94193358146828,31.383108627325488,139.63762463406434,-29.262395127792438,-0.13241723922548,-0.012492192379763,-0.1211742660837,1.9079396671327e-13,Rad,0.7873183127761155,AGN
2CXO J004309.6+405921,10.790196844481272,40.98934605780736,121.24913366689697,-21.85535526398461,0.12866958151156,0.026233603997502,0.10368519675203,3.5079473612641e-14,X,0.406336110281036,stellar
2CXO J010529.8+132551,16.374479233755153,13.43088219038366,128.17858210734033,-49.29758029383599,-0.37101811367895,0.11242973141786,-0.46470955652717,1.2688972458192e-13,blu,0.9259882169452186,AGN
2CXO J174533.7-290252,266.39088664549024,-29.0478375455632,359.89827022629146,-0.0476560940079018,0.87820112429731,0.71080574640849,0.39350405996252,1.1844661206938e-15,X,0.007094203959983414,stellar
2CXO J044603.2+312241,71.51382821764622,31.378491051388146,170.52661046881315,-9.08122080110519,0.59212991880075,0.21236727045596,0.43222985633979,1.8274349392454999e-13,Rad,0.16819127031352876,stellar
2CXO J223629.9+342557,339.12458884618627,34.432658994928616,93.62482613859618,-20.647727871191115,-0.53216739537789,-0.081199250468457,-0.46970643347908,,X,0.32004146810067213,stellar
2CXO J053523.9-052010,83.8497286836191,-5.336204175728805,208.9750458813157,-19.33221311631039,0.99937539038101,0.61711430356027,0.99937539038101,1.7571132595872e-15,LM*,0.007136626658269447,stellar
2CXO J100233.3+022751,150.63901678726688,2.4643711807572086,236.94581465370808,42.69461609316716,-0.079950031230481,0.077451592754528,-0.15615240474703,5.2821797744596e-14,ClG,0.8681564902805202,AGN
2CXO J170111.6-300640,255.29840957399085,-30.111318086468614,353.5732593372661,7.323005740187998,0.19237976264834,0.20487195502811,-0.014990630855715,2.4639569915829e-14,CV?,0.14732482609586717,stellar
2CXO J183113.3-020348,277.8056680701678,-2.0635485089039403,28.784236465614622,3.550618121213318,0.45221736414741,0.45971267957527,-0.023735165521549,1.6003563057559e-14,Y*?,0.02419517402839944,stellar
2CXO J131731.9+291651,199.3833691976231,29.281028119085207,54.98176780761001,83.8621328663846,0.91817613991255,0.67457838850718,0.6208619612742,3.6144116376029e-14,X,0.7642306277425761,AGN
2CXO J134124.2-634352,205.35084340005344,-63.731142006830446,308.4267527320375,-1.3937269468207358,-0.38351030605871,-0.027482823235478,-0.35852592129919,1.2033827615286e-13,NIR,0.006261748120300752,stellar
2CXO J013339.5+302140,23.414588463582675,30.36118376710844,133.63028828757277,-31.63196867042325,0.57713928794503,0.53091817613991,0.057464084946908,4.0746686603888e-14,X,0.39631434287660083,stellar
2CXO J053845.6-685759,84.69029106340417,-68.96649606289778,279.30755587959084,-31.682217196216683,0.99937539038101,0.58838226108682,0.82698313554029,0.0,X,0.6390987050493517,AGN
2CXO J171958.7-361015,259.9948652936512,-36.1709750681794,350.9937932742034,0.5751205129305496,0.88819487820112,0.50843222985634,0.68582136164897,4.7744844479333e-14,IR,0.06989393290183876,stellar
2CXO J064113.2+095509,100.30517206063752,9.919128364112344,202.94284493506564,2.262412290482176,-0.80449718925671,-0.34603372891943,-0.63210493441599,3.4237653792337e-14,Or*,0.0,stellar
