name,ra,dec,glon,glat,hard_hs,hard_hm,hard_ms,flux_aper_b,simbad_otype,prob_AGN,predicted_class
2CXO J054010.8-691954,85.04602845527296,-69.33185932546313,279.7173549696101,-31.51580620007861,0.15865084322299,0.11492816989382,0.044971892567145,3.7998165908559e-11,cm,0.4594042496785972,stellar
2CXO J053516.4-052322,83.81863228814609,-5.389694880830104,209.0107593840232,-19.38402506863695,-0.18363522798251,0.016239850093691,-0.19862585883823,2.7013994622286996e-12,HH,0.6408491442344445,AGN
2CXO J121032.5+392420,182.63569990212136,39.40583501406621,155.07717980833638,75.06306226243775,0.77326670830731,0.83822610868207,-0.18613366645846,1.875564322657e-11,Rad,0.9183133060892772,AGN
2CXO J113151.5-123158,172.96487380773056,-12.533000299067862,274.42717864174244,45.888176922106815,0.14366021236727,0.33104309806371,-0.19612742036227,7.7429613766872e-12,gLS,0.8479084439749426,AGN
2CXO J053517.9-052245,83.82478698402525,-5.379322340743287,209.00389151535936,-19.37386820494459,0.1686445971268,0.21361648969394,-0.046221111805122,2.0232287966401997e-12,IR,0.5475268796775984,AGN
2CXO J053455.9-052313,83.73323850720283,-5.3869902374426255,208.96742112012623,-19.458621092377157,-0.51842598376015,-0.21361648969394,-0.34353529044347,1.1496867317651e-12,Or*,0.06124863346627376,stellar
2CXO J195928.3+404401,299.86813349688555,40.7339051435116,76.18986395564988,5.7553946753569605,0.8844472204872,0.90943160524672,-0.12991880074953,4.0571045800567e-12,BH?,0.7547706913723979,AGN
2CXO J053518.3-052237,83.82654729460944,-5.377094564203922,209.00262590894292,-19.37129741848045,0.084946908182386,0.09369144284822,-0.0087445346658339,1.4588630765003e-12,IR,0.5735152501556534,AGN
2CXO J053522.8-052457,83.84533842175756,-5.416036091216201,209.048410113202,-19.372225063946647,-0.8157401623985,-0.368519675203,-0.63960024984385,7.0953844755861e-13,SB*,0.004159017278617711,stellar
2CXO J053541.9-052812,83.92494014725924,-5.4701826093037225,209.13756363654372,-19.326014171416546,-0.7158026233604,-0.33479075577764,-0.50093691442848,7.4395231144185e-13,Or*,0.010477796875877004,stellar
2CXO J132527.6-430108,201.36507059002892,-43.019119239118425,309.51590745698394,19.41726350658887,0.98188632104934,0.93441599000625,0.57589006870706,6.027468204352299e-12,PoG,0.42051965961191035,stellar
2CXO J174451.6-292042,266.2151700425145,-29.345092877828225,359.56465022016937,-0.0718966464142982,0.99562773266708,,0.28732042473454,3.8502394876785e-11,X,0.05432431495539701,stellar
2CXO J174534.6-290130,266.3944404935105,-29.025238001914325,359.91917779557446,-0.0385309830881156,0.92317301686446,0.95690193628982,-0.473454091193,1.0683939170107e-15,X,0.004499378048881124,stellar
2CXO J104503.5-594103,161.26469508351693,-59.68443445223236,287.5967553677393,-0.6295326901398982,0.99562773266708,0.88194878201124,0.93566520924422,7.2191245222462994e-12,ISM,0.012386555108840165,stellar
2CXO J095753.2+690348,149.4720829679635,69.06336040712037,141.9334657351415,41.07104887804778,-0.0037476577139288,0.15365396627108,-0.15740162398501,6.3111413633787e-12,ULX,0.9224340195055428,AGN
2CXO J053515.2-052256,83.81361150414267,-5.3824878797367,209.0015486141644,-19.385222891327555,0.011242973141786,0.089943785134291,-0.078700811992505,1.0058070425221999e-12,Or*,0.5163798056193966,AGN
2CXO J113151.5-123157,172.96488847100193,-12.532647117387343,274.4269763870672,45.88850114864398,-0.21611492816989,0.08369768894441,-0.29356652092442,1.5030050906624998e-12,gLS,0.983828386616747,AGN
2CXO J095550.1+694046,148.95889667895062,69.67972092092324,141.4119969443134,40.56425408420733,0.92442223610244,0.6420986883198,0.69331667707683,3.1426935584584e-12,PoG,0.9020079648414471,AGN
2CXO J053521.0-052348,83.83770876346188,-5.396910400838044,209.02668711460765,-19.37035045831886,-0.10118675827608,-0.016239850093691,-0.084946908182386,6.4222488144508e-13,Rad,0.30746938960518627,stellar
2CXO J174536.6-290132,266.40269465294284,-29.025795363662365,359.9224629276678,-0.0449815957731804,0.99937539038101,0.83073079325422,0.28357276702061,4.1368342610007006e-16,X,0.0009590960029884197,stellar
2CXO J174534.8-290143,266.39504428100986,-29.028861429014917,359.91636033693374,-0.040869760921474,0.99937539038101,0.83073079325422,0.21986258588382,1.1381236922068e-15,X,0.0009590960029884197,stellar
2CXO J053834.6-685306,84.64452641791729,-68.88515995257784,279.2147309070792,-31.70768067651849,-0.82948157401624,-0.42473454091193,-0.62585883822611,1.6411098338811e-12,Er*,0.06034224915947929,stellar
2CXO J133705.1-295207,204.27135793260413,-29.86855134865917,314.6004232566176,31.96681758603281,-0.23485321673954,0.10743285446596,-0.33354153653966,1.5326402326946998e-12,ULX,0.9902318636202119,AGN
2CXO J123048.6+122332,187.70256277546605,12.392290369946371,283.76471009652573,74.4912844004072,-0.45221736414741,-0.06371018113679,-0.39850093691443,7.9807267510019e-13,PoG,0.8266796128536771,AGN
2CXO J053517.5-051739,83.82299853375923,-5.294427768296521,208.92280020715975,-19.33703379809793,0.71705184259838,0.25234228607121,0.56714553404122,4.0010969909894997e-13,Or*,0.0734929871802361,stellar
2CXO J053517.3-052544,83.82233252905058,-5.429107034388923,209.0497910640067,-19.398563195104032,0.25983760149906,0.27857589006871,-0.01998750780762,1.989121793102e-12,Y*?,0.6476489316132051,AGN
2CXO J053515.6-052256,83.81517112760076,-5.382370066868381,209.00218186781711,-19.383784813435483,-0.2423485321674,-0.1261711430356,-0.11992504684572,4.930905535228099e-13,Y*?,0.19060301711130354,stellar
2CXO J053445.1-052504,83.68826311741628,-5.4178481310471405,208.9751265560216,-19.512512625765204,-0.46595877576515,-0.18488444722049,-0.30730793254216,7.7132294391609e-13,Or*,0.07804683139299634,stellar
2CXO J053520.7-052144,83.8363474402122,-5.362308146931503,208.9933276743633,-19.3559062768256,0.02998126171143,-0.0062460961898814,0.036227357901312,8.7277190822239e-13,Or*,0.35825916846096517,stellar
2CXO J031948.1+413046,49.95072564482308,41.51287055560879,150.5751905573829,-13.2602116581647,0.5946283572767,0.34978138663335,0.29856339787633,9.6571491043155e-15,X,0.07228455289507699,stellar
2CXO J033226.9-274105,53.11252977341309,-27.68479243998679,223.3622483768724,-54.42250209548719,-0.26108682073704,0.00999375390381,-0.27108057464085,9.9065317826815e-14,Rad,0.9954145889030027,AGN
2CXO J031947.9+413046,49.94965948660979,41.51299180645847,150.57443762636788,-13.26055074472167,-0.99937539038101,0.99937539038101,-0.99937539038101,0.0,X,0.1644287072051162,stellar
2CXO J053517.0-052333,83.82111719825627,-5.392786658202525,209.01486874053867,-19.38321719459081,0.96064959400375,0.52217364147408,0.88069956277327,4.6086102689986e-13,Rad,0.05413601034543061,stellar
2CXO J053841.6-690513,84.67332647376577,-69.08706445574936,279.44913305441526,-31.67464401131018,-0.38975640224859,-0.21986258588382,-0.18613366645846,3.1438876354908997e-13,SB*,0.7059407298900178,AGN
2CXO J053511.5-052602,83.79792745505904,-5.434023935886509,209.0427940223003,-19.422456617977414,-0.32479700187383,-0.19737663960025,-0.13616489693941,3.0478293640087e-13,Or*,0.08358737478986436,stellar
2CXO J234443.9-424312,356.1830179715944,-42.72017295464804,339.62931315465704,-69.34148945460214,0.04996876951905,0.28981886321049,-0.2423485321674,3.0961752113131997e-12,Rad,0.9649783648165808,AGN
2CXO J095533.1+690354,148.88823950735974,69.0652735766017,142.09184020859422,40.90007439941298,0.20362273579013,0.36976889444097,-0.17863835103061,4.0707030827067995e-12,X,0.9233012195869433,AGN
2CXO J053520.2-052056,83.83429558709798,-5.349116208664599,208.97987911490537,-19.351758920886954,0.26608369768894,0.022485946283573,0.24609618988132,3.0198077904223e-13,Or*,0.048451045934457454,stellar
2CXO J004310.6+411451,10.794251767453602,41.24760508518881,121.2620278351376,-21.597356077920765,0.15740162398501,0.24859462835728,-0.094940662086196,1.4556643736487998e-12,GlC,0.7051554852679449,AGN
2CXO J053439.7-052425,83.66566295269422,-5.40714007145003,208.95419576163832,-19.527734328647213,-0.69331667707683,-0.35477826358526,-0.44846970643348,4.1664398058462e-13,Or*,0.02384962824330119,stellar
2CXO J004247.1+411628,10.696482157311776,41.27452058949781,121.184063074416,-21.567862493683734,-0.99937539038101,0.99937539038101,-0.99937539038101,,FIR,0.13155897221269178,stellar
2CXO J004248.5+411521,10.702155978404504,41.25587302266746,121.18792290011888,-21.58665177300347,0.088694565896315,0.20237351655215,-0.11617738913179,1.0429224111353e-12,X,0.6881501695204787,AGN
2CXO J004252.5+411854,10.71883574457354,41.315117073722575,121.20367630625306,-21.527895619030367,0.059962523422861,0.12242348532167,-0.06371018113679,9.035264754179599e-13,XB?,0.5940357604080426,AGN
2CXO J053509.7-052326,83.79072036187,-5.390837472672312,208.9985132826428,-19.40932486508285,-0.4422236102436,-0.11617738913179,-0.34353529044347,4.3192663844989e-13,Or*,0.09229970281604043,stellar
2CXO J053523.8-053047,83.84934127261829,-5.513237779842389,209.14224294994284,-19.412599997982436,-0.77951280449719,-0.42348532167395,-0.53216739537789,3.4836743632358e-13,Or*,0.049768324143423796,stellar
2CXO J174540.0-290005,266.4169488235391,-29.00165578739717,359.94956187807725,-0.0430449162885069,0.99687695190506,0.99312929419113,0.32604622111181,1.1289373935878e-13,X,0.00345909600298842,stellar
2CXO J120309.6+443152,180.79003799523707,44.53129186156925,148.8831363471204,70.08517532591351,-0.23985009369144,0.28981886321049,-0.4946908182386,6.769324278417199e-12,SN*,0.8052969172699104,AGN
2CXO J173324.5-332320,263.3524788761431,-33.388920759040985,354.84089330576603,-0.1603976078660302,0.85946283572767,0.2423485321674,0.77576514678326,4.5090109260481e-14,Cl*,0.011834341111622544,stellar
2CXO J020537.9+644941,31.408008832108465,64.82812852677489,130.71938025312426,3.0841307682885333,0.31605246720799,0.18738288569644,0.13741411617739,1.1140838611663e-12,?,0.17297562032557767,stellar
2CXO J053517.5-052324,83.82317001509318,-5.39022449819885,209.01342635544688,-19.38023555626697,0.24359775140537,0.39100562148657,-0.20986883198001,2.4187569221703e-16,HH,0.08426474819963536,stellar
2CXO J053526.2-052736,83.85922298129185,-5.460211490164613,209.09680329139888,-19.37986618297701,-0.59587757651468,-0.28232354778264,-0.37726420986883,2.8525175397405e-13,Or*,0.09482226016318031,stellar
2CXO J043125.0+181616,67.85460168409918,18.27131340235043,178.79165804134996,-19.98898575075742,-0.79325421611493,-0.38975640224859,-0.58463460337289,1.3358258255605998e-12,Or*,0.017176574018926458,stellar
2CXO J053517.0-052232,83.82085945656968,-5.375840132128641,208.99872443614944,-19.37578011621567,-0.21486570893192,-0.11118051217989,-0.10618363522798,3.2205114231106e-13,Y*?,0.09203780380077181,stellar
2CXO J053520.7-051548,83.83648924580916,-5.263644146667898,208.90016232926823,-19.311115977759652,0.64084946908182,0.29731417863835,0.42348532167395,9.3603802888044e-13,Or*,0.34989656848527156,stellar
2CXO J053518.6-052033,83.8277762572958,-5.342698041143174,208.97069963766847,-19.35464275896545,0.069956277326671,-0.024984384759525,0.094940662086196,4.5273212947231e-13,Or*,0.193794085030632,stellar
2CXO J055211.3-072722,88.04740061438429,-7.456249842737554,212.9263428389406,-16.54532560496042,0.94940662086196,0.82698313554029,0.56714553404122,1.7586066509913e-11,ev,0.5530528099120198,AGN
2CXO J174536.3-290145,266.4014717576017,-29.02934470678912,359.9188763195302,-0.0459183202997478,0.99937539038101,0.95315427857589,0.99937539038101,2.2141362787419e-15,X,0.0,stellar
2CXO J013328.6+302723,23.36954427230114,30.456625309239858,133.56412430846294,-31.545703167022776,0.0074953154278576,0.1524047470331,-0.14490943160525,2.6287333620078996e-12,X,0.9123443201630352,AGN
2CXO J111459.4-611433,168.74783349494214,-61.24272911271317,291.59693999798844,-0.5116415662188505,0.75452841973766,0.32854465958776,0.56589631480325,5.0031917166208e-13,LP?,0.016316691571684284,stellar
2CXO J053514.8-052304,83.8119630024118,-5.38474648607148,209.00289690735173,-19.38770831781812,0.67707682698314,0.1524047470331,0.58213616489694,8.727241478856501e-15,Y*?,0.0025871873156073162,stellar
2CXO J133007.5+471106,202.53145909042723,47.18507060431736,104.73518314127486,68.55285824248102,-0.45596502186134,-0.20986883198001,-0.27108057464085,2.2318799513642e-13,UX?,0.8747193617931326,AGN
2CXO J024240.7-000047,40.66965926576995,-0.0132197439213806,172.1036719643945,-51.933710959066445,0.99937539038101,0.74453466583385,0.99937539038101,5.8498674185267e-13,IR,0.40947044902801966,stellar
2CXO J163231.9+823216,248.13311135123445,82.53785818812918,115.76376154301168,31.195859358599822,0.042473454091193,0.19362898188632,-0.15115552779513,5.6107513434541996e-12,ClG,0.8834403399964801,AGN
2CXO J203315.0+411850,308.3127742106194,41.3140111419732,80.22397438321312,0.7873226016398545,0.39725171767645,0.17489069331668,0.23985009369144,4.4068087603139e-12,SB*,0.09024121477411202,stellar
2CXO J053531.4-052516,83.8810062463699,-5.421161496357142,209.07027275758077,-19.34287106023535,-0.47095565271705,-0.21986258588382,-0.28107432854466,2.3919566600777e-13,Or*,0.014086409563319323,stellar
2CXO J053503.0-053001,83.76254769977061,-5.500487955863111,209.0887882326979,-19.483913892001247,-0.45846346033729,-0.21986258588382,-0.26608369768894,2.9249154157262e-13,Or*,0.09377602017417364,stellar
2CXO J053527.4-052628,83.86434058986038,-5.441170910513123,209.0812401548185,-19.36671556458852,-0.6158650843223,-0.2423485321674,-0.43972517176765,1.1772413260832e-13,Or*,0.04157986880529901,stellar
2CXO J004254.9+411603,10.728837373203532,41.26754429750061,121.20992701802228,-21.57570611070465,-0.036227357901312,0.089943785134291,-0.1261711430356,4.6654801766438e-13,X,0.45787495828072694,stellar
2CXO J053517.0-052339,83.821084041988,-5.394375052599811,209.01635465813732,-19.3839650880916,-0.17114303560275,-0.0737039350406,-0.098688319800125,4.7937639509295e-14,PoC,0.04760699181662882,stellar
2CXO J174536.6-290109,266.40264473877573,-29.019303466135515,359.9279812081527,-0.0415617658980578,0.87570268582136,0.96564647095565,-0.61711430356027,1.4019328940926e-15,X,0.0031130389560085543,stellar
2CXO J174534.2-290151,266.3928662487567,-29.030957103483864,359.9135792997288,-0.0403364496414031,-0.99937539038101,-0.23235477826359,-0.27482823235478,0.0,X,0.02332552383505284,stellar
2CXO J053505.6-052519,83.77350950705454,-5.422123302709435,209.01988280648595,-19.438756718378027,-0.26108682073704,-0.032479700187383,-0.22985633978763,4.2109546468476e-13,Or*,0.45112989936244097,stellar
2CXO J174534.2-290150,266.39265512301563,-29.03065918750435,359.9137373684989,-0.0400236473951881,-0.051217988757027,0.28981886321049,-0.24109931292942,,X,0.04009280490784381,stellar
2CXO J174536.8-290114,266.4035223809119,-29.020710125999063,359.9271804575829,-0.0429497418471157,0.89319175515303,0.80699562773267,0.18613366645846,5.6635622795979e-16,EmO,0.0,stellar
2CXO J133001.0+471343,202.5041793716836,47.22888453838398,104.83028539336878,68.52042090803081,0.046221111805122,0.18363522798251,-0.13866333541537,3.6762921996558e-13,Cl*,0.8203485829788646,AGN
2CXO J053515.9-052349,83.81648732279803,-5.397191781486491,209.01682346431133,-19.38932058841101,0.14366021236727,0.073703935040599,0.071205496564647,3.2697993278162996e-13,mm,0.09920036649699548,stellar
2CXO J174537.2-290125,266.40519662196834,-29.02388756371248,359.9252311967141,-0.0458548777845368,0.89943785134291,0.99937539038101,-0.99937539038101,1.4896336454999e-15,X,0.0,stellar
2CXO J053816.3-692331,84.56780201337017,-69.39209833315289,279.81023874228447,-31.676370312402547,-0.88694565896315,-0.45721424109931,-0.72204871955028,1.0065526851426e-12,LM*,0.16949140108738678,stellar
2CXO J053515.1-052254,83.81330421392886,-5.381763866865623,209.00071739911337,-19.38516820505448,0.55715178013741,0.19113054341037,0.40849469081824,7.847825586462799e-14,Or*,0.020829593792239302,stellar
2CXO J174536.3-290209,266.40127359184487,-29.035984722853584,359.91311863045263,-0.0492302492549059,0.80949406620862,0.92317301686446,-0.4946908182386,1.2600115428339e-15,X,0.0069993780488811245,stellar
2CXO J004545.5+413942,11.439904996768462,41.661736669466464,121.79446556893213,-21.197469764600527,0.13491567770144,0.22985633978763,-0.097439100562149,5.3782118520908996e-12,GlC,0.7455355869510306,AGN
2CXO J053521.3-052643,83.8391647772612,-5.445572810644538,209.07339287838695,-19.391060889424107,-0.55090568394753,-0.26733291692692,-0.33354153653966,1.7718408832477e-13,Or*,0.014529976998960612,stellar
2CXO J053514.6-052233,83.8110629419931,-5.376048568735613,208.9942439417844,-19.384572636470267,-0.2735790131168,-0.13991255465334,-0.13866333541537,2.3375176006856e-13,LM*,0.027925672089640648,stellar
2CXO J053516.8-052342,83.82011101582611,-5.395090174079594,209.0165662844431,-19.385152504574677,0.99937539038101,0.99937539038101,-0.1524047470331,5.5236379808529e-17,PoC,0.05169526655805996,stellar
2CXO J174534.5-290201,266.3940404961645,-29.03365718236217,359.9118098395199,-0.0426197692645794,0.99437851342911,0.99312929419113,0.012492192379763,5.3044026009962e-14,X,0.0013863390928725702,stellar
2CXO J174534.4-290102,266.39363201007586,-29.01743688565658,359.92546756857536,-0.0338623652856965,0.99937539038101,0.91442848219863,0.99937539038101,1.9406863866831e-15,X,0.0,stellar
2CXO J141309.9-652020,213.29136957562932,-65.33916214078448,311.32597239002484,-3.80800207329137,0.95315427857589,0.72954403497814,0.73454091193004,4.0175135416271e-12,X,0.3764992996780878,stellar
2CXO J174536.5-290208,266.4024561705636,-29.0356400735381,359.9139515379042,-0.0499331699574946,0.99937539038101,0.99937539038101,-0.99937539038101,8.505297453226601e-16,X,0.0,stellar
2CXO J053515.3-052333,83.8140836932863,-5.392605704176467,209.0113399508676,-19.38938044455987,-0.60087445346658,-0.32479700187383,-0.34103685196752,1.5767322922984e-14,Rad,0.002376972647575146,stellar
2CXO J174536.4-290210,266.4020497352519,-29.0361832437845,359.9133027711195,-0.0499128849869581,0.92567145534041,0.96064959400375,-0.38351030605871,4.5579135446063e-15,X,0.0004983501552795031,stellar
2CXO J113151.5-123200,172.96469949187338,-12.533340062855082,274.4271709122884,45.88779696738261,-0.27607745159275,0.011242973141786,-0.28607120549656,5.324001891705e-13,gLS,0.985689368071325,AGN
2CXO J031819.9-662910,49.58317781748264,-66.48647294896536,283.3402248943756,-44.64595943446961,0.18613366645846,0.21361648969394,-0.027482823235478,2.2076839082266997e-12,Cl?,0.7309671040188561,AGN
2CXO J054320.3-410154,85.83485172645908,-41.03192241343374,246.7697932606186,-29.72949335564369,0.368519675203,0.44472204871955,-0.091193004372267,8.849966273830499e-12,HS?,0.8744413198946341,AGN
2CXO J053515.5-052337,83.81467113311913,-5.393738205007432,209.01269114688725,-19.38937110958179,-0.10868207370394,0.024984384759525,-0.13241723922548,1.3116312998459001e-15,HH,0.09706598289255865,stellar
2CXO J053517.7-052314,83.82386789784681,-5.387464218576018,209.01114990966556,-19.378367330283147,-0.76202373516552,-0.40474703310431,-0.49594003747658,1.685114119667e-15,Y*?,0.011272894201712735,stellar
2CXO J053457.7-052353,83.74082998208405,-5.39820814773318,208.9816577046626,-19.45695590751377,0.2211118051218,0.026233603997502,0.19612742036227,3.7720441321274996e-13,Or*,0.06466094601223171,stellar
2CXO J141310.0-652044,213.2917036254464,-65.34571184643197,311.3240611496341,-3.814269558002031,0.66083697688944,0.37101811367895,0.38351030605871,1.3765916274887999e-12,X,0.40594837774160475,stellar
2CXO J174537.0-290110,266.4042215415518,-29.019643405714167,359.92840949179043,-0.0429157747030313,0.92317301686446,0.97189256714553,-0.50218613366646,4.5484748107868e-15,X,0.004499378048881124,stellar
2CXO J174536.7-290107,266.40327192180644,-29.018762517586623,359.92872868831853,-0.0417480227305249,0.8682073703935,0.99937539038101,-0.99937539038101,1.1216754044933e-15,X,0.0013863390928725702,stellar
2CXO J053511.6-051657,83.79844875872766,-5.282655220376466,208.8999436616224,-19.35349798429414,-0.25484072454716,-0.18988132417239,-0.068707058088695,2.1491651980112999e-13,X,0.01252937635910583,stellar
2CXO J174536.6-290211,266.40271963090754,-29.03640262581544,359.9134206992717,-0.0505271029499826,0.99937539038101,0.87820112429731,0.99937539038101,1.2484615059635e-15,X,0.0,stellar
2CXO J174533.8-290126,266.39084979330505,-29.024084244865836,359.9185263293688,-0.0352500133748102,0.99937539038101,0.99937539038101,-0.99937539038101,7.6279110209526e-16,X,0.0,stellar
2CXO J190140.8-365233,285.4201056780412,-36.87613780789543,359.99200916480754,-17.784436716799682,-0.088694565896315,0.10368519675203,-0.18988132417239,7.525036620699e-12,Ae*,0.9648523958561879,AGN
2CXO J034444.7+320402,56.18636300928239,32.06733795104293,160.58511755386084,-17.851620107914734,-0.44097439100562,-0.28107432854466,-0.18113678950656,9.8979064384521e-14,Or*,0.009431695464362852,stellar
2CXO J053516.7-052404,83.81987130647644,-5.401148280066322,209.0221796622357,-19.388105387077267,0.074953154278576,0.081199250468457,-0.0062460961898814,2.2947728539059e-13,Or*,0.198733209131985,stellar
2CXO J174536.1-290149,266.4007395030054,-29.03034243297349,359.91769112642453,-0.0458917173266995,0.99937539038101,0.99937539038101,-0.54840724547158,5.0990060163083005e-15,X,0.0013863390928725702,stellar
2CXO J053517.8-052315,83.82425098204624,-5.3876678828639815,209.01152533406665,-19.37811931346988,-0.57339163023111,-0.24984384759525,-0.37726420986883,1.3748694117368e-14,Y*?,0.015667288772037855,stellar
2CXO J174536.8-290124,266.403708865633,-29.02349636782796,359.92488727297547,-0.0445406668073287,0.95440349781387,0.92442223610244,0.16989381636477,2.361190670715e-15,X,0.003169944511420677,stellar
2CXO J193030.1+185214,292.62556349696706,18.8705548144467,54.09620678251844,0.2651784496432456,0.95065584009994,0.67582760774516,0.7682698313554,1.1158193627577999e-12,Rad,0.04696378807985204,stellar
2CXO J053511.9-052032,83.79986820246728,-5.34250361596113,208.9571860868279,-19.37933306420133,0.38226108682074,0.086196127420362,0.30605871330418,1.7133297022876999e-13,Rad,0.048037021705939126,stellar
2CXO J174534.2-290200,266.3928996153991,-29.03357225876851,359.91136250491934,-0.0417241497455254,0.99937539038101,0.93941286695815,-0.098688319800125,8.720141622517501e-16,X,0.0023580873241536753,stellar
2CXO J095532.9+690033,148.88748378853188,69.00939831293013,142.1525088892631,40.93201665906217,-0.21736414740787,0.1261711430356,-0.33479075577764,4.0622188548122e-12,HII,0.9979310622088255,AGN
2CXO J095550.7+694043,148.96113679565525,69.67879963321302,141.4123849088526,40.5654233120527,0.99937539038101,0.52342286071205,0.99937539038101,2.1285026667952e-13,PoG,0.5104254015241421,AGN
2CXO J053516.9-052300,83.82073815729296,-5.3835985957511845,209.00600119898195,-19.379397609989464,0.16239850093691,-0.0049968769519051,0.16739537788882,4.5349092084772006e-15,Rad,0.013018083805274163,stellar
2CXO J053526.1-052005,83.85905836943829,-5.334977708005488,208.97834194738545,-19.32337452893978,0.27108057464085,-0.018738288569644,0.28856964397252,7.8731661742149e-14,Or*,0.04550953849222722,stellar
2CXO J113151.3-123157,172.96399097967765,-12.532769644529733,274.4259197045596,45.88800962707024,-0.10868207370394,0.097439100562149,-0.20487195502811,1.0424457402341e-13,gLS,0.8141300691411917,AGN
2CXO J174535.3-290220,266.3973460931087,-29.03897442561427,359.9087776145291,-0.0478572790922465,0.99937539038101,0.99937539038101,0.99937539038101,3.2138098853704002e-15,X,0.0013863390928725702,stellar
2CXO J004259.6+411919,10.748547660718202,41.32204716479949,121.22791366489936,-21.52176180602473,-0.038725796377264,0.079950031230481,-0.11742660836977,4.0915198226799e-13,GlC,0.41730423184736876,stellar
2CXO J053833.4-691158,84.6393859649196,-69.19974643264861,279.58229184706795,-31.67374441195193,0.8107432854466,0.59587757651468,0.40849469081824,9.8609065447131e-14,X,0.8181183664579232,AGN
2CXO J045510.9+302159,73.79577579374723,30.366384721218967,172.56770325076985,-8.193403731983862,-0.77826358525921,-0.33104309806371,-0.60212367270456,3.6748976428555997e-13,Pl?,0.09171764621008748,stellar
2CXO J053520.0-052105,83.83354812390473,-5.351633629371698,208.98190155713291,-19.35356173711866,0.83073079325422,0.45346658338538,0.60462211118051,2.9685097464045997e-13,Or*,0.02539107606437147,stellar
2CXO J190134.8-370056,285.3952338888096,-37.01586467897909,359.8475013473932,-17.81586446576215,-0.71455340412242,-0.32354778263585,-0.50968144909432,1.3917357171638998e-12,Or*,0.01059873104485426,stellar
2CXO J140319.6-412258,210.83177034876724,-41.38303504046227,317.14880945902064,19.495628364620163,-0.56589631480325,-0.1261711430356,-0.47220487195503,1.6365140112663998e-12,ULX,0.09868783726308393,stellar
2CXO J174535.9-290052,266.3998741073076,-29.01452516149049,359.93079715700924,-0.0370040423400707,0.72579637726421,0.99937539038101,-0.99937539038101,3.2739167715585004e-16,X,0.0009590960029884197,stellar
2CXO J004242.5+405152,10.677315624276504,40.86458370587862,121.15247593743452,-21.977003759837576,0.0,0.12866958151156,-0.12742036227358,8.5771904591423e-13,X,0.8236363911509019,AGN
2CXO J095550.9+694045,148.9624668840782,69.67916267220548,141.41164208548085,40.56558680927623,0.99937539038101,0.99937539038101,0.99937539038101,3.9475369967941e-14,PoG,0.21888572874381043,stellar
2CXO J004257.9+411104,10.741281768988983,41.18464645346889,121.21682399832768,-21.65888388803744,-0.064959400374766,0.06371018113679,-0.12866958151156,4.2378240027222e-13,X,0.5492277732863172,AGN
2CXO J053515.5-052514,83.81482252638943,-5.420608491186811,209.03817059599012,-19.401388889255472,-0.27232979387883,-0.15615240474703,-0.1211742660837,1.4374923036567e-13,Or*,0.022568361117964977,stellar
2CXO J053518.8-052141,83.82856415877927,-5.361440021759343,208.98879077564797,-19.36242413559064,-0.36227357901312,-0.1948782011243,-0.18113678950656,9.0412882085647e-14,Or*,0.0013863390928725702,stellar
2CXO J030826.2+040639,47.1093061208623,4.11093287190864,174.85811928079073,-44.51333916792328,-0.32729544034978,-0.031230480949407,-0.29856339787633,2.4295227881092e-12,SN*,0.9456180280162008,AGN
2CXO J174536.5-290058,266.40249340774244,-29.016244249245634,359.9305233843226,-0.039854820105028,0.58213616489694,0.79075577763898,-0.4159900062461,4.2830389676694003e-16,X,0.006742790853015089,stellar
2CXO J053517.8-051835,83.82454293965435,-5.30977559357222,208.93804112190696,-19.342611495045517,0.88819487820112,0.48094940662086,0.70955652717052,3.0234225782492997e-13,X,0.02848444329339851,stellar
2CXO J053526.3-052539,83.8598193175788,-5.427825596992786,209.06646571497896,-19.36469725659057,-0.097439100562149,-0.10618363522798,0.0074953154278576,1.172222749962e-13,Or*,0.009021210277321496,stellar
2CXO J053527.2-052336,83.86376336600165,-5.393486144525904,209.03588476893063,-19.345667176182804,0.0062460961898814,-0.052467207995003,0.058713304184884,1.2578671924256999e-13,Or*,0.012684991413356122,stellar
2CXO J174535.2-290048,266.3968337574938,-29.013567553723345,359.930229050514,-0.0342357533972105,0.99937539038101,0.86445971267958,-0.13741411617739,1.1126857792248001e-15,X,0.0,stellar
2CXO J174537.5-290125,266.4064760919131,-29.023796399238336,359.9258919257459,-0.046762315174286,0.92816989381636,0.99937539038101,-0.99937539038101,2.977164204267e-15,X,0.0,stellar
2CXO J174540.6-290001,266.4192319241772,-29.00052445265225,359.95156779691405,-0.044160046482908,0.99937539038101,0.99937539038101,-0.841973766396,3.8542515737729004e-15,X,0.0019719662058371736,stellar
2CXO J053509.7-052128,83.79069681117608,-5.357861204938532,208.96732337280224,-19.39442602486454,0.56589631480325,0.077451592754528,0.51093066833229,1.4497823934641e-13,Or*,0.016369515290333727,stellar
2CXO J184736.6-015633,281.90271396612934,-1.9425992154530167,30.76685286377222,-0.0346445431897365,0.98313554028732,0.97064334790756,0.24984384759525,1.0749242441837e-12,HII,0.021438023987737212,stellar
2CXO J013324.4+304402,23.35174695828084,30.73400020331544,133.4847312844447,-31.276295689780188,-0.01998750780762,0.06371018113679,-0.08369768894441,7.205148239556699e-13,X,0.6931724859657887,AGN
2CXO J053527.7-051804,83.86561704805649,-5.301243037898595,208.94959949645647,-19.302281692880324,0.59837601499063,0.18238600874453,0.46720799500312,2.6369715268042e-13,Or*,0.01669975452419381,stellar
2CXO J053601.9-051736,84.0079212223028,-5.293477969028418,209.01020054704105,-19.1724188556668,-0.6945658963148,-0.28856964397252,-0.50718301061836,1.9188085551510998e-13,Or*,0.0,stellar
2CXO J174536.7-290121,266.40324328442966,-29.02256660211762,359.9254687345496,-0.043708735240549,0.99937539038101,0.74453466583385,0.99937539038101,9.448424753428501e-16,X,0.0009590960029884197,stellar
2CXO J141312.1-652013,213.30079219457127,-65.33715816448654,311.33034231835063,-3.8073222759833976,0.77951280449719,0.41224234853217,0.5421611492817,8.304876129623199e-13,X,0.1856417988944824,stellar
2CXO J174537.2-290107,266.405091667162,-29.018881236120095,359.9294564785631,-0.0431681059350583,0.94815740162398,0.89319175515303,0.28107432854466,2.3874686614591e-15,X,0.008322812129621158,stellar
2CXO J174533.7-290138,266.390303280509,-29.02760658229013,359.91527106592133,-0.0366777689452336,0.99937539038101,0.99937539038101,-0.99937539038101,8.810587540718301e-15,X,0.0,stellar
2CXO J174537.6-290144,266.4068595563085,-29.02900757394459,359.92161864210743,-0.0497636195060662,0.99437851342911,0.99937539038101,-0.2473454091193,1.6745639176131e-14,X,0.008140260872537355,stellar
2CXO J174534.0-290201,266.3919408212105,-29.03373170981457,359.9107895574752,-0.0410917615067455,0.93191755153029,0.97064334790756,-0.50968144909432,3.3234108129137003e-15,X,0.004499378048881124,stellar
2CXO J094541.9-141934,146.42468411517024,-14.32644169772755,249.7057748841281,28.7805174000025,0.73454091193004,0.44971892567146,0.42598376014991,5.287663115112799e-12,HII,0.8683811007515119,AGN
2CXO J174533.9-290102,266.39134648100355,-29.017527919094448,359.924348347575,-0.0322040058381559,-0.99937539038101,-0.54840724547158,-0.58463460337289,0.0,X,0.012437853357849827,stellar
2CXO J053502.0-052636,83.75868200616515,-5.443451668490311,209.0329790041152,-19.461566582949228,-0.57214241099313,-0.2948157401624,-0.33354153653966,1.229495010501e-13,Or*,0.024271400976675444,stellar
2CXO J174536.1-290051,266.4004638661652,-29.014224617508543,359.9313224117972,-0.0372876353909594,0.81698938163648,0.99937539038101,-0.99937539038101,6.5668046825876e-16,X,0.0,stellar
2CXO J132959.0+471318,202.4960781431101,47.221812257566,104.8361468284356,68.52912038448075,0.67457838850718,0.25484072454716,0.50718301061836,2.1922792968691e-13,X,0.6217166634243295,AGN
2CXO J174536.4-290053,266.4019278031567,-29.01498417943755,359.9313411692815,-0.0387760953137205,0.99937539038101,0.99937539038101,-0.99937539038101,1.5528363548195e-15,X,0.0,stellar
2CXO J053516.4-052256,83.81870116928911,-5.382337974783622,209.00383690124983,-19.380635984374955,0.94565896314803,0.49594003747658,0.8369768894441,5.3114137343232e-15,IR,0.005272678185745141,stellar
2CXO J053509.0-052959,83.78778431203631,-5.499850267514782,209.1002238136288,-19.461215832957212,-0.74328544659588,-0.40099937539038,-0.48844472204872,1.5200381441406e-13,Or*,0.018431694445778503,stellar
2CXO J174533.5-290130,266.3898304007582,-29.025269306279487,359.9170503866952,-0.0351068306609239,0.48719550281074,0.6158650843223,-0.23485321673954,2.8702183731796003e-16,X,0.007860814703142656,stellar
2CXO J174536.0-290050,266.4001137811722,-29.01400899468531,359.93134692661846,-0.0369139782148953,-0.99937539038101,-0.99937539038101,-0.51093066833229,0.0,X,0.007974511541360346,stellar
2CXO J053523.3-051850,83.84748951013694,-5.314034213431799,208.95302669142885,-19.32416659794301,-0.48219862585884,-0.23485321673954,-0.27857589006871,1.1268371215058e-13,Or*,0.013049175490431724,stellar
2CXO J230108.2+585244,345.2842585617509,58.87906647981104,109.08724029013338,-0.9956396747970672,0.43597751405372,-0.049968769519051,0.47470331043098,1.477998541989e-12,?,0.015394610586292714,stellar
2CXO J053450.7-052401,83.71130286193937,-5.400462114070857,208.96968487995736,-19.48419172429085,-0.7945034353529,-0.45221736414741,-0.53341661461587,1.2180548325411e-13,Or*,0.007608279982096098,stellar
2CXO J174537.5-290153,266.406506859273,-29.031394719669773,359.9194204274987,-0.0507441411251887,0.75078076202374,0.99937539038101,-0.99937539038101,7.682123768118501e-16,X,0.0009590960029884197,stellar
2CXO J053500.1-052301,83.75046516343696,-5.383909194156669,208.97273631067264,-19.44193224258021,-0.55215490318551,-0.14865708931918,-0.43972517176765,6.769657550961e-14,Or*,0.04729043455491024,stellar
2CXO J053523.6-052331,83.84856336762954,-5.392206855816132,209.0274213491823,-19.35858506188785,0.077451592754528,-0.077451592754529,0.15365396627108,5.9749222843051e-14,Y*?,0.012198194321551099,stellar
2CXO J174534.9-290118,266.3957436777423,-29.02193221392085,359.9225930807278,-0.0377809188354302,0.99937539038101,0.99562773266708,0.16239850093691,1.8468903337375e-14,X,0.0,stellar
2CXO J053506.2-052202,83.77616486388877,-5.367441687564042,208.96944013334212,-19.41166355396688,0.59837601499063,0.11992504684572,0.5159275452842,1.7538754884047e-13,Or*,0.0574959493298921,stellar
2CXO J053514.5-052315,83.81059664813199,-5.387773688122032,209.00510664019217,-19.390290885689097,0.99937539038101,0.99937539038101,-0.99937539038101,6.5062554260075e-15,X,0.019307775739057266,stellar
2CXO J174533.6-290140,266.3900848316441,-29.02786456791171,359.91495134057806,-0.0366491938874817,-0.99937539038101,-0.99937539038101,0.011242973141786,,X,0.0030144304054914666,stellar
2CXO J053516.3-052403,83.81823877519412,-5.400919485552216,209.02118405974156,-19.38945145895879,-0.059962523422861,-0.02998126171143,-0.02998126171143,1.2790444086698e-13,X,0.10187749081181732,stellar
2CXO J132518.2-430304,201.3260296582198,-43.05136852805127,309.4811865930669,19.38930187547425,-0.13616489693941,-0.0012492192379763,-0.13491567770144,5.9940233983892e-13,UX?,0.3892536591440777,stellar
2CXO J174536.7-290056,266.4030105797542,-29.015810690334057,359.9311290868512,-0.0400149321508082,0.50218613366646,0.81948782011243,-0.55965021861337,5.080041040529901e-16,X,0.011763911698858022,stellar
2CXO J053504.7-051742,83.76983550460642,-5.295056423812754,208.89798685222567,-19.384516429049643,0.27982510930668,0.071205496564647,0.21236727045596,1.1253679367593e-13,Or*,0.05488716898818015,stellar
2CXO J174537.2-290104,266.4050258870261,-29.01783795933274,359.9303169856087,-0.0425754312196195,0.87320424734541,0.8682073703935,-0.096189881324172,8.795715762367101e-16,X,0.0018597371688741724,stellar
2CXO J053452.7-052753,83.7198608856985,-5.464969468821184,209.0348052194514,-19.50576517212933,-0.35352904434728,-0.1736414740787,-0.19113054341037,1.3826686935482e-13,Or*,0.0025,stellar
2CXO J174537.2-290207,266.40529229450635,-29.035406279871623,359.9154430928811,-0.051927843534284,0.52841973766396,0.76951905059338,-0.41723922548407,5.037750353838701e-16,X,0.006742790853015089,stellar
2CXO J053520.1-052133,83.83389833405613,-5.359334612651801,208.98934767924865,-19.35673539305651,-0.16364772017489,-0.13741411617739,-0.027482823235478,1.4208390553951998e-13,Or*,0.016398182924896643,stellar
2CXO J125614.2+565225,194.0593609656288,56.87367272666528,121.610776818422,60.24226619947654,0.59337913803873,0.66208619612742,-0.11367895065584,6.3088639148772e-13,Rad,0.9155015346261345,AGN
2CXO J174534.8-290217,266.3954029235906,-29.038345562763872,359.9084290685475,-0.0460795727766061,0.86445971267958,0.99937539038101,-0.99937539038101,1.9606400715156e-15,X,0.0,stellar
2CXO J004221.4+411601,10.589474781312616,41.26698498172958,121.09733898617844,-21.57241610719883,0.081199250468457,0.058713304184884,0.023735165521549,3.5519709786500997e-13,XB?,0.2990213599823781,stellar
2CXO J053514.9-052328,83.81222442428225,-5.391395109736795,209.00930773420072,-19.39048370900282,0.077451592754528,-0.032479700187383,0.10993129294191,3.8594037932309996e-15,Or*,0.016337394552994936,stellar
2CXO J174535.8-290046,266.3992408182246,-29.01299526085384,359.9318143755527,-0.0357341714612723,0.8682073703935,0.91817613991255,-0.4422236102436,9.593605343416e-16,X,0.0013863390928725702,stellar
2CXO J081331.2+254502,123.38038167484984,25.75086766668838,196.88098160091783,28.627164941723795,-0.23360399750156,0.014990630855715,-0.2473454091193,4.751314748207e-13,mm,0.995118113281606,AGN
2CXO J053513.6-051954,83.8067552135991,-5.33188189990455,208.95043596738088,-19.36841100372531,0.79700187382886,0.39225484072455,0.58838226108682,4.0363297443028997e-13,PoC,0.09680103240204037,stellar
2CXO J053518.0-052205,83.82511465770654,-5.36815080618743,208.99348721193607,-19.368523180604505,0.62460961898813,0.12742036227358,0.53966271080575,1.0213777767021e-13,Or*,0.07655053869237124,stellar
2CXO J174533.5-290128,266.3896170209389,-29.024703050255216,359.917436435464,-0.0346524907199592,0.7632729544035,0.99937539038101,-0.99937539038101,7.4297968650413e-16,X,0.0009590960029884197,stellar
2CXO J130522.2-492912,196.3426873391876,-49.48672834097241,305.2564831507901,13.322123293397844,0.28856964397252,0.12866958151156,0.16489693941287,6.0981394558091e-13,X,0.35179263546050576,stellar
2CXO J042922.7+003707,67.34466163420655,0.618777704094208,194.29592204516484,-30.800576144367653,-0.48344784509681,-0.033728919425359,-0.45596502186134,1.8481705370031998e-12,CV?,0.7852806710030437,AGN
2CXO J004207.7+411814,10.532243661423252,41.3041369122008,121.0526678139216,-21.53364105946815,0.12866958151156,0.13116801998751,-0.0024984384759525,4.3614871708979997e-13,XB?,0.38619093834835033,stellar
2CXO J174537.7-290130,266.4074193767243,-29.02527677022849,359.92505810176755,-0.0482376333226603,0.85946283572767,0.99937539038101,-0.99937539038101,4.891337724834e-16,X,0.0,stellar
2CXO J053514.3-052253,83.80983535552713,-5.381694890606369,208.99899594623076,-19.38821697682896,0.97439100562149,0.5471580262336,0.91317926296065,2.2749947265043e-14,X,0.008015379607281667,stellar
2CXO J174535.9-290047,266.39999225050747,-29.013117434815168,359.93205251001035,-0.0363587066206533,0.79700187382886,0.92692067457839,-0.5946283572767,1.4839690337351001e-15,X,0.0031130389560085543,stellar
2CXO J224030.2+032130,340.1259293805865,3.3583622300194182,71.79857066497887,-46.10860626581076,0.14865708931918,0.12242348532167,0.026233603997502,1.0294021692237e-13,LeI,0.6798446843610726,AGN
2CXO J053521.6-052526,83.84028771203168,-5.424044535310539,209.0535719553025,-19.38033095390505,-0.39100562148657,-0.24984384759525,-0.15615240474703,5.6038013717336e-14,Or*,0.014723548644437746,stellar
2CXO J174535.1-290224,266.39656674217247,-29.040242584818643,359.9073401803167,-0.0479365449066725,0.99937539038101,0.99937539038101,-0.99937539038101,2.1917791393425003e-15,X,0.0,stellar
2CXO J004732.9-251748,11.887447071632153,-25.29703031610049,97.25092556888976,-87.97175895407565,0.35852592129919,0.31730168644597,0.046221111805122,1.6717394512523e-12,ULX,0.9070986261742402,AGN
2CXO J174537.0-290058,266.40422773242267,-29.01621973509206,359.9313345377322,-0.0411365443414855,0.84821986258588,0.99937539038101,-0.99937539038101,1.0190325564129e-15,X,0.0,stellar
2CXO J174537.7-290155,266.40716007546825,-29.031950887733124,359.9192432850238,-0.0515214088251224,0.93566520924422,0.89569019362898,0.18113678950656,3.5673626792732e-15,X,0.006936473036748587,stellar
2CXO J175024.4-290215,267.60177210159827,-29.03756317000613,0.4541575910804403,-0.9486581605734384,0.89319175515303,0.22860712054966,0.83447845096814,4.9739204900526e-14,X,0.005272678185745141,stellar
2CXO J174536.3-290222,266.40135446630734,-29.039599980174124,359.9100697678277,-0.0511743503376884,0.99937539038101,0.99937539038101,-0.99937539038101,2.732011674622e-15,X,0.0,stellar
2CXO J174537.3-290211,266.4057854742098,-29.036642073807265,359.9146129542325,-0.052939765246947,0.91817613991255,0.94316052467208,-0.3210493441599,9.4604182280981e-16,X,0.0,stellar
2CXO J174533.8-290159,266.39092506506563,-29.03310792697492,359.9108591235721,-0.0400087055487078,0.99937539038101,0.94316052467208,0.052467207995003,1.5841747931682e-15,X,0.0,stellar
2CXO J174533.4-290138,266.38950929448083,-29.027431345286203,359.91505882530544,-0.0359939223166878,0.99937539038101,0.99937539038101,-0.99937539038101,9.6899265502898e-16,X,0.0,stellar
2CXO J132527.0-430104,201.3626305800524,-43.01804316759558,309.5141936285751,19.418578008051814,0.99937539038101,0.92816989381636,0.99937539038101,1.3479409709644e-13,X,0.010713458764604604,stellar
2CXO J053517.9-051613,83.82495830383232,-5.270391217301915,208.901025733958,-19.32440888007983,0.50218613366646,0.088694565896315,0.43222985633979,1.5587037029629e-13,Or*,0.039357583790468394,stellar
2CXO J053513.5-052355,83.80661615527782,-5.398709732101194,209.0135463628615,-19.398771863758583,0.98563397876327,0.90568394753279,0.74328544659588,3.9944629460246996e-13,mm,0.04578203571117842,stellar
2CXO J192433.0+501429,291.137810404917,50.24140606046176,81.85803732295837,15.579891088875902,0.45596502186134,0.62585883822611,-0.23735165521549,1.7131325451424998e-12,Sy*,0.8636855134420549,AGN
2CXO J073625.5+653539,114.10641290849418,65.59436948879733,150.57672927699278,29.14104893604054,-0.09369144284822,-0.026233603997502,-0.067457838850718,9.639795623123e-13,Rad,0.48417868391212093,stellar
2CXO J053513.6-053057,83.80674090463896,-5.516094978208545,209.1246348392827,-19.451721168516,-0.53966271080575,-0.26483447845097,-0.3210493441599,8.579939217801799e-14,Or*,0.010246371580412505,stellar
2CXO J123959.4-113722,189.99764994240763,-11.62304757648459,298.4606122140467,51.14929053753291,0.026233603997502,0.098688319800125,-0.0737039350406,8.222850334266699e-13,GlC,0.9015184322882981,AGN
2CXO J001918.7+590820,4.828274048728758,59.13892974008223,118.81462146882512,-3.4757641771443435,-0.67707682698314,-0.25234228607121,-0.51217988757027,1.4305045415381998e-12,SB*,0.025286431480088828,stellar
2CXO J083141.6+524517,127.92378018114836,52.75486999041732,165.75474336394902,36.24051221043212,0.0074953154278576,0.1211742660837,-0.11492816989382,4.5476600650312e-13,mm,0.8297245869383493,AGN
2CXO J053516.0-052306,83.81692919817476,-5.385312115689884,209.005802704228,-19.383554713041303,-0.2998126171143,-0.14865708931918,-0.15740162398501,7.2879419016033e-14,HH,0.018203740394570733,stellar
2CXO J174537.8-290127,266.40756626250527,-29.02429055728832,359.925966801906,-0.0478334340890449,0.85571517801374,0.94316052467208,-0.4946908182386,1.3860437172102e-15,X,0.0069993780488811245,stellar
2CXO J053516.3-052248,83.81810692931055,-5.380269082727,209.0015972655897,-19.380227688343616,-0.28357276702061,-0.14116177389132,-0.12866958151156,1.9887838164712e-16,Or*,0.014644420121690765,stellar
2CXO J161736.2-510224,244.4008896613377,-51.040220373518,332.4288907347366,-0.3737738366009956,0.91193004372267,0.45721424109931,0.77951280449719,1.7738479017064998e-12,X,0.09876977467277813,stellar
2CXO J053516.0-052036,83.81694560919811,-5.343396456465595,208.96618706313228,-19.364574927361524,-0.31730168644597,-0.12742036227358,-0.19737663960025,9.188043478849499e-14,PoC,0.04521035351496528,stellar
2CXO J174538.0-290022,266.40863736878714,-29.006255093778297,359.9418490353612,-0.0392363354265168,0.99562773266708,0.99312929419113,0.16739537788882,1.7842727416132998e-13,X,0.0009590960029884197,stellar
2CXO J174537.8-290142,266.40784713972016,-29.0285622946881,359.922448614134,-0.0502686799950687,0.91442848219863,0.96814490943161,-0.40599625234229,3.0906741931917003e-15,X,0.0013863390928725702,stellar
2CXO J053530.4-052422,83.87705170841463,-5.406400208256481,209.0544325236401,-19.3397080918382,-0.65084322298563,-0.31105559025609,-0.42598376014991,3.8044749742282e-14,Or*,0.0029310622088255934,stellar
2CXO J174537.6-290204,266.4067201504856,-29.03465336615089,359.91673618534344,-0.0526011292709265,0.94440974391006,0.8844472204872,0.27108057464085,1.7880703275667e-15,X,0.005550133943876017,stellar
2CXO J104544.1-592428,161.43384950821417,-59.40786754431136,287.54399720755407,-0.3448286775414919,-0.6945658963148,-0.3997501561524,-0.40724547158026,1.5139341509900998e-12,SB*,0.04241085911840984,stellar
2CXO J053531.2-051855,83.88030110389593,-5.315482551524583,208.97006516815745,-19.295690354333377,-0.69331667707683,-0.24359775140537,-0.53966271080575,6.5537632234481e-14,Or*,0.026584430440013858,stellar
2CXO J174534.1-290051,266.3921249120424,-29.014281594337223,359.927473766143,-0.0310932517988307,0.81324172392255,0.99937539038101,-0.99937539038101,4.553354415824101e-16,X,0.0,stellar
2CXO J053518.8-051613,83.82874512751494,-5.270454561235948,208.9028953605729,-19.32107567433453,-0.79825109306683,-0.38850718301062,-0.59337913803873,9.790920887148199e-14,Or*,0.012049808745968981,stellar
2CXO J131327.4+363538,198.36446435902255,36.59386974089207,98.06009692533732,79.44791400748788,0.034978138663335,0.24859462835728,-0.21486570893192,4.0262614208954e-12,rB,0.9901386903033901,AGN
2CXO J053519.6-051325,83.83189774931225,-5.223843308662494,208.86037155202652,-19.29716112762155,0.76202373516552,0.2948157401624,0.60212367270456,7.349925080654099e-14,Or*,0.00638633909287257,stellar
2CXO J053458.7-052117,83.74496075934752,-5.354930256101441,208.9427023336833,-19.433706150580534,0.18113678950656,0.0012492192379763,0.17988757026858,9.664643569022e-14,Or*,0.03198184959155684,stellar
2CXO J004243.7+411632,10.68225045320429,41.27564110395625,121.17261322046124,-21.56635512032793,-0.0074953154278576,0.10868207370393,-0.11617738913179,2.4500483379022e-13,X,0.559937668278996,AGN
2CXO J123048.4+122333,187.70211365825423,12.392462474656233,283.76295213479784,74.49131738087915,-0.61086820737039,-0.1686445971268,-0.49344159900062,1.1861729030853998e-13,Gl?,0.8113129460106304,AGN
2CXO J174533.6-290158,266.39032106847344,-29.03302962770974,359.9106507407281,-0.0395171822780621,0.99937539038101,0.62336039975016,0.72454715802623,4.8954513983269e-16,X,0.00373177418873356,stellar
2CXO J004722.6-252050,11.84427142322403,-25.34758696516694,95.62141709441264,-88.00003687886141,-0.42723297938788,-0.14241099312929,-0.30231105559026,4.6856889184435e-13,ULX,0.7004323446127136,AGN
2CXO J095534.8+690408,148.89548070771752,69.06888316831052,142.08596495100048,40.90011014195282,-0.058713304184885,0.22236102435978,-0.27857589006871,1.8325310845769e-14,X,0.4731548980288485,stellar
2CXO J053610.5-051945,84.04389287640697,-5.32933926955467,209.06121505843183,-19.156706052443223,-0.60587133041849,-0.20112429731418,-0.46096189881324,2.9233550338806996e-13,Or*,0.11235428118580265,stellar
2CXO J013451.8+302909,23.716238519622948,30.48598770816218,133.90129786128995,-31.45907405812786,0.092442223610244,0.18238600874453,-0.092442223610244,2.094354930452e-12,X,0.8624263692418271,AGN
2CXO J182432.4-245208,276.1354271956561,-24.86888901483588,7.798372397211679,-5.578943218938417,0.33728919425359,0.24859462835728,0.097439100562149,5.326192379307699e-13,X,0.30329130687743955,stellar
2CXO J053514.9-052339,83.81229194365977,-5.394227002107601,209.01201748147068,-19.391704699836573,-0.56589631480325,-0.30356027482823,-0.316052467208,5.7390664961351e-14,HH,0.03657041188525481,stellar
2CXO J053455.9-052926,83.73328892325202,-5.490705822029068,209.06556988440437,-19.505474520623004,-0.38975640224859,-0.16989381636477,-0.23485321673954,9.561782516514e-14,Or*,0.014744644391582313,stellar
2CXO J175233.2-293946,268.13871173606697,-29.662794149455884,0.1552993671731174,-1.6702410211855876,-0.26608369768894,-0.096189881324172,-0.1736414740787,1.3947303612731e-13,X,0.011087354301794795,stellar
2CXO J174533.7-290057,266.39057088917684,-29.016041646233237,359.9252633970675,-0.0308506034241102,0.99937539038101,0.91692692067458,0.031230480949407,5.656192575163301e-16,X,0.0,stellar
2CXO J195932.9+404340,299.8876843237655,40.72790888359731,76.19242402536608,5.739616233060708,0.21486570893192,0.21111805121799,0.0049968769519051,1.6867777982149998e-13,Rad,0.1556870316591298,stellar
2CXO J053525.0-052258,83.85442112602902,-5.382923098164854,209.02144145768776,-19.349184678315407,0.38351030605871,0.087445346658338,0.30480949406621,1.2442223993534e-13,Or*,0.0535524013132208,stellar
2CXO J053511.8-052103,83.79952677903532,-5.350947283833542,208.96500481080983,-19.383457504974597,0.67832604622111,0.21111805121799,0.54590880699563,1.5195705183657e-13,Or*,0.0038863390928725707,stellar
2CXO J004334.3+411323,10.892982479932869,41.2230949654102,121.34095474288866,-21.62435241266894,-0.08369768894441,0.039975015615241,-0.12367270455965,5.2861845882128e-13,X,0.4785087423953348,stellar
2CXO J174537.1-290055,266.40493524278395,-29.01547365114339,359.9322937148293,-0.0412759005091697,0.83947532792005,0.87195502810743,-0.26983135540287,7.6277722141062e-16,X,0.0013863390928725702,stellar
2CXO J174540.3-290009,266.4180923525332,-29.00259488964824,359.9492812737845,-0.0443878381735395,0.99937539038101,0.9419113054341,0.99937539038101,2.0716096939017e-15,X,0.0,stellar
2CXO J053448.8-052317,83.70345616573155,-5.388326971950807,208.95445625628412,-19.48566818850942,-0.54965646470956,-0.26983135540287,-0.32854465958776,6.070814204399099e-14,Or*,0.02995756156773647,stellar
2CXO J174537.6-290209,266.4068509037289,-29.036099581080013,359.91556133522033,-0.0534522080570962,0.67707682698314,0.69706433479076,-0.072454715802623,3.9407584154326e-16,X,0.00951546903876023,stellar
2CXO J224317.4+444111,340.8225476507329,44.68644189058199,100.21133449354303,-12.458199579437036,-0.52217364147408,-0.15365396627108,-0.40099937539038,1.5964818698534e-12,Ro*,0.06437670360389573,stellar
2CXO J174535.7-290114,266.3988408122134,-29.020781298807773,359.92498662331883,-0.0394927035919104,0.85571517801374,0.94940662086196,-0.53841349156777,8.712649374325501e-16,X,0.004499378048881124,stellar
2CXO J053514.0-051951,83.80854286125623,-5.331091488836004,208.9505428524919,-19.36646609365984,-0.78825733916302,-0.41973766396002,-0.55215490318551,4.7103623461539e-14,Or*,0.0041290405144090965,stellar
2CXO J095652.4+411522,149.21844281110936,41.256236405400536,179.7859624736622,51.70916490554741,-0.49094316052467,-0.096189881324172,-0.41474078700812,6.2177718871390996e-12,HVC,0.9270796901544915,AGN
2CXO J053554.3-052644,83.97638559031066,-5.445611832595096,209.1388586603688,-19.269225798117915,-0.33728919425359,-0.10243597751405,-0.24359775140537,2.6840995954081997e-13,Y*?,0.08554234572139074,stellar
2CXO J190714.3+091919,286.80967313228746,9.322104260412422,43.020912446793794,0.7655730895081333,0.96814490943161,0.66458463460337,0.85071830106184,3.2112484654444e-12,Rad,0.066063020991501,stellar
2CXO J123049.0+122329,187.7043398807623,12.39165374675036,283.77161645619003,74.49119611714272,-0.5683947532792,-0.1736414740787,-0.43722673329169,1.2745812360105e-13,PoG,0.8706349865139958,AGN
2CXO J053521.6-052146,83.8403373906014,-5.363063967883314,208.99594708152293,-19.35270561924328,0.18613366645846,0.054965646470956,0.13366645846346,6.7110348769275e-14,Or*,0.06366460211736266,stellar
2CXO J095546.5+694040,148.94391097221245,69.67800818829309,141.41782268586104,40.56102450783652,0.20612117426608,0.0087445346658337,0.19737663960025,2.7678734237909e-13,Rad,0.44289644606058454,stellar
2CXO J174554.4-285454,266.4769053984405,-28.9152775653259,0.0506224711700328,-0.0428519611378614,0.99063085571518,0.97813866333542,0.42973141786383,3.3802878717334e-13,smm,0.07850385643214199,stellar
2CXO J174042.3-534028,265.17630729709924,-53.674694971047074,338.1649750911021,-11.960181702135744,0.52966895690194,0.31980012492192,0.25109306683323,3.6705108934623e-13,GlC,0.1704535709039166,stellar
2CXO J190940.4+493005,287.41857409631825,49.50150224011317,80.18116811329652,17.50555406597153,-0.61336664584635,-0.15990006246096,-0.50218613366646,5.883619768095e-13,Er*,0.06471197885319983,stellar
2CXO J123049.1+122322,187.70486442046035,12.389477378739116,283.775878560101,74.48927254220374,-0.99937539038101,-0.99937539038101,-0.99937539038101,0.0,GlC,0.1314082617238016,stellar
2CXO J153223.2-083200,233.09673120079287,-8.533589632749129,356.2233244230382,37.1720925139346,-0.51342910680824,-0.15740162398501,-0.38850718301062,2.6023884877681997e-12,SB*,0.8289114432530273,AGN
2CXO J004228.1+411000,10.61746714385805,41.16671289157525,121.11590837199928,-21.67341049787469,0.091193004372267,0.1736414740787,-0.08369768894441,3.4794144676512e-13,PN,0.37617776712037343,stellar
2CXO J174538.0-290148,266.40844070841376,-29.03003316738684,359.9214635482367,-0.0514780075302802,0.95940037476577,0.97189256714553,-0.12742036227358,1.0260524854139e-14,X,0.0018846892481520733,stellar
2CXO J053502.8-052208,83.76184323331472,-5.368998251512248,208.9640708149525,-19.425083454813983,0.47095565271705,0.056214865708932,0.42598376014991,6.1554143729191e-14,Or*,0.04226202379781924,stellar
2CXO J050749.4+302404,76.95604547242266,30.401188990787407,174.20415384661243,-6.00335558421512,-0.60212367270456,-0.22236102435978,-0.43847595252967,3.3153820690312997e-13,Or*,0.073279482848544,stellar
2CXO J053520.6-052353,83.83614409228898,-5.398126249552956,209.02708976510436,-19.372289667215103,-0.58088694565896,-0.31730168644597,-0.32354778263585,2.7620070889305e-14,Or*,0.01237951557603124,stellar
2CXO J081928.9+704219,124.87082746614637,70.70539874906535,144.28617643911988,32.72370909099752,-0.1736414740787,0.10368519675203,-0.27232979387883,4.681005245804499e-12,HII,0.9965282498101304,AGN
2CXO J004353.6+411655,10.973508293039629,41.28204240606715,121.40807147130394,-21.56738328671238,-0.50843222985634,-0.28981886321049,-0.25608994378513,4.4646513916855e-13,Cl*,0.42720515422645,stellar
2CXO J053515.1-044442,83.81301450923206,-4.745255577047581,208.39986850189712,-19.096498624631963,-0.5159275452842,-0.15365396627108,-0.39225484072455,1.5399662091866998e-12,Or*,0.0970079174020074,stellar
2CXO J163553.8-472540,248.974214433111,-47.42785707211955,337.099504500244,-0.006447387186872,0.99812617114304,0.99687695190506,0.14865708931918,1.8646195481677e-11,X,0.014968263679144101,stellar
2CXO J095534.9+690342,148.8955608556397,69.06176027954339,142.09364651554273,40.90423656299721,-0.1211742660837,0.10618363522798,-0.22485946283573,1.4945379642445998e-13,X,0.8691674602756543,AGN
2CXO J034555.6+680455,56.4816457461489,68.08201589083858,138.1162710154567,10.517372253859422,0.67457838850718,0.38975640224859,0.38600874453467,2.1332249778216998e-12,ULX,0.831969229876552,AGN
2CXO J174535.2-290154,266.3968415725152,-29.03176843733359,359.9146980998132,-0.0437258478869979,0.94440974391006,0.94316052467208,-0.072454715802623,2.2689385803121002e-15,X,0.007136531185074474,stellar
2CXO J223705.6+342431,339.2733408008571,34.40870966291213,93.7227762047967,-20.732780809504604,0.54840724547158,0.40349781386633,0.18488444722049,7.863120595077799e-13,SN*,0.2778998681192244,stellar
2CXO J053515.6-051746,83.81529956298584,-5.296417814950893,208.9210018951314,-19.344770098877856,0.65584009993754,0.22485946283573,0.50593379138039,6.9691432210377e-14,Or*,0.016777130560223844,stellar
2CXO J053526.0-052120,83.85859841167581,-5.355811671300676,208.997810898548,-19.333210523222824,0.61336664584635,0.15865084322299,0.50343535290443,1.0393802717348e-13,Or*,0.03908701021628749,stellar
2CXO J001528.9-391318,3.8705430002404455,-39.22182708857542,332.442794782807,-75.77516945940516,-0.61836352279825,-0.34103685196752,-0.35103060587133,1.1071530862508e-12,ULX,0.6004317419568194,AGN
2CXO J053530.9-052201,83.87914661382496,-5.367005528531487,209.01819831965216,-19.32003010123961,0.75202998126171,0.26983135540287,0.60337289194254,7.6887392414044e-14,LM*,0.00734543509586099,stellar
2CXO J123049.3+122321,187.7054698171177,12.389361537484184,283.77811806848734,74.48933879156034,-0.99937539038101,-0.99937539038101,-0.99937539038101,0.0,Gl?,0.1314082617238016,stellar
2CXO J053508.3-052756,83.78481937806276,-5.465868377569013,209.0666597159701,-19.44849181405646,0.28232354778264,-0.043722673329169,0.32229856339788,7.9244596009749e-14,Or*,0.03325959210455053,stellar
2CXO J132939.9+471236,202.41651688694932,47.21025056334186,104.95836977776548,68.56160991764203,-0.77576514678326,-0.44347282948157,-0.50593379138039,6.794831933830399e-14,X,0.06062879154069086,stellar
2CXO J053630.0-052006,84.12504512888586,-5.3351662109605,209.10540013047125,-19.087280211034376,-0.5159275452842,-0.18738288569644,-0.36352279825109,1.9137652083924e-13,Or*,0.01193833547067542,stellar
2CXO J133704.3-295121,204.2682243238587,-29.85598061204253,314.6003652367115,31.97967861393543,-0.069956277326671,-0.046221111805122,-0.022485946283573,1.7084264937269998e-13,X,0.27815930116631704,stellar
2CXO J130532.8-492733,196.3869387252189,-49.45937046461633,305.2875607940444,13.347830301491149,0.63335415365397,0.2948157401624,0.4159900062461,4.574344534402e-13,ULX,0.30909475000968223,stellar
2CXO J180839.3-202439,272.16391285476175,-20.411063338402403,9.99593572997566,-0.2419504000907548,0.99687695190506,0.95940037476577,0.84072454715803,5.188164490034499e-12,IR,0.02387778862195305,stellar
2CXO J174533.2-290147,266.3887250148307,-29.02986344424148,359.91262572634554,-0.0366761237416458,0.75452841973766,0.63210493441599,0.13991255465334,4.1587512834047e-16,X,0.00511811328160613,stellar
2CXO J174538.0-290153,266.4085175458106,-29.0316191372264,359.92014483909105,-0.0523616486141444,0.94316052467208,0.99937539038101,-0.84322298563398,3.2634512948719998e-15,X,0.0040538636313388965,stellar
2CXO J055949.6-481422,89.9566913221185,-48.239511735278604,255.48829615543912,-28.19629152431109,-0.83322923173017,-0.39100562148657,-0.65708931917552,1.6970985738699e-12,Pl,0.10079865701402722,stellar
2CXO J053515.4-052345,83.81434833815035,-5.395962279880711,209.0146398794704,-19.390663703840303,-0.41224234853217,-0.21486570893192,-0.21736414740787,1.4377047338254e-14,IR,0.0025,stellar
2CXO J100120.6+555355,150.3362649048853,55.89874584317499,157.56950330565374,48.18703764138738,-0.43847595252967,0.011242973141786,-0.4472204871955,1.025416223462e-12,X,0.9544163566174606,AGN
2CXO J132953.7+471435,202.473840677744,47.24328164234555,104.8976600908358,68.5156414118956,0.12242348532167,0.20737039350406,-0.086196127420362,1.2284702122092e-13,X,0.5084965895230538,AGN
2CXO J175013.1-064228,267.554835612645,-6.707937845561669,19.799387942359164,10.37224145208434,-0.50093691442848,-0.13241723922548,-0.3947532792005,1.2594780433705e-13,Sy*,0.06555152211004299,stellar
2CXO J053523.3-052810,83.84716407115815,-5.469527568861064,209.09986209279427,-19.39478471024319,-0.57838850718301,-0.30356027482823,-0.33354153653966,2.1108631842029e-14,Or*,0.019543629417412087,stellar
2CXO J132938.6+582505,202.41089089420416,58.41825981509953,113.49223264965498,58.00430742552424,-0.62710805746409,-0.2211118051218,-0.47095565271705,9.928922534351998e-13,Cl*,0.825940845854671,AGN
2CXO J053958.7-690609,84.99474322154867,-69.1028190070212,279.452563484364,-31.55891590333929,0.42473454091193,0.26233603997502,0.18113678950656,8.6760690224061e-14,X,0.40066970881111463,stellar
2CXO J053528.3-051754,83.86813731056873,-5.298413030293128,208.9481296171032,-19.298762892069107,0.079950031230481,-0.049968769519051,0.12991880074953,8.2326775670373e-14,Or*,0.006648234777317476,stellar
2CXO J053528.2-052457,83.86754975422139,-5.416138747867257,209.0591050187149,-19.352548927155567,0.60836976889444,0.2261086820737,0.44347282948157,1.2738492390714e-13,HH,0.005545356371490281,stellar
2CXO J104357.5-593338,160.989834744615,-59.560727719688,287.4160109285042,-0.5852830289489652,-0.40474703310431,0.073703935040599,-0.45471580262336,2.6038689380098002e-15,Y*?,0.01743672612742994,stellar
2CXO J174534.7-290046,266.3948422008399,-29.013079408553786,359.9297381263464,-0.0324949045371708,-0.99937539038101,0.27982510930668,-0.75952529668957,0.0,X,0.02310944764645845,stellar
2CXO J053452.1-052231,83.71732765614661,-5.375566457755557,208.9490143247792,-19.46757858286646,-0.65209244222361,-0.3472829481574,-0.3947532792005,6.6849350907621e-14,Or*,0.012252534955798557,stellar
2CXO J140314.3+541806,210.8095805607184,54.301739947057946,101.97912427105872,59.80855452246497,0.0087445346658337,0.26358525921299,-0.25608994378513,3.4946204629985e-15,UX?,0.8007195951781815,AGN
2CXO J174537.9-290159,266.4081367116481,-29.03316397244995,359.9186527541282,-0.0528822985058014,0.95440349781387,0.95940037476577,-0.11617738913179,1.8456099646931e-15,X,0.0018846892481520733,stellar
2CXO J174537.1-290051,266.4048046113468,-29.014312499018477,359.9332252823314,-0.0405734002346799,0.60087445346658,0.53716427232979,0.042473454091193,,X,0.005289436088587936,stellar
2CXO J172021.9+575826,260.091449059952,57.974059295497845,86.43763932343725,34.69704814288133,-0.87820112429731,-0.53466583385384,-0.64584634603373,1.0671876373857e-12,SB*,0.12686250324526901,stellar
2CXO J053516.9-052546,83.82064125165743,-5.429762076538571,209.0496034120742,-19.400361127821785,-0.51967520299813,-0.28357276702061,-0.27732667083073,4.0638411166959e-14,Or*,0.005272678185745141,stellar
2CXO J023420.0+323021,38.583547596671,32.50588001640762,146.86565662635135,-25.539643645076268,0.9106808244847,0.73079325421611,0.53841349156777,2.1054301428865e-11,Rad,0.7971217060289618,AGN
2CXO J133809.2-194449,204.5386729731465,-19.747191152880596,317.7345273597427,41.77785270302368,-0.61836352279825,-0.22361024359775,-0.45721424109931,6.603976738112499e-13,Ro*,0.8349063218112378,AGN
2CXO J031822.2-663603,49.59296558217153,-66.60103696878815,283.45688794384506,-44.56695636676898,0.29606495940037,0.22236102435978,0.079950031230481,3.6032518845911995e-12,ULX,0.6548971913117625,AGN
2CXO J053513.7-052206,83.80749414535563,-5.3686194997195456,208.98551642026183,-19.38438017383324,0.12367270455965,0.15865084322299,-0.036227357901312,5.9591797096605e-14,Y*?,0.20884101106576222,stellar
2CXO J174533.6-290054,266.3901676563984,-29.01529681108497,359.92571533135595,-0.030161490204044,0.99937539038101,0.90193628981886,-0.044971892567146,1.0965110575094e-15,X,0.0,stellar
2CXO J053510.2-052321,83.79255635958373,-5.389334733904016,208.99796902197545,-19.407014917945745,0.72829481574016,0.27108057464085,0.56964397251718,1.0109298211554e-13,Or*,0.016030759214563334,stellar
2CXO J053514.7-052229,83.81135916283495,-5.374928773321985,208.99332673046345,-19.383803016224327,0.99063085571518,0.92067457838851,0.77826358525921,1.9342670451377999e-13,Mas,0.010834792460078214,stellar
2CXO J162719.5-244140,246.83130705557016,-24.694737494828622,352.97983747629985,16.56480059197547,-0.74453466583385,-0.36602123672705,-0.5209244222361,6.2936741121115e-13,Or*,0.024086292873940693,stellar
2CXO J053506.5-052441,83.7771757519796,-5.411532786290957,209.01161685787528,-19.43071189756221,-0.63585259212992,-0.30480949406621,-0.41099312929419,5.8299493842321e-14,Or*,0.03350673682341619,stellar
2CXO J174537.3-290221,266.40578505542385,-29.03923120525381,359.9124028287376,-0.0542884502937567,-0.80699562773267,-0.43972517176765,-0.47095565271705,0.0,X,0.0050505537859928526,stellar
2CXO J004717.5-251811,11.823272129833356,-25.303296224592223,95.70747150079946,-87.95194617149349,0.043722673329169,0.19737663960025,-0.15490318550906,2.5678668796554e-13,X,0.8293314072841017,AGN
2CXO J041831.1+282716,64.62962953975722,28.454398663224424,168.7102223413676,-15.48293752042967,-0.71080574640849,-0.2998126171143,-0.52217364147408,1.2958427941764e-12,Rad,0.021088555450642844,stellar
2CXO J191533.2-241046,288.8886629619542,-24.17952615385157,13.455465374723532,-15.786185849874348,-0.96814490943161,-0.68332292317302,-0.84072454715803,1.9922114905206e-13,Pl,0.02543744742269854,stellar
2CXO J053530.4-052538,83.87678363592192,-5.427383576361912,209.07414049752865,-19.349433655961093,0.17863835103061,0.14366021236727,0.036227357901312,1.0327490977739998e-13,Or*,0.18524008214358112,stellar
2CXO J033230.2-274504,53.125916434486896,-27.751365391022564,223.47843431405855,-54.42082914114883,-0.34353529044347,-0.024984384759525,-0.3210493441599,1.424460276758e-14,C?G,0.9689807950524368,AGN
2CXO J053504.0-052637,83.76696147965845,-5.443701942335317,209.0371679849358,-19.454328142324048,-0.54341036851968,-0.2261086820737,-0.36102435977514,4.1262278084144e-14,Or*,0.008731774188733561,stellar
2CXO J142942.7-624046,217.4280187313899,-62.679584728226494,313.939433074912,-1.9270800192895372,-0.53966271080575,-0.11867582760775,-0.44971892567146,7.258737868541e-13,Pl,0.0420965774436097,stellar
2CXO J053518.2-052315,83.82602541961472,-5.387662433085277,209.012367267746,-19.37654131465948,0.04996876951905,0.10743285446596,-0.057464084946908,1.8230001477732e-15,Or*,0.23319755489939697,stellar
2CXO J053529.4-051633,83.87276787693327,-5.275901687001326,208.9290758742018,-19.284458999474086,-0.49594003747658,-0.23610243597751,-0.29356652092442,8.972216354467e-14,Or*,0.009162836397559155,stellar
2CXO J053511.8-053155,83.79955122983682,-5.532120154129513,209.13636990419664,-19.465344276253116,-0.70580886945659,-0.2948157401624,-0.51842598376015,6.2785615638975e-14,Or*,0.014144721105822194,stellar
2CXO J053518.0-052934,83.8250745617259,-5.493016466801035,209.1115441314249,-19.425014236949337,-0.79200499687695,-0.46096189881324,-0.52217364147408,5.0369091675176996e-14,Or*,0.0025201434646985803,stellar
2CXO J053513.0-051903,83.80421741117965,-5.317788159966852,208.93590271223343,-19.36428439260663,0.31855090568395,0.017489069331668,0.30356027482823,9.2422693906833e-14,Or*,0.03843654456479539,stellar
2CXO J195922.8+404425,299.8452291923619,40.74040420489528,76.18641791840498,5.773606574237185,0.11867582760775,0.13991255465334,-0.022485946283573,1.1823838489270999e-13,Rad,0.3226669737154891,stellar
2CXO J053657.1-691328,84.23790646371657,-69.22451266670913,279.63112502331614,-31.812278529403223,0.68457214241099,0.37851342910681,0.41349156777014,2.1177779038113e-13,Rad,0.4788525196801905,stellar
2CXO J130538.1-492545,196.40867786070956,-49.429212891209936,305.3038153597625,13.377141811917028,0.50468457214241,0.25234228607121,0.28856964397252,3.8453278903084996e-13,X,0.23436455904880785,stellar
2CXO J174537.7-290105,266.40719651955044,-29.01816278208066,359.93102871008443,-0.0443648225886688,0.92816989381636,0.93566520924422,-0.098688319800125,2.9577001405095003e-15,X,0.0037444264170262455,stellar
2CXO J172508.8-341112,261.2869064510917,-34.18679756613263,353.22718958276386,0.8293381196058669,0.18238600874453,0.024984384759525,0.15740162398501,1.2322208504176998e-12,Cl*,0.07072183076075408,stellar
2CXO J053511.3-051911,83.79741436888474,-5.320008679126018,208.93475101873443,-19.37132952334864,-0.55340412242349,-0.23735165521549,-0.36352279825109,5.0948076803914e-14,Or*,0.02429888384220808,stellar
2CXO J080813.5+210608,122.05656238314384,21.10244247229002,201.35117383235095,25.9247415801955,-0.93441599000625,-0.61336664584635,-0.75078076202374,1.5812547221695998e-12,SB*,0.06791216877020462,stellar
2CXO J174536.8-290047,266.403634873496,-29.01319201633076,359.93364866702746,-0.0391164745582381,0.94565896314803,0.97938788257339,-0.45596502186134,3.7492680872242e-15,X,0.004427332521362713,stellar
2CXO J053528.3-052503,83.8682709202053,-5.417599214423897,209.06082974028976,-19.35256891898145,-0.59837601499063,-0.26608369768894,-0.39350405996252,5.7411509754746e-14,Y*?,0.031197923655948968,stellar
2CXO J024240.8-000045,40.67027058138893,-0.0125711177833047,172.10369647307184,-51.93281978328376,-0.80449718925671,-0.368519675203,-0.61836352279825,4.7244182863209e-13,Rad,0.036553426569098685,stellar
2CXO J174535.0-290131,266.39584380869155,-29.02540054245393,359.9196784926147,-0.0396629785995533,0.99937539038101,0.99937539038101,-0.99937539038101,7.590049862857801e-16,X,0.0,stellar
2CXO J132939.4+471243,202.4144041923755,47.21212548065765,104.96403463559436,68.56047512859705,-0.11867582760775,0.02998126171143,-0.1474078700812,8.7692608414934e-14,Cl*,0.8964845468295906,AGN
2CXO J053512.7-051652,83.80305734339373,-5.281278599387629,208.90084552735183,-19.348783104640965,0.016239850093691,-0.084946908182386,0.10243597751405,7.8228528192921e-14,Or*,0.00786900601673833,stellar
2CXO J235751.0-323726,359.46256458731773,-32.62407259457864,4.370467889680538,-77.16301294655652,-0.26608369768894,0.26608369768894,-0.4946908182386,2.5438833672256e-14,X,0.5042049843139345,AGN
2CXO J174537.7-290211,266.4071754473497,-29.036563661298693,359.91531305949104,-0.0539361967971168,0.83447845096814,0.789506558401,0.037476577139288,6.647886325841301e-16,X,0.0016922484872831083,stellar
2CXO J053515.4-052248,83.81451939378411,-5.380162484314669,208.9997836205301,-19.38336481604183,-0.079950031230481,-0.052467207995003,-0.027482823235478,9.6451626879676e-14,Y*?,0.0403290831993594,stellar
2CXO J173203.4-344516,263.0134600187977,-34.75556472039297,353.5423358631672,-0.6707064666243516,0.21236727045596,0.027482823235478,0.18613366645846,4.0012415015773e-11,X,0.10527412792754566,stellar
2CXO J004242.3+411445,10.676349654972968,41.24594289835941,121.16668345591395,-21.595872132775757,-0.25983760149906,0.0,-0.25983760149906,1.2167462410303e-13,X,0.7921629145344758,AGN
2CXO J121505.0+331150,183.77105302621987,33.197387832083265,173.03175977599057,80.0787446388753,0.087445346658338,0.29231730168645,-0.20986883198001,1.8005398765557998e-12,X,0.9570817518609864,AGN
2CXO J122548.8+333248,186.4534763905585,33.54682085377544,162.0954585715321,81.53285220261708,0.92192379762648,0.85696439725172,0.30605871330418,1.8598924349750997e-12,PoG,0.9314434708930527,AGN
2CXO J053456.8-052136,83.73681243319669,-5.360144225410707,208.9437392889945,-19.443300194136945,0.14865708931918,-0.042473454091193,0.18988132417239,6.5759032302625e-14,Or*,0.00486557856055957,stellar
2CXO J053525.7-052309,83.85715938556109,-5.3859251767578105,209.02558607641004,-19.348111241116285,0.48344784509681,0.16614615865084,0.34478450968145,7.626229504967899e-14,Or*,0.0560826350872038,stellar
2CXO J174537.5-290058,266.40654436656325,-29.016262081857203,359.9323539173227,-0.0428877580052204,0.91692692067458,0.9631480324797,-0.45346658338538,1.6849855917998002e-15,X,0.0,stellar
2CXO J174536.4-290228,266.4020001680668,-29.04141651818233,359.90881345358724,-0.052602695979039,0.99937539038101,0.99937539038101,-0.99937539038101,1.0048715092021e-15,X,0.0,stellar
2CXO J053511.8-051925,83.79954895434292,-5.323931913391511,208.93947903803905,-19.371210380347424,0.48844472204872,0.091193004372267,0.4159900062461,1.3601604407309998e-13,Or*,0.042662114889317794,stellar
2CXO J053754.3-690222,84.47637156230473,-69.0394986526327,279.403106135729,-31.75002712185607,0.38475952529669,0.23860087445347,0.15990006246096,,X,0.6243969028322927,AGN
2CXO J174639.0-285351,266.66292111258304,-28.897694913754588,0.1502939857434113,-0.1728197720807137,-0.83073079325422,-0.39725171767645,-0.64834478450968,4.1768652976405997e-13,gD*,0.017336451067855807,stellar
2CXO J053452.0-052443,83.71676026876611,-5.412017239900782,208.9832231871427,-19.48457334832684,-0.062460961898813,0.032479700187383,-0.09369144284822,1.2473713349086998e-13,Or*,0.28528423541366954,stellar
2CXO J174537.2-290049,266.4050416447943,-29.013840301927782,359.93373632298244,-0.040504298030785,0.90943160524672,0.88194878201124,0.043722673329169,8.798787367674e-16,X,0.0028150499097964114,stellar
2CXO J184209.0+794617,280.5375321673065,79.77144225789773,111.43794785809212,27.07393416242755,0.024984384759525,0.24859462835728,-0.22485946283573,1.8353159230041998e-12,Rad,0.9224819445108998,AGN
2CXO J053514.3-052317,83.8097138063859,-5.3881768797085945,209.00506634502867,-19.391257144535825,0.99937539038101,0.99937539038101,-0.99937539038101,2.2611762941467e-14,X,0.022012894429189127,stellar
2CXO J174538.3-290136,266.4094888566666,-29.02692900515377,359.9245906127877,-0.050643003996778,0.96189881324172,0.94066208619613,0.16239850093691,2.2717094404381e-15,X,0.005141910717257851,stellar
2CXO J043138.3+181357,67.91006496537511,18.232577710834445,178.85899398358907,-19.97254898985377,0.95940037476577,0.57339163023111,0.85696439725172,4.4241291708475997e-13,Or*,0.2574334623959578,stellar
2CXO J174536.4-290151,266.40178411851684,-29.031100860092597,359.91751970843967,-0.0470664818446249,0.88819487820112,0.99937539038101,-0.99937539038101,5.8022735575259e-16,X,0.0,stellar
2CXO J053526.3-052743,83.8596151972489,-5.462232572102074,209.09890153521823,-19.38043131657724,-0.72454715802623,-0.368519675203,-0.48594628357277,4.7959338206079995e-14,Or*,0.006528249810130421,stellar
2CXO J174533.1-290148,266.38805435665927,-29.03006209035027,359.9121505864672,-0.0362791750133073,0.8894440974391,0.789506558401,0.2423485321674,7.437229782635001e-16,X,0.0009590960029884197,stellar
2CXO J053529.8-051605,83.87425246582944,-5.268357207583111,208.92265881240223,-19.27972442388075,-0.5159275452842,-0.16614615865084,-0.38226108682074,5.8774558211882e-14,Or*,0.04595074657920021,stellar
2CXO J174534.6-290044,266.39439989694483,-29.0125269584638,359.93000807580745,-0.031876889585352,0.87320424734541,0.94565896314803,-0.45596502186134,2.1050270136247002e-15,X,0.004499378048881124,stellar
2CXO J034435.3+321004,56.14733167461111,32.1679387930938,160.49071108966504,-17.795621962278005,-0.17738913179263,-0.046221111805122,-0.13241723922548,4.0137012724293997e-13,Or*,0.3774873483942994,stellar
2CXO J151443.0+365050,228.67943327719536,36.84729665437845,59.85483985815363,58.31424564055949,0.041224234853217,0.26608369768894,-0.22735790131168,2.2063838525869e-12,reg,0.9581684400699227,AGN
2CXO J174534.9-290042,266.3957949485849,-29.01177755600812,359.9312834282323,-0.0325276364090188,0.93316677076827,0.99937539038101,-0.99937539038101,3.528983951176e-15,X,0.0,stellar
2CXO J123050.3+122332,187.7099167469457,12.392385092057234,283.7902397358018,74.49352229005295,0.99937539038101,0.99937539038101,-0.66958151155528,0.0,X,0.4748450665180779,stellar
2CXO J104359.6-593221,160.99832497666944,-59.53940399957576,287.4097893817981,-0.5644381080110803,-0.27607745159275,-0.24359775140537,-0.02998126171143,5.6289956235352e-15,Y*?,0.003169944511420677,stellar
2CXO J053515.3-052215,83.81391696466994,-5.370982249179413,208.99081710897667,-19.379746481900824,0.86570893191755,0.47845096814491,0.66083697688944,1.0165842482852e-13,Or*,0.016855268630123023,stellar
2CXO J041833.8+573222,64.64093734925655,57.53971986143879,147.97896704452893,5.119089490393936,-0.52717051842598,-0.5209244222361,-0.0062460961898814,1.7410540391589e-14,?,0.010330837938934044,stellar
2CXO J085905.6-473041,134.77352770859352,-47.51134748240082,267.94124830668585,-1.0576501649281709,0.67083073079325,0.064959400374766,0.63335415365397,7.2896194738437e-13,IR,0.031676658483554665,stellar
2CXO J053610.1-052204,84.04235315791766,-5.367938617417095,209.09692631733293,-19.17553222946888,-0.84946908182386,-0.50593379138039,-0.60087445346658,9.5126325212289e-14,Or*,0.024154183058190018,stellar
2CXO J174534.3-290046,266.3931911615458,-29.012945136734928,359.92910032370554,-0.0311926224094341,0.92567145534041,0.97439100562149,-0.53216739537789,2.4813094283431e-15,X,0.004499378048881124,stellar
2CXO J141253.5-652254,213.22300654700484,-65.38185514879305,311.28552101283066,-3.839719037615514,0.33104309806371,-0.038725796377264,0.36477201748907,2.1286836340384e-13,X,0.033844944636888384,stellar
2CXO J141239.0-652332,213.16270625093023,-65.39243827687541,311.25830228316454,-3.841996816359151,0.52592129918801,0.14490943160525,0.41224234853217,1.7970863569922998e-12,ULX,0.3709060923951224,stellar
2CXO J024104.8-081520,40.27001508655155,-8.255782185030258,182.0195186988789,-57.92546798875332,0.71830106183635,0.74328544659588,-0.054965646470956,1.9364051862393996e-12,X,0.9509531401394173,AGN
2CXO J053939.4-690029,84.91451112535708,-69.00825045762714,279.3458714626321,-31.597698609853467,0.36602123672705,0.26108682073704,0.11242973141786,5.6238461062774996e-14,X,0.25993953496356537,stellar
2CXO J140414.2+542604,211.05906096734168,54.43458854760871,101.88219214911194,59.61781157249697,-0.66583385384135,-0.40474703310431,-0.35727670206121,3.0546262838185e-13,Rad,0.29201049454588157,stellar
2CXO J053508.6-052901,83.78625891542924,-5.483810331696559,209.084320376944,-19.4553224480463,0.23360399750156,-0.034978138663335,0.26733291692692,5.9369490702893e-14,Or*,0.048499411700337385,stellar
2CXO J053516.1-052237,83.81745479068394,-5.3770795575999095,208.9982705696944,-19.37936380666637,-0.092442223610244,-0.1998750780762,0.10993129294191,5.3646298582531005e-15,Rad,0.0025,stellar
2CXO J053509.2-053058,83.78845117405797,-5.516334178040851,209.1161390265758,-19.468070861479152,0.67582760774516,0.32979387882573,0.44347282948157,4.8836758697942e-14,Or*,0.00734543509586099,stellar
2CXO J053532.5-052610,83.88553838935167,-5.436253663924036,209.0867018256948,-19.345669510930627,-0.61211742660837,-0.2998126171143,-0.38101186758276,5.5720062432153e-14,Or*,0.019309718702388307,stellar
2CXO J142902.4+335038,217.260213680363,33.84408639869796,56.65371375850598,67.9891869938927,-0.69206745783885,-0.27732667083073,-0.51342910680824,2.9907407349150996e-12,X,0.2210335358771433,stellar
2CXO J150058.2-083108,225.242841840339,-8.519004560375965,348.8668396620312,42.51160942072532,-0.44347282948157,-0.084946908182386,-0.3735165521549,7.645686715357799e-12,SB*,0.9168683845531045,AGN
2CXO J053513.7-052135,83.8071743874093,-5.359956531598497,208.97717410884707,-19.380744333344364,0.97564022485946,0.7632729544035,0.82448469706433,4.9765392184542e-14,PoC,0.005515379607281668,stellar
2CXO J004329.1+410748,10.871399992119336,41.13002266706797,121.32017473999308,-21.71683710965284,0.63335415365397,0.51467832604622,0.17489069331668,6.6261573818411e-13,X,0.27919782936102505,stellar
2CXO J053502.4-052046,83.76013846331966,-5.346300006170557,208.9417943133016,-19.416324911751417,-0.38600874453467,-0.27857589006871,-0.11992504684572,5.2054876316324e-14,Or*,0.0027726781857451404,stellar
2CXO J053523.6-052457,83.84865739453511,-5.415941313540477,209.04990422727928,-19.369235141280008,-0.63085571517801,-0.34478450968145,-0.36477201748907,1.2909813524584e-14,Or*,0.0009590960029884197,stellar
2CXO J003704.0-010908,9.26712668931134,-1.152345781825674,114.77585864600672,-63.7963086712869,0.63585259212992,0.49094316052467,0.20986883198001,6.7266727068104e-13,ClG,0.8146325540765079,AGN
2CXO J163905.4-464212,249.77283728391467,-46.70356797066068,338.0016390407812,0.0751156514200617,0.99687695190506,0.99063085571518,0.33728919425359,9.816424917853e-12,NIR,0.009864318460693987,stellar
2CXO J174540.4-290430,266.4183890539432,-29.07495170749245,359.8876527713592,-0.0823023320843112,0.98313554028732,0.98813241723923,-0.1474078700812,1.6504172216266999e-13,X,0.0018846892481520733,stellar
2CXO J004735.2-251511,11.896857233701668,-25.253399153853312,97.98137926804048,-87.93576037035032,0.091193004372267,0.073703935040599,0.017489069331668,2.7179992349763e-13,X,0.5331031736199495,AGN
2CXO J174538.4-290136,266.409993828982,-29.02689299716309,359.92485138982084,-0.0510011280118014,0.96189881324172,0.99937539038101,-0.99937539038101,3.7547949840166e-15,X,0.003358305298709744,stellar
2CXO J053523.5-051856,83.84804538519086,-5.315820123188427,208.95497972679505,-19.324481497102425,-0.65708931917552,-0.3947532792005,-0.35352904434728,2.3739307080576998e-14,Or*,0.0017836054185481067,stellar
2CXO J053521.3-052345,83.83903989260176,-5.3959529253007865,209.02641727239865,-19.368735470118388,-0.32854465958776,-0.20612117426608,-0.13116801998751,4.0881412985104e-14,Rad,0.0009590960029884197,stellar
2CXO J123048.7+122331,187.70291805670468,12.39218273619407,283.76606885527553,74.49128550810133,-0.65334166146159,-0.26733291692692,-0.46720799500312,4.1781250608187e-14,Gl?,0.4315007552568343,stellar
2CXO J034615.7+681112,56.565644427057975,68.18685524066652,138.07444771912867,10.618760611687737,0.8632104934416,0.66958151155528,0.45596502186134,1.5726117033791999e-12,UX?,0.8257033500420199,AGN
2CXO J033829.0-352701,54.62090921631494,-35.450469556604574,236.71595499715653,-53.63586602254557,-0.89319175515303,-0.56714553404122,-0.65958775765147,2.5113335346887997e-13,X,0.045059880906527044,stellar
2CXO J233642.1+235529,354.1753818389134,23.924832346170803,101.75275373543434,-35.85436809998163,0.5683947532792,0.6208619612742,-0.081199250468457,2.3315190424580002e-12,Rad,0.8759267875805804,AGN
2CXO J004240.2+411845,10.667518262814326,41.31254262442799,121.1621677775564,-21.529074425246183,0.12742036227358,0.14490943160525,-0.017489069331668,1.3452765800603e-13,XB?,0.4600509019103904,stellar
2CXO J053519.2-052007,83.83043175241454,-5.335491562087217,208.96515685070767,-19.34902360166784,0.50843222985634,0.069956277326671,0.45346658338538,3.6042739446763e-14,Or*,0.013414362388228613,stellar
2CXO J053518.6-052256,83.82793719119485,-5.38245376015406,209.00835576598587,-19.372487700521745,0.44347282948157,0.12742036227358,0.33479075577764,7.983400560101399e-14,Y*?,0.19997516704920756,stellar
2CXO J053510.5-052156,83.79409749896035,-5.3656270785741365,208.9762895820236,-19.39492072914565,-0.58338538413492,-0.32354778263585,-0.3210493441599,4.826836174235e-14,Or*,0.013214635024804607,stellar
2CXO J195814.9-301111,299.5620775240982,-30.186559712135782,10.948677850348036,-26.76782105891101,0.67332916926921,0.67707682698314,-0.0074953154278576,2.9404269696335e-12,ClG,0.8832215287284533,AGN
2CXO J061912.8-580315,94.803851015359,-58.05410059338832,266.943442567906,-26.93084647208591,-0.43972517176765,0.059962523422861,-0.48719550281074,1.4050075912515998e-12,Er*,0.7720201456115315,AGN
2CXO J174538.1-290112,266.40886885283874,-29.0202103417737,359.9300429230977,-0.0466798371660369,-0.15365396627108,0.038725796377264,-0.17738913179263,1.6229689704456002e-16,X,0.01373177418873356,stellar
2CXO J053514.6-052328,83.81106511228495,-5.391318514689503,209.00868184196008,-19.391478418774064,-0.99937539038101,-0.99937539038101,-0.48844472204872,0.0,Ir*,0.04731110087128642,stellar
2CXO J174534.8-290040,266.3953828816941,-29.01128841436892,359.9315131259984,-0.0319651784268321,0.82573391630231,0.99937539038101,-0.99937539038101,1.3578425154954e-15,X,0.0025,stellar
2CXO J104355.1-593334,160.9795477082639,-59.55957706806968,287.4108696035821,-0.5867168891390517,-0.53966271080575,-0.49344159900062,-0.051217988757027,5.2675222149784e-15,Y*?,0.0,stellar
2CXO J053523.8-052334,83.84920195396512,-5.392855334951152,209.028339146578,-19.358311348261733,0.11992504684572,-0.096189881324172,0.21486570893192,3.2629095397804e-14,HH,0.00234543509586099,stellar
2CXO J053517.3-052014,83.8223632856492,-5.337439355570746,208.9631441460213,-19.357068776790204,-0.21486570893192,-0.16614615865084,-0.051217988757027,3.8822833701721e-14,Y*?,0.0025,stellar
2CXO J053532.8-053021,83.88699912063078,-5.505983132361566,209.1533312705737,-19.37588110190684,0.31480324797002,0.16239850093691,0.16114928169894,1.9205109751567999e-13,Or*,0.0546265803148315,stellar
2CXO J053513.6-052425,83.80672767193687,-5.407161989642332,209.02159175329788,-19.402495660833864,-0.55215490318551,-0.2948157401624,-0.30730793254216,2.8845479037401e-14,Or*,0.0041290405144090965,stellar
2CXO J235808.8-323403,359.5368062670116,-32.56769623458389,4.501831871796363,-77.24203106361927,-0.42223610243598,-0.094940662086196,-0.34103685196752,2.7176481893597e-13,X,0.8338999577293121,AGN
2CXO J053518.2-052307,83.82614674056259,-5.385374879619075,209.01026255749923,-19.375398832238275,0.41474078700812,0.13491567770144,0.29106808244847,1.0614494347343e-15,Y*?,0.07131486726369127,stellar
2CXO J104352.2-593236,160.967817452286,-59.54340199987095,287.3980178474774,-0.5752356481247963,-0.49843847595253,-0.12991880074953,-0.37601499063086,1.5815409213029001e-15,Y*?,0.0050505537859928526,stellar
2CXO J192432.9+501427,291.13730848743216,50.24092367446121,81.85744447758614,15.579989213503287,-0.96939412866958,-0.79200499687695,-0.73204247345409,8.5667544744312e-14,Sy*,0.03214355124571087,stellar
2CXO J123048.8+122313,187.70350432749763,12.386980267458084,283.77393061793026,74.48649245647991,-0.12866958151156,-0.034978138663335,-0.09369144284822,9.8268818992163e-15,X,0.4215846817675086,stellar
2CXO J024002.4+610744,40.01036560867283,61.129047616706565,135.66256793071418,0.9706746549119222,-0.84072454715803,-0.4896939412867,-0.59587757651468,1.0739980204579e-12,SB*,0.0017836054185481067,stellar
2CXO J125053.3+410714,192.72223707686203,41.120513471151305,123.35950518908324,76.00728318479145,0.026233603997502,0.28482198625859,-0.25983760149906,7.4556405462663e-13,ULX,0.953728997890734,AGN
2CXO J053508.8-053149,83.78699553930255,-5.530328134042152,209.12868713989408,-19.475684733775605,-0.54091193004372,-0.22860712054966,-0.35602748282324,7.5297101741857e-14,Or*,0.009835601796350957,stellar
2CXO J053514.0-052236,83.80868208045882,-5.37679795791041,208.9938155831869,-19.38702560298459,-0.48594628357277,-0.2735790131168,-0.24484697064335,6.3013782982701e-14,IR,0.012183537401285251,stellar
2CXO J053512.8-051523,83.80343506757083,-5.256600657313282,208.8777084708729,-19.337270131270248,-0.35103060587133,-0.22361024359775,-0.13866333541537,4.5631622815149e-14,Or*,0.0009590960029884197,stellar
2CXO J053520.0-052043,83.83368129158174,-5.345524713778157,208.97619127754757,-19.350679086274077,0.57339163023111,0.26608369768894,0.36102435977514,1.0286937915305999e-13,Or*,0.036025845143744614,stellar
2CXO J053514.4-051725,83.81021405453043,-5.290336267471485,208.91282489739777,-19.34653123684989,-0.016239850093691,-0.042473454091193,0.024984384759525,7.3036761589548e-14,Or*,0.01330820125772539,stellar
2CXO J174534.4-290044,266.3934670620513,-29.012280557542823,359.9297932672997,-0.0310522295071525,0.60337289194254,0.80074953154279,-0.38850718301062,1.8884169260605002e-16,X,0.006282045005306173,stellar
2CXO J053525.0-052346,83.85454000269414,-5.396316149232881,209.03415829619203,-19.35513680664242,-0.69706433479076,-0.39600249843848,-0.41723922548407,2.9850346287375e-14,Or*,0.0019719662058371736,stellar
2CXO J183041.7-064518,277.6737777453078,-6.755155468702992,24.556185903402,1.5039794587193065,0.74328544659588,0.47220487195503,0.4159900062461,2.329875810382e-11,X,0.19081794464410096,stellar
2CXO J043334.0+242116,68.39195007500047,24.3546472940386,174.21416151814535,-15.71286736278735,-0.53216739537789,-0.21236727045597,-0.35977514053716,3.3707448849887997e-13,RNe,0.1402318535689589,stellar
2CXO J044653.0+170000,71.72107903298348,16.99999436646334,182.24774135368048,-17.86606933041922,-0.33104309806371,-0.048719550281074,-0.28732042473454,1.0559405605257e-12,Or*,0.2967474905282227,stellar
2CXO J123050.3+122337,187.7099168370297,12.393927349126692,283.7885162286374,74.49499411304285,-0.7632729544035,-0.31355402873204,-0.57713928794503,3.5253915645275003e-15,GlC,0.11122231222457257,stellar
2CXO J053518.2-052335,83.82586868622946,-5.393306854090796,209.01762874091736,-19.37923359070953,-0.14490943160525,0.0087445346658337,-0.15365396627108,1.0012719560773e-14,Or*,0.10938399703330852,stellar
2CXO J053531.6-053004,83.88206100932052,-5.501168454759855,209.14642421850823,-19.37809153087809,-0.71330418488445,-0.28107432854466,-0.53966271080575,3.8677521278335e-14,Or*,0.006248532091576355,stellar
2CXO J151335.1-590131,228.39636582712365,-59.02532693626135,320.3404937126662,-1.0446544490705008,-0.9106808244847,-0.84572142410993,-0.27857589006871,1.1574525357008e-13,X,0.005359865501352456,stellar
2CXO J053457.7-052350,83.74048485455535,-5.397513535732744,208.9808358618569,-19.45694811220985,-0.61461586508432,-0.099937539038101,-0.5471580262336,1.3707293194947e-13,Or*,0.07449469178745372,stellar
2CXO J160834.5-390534,242.1439628768328,-39.092870932203525,339.53356989563883,9.383366021052234,-0.85196752029981,-0.38475952529669,-0.6945658963148,4.8023558111578e-13,a2*,0.05640165170895072,stellar
2CXO J024240.7-000046,40.66982086257792,-0.0128881716168449,172.103503567083,-51.93335701961784,-0.4946908182386,-0.12242348532167,-0.39725171767645,3.6244159470487e-13,IR,0.920057872250009,AGN
2CXO J150116.5+014134,225.3189977484573,1.6928108011565826,359.1945106045845,49.82595911078525,-0.30855715178014,0.016239850093691,-0.32229856339788,7.9600492486374e-14,X,0.9866899212246837,AGN
2CXO J053517.5-051928,83.82307047242409,-5.324696006932717,208.9514380289335,-19.3506730358749,0.79950031230481,0.32854465958776,0.63835103060587,7.0629615175813e-14,Or*,0.0038863390928725707,stellar
2CXO J133700.9-295202,204.2539279396656,-29.86745878802513,314.5832607986706,31.971021493365008,-0.81823860087445,-0.14366021236727,-0.78450968144909,3.453154635515e-15,Cl*,0.37135793049823307,stellar
2CXO J073509.1+654024,113.78807330996192,65.67353528955952,150.4806703905934,29.012720444545053,-0.89069331667708,-0.5159275452842,-0.69206745783885,5.6959462256294e-13,SB*,0.23042873709908668,stellar
2CXO J224030.1+032131A,340.1257423815546,3.358828669973699,71.79884385047482,-46.10814092396014,0.23610243597751,0.1686445971268,0.069956277326671,4.2063564940473996e-14,LeI,0.5292633172916509,AGN
2CXO J104352.0-593239,160.96671047773782,-59.54433674446024,287.3979621865,-0.576324447745124,0.036227357901312,-0.20986883198001,0.25359150530918,4.0936989306405e-15,Y*?,0.0019719662058371736,stellar
2CXO J132528.6-430100,201.36967723072053,-43.01672491521011,309.5197981617342,19.419164155997173,0.21361648969394,0.10118675827608,0.11367895065584,1.6340382887792e-13,X,0.0917034397986264,stellar
2CXO J013651.0+154547,24.212821213109063,15.7630665536204,138.67606678307533,-45.715816623547056,0.044971892567145,0.19113054341037,-0.1474078700812,3.1489707285749e-13,UX?,0.8043913138094854,AGN
2CXO J004249.2+411815,10.705104192038732,41.30443078437779,121.19218318284068,-21.538205241713264,-0.11118051217989,0.033728919425359,-0.14490943160525,1.2651614138555e-13,XB?,0.5393761639327711,AGN
2CXO J142438.1+225600,216.1586494854764,22.933511749225914,26.83624617356848,68.50994478772624,-0.11367895065584,0.1211742660837,-0.23110555902561,8.516280572465e-13,LeI,0.9678766234041951,AGN
2CXO J004223.1+411407,10.59642254868544,41.23539178400921,121.10166643396202,-21.604184386717225,-0.069956277326671,0.082448469706433,-0.15115552779513,9.2651833622045e-14,XB?,0.5982641861667997,AGN
2CXO J141309.7-652020,213.29061467645204,-65.33904001428208,311.32571051730207,-3.80778794240177,0.12242348532167,0.096189881324172,0.026233603997502,3.3183520224002997e-13,X,0.12842796621404368,stellar
2CXO J174538.2-290202,266.40940863606784,-29.034242086353764,359.9183119230772,-0.0543932260111553,0.5683947532792,0.70206121174266,-0.24359775140537,5.6752585316581e-18,X,0.00812912994588766,stellar
2CXO J174533.2-290200,266.38848870062884,-29.033661881283937,359.909276205821,-0.0384793246451415,0.77826358525921,0.87945034353529,-0.32729544034978,1.374575586749e-15,X,0.0,stellar
2CXO J053500.1-052516,83.75056633603435,-5.421214169109427,209.00806850925184,-19.458717002477137,-0.63460337289194,-0.32979387882573,-0.38600874453467,2.6873606180648e-14,Or*,0.003802881254128913,stellar
2CXO J053513.9-052123,83.80821045722956,-5.356476308132994,208.9743789761276,-19.37824963738575,0.77326670830731,0.29606495940037,0.61961274203623,2.9604700937558997e-14,IR,0.0,stellar
2CXO J143242.2-440939,218.17609028256345,-44.16088442347532,321.4526781952264,15.038822130881812,0.0012492192379763,0.15865084322299,-0.15740162398501,3.7299449737363e-13,X,0.7734402777176956,AGN
2CXO J053513.0-052029,83.80433188296547,-5.341714788864063,208.95857263402152,-19.37501298252317,0.12742036227358,-0.062460961898813,0.18863210493442,5.1432149802119e-14,IR,0.00234543509586099,stellar
2CXO J122946.8+075958,187.4452184094448,7.9994879140712865,286.92357678723954,70.19521645823188,-0.14615865084322,0.18488444722049,-0.32354778263585,1.6565860262202e-14,X,0.34412097903548705,stellar
2CXO J122946.9+080002,187.44571465953868,8.00072111056942,286.924079859695,70.19653297508299,-0.79700187382886,-0.27982510930668,-0.66458463460337,1.8088425696039998e-14,GlC,0.09946809308347537,stellar
2CXO J132532.0-430037,201.38376054221877,-43.010481451753165,309.53153517653976,19.423907076918557,-0.0037476577139288,0.12991880074953,-0.13366645846346,1.8541509057462998e-13,X,0.486708082884008,stellar
2CXO J104352.1-593259,160.96720403619838,-59.54992470393796,287.40081072175195,-0.5811384420189696,-0.13616489693941,-0.13991255465334,0.094940662086196,3.5225762098496005e-16,RR?,0.0,stellar
2CXO J053516.1-052110,83.81744693217547,-5.35300410726838,208.9755079166046,-19.36847766703452,0.067457838850718,0.059962523422861,0.0074953154278576,9.4471546827628e-14,Or*,0.1858515606422702,stellar
2CXO J053521.7-051946,83.84059472226329,-5.329528478311823,208.96437518800835,-19.33730147397832,0.97938788257339,0.78201124297314,0.83947532792005,1.1075919737649998e-13,Or*,0.012144420121690765,stellar
2CXO J174607.5-285951,266.53131385018366,-28.997576370956285,0.0051118427229105,-0.1263282025989697,0.4159900062461,0.23110555902561,0.20487195502811,2.9453150930936e-14,X,0.018257581572036493,stellar
2CXO J064105.3+093313,100.27234126371002,9.55372683272052,203.25340347227748,2.0668198780441727,-0.37851342910681,-0.039975015615241,-0.34353529044347,2.5525632233492e-13,Or*,0.003078587580155679,stellar
2CXO J053501.3-052811,83.75558259204666,-5.470028584044661,209.05664343810972,-19.47633328143797,0.64834478450968,0.36602123672705,0.35852592129919,5.7464829327819e-15,Or*,0.013442622697165818,stellar
2CXO J123048.3+122334,187.70126285123752,12.392963489941131,283.7594259989116,74.49154678488755,-0.42473454091193,-0.1998750780762,-0.24484697064335,3.6311199590316e-14,Gl?,0.6511011758725165,AGN
2CXO J095534.3+690350,148.89306364284596,69.0640589555231,142.09184041506697,40.902183084825474,-0.077451592754529,0.078700811992505,-0.15490318550906,3.3866980138798997e-14,X,0.4508709912950608,stellar
2CXO J190935.7+493036,287.3988928774827,49.5101632989248,80.1847016602894,17.52062049937543,-0.71705184259838,-0.28107432854466,-0.5471580262336,2.6836313018183e-13,SB*,0.031046011906574446,stellar
2CXO J053516.6-052240,83.81937843558774,-5.378010282312472,209.00006890736896,-19.37807687269172,0.99937539038101,0.79075577763898,0.5633978763273,1.3891787446914e-15,X,0.01023622656321226,stellar
2CXO J053526.0-052547,83.858400951632,-5.429943730694893,209.0677916648665,-19.36691433180533,0.1998750780762,0.053716427232979,0.14865708931918,4.8905522731197e-14,Or*,0.013321853676176864,stellar
2CXO J122946.3+075952,187.44289747404423,7.997829158511293,286.918218917011,70.19303973555485,-0.036227357901312,0.13991255465334,-0.17988757026858,6.3623400679316e-15,GlC,0.4116211426526857,stellar
2CXO J174534.7-290230,266.3948758627107,-29.04175743924709,359.9052769235779,-0.047464211957195,0.99937539038101,0.9156777014366,0.13491567770144,1.8105506099585e-15,X,0.004556283604293248,stellar
2CXO J122546.7+123943,186.4449464914935,12.662129851348643,279.1214304031734,74.33552732076505,0.91442848219863,0.90318550905684,0.061211742660837,2.9924163649676997e-12,X,0.9469784844262936,AGN
2CXO J064103.4+093118,100.26458249341208,9.52176308089874,203.27836212777663,2.045416734409647,-0.77951280449719,-0.40724547158026,-0.54590880699563,8.8969526333601e-14,Or*,0.004556283604293248,stellar
2CXO J053517.9-051538,83.82499894221917,-5.260775685995453,208.891960791638,-19.320017597281826,-0.53716427232979,-0.23110555902561,-0.34978138663335,2.6784712427626998e-14,Or*,0.006130983484454885,stellar
2CXO J053519.6-052357,83.83172645983791,-5.399264853452925,209.0260576852837,-19.37672714172185,-0.40724547158026,-0.25109306683323,-0.1736414740787,2.9896505960235e-14,Rad,0.0009590960029884197,stellar
2CXO J174538.5-290136,266.41057130649574,-29.02689375968107,359.92511380909855,-0.0514325244977973,0.98188632104934,0.99937539038101,-0.99937539038101,6.4559772671382005e-15,X,0.0,stellar
2CXO J053522.2-052029,83.84277514609681,-5.341439920841075,208.97667337484933,-19.340756404632177,-0.90568394753279,-0.60587133041849,-0.66458463460337,3.5963008762154e-14,Or*,0.0661060051519249,stellar
2CXO J004429.5+412135,11.12323439122315,41.35996105773417,121.53143121816323,-21.492900455528385,-0.0049968769519051,0.16989381636477,-0.17489069331668,1.4066092800207e-12,GlC,0.8019027545082299,AGN
2CXO J122946.2+075953,187.44260217716328,7.998049668217606,286.91722152731523,70.19318085698247,-0.027482823235478,0.16989381636477,-0.20237351655215,6.8512850610715005e-15,GlC,0.4380365029098573,stellar
2CXO J122947.1+075954,187.4463502312518,7.9985675247534544,286.92745475427427,70.19460253965602,0.52467207995003,0.36976889444097,0.12367270455965,4.9987375896365e-15,GlC,0.6241565095438538,AGN
2CXO J095549.4+694043,148.95583344128727,69.67879432524954,141.41380438601914,40.56393022528098,0.99937539038101,0.99937539038101,0.99937539038101,,Gl?,0.49852830425550665,stellar
2CXO J053514.3-052322,83.81000948918904,-5.389729533101206,209.00667551062412,-19.39169694810549,-0.61711430356027,-0.25733916302311,-0.41973766396002,1.485982854801e-15,cor,0.019062045693280474,stellar
2CXO J053427.3-052422,83.61389652960156,-5.406141400795117,208.9285074449576,-19.573242294842323,-0.50468457214241,-0.20112429731418,-0.33728919425359,1.0159120634226998e-12,Or*,0.0724330083831859,stellar
2CXO J174536.4-290043,266.40173912690284,-29.0120467283275,359.9337623848454,-0.0371047003106942,0.98688319800125,0.98063710181137,0.033728919425359,8.9478434644368e-15,X,0.0,stellar
2CXO J025434.0+413110,43.64198950993409,41.51962841456543,146.38454529781515,-15.677316192333809,0.40849469081824,0.22985633978763,0.19737663960025,7.8907113237102e-13,Rad,0.2736162385591647,stellar
2CXO J095524.7+690113,148.8533778984131,69.02038911999759,142.14990619583867,40.915703574204606,-0.99937539038101,-0.99937539038101,-0.7945034353529,0.0,UX?,0.12181980651598855,stellar
2CXO J175414.5-275435,268.56063335928843,-27.91004570254948,1.8539441550289304,-1.1000126377712178,0.92941911305434,0.50218613366646,0.80199875078076,2.4253932125017e-12,NIR,0.19444425303766494,stellar
2CXO J112320.7+013747,170.83635236520604,1.6298638113056532,259.59366732822144,56.89630880785055,0.061211742660837,0.08369768894441,-0.022485946283573,3.1654711392843e-13,LeQ,0.6359152596066141,AGN
2CXO J053522.4-052200,83.84354959004969,-5.366960893554424,209.0011640525329,-19.351616631399143,0.013741411617739,-0.11492816989382,0.12866958151156,3.5577083720544e-14,Or*,0.006553863631338896,stellar
2CXO J122946.7+080008,187.44475624721892,8.002362643374155,286.92016480884735,70.19788802738174,0.99937539038101,0.54465958775765,0.58463460337289,5.980132305869501e-15,GlC,0.3926679369498814,stellar
2CXO J053514.6-052042,83.81105592560664,-5.345106898273357,208.96499075896517,-19.370578202439205,0.46221111805122,0.11617738913179,0.36477201748907,3.2617116492587e-14,,0.05586321242514706,stellar
2CXO J013425.8+305518,23.607600785474176,30.92186262775527,133.69464263356397,-31.049803670188723,-0.012492192379763,0.084946908182386,-0.097439100562149,3.0054879780250997e-13,Cl?,0.7445987525724885,AGN
2CXO J053527.0-051544,83.86275393680825,-5.262331599389823,208.91147344092045,-19.28720392155648,-0.23485321673954,-0.16489693941287,-0.072454715802623,4.7848345358755e-14,Or*,0.007425400971577797,stellar
2CXO J174532.9-290110,266.38732372744425,-29.019676049650517,359.9206817363307,-0.0303211970387151,0.96689569019363,0.94066208619613,0.18613366645846,3.3469481628832002e-15,LP?,0.006528249810130421,stellar
2CXO J053512.6-051935,83.8028656024843,-5.326477787179195,208.9434699065482,-19.369418195698533,0.12866958151156,-0.084946908182386,0.21111805121799,1.6033368842101e-14,Or*,0.00234543509586099,stellar
2CXO J122946.6+080015,187.4442254798305,8.0043879174157,286.91717946642325,70.19971976025833,0.08369768894441,0.33603997501562,-0.31355402873204,1.6189211972269e-15,GlC,0.45858840656805155,stellar
2CXO J053518.2-052953,83.8261358168013,-5.49836469969814,209.11710946277117,-19.42648821621925,-0.37601499063086,-0.067457838850718,-0.31730168644597,2.3789211333559996e-13,Or*,0.05525794838626873,stellar
2CXO J234349.4-151704,355.95621241906406,-15.284644908001084,66.51672133023142,-70.32565289991557,0.99937539038101,0.9369144284822,-0.11118051217989,1.1709610747928998e-12,Sy*,0.7953431896637391,AGN
2CXO J174534.6-290039,266.39430448080884,-29.011110930563007,359.9311731615942,-0.031067770732886,0.99937539038101,0.99937539038101,-0.99937539038101,1.4760510533721001e-15,X,0.0,stellar
2CXO J183126.0-020516,277.85841960951734,-2.088077626634325,28.786670225797398,3.4925246565176438,0.82698313554029,0.48219862585884,0.57339163023111,8.254618645882999e-13,Y*?,0.19273482724663382,stellar
2CXO J053514.3-052232,83.80980449278144,-5.375754707900183,208.99336522621115,-19.38555705067653,0.99937539038101,0.88069956277327,0.99937539038101,,IR,0.003475853905831215,stellar
2CXO J053515.4-052722,83.81452703605504,-5.456343447470055,209.07182465293224,-19.417807093283017,-0.57589006870706,-0.35602748282324,-0.27607745159275,2.4444110949159e-14,Or*,0.010657290324539517,stellar
2CXO J223940.2+751321,339.9179260691732,75.22268476252721,114.69523235855404,14.500896724091046,0.039975015615241,0.014990630855715,0.024984384759525,9.1160583535124e-13,Or*,0.5362267180412403,AGN
2CXO J215022.5-055109,327.59377522716545,-5.852564586337522,50.85076134041351,-42.0379472102961,-0.95690193628982,-0.8157401623985,-0.64709556527171,4.8687635537155e-13,X,0.025643410137977315,stellar
2CXO J053519.6-052426,83.83191840222543,-5.407398333217338,209.03383909844564,-19.38023512699269,0.22485946283573,0.034978138663335,0.19113054341037,4.9865703912174e-14,Or*,0.00681036176888924,stellar
2CXO J162704.5-242715,246.76905889909585,-24.454378720564154,353.12924951274255,16.766019583347283,0.92692067457839,0.5946283572767,0.72329793878826,1.5708894072684e-14,Or*,0.005151344490271529,stellar
2CXO J132943.3+471134,202.43040344089852,47.19298080609976,104.91563223423393,68.57358435102798,-0.97314178638351,-0.60212367270456,-0.89444097439101,4.0356188845964e-14,UX?,0.060616780178083474,stellar
2CXO J132946.1+471042,202.44212712703225,47.17839389703136,104.87949748290453,68.58368851729827,-0.40349781386633,-0.064959400374766,-0.3472829481574,6.5167779307645e-14,Cl*,0.9453459132411909,AGN
2CXO J041437.7+053442,63.657366164229984,5.578442389077617,187.1006107156727,-31.033181418385198,0.22361024359775,0.1474078700812,0.078700811992505,4.0743052685918997e-13,LeI,0.6497438503637408,AGN
2CXO J053511.5-052447,83.7981844384675,-5.413372643774809,209.02338647765453,-19.412890122175355,0.94316052467208,0.5159275452842,0.83198001249219,8.192088904958e-14,Y*?,0.010545356371490282,stellar
2CXO J053518.5-052042,83.82715797358776,-5.345187756773473,208.97275753718716,-19.356318431627628,-0.16989381636477,-0.11367895065584,-0.056214865708932,9.943225332257401e-15,Or*,0.0025,stellar
2CXO J061536.3+710215,93.90151835012888,71.0375030552861,143.2960522164507,22.71868372717507,0.25109306683323,0.55465334166146,-0.35227982510931,2.8921708809326996e-12,Rad,0.9823096757562731,AGN
2CXO J004247.1+411406,10.69649654903418,41.23527877067973,121.18255019528338,-21.60707909073474,-0.789506558401,-0.57339163023111,-0.39600249843848,1.1570804933702e-13,X,0.08032087786560195,stellar
2CXO J053522.1-052424,83.84246054993963,-5.406904800464867,209.0384037168689,-19.37065123025357,0.12367270455965,-0.01998750780762,0.14241099312929,4.7840211383646e-14,Or*,0.015223733645867505,stellar
2CXO J174805.3-244637,267.0225040922795,-24.777189221604026,3.842154108382162,1.685990916861581,0.67707682698314,-0.037476577139288,0.69706433479076,5.2598624428229e-14,X,0.02008637696075023,stellar
2CXO J053522.9-053228,83.84552626982907,-5.541403227973684,209.16706985633888,-19.428708412305348,-0.60212367270456,-0.23360399750156,-0.42723297938788,4.5684032099319e-14,Or*,0.02947341418241599,stellar
2CXO J174533.3-290051,266.38889029573807,-29.014448576064385,359.92585713785064,-0.0287660759597446,0.93066833229232,0.8844472204872,0.17489069331668,2.2635436323018e-15,X,0.0,stellar
2CXO J095524.2+690957,148.85103913246877,69.165982359908,141.99309589976792,40.83121388675001,-0.043722673329169,0.31605246720799,-0.35477826358526,6.2435924246611e-13,X,0.8303335213204817,AGN
2CXO J123048.2+122335,187.70090199580704,12.39306978294032,283.75804929431223,74.49154273050843,-0.22985633978763,0.35477826358526,-0.54091193004372,5.2684139183752e-14,PoG,0.5093283922741982,AGN
2CXO J031947.5+413047,49.94822252802186,41.51303459321559,150.57349116590282,-13.261108380412786,0.99937539038101,0.99937539038101,-0.30730793254216,0.0,X,0.15764894576598235,stellar
2CXO J122947.3+080002,187.4473140917827,8.00057057627375,286.9287191715843,70.19677963111513,0.054965646470956,0.64084946908182,-0.79200499687695,1.7808325243956e-15,GlC,0.4244516347645172,stellar
2CXO J004233.8+411619,10.64118340411278,41.27213864142775,121.13930913585334,-21.5687225111123,-0.084946908182386,0.081199250468457,-0.16364772017489,9.3134758099671e-14,XB?,0.5814076627756435,AGN
2CXO J132950.6+471155,202.4611879004549,47.19867336706121,104.86962694470763,68.55989680031766,0.85321673953779,0.85071830106184,-0.0012492192379763,6.5327553740945e-14,Cl*,0.7981799647418114,AGN
2CXO J174535.8-290236,266.39937335113984,-29.04359378656484,359.90575848515886,-0.0517770571427279,0.93816364772017,0.8894440974391,0.15740162398501,2.1555818509087e-15,X,0.004163794851003446,stellar
2CXO J123048.1+122335A,187.70080891220027,12.393207878551657,283.7575702866039,74.49164728743663,-0.44971892567146,-0.42973141786384,-0.021236727045597,1.6880540010397e-14,GlC,0.21744401792305046,stellar
2CXO J004255.3+412557,10.730784292736471,41.43250880962895,121.2177986406041,-21.410897791785874,0.25484072454716,0.13241723922548,0.1261711430356,3.8306908158768e-13,X,0.35774009086082886,stellar
2CXO J053522.2-052637,83.84252544365313,-5.443740226507037,209.07326318623367,-19.38724830550216,-0.71205496564647,-0.38600874453467,-0.44846970643348,2.2951712525409e-14,Or*,0.005545356371490281,stellar
2CXO J174536.8-290117,266.40346802155443,-29.021615186864107,359.9263831915447,-0.0433807428661273,0.69706433479076,0.85196752029981,-0.45096814490943,3.7513717813711003e-16,EmO,0.004000089431478563,stellar
2CXO J121651.8+375438,184.2158919644021,37.91075910642444,154.74129873355824,76.99982472574344,-0.43597751405372,-0.066208619612742,-0.38101186758276,9.4294633614506e-13,PoG,0.841302611955184,AGN
2CXO J133719.8-295348,204.3324859970081,-29.896831425942526,314.6545831637204,31.92812829926464,-0.3472829481574,-0.052467207995003,-0.30106183635228,2.8285324666772e-13,SN?,0.9582906311739279,AGN
2CXO J174802.6-244602,267.0110612311846,-24.76743503293739,3.845148668702216,1.6999241304883197,0.9156777014366,0.5683947532792,0.72329793878826,7.842915426854799e-14,GlC,0.007784237420749019,stellar
2CXO J004627.0+420152,11.612616165184136,42.031228736623646,121.94103775687228,-20.830922996636964,-0.14865708931918,0.18238600874453,-0.32229856339788,3.7858301782947e-12,X,0.901970556220054,AGN
2CXO J122947.4+075955,187.44766449529948,7.998759705799096,286.93103563551443,70.1951111884656,-0.27607745159275,-0.39225484072455,0.26483447845097,2.8175287407928003e-16,GlC,0.13831134421617816,stellar
2CXO J122947.4+080007,187.44754889006012,8.002040333149312,286.9283091400913,70.19826116794185,-0.16239850093691,0.21111805121799,-0.36976889444097,5.2969254710221e-15,GlC,0.377190505629886,stellar
2CXO J174535.6-290034,266.39862405277245,-29.0097013656107,359.9343447013456,-0.033557447765351,0.99937539038101,0.98188632104934,0.99937539038101,1.8853871875806e-14,X,0.0,stellar
2CXO J053516.7-052231,83.81972743357676,-5.375346892548169,208.9977176568148,-19.3765620865215,-0.36727045596502,-0.1998750780762,-0.17988757026858,2.1321560451421e-14,Or*,0.0,stellar
2CXO J113155.2-343627,172.97994346375458,-34.607616198299226,284.8738379509126,25.460333638873852,-0.77826358525921,-0.32854465958776,-0.60462211118051,2.0279736852676e-12,LM*,0.06821564797468518,stellar
2CXO J053516.8-052222,83.82038069797443,-5.372897157975945,208.99571370706755,-19.37487377409721,-0.59088069956277,-0.39350405996252,-0.25608994378513,2.8493613534814997e-14,LM*,0.0017836054185481067,stellar
2CXO J053519.3-052542,83.83081942920228,-5.428454050004657,209.053223439932,-19.39073203290632,0.99937539038101,0.90068707058089,0.99937539038101,1.3241779638681e-14,Or*,0.0030785875801556785,stellar
2CXO J053506.4-053335,83.77689381098145,-5.559800523530185,209.15176403402344,-19.497965520577765,0.078700811992505,0.53841349156777,-0.47970018738289,5.6645820764259e-14,Or*,0.15835086912369856,stellar
2CXO J053507.2-052226,83.7803072226879,-5.374067512655785,208.9776835540929,-19.41098368066541,-0.61961274203623,-0.24109931292942,-0.44472204871955,2.6772723362528e-14,Or*,0.023463764393434713,stellar
2CXO J095601.3+694111,149.00541934781882,69.68645611590544,141.39238739100836,40.57344115539054,0.39725171767645,0.14241099312929,0.26983135540287,3.05716526275e-13,GlC,0.5500587094095599,AGN
2CXO J164115.4+534411,250.31449721848355,53.73641901420205,81.87804785724458,40.606483917920194,-0.71955028107433,-0.25983760149906,-0.56464709556527,6.8475951625438e-13,SB*,0.15609953414253674,stellar
2CXO J053505.6-052506,83.77372898341673,-5.418476515035072,209.01653842506943,-19.43691265083581,-0.70331043098064,-0.35103060587133,-0.46595877576515,1.3181842828415e-14,Or*,0.0,stellar
2CXO J053531.7-052934,83.88247785863382,-5.492836273840072,209.13874310259865,-19.373957297731195,-0.80699562773267,-0.40349781386633,-0.59837601499063,3.7133436802374997e-14,Or*,0.00330453109884941,stellar
2CXO J031738.6-663303,49.41106349856136,-66.55097895015973,283.4720535148529,-44.65423895661837,-0.52592129918801,-0.1736414740787,-0.38850718301062,7.681815029022699e-13,SN*,0.8996525331843437,AGN
2CXO J181020.8-190410,272.5870831650832,-19.069587061242068,11.362633761520405,0.0586131064484205,0.99937539038101,0.58713304184884,0.27982510930668,1.09203327309e-14,X,0.0,stellar
2CXO J123048.1+122335,187.70055661701,12.39307933220992,283.75683482440303,74.4914508833395,-0.18863210493442,-0.15865084322299,-0.02998126171143,1.6105460244857998e-14,PoG,0.2783172507512459,stellar
2CXO J174540.9-290002,266.42058249369904,-29.00062129130179,359.9521004624828,-0.0452187935182481,0.94565896314803,0.94815740162398,-0.13991255465334,1.7814103298163e-15,IR,0.0025802475807812264,stellar
2CXO J053540.8-052141,83.9200808840057,-5.3615238957943125,209.03255312649665,-19.28120396311341,0.76577139287945,0.22236102435978,0.65459088069956,3.0005986755224e-14,Or*,0.0,stellar
2CXO J003728.8-334442,9.370287040532048,-33.74515370244444,326.5138307041089,-82.73279269357654,-0.25234228607121,0.059962523422861,-0.30730793254216,1.1299764893595e-13,Rad,0.9840382175770883,AGN
2CXO J004239.5+411428,10.664715096720329,41.24123567805314,121.15709587140486,-21.600256372325724,-0.37976264834478,-0.18363522798251,-0.20986883198001,5.860862421317399e-14,XB?,0.393679158235247,stellar
2CXO J034436.9+320645,56.153952795995735,32.11266244460683,160.53244807315295,-17.83445473418478,-0.017489069331668,0.0,-0.017489069331668,6.7903979967673e-13,Or*,0.41740624430834616,stellar
2CXO J122947.5+075951,187.4479347482852,7.997770725906466,286.9325239478667,70.19421933234428,-0.44971892567146,-0.058713304184885,-0.3997501561524,1.0114078260978001e-15,GlC,0.4586081455438469,stellar
2CXO J224030.1+032131,340.12569519961403,3.3584989981102824,71.7984648726492,-46.10834553894779,0.16739537788882,0.14241099312929,0.022485946283573,2.7765828012942e-14,LeI,0.5643689288552632,AGN
2CXO J143029.8+133911,217.6245027826102,13.653315675106311,7.648832367891681,63.24448851693841,0.70830730793254,0.85696439725172,-0.37976264834478,6.0669399099593e-13,Cl?,0.9714467939755953,AGN
2CXO J100434.9+411242,151.1454864784012,41.211857907539205,179.51324014121565,53.14943145675808,-0.33603997501562,0.067457838850718,-0.39350405996252,1.2646702918653e-13,LeQ,0.9888818327079789,AGN
2CXO J053552.8-052231,83.97011939470474,-5.375356244471929,209.0694912545356,-19.24302895904659,0.68831980012492,0.25109306683323,0.52841973766396,1.0944222782449e-13,Or*,0.027107019297367686,stellar
2CXO J174538.2-290210,266.4092638816712,-29.036178267936112,359.9165933402768,-0.0552939440014034,0.85571517801374,0.99937539038101,-0.99937539038101,4.879290665886801e-16,X,0.0,stellar
2CXO J130518.5-492823,196.3271700533502,-49.473254090587446,305.2469059619699,13.336135805930962,0.40474703310431,0.30730793254216,0.11118051217989,2.3524228794661e-13,X,0.14164504144329423,stellar
2CXO J123050.0+122310,187.70866552566383,12.386387424495751,283.7925795928356,74.48743344497016,0.12742036227358,0.047470331043098,0.068707058088695,4.8094330134635e-15,GlC,0.4489522992475692,stellar
2CXO J034119.9-352714,55.33310060790268,-35.45407479187793,236.70331019809615,-53.05575481579937,-0.93816364772017,-0.59837601499063,-0.77451592754528,4.2482528239942e-13,Ro*,0.04031302060289162,stellar
2CXO J104749.9+123456,161.95826977473052,12.582475424201904,233.4903089033225,57.63457625710079,0.052467207995003,0.17239225484072,-0.1211742660837,2.3195382682482e-13,X,0.7347091894457168,AGN
2CXO J053512.8-052133,83.80359190606981,-5.359403144305897,208.97494003135557,-19.383674697207613,0.9843847595253,0.77826358525921,0.88319800124922,1.0229179342117999e-13,LM*,0.013928025540238871,stellar
2CXO J053520.4-051713,83.8350751464784,-5.287285519926587,208.92182205664443,-19.323078002750183,0.24984384759525,-0.053716427232979,0.29856339787633,3.5780669265781e-14,Or*,0.014152338493279116,stellar
2CXO J053522.7-052313,83.84499678001453,-5.387053942957992,209.02084793885936,-19.35942119862407,0.55840099937539,0.09369144284822,0.4896939412867,2.0459248102017e-14,Or*,0.005891718414456726,stellar
2CXO J053530.9-051817,83.87883782584646,-5.304919420322057,208.95938695002664,-19.292208009972363,-0.6895690193629,-0.39350405996252,-0.40599625234229,2.8513224838608e-14,Or*,0.0025,stellar
2CXO J172228.8-372656,260.6203133129429,-37.449100560798456,350.2284438918276,-0.5644348459259321,-0.63210493441599,-0.20737039350406,-0.4896939412867,1.0299936885048999e-12,Ro*,0.026068972743217796,stellar
2CXO J004235.2+412005,10.646672862033256,41.3349314173072,121.14623642283831,-21.5061252396172,0.20986883198001,0.13366645846346,0.078700811992505,1.1429605288526e-13,XB?,0.47503328569249265,stellar
2CXO J015751.4+375305,29.464269675106948,37.884795260628735,137.13095897378608,-23.148774732103583,-0.82698313554029,-0.38600874453467,-0.64834478450968,2.7698433871836997e-13,X,0.021350172067359886,stellar
2CXO J132957.5+471048,202.4898872503916,47.18018659098028,104.80029665573514,68.56885073649406,-0.17489069331668,-0.024984384759525,-0.15115552779513,4.6009446255201e-14,UX?,0.498185446471296,stellar
2CXO J053528.9-051617,83.87059769759674,-5.271674472870657,208.9240461241454,-19.284471436692844,-0.42848219862586,-0.22985633978763,-0.21986258588382,2.4483301353791998e-14,Or*,0.009326541817084038,stellar
2CXO J123048.8+122330,187.7036520733284,12.391897679306505,283.76894619634203,74.49122795794236,-0.70705808869457,-0.25733916302311,-0.54965646470956,6.2658479289336e-14,PoG,0.24843596359363584,stellar
2CXO J054707.9+001756,86.78298013606423,0.2989440331584917,205.1735472990111,-14.127087010124434,0.35852592129919,0.17738913179263,0.19362898188632,7.5228869012503e-13,RNe,0.32516824047112003,stellar
2CXO J174804.6-244709,267.0195897223132,-24.78592533000077,3.833301778329617,1.683749295721897,0.90568394753279,0.50718301061836,0.73828856964397,7.880261032806e-14,X,0.01941847660299703,stellar
2CXO J053516.4-052234,83.81871167345076,-5.376425325978843,208.99825218587475,-19.37795185712613,-0.58588382261087,-0.38600874453467,-0.25608994378513,8.0055976959579e-15,Rad,0.010993176483158668,stellar
2CXO J053504.6-052936,83.76944802573053,-5.4934121291624525,209.08538483649184,-19.474589202958143,-0.84697064334791,-0.46470955652717,-0.62835727670206,2.9506597491081e-14,Or*,0.0009590960029884197,stellar
2CXO J123050.2+122344,187.7094771457929,12.395755441791326,283.784939315021,74.49661032405268,0.99937539038101,0.99937539038101,-0.06371018113679,1.5647202802165e-15,Gl?,0.41449011026108123,stellar
2CXO J122947.2+075945,187.44691881625965,7.995934391951584,286.9309899694439,70.19219101154272,0.097439100562149,0.081199250468457,0.0,1.9470547714565002e-15,GlC,0.4901500489014375,stellar
2CXO J195859.6+404154,299.7486603774738,40.69867119303736,76.11245938654653,5.814648000231848,0.43098063710181,0.35352904434728,0.091193004372267,8.3592358150713e-14,X,0.11254158016981373,stellar
2CXO J053512.5-052344,83.80250649916479,-5.395608935158845,209.00865241467525,-19.40101831565721,-0.70081199250468,-0.33104309806371,-0.48094940662086,3.0636765884926e-14,Rad,0.0,stellar
2CXO J174541.5-285814,266.42293200492645,-28.97081035811692,359.97861803333745,-0.0314443828000067,0.99937539038101,0.94316052467208,0.99937539038101,3.2911949734281e-14,Rad,0.0,stellar
2CXO J110224.8-773335,165.6034767141864,-77.55992768092547,297.0426689341237,-15.952789210041182,-0.81324172392255,-0.33229231730169,-0.65958775765147,7.8451422515854e-13,LM*,0.005141910717257851,stellar
2CXO J022231.4+422023,35.630951767141255,42.3399483260066,140.38096574662325,-17.424697203250723,0.5946283572767,0.23860087445347,0.41474078700812,2.6094298030865e-13,ULX,0.03132401442209271,stellar
2CXO J133739.7-125724,204.41575784009612,-12.956859730038236,320.0240054909107,48.37485221256389,-0.19113054341037,0.026233603997502,-0.21736414740787,2.6592304984737997e-12,ev,0.9710598667566953,AGN
2CXO J132957.6+471206,202.49005486080372,47.20178033091869,104.82407304758084,68.54908298973842,-0.068707058088695,-0.082448469706433,0.013741411617739,3.8564794136658e-14,X,0.3375570910374284,stellar
2CXO J053454.1-052226,83.72547743922786,-5.374100610402236,208.9515220687917,-19.459679573739123,-0.13116801998751,-0.041224234853217,-0.089943785134291,9.654815601850899e-14,Ir*,0.12791556527215348,stellar
2CXO J053538.1-051810,83.90883661144647,-5.303104634332413,208.97199750843916,-19.26475187997285,0.8107432854466,0.23110555902561,0.71330418488445,4.9668781778519e-14,Or*,0.0017836054185481067,stellar
2CXO J140729.7-270104,211.8740328862848,-27.017851769796817,323.1444456478916,32.85116731807844,-0.28732042473454,-0.011242973141786,-0.27607745159275,3.5219129895089995e-13,ClG,0.9973454350958609,AGN
2CXO J174532.8-290143,266.3866941075596,-29.02880427626643,359.9126042387797,-0.0346085831174618,-0.99937539038101,-0.99937539038101,-0.99937539038101,0.0,X,0.006653278241180099,stellar
2CXO J100433.8+411234,151.14092467331614,41.20963061998384,179.51781030633583,53.146394150130114,-0.30730793254216,0.057464084946908,-0.35852592129919,1.0308039899705e-13,LeQ,0.9583429058129508,AGN
2CXO J083600.3-262138,129.001332906195,-26.360589113733383,248.49988620657757,8.56230358825781,-0.77701436602124,-0.42598376014991,-0.52467207995003,1.1493241050311e-13,gD*,0.051983920380729555,stellar
2CXO J162230.0-241123,245.62507830340428,-24.189823429028788,352.61127824688054,17.72098705371815,-0.16489693941287,-0.024984384759525,-0.13991255465334,8.1544759902442e-13,Or*,0.5817720754418347,AGN
2CXO J123050.7+122338,187.711292074652,12.393978355986496,283.7932543583683,74.49544411498441,0.97189256714553,0.99937539038101,-0.23485321673954,0.0,GlC,0.7530822095338466,AGN
2CXO J181934.1-145803,274.8923379143271,-14.967663438998944,16.018983092361346,0.0803826608402934,-0.97688944409744,-0.89069331667708,-0.65708931917552,1.5170817598048e-13,NIR,0.0013863390928725702,stellar
2CXO J053516.3-052509,83.81818576359757,-5.41937561887015,209.03860993674255,-19.397845064331985,-0.35477826358526,-0.2685821361649,-0.094940662086196,1.4651234663149e-14,Or*,0.0,stellar
2CXO J053518.9-052218,83.82897615248237,-5.371866502962463,208.9988433492948,-19.366775669980207,0.48094940662086,0.086196127420362,0.41099312929419,3.7578285366751e-14,Or*,0.01865706380976514,stellar
2CXO J174859.6-271220,267.24834387352905,-27.205799663593176,1.8655760717796144,0.2598724150096791,-0.74828232354778,-0.25608994378513,-0.60836976889444,1.273686319953e-14,Y*?,0.0,stellar
2CXO J004247.8+411549,10.699461491277418,41.26380764633658,121.18605369446595,-21.578649285732045,-0.84946908182386,-0.52217364147408,-0.5896314803248,1.2944315936218e-14,XB?,0.08682498060043273,stellar
2CXO J053513.4-052340,83.80603536604036,-5.394539738755553,209.00932622212488,-19.39740140163765,-0.046221111805122,-0.053716427232979,0.0074953154278576,2.4217614312973e-14,Or*,0.0011338043718260103,stellar
2CXO J043334.5+242105,68.39404698531843,24.35153896462552,174.217907342607,-15.71342322283831,-0.30980637101811,-0.092442223610244,-0.22236102435978,2.6737436806561997e-13,Or*,0.23054944954082923,stellar
2CXO J174536.3-290114,266.4016232076608,-29.020685224793247,359.92633639788545,-0.0415192943533261,0.99937539038101,0.82448469706433,-0.2473454091193,1.4392361393361e-15,X,0.0041290405144090965,stellar
2CXO J053530.2-052551,83.87619715674589,-5.430997710841174,209.077277474702,-19.35158833155208,-0.79325421611493,-0.47970018738289,-0.50593379138039,2.321221414771e-14,IR,0.004061603747401333,stellar
2CXO J122946.4+075939,187.44354890185664,7.994393773608935,286.92257616873866,70.18987149719864,-0.024984384759525,0.037476577139288,-0.06371018113679,2.8141754055829003e-15,GlC,0.41034156677784517,stellar
2CXO J123049.9+122347,187.7081140394096,12.396644778633917,283.7791916678833,74.4970610373017,-0.5946283572767,-0.28607120549656,-0.35852592129919,3.2500921028035e-15,GlC,0.5490101281616042,AGN
2CXO J055200.4+323648,88.0020391688148,32.6133028693612,177.55240918385678,3.068834333311784,-0.73454091193004,-0.36976889444097,-0.49968769519051,6.6700422282576e-14,Pu*,0.023030626572013865,stellar
2CXO J174538.6-290132,266.41118569753166,-29.02567218582984,359.9264363875143,-0.0512546546272487,-0.41349156777014,0.99937539038101,-0.99937539038101,0.0,X,0.01526945777187766,stellar
2CXO J053527.8-052802,83.8662561936668,-5.467289189748962,209.1068502352006,-19.376819315755046,-0.49843847595253,-0.10368519675203,-0.4159900062461,5.1147919063723e-14,Or*,0.04779767497943898,stellar
2CXO J174539.7-290029,266.4157561155059,-29.00829174389233,359.94335408932375,-0.0456115075958238,0.9893816364772,0.96189881324172,0.5633978763273,4.0336113933929e-14,Cld,0.00330453109884941,stellar
2CXO J064123.0+092726,100.34601224922152,9.45741956022256,203.3723389549307,2.087494004009696,-0.77326670830731,-0.40724547158026,-0.53466583385384,1.1242187832495e-13,Or*,0.015103365911277375,stellar
2CXO J053523.4-052001,83.8478929042933,-5.3337787765534,208.97187719028864,-19.33274537198921,0.88319800124922,0.35852592129919,0.7682698313554,4.2541408402922e-14,Y*?,0.0027726781857451404,stellar
2CXO J063255.8+174644,98.23265775182892,17.779030508285885,195.02004909684692,4.063989378286613,0.44846970643348,0.22985633978763,0.24359775140537,1.1012996002590999e-13,X,0.0716867482065807,stellar
2CXO J104433.7-594415,161.1405148721915,-59.73761551780289,287.5662170917921,-0.7058117437474499,-0.91692692067458,-0.68207370393504,-0.62585883822611,2.9017958604726e-13,Pl?,0.006017389905043707,stellar
2CXO J004252.4+411648,10.718396758028971,41.28019288620115,121.20197983251666,-21.56278570018765,-0.30980637101811,0.017489069331668,-0.32604622111181,4.6666538865148e-14,XB?,0.5522086170588749,AGN
2CXO J224030.2+032131,340.126103522358,3.358688595059072,71.79907792758623,-46.10849200736296,0.41099312929419,0.29731417863835,0.12742036227358,1.9699290631422e-14,LeI,0.5123226437183545,AGN
2CXO J095510.2+690502,148.7929152916969,69.08391820829247,142.09757222717275,40.86150084719581,0.0074953154278576,0.19612742036227,-0.18988132417239,2.3447890417409e-13,X,0.8450257481697264,AGN
2CXO J053218.7-710744,83.07793034173585,-71.1290425490496,281.9167858694671,-31.93081580296728,0.012492192379763,0.034978138663335,-0.022485946283573,5.274209338028499e-13,Rad,0.4538513421460077,stellar
2CXO J123049.1+122308,187.70484123346432,12.385667444544843,283.7800567464625,74.48563009671894,0.99937539038101,0.99937539038101,-0.036227357901312,0.0,Gl?,0.5020620801364238,AGN
2CXO J122945.8+075944,187.4411095931007,7.99570678516084,286.9147103720627,70.19054463627691,0.52217364147408,0.28232354778264,-0.048719550281074,7.123607549472801e-16,GlC,0.5554535165686929,AGN
2CXO J053533.1-051733,83.88802001275411,-5.292732022842334,208.9522591351464,-19.27853825054413,-0.76577139287945,-0.420986883198,-0.50843222985634,2.0087124244396e-14,Or*,0.003358305298709744,stellar
2CXO J053510.6-052255,83.79422403759042,-5.382262438035725,208.9920782426277,-19.402334839146217,0.92192379762648,0.48844472204872,0.78700811992505,3.1949441464751e-14,?,0.0013863390928725702,stellar
2CXO J123048.2+122340,187.70119063356947,12.394713282687569,283.75721566198376,74.4931952701687,-0.99937539038101,-0.64459712679575,-0.99937539038101,1.1486289518382e-15,GlC,0.2570654144810594,stellar
2CXO J053511.1-052237,83.79665494891015,-5.377153511631786,208.9884086111888,-19.39786515528038,0.99063085571518,0.80074953154279,0.91692692067458,6.0941798984104e-14,Or*,0.0061010067202462714,stellar
2CXO J053520.9-052150,83.83719679960035,-5.364120936481083,208.99544668307271,-19.355972332418453,-0.43722673329169,-0.31355402873204,-0.14116177389132,5.4392534788676e-15,Or*,0.0025,stellar
2CXO J053518.4-052329,83.82708070115962,-5.391474612572424,209.0164750701234,-19.37732867881087,-0.4159900062461,-0.11742660836977,-0.30855715178014,9.449933091937301e-16,Y*?,0.02453279161608769,stellar
2CXO J132502.7-430243,201.2612109609903,-43.04536286788027,309.43233292688234,19.40180504395956,0.31355402873204,0.28732042473454,0.028732042473454,1.4345618914075e-13,X,0.06827200206358398,stellar
2CXO J053511.1-053459,83.79640693350126,-5.583270088549545,209.18328035968707,-19.491232490185897,-0.48719550281074,-0.15740162398501,-0.35602748282324,5.4558782941505997e-14,Or*,0.023867821633382483,stellar
2CXO J053501.9-052055,83.75833910767301,-5.348683170584077,208.94318782512983,-19.41900106228413,0.72704559650219,0.23110555902561,0.59587757651468,4.5916407952562e-14,Or*,0.0013863390928725702,stellar
2CXO J052426.3-693614,81.1093571130578,-69.60380415984271,280.2707613866731,-32.84254468946261,-0.52841973766396,-0.1474078700812,-0.41224234853217,5.972831747801999e-14,X,0.7615329930405532,AGN
2CXO J004332.3+411040,10.88493506030295,41.17796571948591,121.33284530511992,-21.669257835395506,0.81823860087445,0.64334790755778,0.368519675203,4.3363302950027e-13,X,0.5494426620076962,AGN
2CXO J132522.8-430124,201.3452987968309,-43.02355599956014,309.5000745035003,19.414885280665032,0.11118051217989,0.18613366645846,-0.076202373516552,7.7698246016917e-14,X,0.1994283432637947,stellar
2CXO J200911.2+323353,302.29695054602803,32.56477279548196,70.29969656493033,-0.2389993765669812,0.64584634603373,0.48844472204872,0.22735790131168,1.8058593016963e-11,SB*,0.07350824853900062,stellar
2CXO J132601.3-430528,201.5053317064437,-43.09126072610016,309.61270960555777,19.33142161603494,0.089943785134291,0.17863835103061,-0.089943785134291,2.6470764134953e-13,X,0.28448903226896516,stellar
2CXO J041847.0+282007,64.69599844505706,28.335302964115023,168.84160734264967,-15.52248098479483,-0.38475952529669,-0.086196127420362,-0.30855715178014,1.5773049303524e-12,Or*,0.19094529337837518,stellar
2CXO J133004.3+471320,202.5179085627772,47.22249544652562,104.799921045075,68.52245591676561,0.17114303560275,0.14615865084322,0.024984384759525,7.6703390052181e-14,HII,0.6044307797016344,AGN
2CXO J034432.7+320837,56.13644379465154,32.143716077988934,160.4995840882775,-17.820123794416286,-0.49718925671455,-0.27482823235478,-0.25608994378513,5.3205385224658e-14,Or*,0.010359865501352457,stellar
2CXO J122946.2+080024,187.4427389894768,8.006748525695498,286.9112412285628,70.20164157605704,-0.63460337289194,0.024984384759525,-0.64709556527171,1.8574677465108e-15,Gl?,0.5735560075166477,AGN
2CXO J122809.3+440508,187.0388416071196,44.08565346567441,136.8778464404293,72.40667798042337,-0.52342286071206,-0.30231105559026,-0.26233603997502,1.4954171092787e-13,X,0.7614694021923576,AGN
2CXO J123047.9+122320,187.6996205435596,12.38904623139169,283.7580863619701,74.48732901766662,-0.0012492192379763,-0.24609618988132,0.75452841973766,1.4989884343252001e-15,GlC,0.20385000254891344,stellar
2CXO J122810.9+440648,187.04561106918905,44.11345151105782,136.83509665480014,72.38159474746215,-0.52966895690194,-0.13991255465334,-0.41973766396002,1.7114862587996e-13,Rad,0.7942110419597147,AGN
2CXO J201633.9-071145,304.141347307028,-7.195972285996556,36.1955546654303,-22.18514111080462,-0.62960649594004,-0.10993129294191,-0.55840099937539,2.6846058894474997e-12,LM*,0.5312734825105319,AGN
2CXO J122947.9+080008,187.44973271128012,8.002276376958966,286.93432126560435,70.19902559545568,-0.55215490318551,-0.058713304184885,-0.50718301061836,2.2033723914598002e-15,GlC,0.5084121894249822,AGN
2CXO J004245.5+411608,10.689938336177931,41.269038433338416,121.1785646354755,-21.573163145647243,-0.23860087445347,-0.046221111805122,-0.19362898188632,7.8801320415478e-14,XB?,0.5550673589450011,AGN
2CXO J033201.4-274647,53.00588180761963,-27.77985228191552,223.49959150025052,-54.530107561113056,0.80449718925671,0.69331667707683,0.24984384759525,1.1144469347577e-14,Rad,0.9880286238386291,AGN
2CXO J174532.8-290144,266.386703274099,-29.02891824720727,359.91251114642535,-0.0346748208125744,0.99937539038101,0.99937539038101,-0.99937539038101,2.44098308651e-15,X,0.0,stellar
2CXO J053522.0-052815,83.8419949059977,-5.47093323212175,209.09872615832307,-19.40001015929514,-0.55215490318551,-0.41973766396002,-0.17114303560275,1.5981622762893e-14,Or*,0.0017836054185481067,stellar
2CXO J174538.4-290202,266.4103468317835,-29.034084039100115,359.9188741937628,-0.0550110542120655,0.99937539038101,0.88569643972517,0.99937539038101,1.26140348766e-15,X,0.0,stellar
2CXO J165258.8+022403,253.24540665952009,2.400885552379963,20.72900997925833,27.290873668336484,0.86695815115553,0.70830730793254,0.40849469081824,5.5736663098885e-13,Cl*,0.8796137901575701,AGN
2CXO J125052.7+410718,192.71971191357727,41.12189253006216,123.36732086421256,76.00588725597592,-0.21611492816989,0.084946908182386,-0.29606495940037,2.7850314636173e-13,UX?,0.9881334928888876,AGN
2CXO J070610.7+024449,106.54499841792888,2.7471398682693944,212.16296311528885,4.530933265142732,0.094940662086196,0.062460961898813,0.032479700187383,1.8142175650080998e-12,BL?,0.5815725033582463,AGN
2CXO J174538.4-290105,266.4100823677716,-29.01817292960161,359.9323348391914,-0.046524120263388,0.99937539038101,0.99937539038101,-0.99937539038101,2.5384253722429e-15,out,0.0,stellar
2CXO J123050.9+122325,187.71219805487036,12.390419645316523,283.8003892204973,74.49231216996628,-0.92816989381636,-0.61461586508432,-0.70206121174266,5.5490127893062e-15,X,0.06972704868725431,stellar
2CXO J053515.9-052109,83.81666068321942,-5.352732322144471,208.9748755196532,-19.369052763861635,0.32979387882573,0.0074953154278576,0.32229856339788,2.5454450400005e-14,Y*?,0.020195751894723606,stellar
2CXO J122947.8+075951,187.44941023671947,7.997646720731827,286.93679252031814,70.19446108870191,-0.60836976889444,-0.41973766396002,-0.24109931292942,1.6813761265124e-15,GlC,0.3629637975775881,stellar
2CXO J004209.4+411745,10.53952163754002,41.29595965646151,121.0582004844475,-21.542024260558968,0.081199250468457,0.0062460961898814,0.073703935040599,6.775278031692e-14,GlC,0.23855167825330828,stellar
2CXO J004244.6+411618,10.68609632598168,41.27168389160277,121.17556466196368,-21.57041471561219,-0.38475952529669,-0.054965646470956,-0.33603997501562,4.7050720904077e-14,XB?,0.5154644492559544,AGN
2CXO J053501.4-052820,83.75621397907116,-5.472494784908357,209.0592781873258,-19.47688735889968,-0.82698313554029,-0.56464709556527,-0.4896939412867,2.3067490608503e-14,Or*,0.01039375265418025,stellar
2CXO J053517.8-052053,83.8243639843194,-5.348337338046048,208.9744001406767,-19.360224422841853,-0.50468457214241,-0.37851342910681,-0.15490318550906,1.3218589095357e-14,Or*,0.0027726781857451404,stellar
2CXO J122817.8+440634,187.0742449482084,44.10941492448504,136.774189443432,72.39155908521651,0.26233603997502,-0.038725796377264,0.29731417863835,1.6531031406064999e-13,UX?,0.45383060516105717,stellar
2CXO J054008.2-691712,85.0343785623445,-69.28677997582956,279.66532401902634,-31.524851126777165,-0.91317926296065,0.11118051217989,-0.89818863210493,1.5189241784058e-14,X,0.31290156601711216,stellar
2CXO J053440.9-054517,83.67078354840044,-5.754836832772218,209.28596019708175,-19.680187449391628,-0.74078700811993,-0.37726420986883,-0.50468457214241,1.3081388004678999e-13,Or*,0.03831997919005342,stellar
2CXO J132832.4-424143,202.1352260673464,-42.69537250656502,310.1586788632411,19.655139868681616,-0.88194878201124,-0.49718925671455,-0.68332292317302,2.8310923509911e-13,Y*?,0.08952728367637398,stellar
2CXO J192457.3+501049,291.23887225763065,50.180314015702415,81.8273152554882,15.495991760874231,-0.7158026233604,-0.28107432854466,-0.54341036851968,2.6869441855129996e-13,Er*,0.06885852060346163,stellar
2CXO J053520.3-052213,83.83499476961777,-5.370448669667335,209.0003765898167,-19.36079033687265,-0.058713304184885,-0.14116177389132,0.08369768894441,3.8417601303549e-14,Or*,0.00345909600298842,stellar
2CXO J223603.5+335833,339.0148930918101,33.97587818955425,93.28371658394074,-20.987168636918984,0.78450968144909,0.90568394753279,-0.41973766396002,1.2009995152438998e-12,Rad,0.7908241691482032,AGN
2CXO J041628.1+280735,64.1171348519652,28.12650580674297,168.6333159755925,-16.035828269794994,-0.77326670830731,-0.35727670206121,-0.57464084946908,8.965558766109399e-13,Or*,0.011616386327527936,stellar
2CXO J034425.5+321229,56.10655079951107,32.20827768612738,160.4357388981568,-17.786758502234285,-0.62835727670206,-0.38101186758276,-0.32604622111181,5.3660983678478e-14,Or*,0.021112083257561726,stellar
2CXO J053506.1-052212,83.77572973315785,-5.3701398334109145,208.97178346223103,-19.41327075009852,0.22361024359775,-0.098688319800125,0.31480324797002,1.509253750218e-14,Y*?,0.004862192998703785,stellar
2CXO J173547.2-302855,263.94711275113366,-30.48217419869585,357.55744000040374,0.99056720357139,0.59712679575265,0.35602748282324,0.29231730168645,4.6317188586352e-14,GlC,0.0,stellar
2CXO J174532.8-290152,266.3870139906269,-29.031210487936228,359.9106964012421,-0.0361013125247485,0.99937539038101,0.87695190505934,0.77826358525921,6.784352447350401e-16,X,0.0,stellar
2CXO J053446.9-053414,83.69576594277231,-5.570722725812352,209.1234161969491,-19.57494207026178,-0.73953778888195,-0.4159900062461,-0.46720799500312,4.7003465432798e-14,Or*,0.008964642310760053,stellar
2CXO J174536.8-290042,266.40356554542655,-29.01190037371712,359.9347195367627,-0.038391729795581,0.8894440974391,0.93816364772017,-0.43347907557776,1.1813998797136e-15,X,0.0013863390928725702,stellar
2CXO J053517.8-054234,83.82453447183747,-5.709663746748085,209.31634890131036,-19.523265212372458,-0.68332292317302,-0.31730168644597,-0.4684572142411,2.5180483639923996e-13,Or*,0.009062045693280478,stellar
2CXO J095416.7+173628,148.56984719371536,17.607843763540064,216.53311574549804,48.17271744612594,-0.26608369768894,0.012492192379763,-0.27732667083073,3.1801714392257e-13,X,0.9858000884910303,AGN
2CXO J053507.4-052640,83.7810486663999,-5.444528969934791,209.04467423658204,-19.442193524626106,-0.77701436602124,-0.55590256089944,-0.38725796377264,6.0590884101188e-15,Or*,0.00324105157681603,stellar
2CXO J053545.5-052822,83.93995160326068,-5.472948516638693,209.14733290767475,-19.3139330687004,-0.79575265459088,-0.40349781386633,-0.57464084946908,1.5561163417571e-14,Or*,0.0015524632320154594,stellar
2CXO J132558.7-430430,201.4945922069369,-43.075183272027424,309.6068951379918,19.34844831349162,-0.13491567770144,0.079950031230481,-0.21236727045597,2.2090923343659e-13,UX?,0.3838261327793251,stellar
2CXO J203231.5+411408,308.1313643059668,41.23558719318823,80.079866060574,0.8503762871685637,0.45721424109931,0.043722673329169,0.42223610243598,3.8931942498657e-13,SB*,0.04224650984248278,stellar
2CXO J174538.7-290133,266.4115141369956,-29.026118292654804,359.9262052252918,-0.0517322026414769,0.99937539038101,0.95940037476577,0.99937539038101,2.9941298090484003e-15,X,0.0013863390928725702,stellar
2CXO J004245.2+411722,10.688365507284288,41.28950663435326,121.1780921339583,-21.55266555455492,-0.033728919425359,0.082448469706433,-0.11492816989382,3.7746608269872e-14,s?r,0.16692685958863845,stellar
2CXO J125053.0+410712,192.72116041465915,41.12023034700797,123.3628698227542,76.00755911891564,-0.49718925671455,-0.10493441599001,-0.41349156777014,2.4919010752699e-13,Rad,0.7924719000366099,AGN
2CXO J115518.2+193942,178.82616985118216,19.66176109748077,240.08745978763085,75.12941089207094,-0.39600249843848,-0.024984384759525,-0.37476577139288,7.588434894361599e-13,LeI,0.9209955428788359,AGN
2CXO J053504.5-052013,83.76892550020528,-5.337184767570391,208.93737502628724,-19.404397745396288,0.95065584009994,0.39850093691443,0.88819487820112,2.8808199657053e-14,Or*,0.0037317741887335602,stellar
2CXO J053527.5-052830,83.86484916522056,-5.475306565590532,209.11376093624267,-19.3816917477296,-0.73828856964397,-0.35477826358526,-0.51967520299813,1.5910063461678e-14,Or*,0.0,stellar
2CXO J123617.4+255855,189.07250276113652,25.982021164203932,230.7730048414777,86.42407062687053,-0.27482823235478,0.086196127420362,-0.35227982510931,3.4699011142377e-13,ULX,0.9874291087399729,AGN
2CXO J174536.2-290036,266.4009488158074,-29.010142144867228,359.9350278642266,-0.0355223964396229,0.78076202373517,0.99937539038101,-0.99937539038101,9.5813206288034e-16,X,0.0,stellar
2CXO J053515.1-052223,83.8133501639191,-5.373360594516976,208.99279488167937,-19.38132576198032,-0.45846346033729,-0.23985009369144,-0.24484697064335,2.3217634622188998e-14,Or*,0.0047446443915823144,stellar
2CXO J132523.6-430009,201.34863726459275,-43.002614100320216,309.5057306438962,19.43528303979281,0.60337289194254,0.28607120549656,0.38351030605871,1.1066728256735e-13,X,0.03035590063232394,stellar
2CXO J095554.1+694039,148.9756541145032,69.67771519512321,141.40967306803154,40.57015105008647,0.83322923173017,0.78201124297314,0.14490943160525,4.6920761704292e-13,GlC,0.7822417416987244,AGN
2CXO J122945.5+075955,187.4398276203409,7.998654637540902,286.9089235836697,70.19308550732373,0.12866958151156,0.28732042473454,-0.19362898188632,2.1596988556629e-15,GlC,0.5340842138052223,AGN
2CXO J053440.0-054009,83.66700817488237,-5.66938986698566,209.20317088577605,-19.64501304092371,-0.67457838850718,-0.27857589006871,-0.48844472204872,3.3939607243797997e-13,Or*,0.03051658123746336,stellar
2CXO J132528.5-430059,201.36908187160827,-43.01665596909496,309.51935133571743,19.41929321397985,0.23235477826359,0.04996876951905,0.18363522798251,1.0669884241956e-13,X,0.07266842301482647,stellar
2CXO J122945.6+075940,187.4402024974611,7.994615552208902,286.9129411453337,70.18926472358586,-0.12866958151156,0.17114303560275,-0.2948157401624,1.9626907173139e-15,Gl?,0.3205198239856364,stellar
2CXO J053736.1-690236,84.40071288033454,-69.04358557843116,279.4116057763551,-31.77642510038152,0.23360399750156,0.16114928169894,0.073703935040599,2.3218232932406e-14,X,0.21411244718934502,stellar
2CXO J053509.8-051933,83.79104452274481,-5.32607957880479,208.9374457715497,-19.37973304111276,-0.28607120549656,-0.18238600874453,-0.10993129294191,2.0566662194965e-14,Or*,0.015603516124679185,stellar
2CXO J053534.2-052718,83.89264266310158,-5.45510572672381,209.10791261686845,-19.347881941943253,-0.83198001249219,-0.50718301061836,-0.56214865708932,2.803199638662e-14,X,0.028873202208302993,stellar
2CXO J174537.5-290044,266.4063302208524,-29.01239442521197,359.9355575668432,-0.040712792896059,0.83822610868207,0.87195502810743,-0.18738288569644,0.0,out,0.0038863390928725707,stellar
2CXO J120152.0-185133,180.46702142034928,-18.85919742363087,286.9509723736806,42.469130851269405,0.2261086820737,0.29606495940037,-0.0737039350406,2.1698531044441e-13,X,0.5642842874943678,AGN
2CXO J163352.3-480640,248.4682837624981,-48.111258564317744,336.3661228387839,-0.2181409765391349,-0.54341036851968,-0.21236727045597,-0.37476577139288,3.3046138860148996e-12,SB*,0.05684758112698995,stellar
2CXO J183128.6-020529,277.86942536423464,-2.0916358402449724,28.78856535259881,3.481120787757758,0.95690193628982,0.68457214241099,0.789506558401,7.2087861131144e-13,Y*?,0.0656452149601284,stellar
2CXO J064114.4+093321,100.3102609752803,9.555951550843886,203.268507348264,2.101104125741,-0.64084946908182,-0.24609618988132,-0.4684572142411,4.8650773565762e-14,Or*,0.027063439144487708,stellar
2CXO J174534.1-290118,266.3923356887742,-29.021967125337262,359.921010349515,-0.0352556572428795,0.99937539038101,0.92067457838851,0.99937539038101,2.2245739532366e-15,X,0.0,stellar
2CXO J174538.4-290104,266.4102139644542,-29.01780347437874,359.9327101463054,-0.0464298624028795,0.79325421611493,0.92192379762648,-0.4946908182386,2.4428131830172003e-15,out,0.0069993780488811245,stellar
2CXO J123048.8+122347,187.7033492593198,12.396523224847344,283.7627146526718,74.4955531847076,0.99937539038101,-0.41474078700812,0.99937539038101,3.002349802194e-15,Gl?,0.08961799147157146,stellar
2CXO J053516.7-052019,83.81970851889162,-5.338878218929607,208.96323611417387,-19.360077029608064,0.066208619612742,-0.1736414740787,0.23610243597751,8.2955518465314e-15,Or*,0.004581897425501723,stellar
2CXO J053504.3-052313,83.76813586186893,-5.387124388436084,208.98421702678323,-19.42769756107548,-0.4684572142411,-0.11617738913179,-0.37226733291693,1.9173256321456e-14,Or*,0.02555233000460316,stellar
2CXO J053519.1-052234,83.82976489726838,-5.3762599991023965,209.00337312716172,-19.368062971756544,-0.49219237976265,-0.51967520299813,0.04996876951905,2.1805650663537002e-16,Y*?,0.00234543509586099,stellar
2CXO J123049.4+122349,187.70615056230335,12.397209637730771,283.7717133708915,74.49702662103931,-0.99937539038101,-0.94316052467208,-0.60961898813242,1.1838077023868e-15,Gl?,0.2107365320561124,stellar
2CXO J053520.6-052446,83.83595747108882,-5.412911214205772,209.0409790301918,-19.379141743529384,0.80824484697064,0.29731417863835,0.67332916926921,2.6470004045485e-14,Or*,0.0,stellar
2CXO J032926.8+312647,52.36184557826374,31.44650670014511,158.3021586659474,-20.36297313371569,-0.63960024984385,-0.35352904434728,-0.36976889444097,1.9424825640855e-13,Or*,0.16426868876432593,stellar
2CXO J174539.2-290023,266.41346300148075,-29.006654095595664,359.94370719237713,-0.0430465376461528,-0.99937539038101,-0.99937539038101,-0.21736414740787,0.0,IR,0.0016280913126188964,stellar
2CXO J174532.6-290118,266.38616330325976,-29.02193543333092,359.91822461065146,-0.0306326734673662,0.99437851342911,0.98313554028732,0.46346033728919,2.1961651388574e-14,X,0.0009590960029884197,stellar
2CXO J053524.4-051659,83.85203302046017,-5.283208909272572,208.9260727996456,-19.306176638728903,0.28232354778264,0.12742036227358,0.15990006246096,6.1314213574999e-14,Or*,0.13248000322617298,stellar
2CXO J053516.2-052316,83.81787145189384,-5.3879390554636855,209.0087361368132,-19.383906386844213,-0.0024984384759525,0.15490318550906,-0.15740162398501,2.51512930235e-14,Y*?,0.23476331460014913,stellar
2CXO J191101.5+085247,287.7564058287569,8.879862454148906,43.059534490570336,-0.2678479040900834,-0.83322923173017,-0.40724547158026,-0.6420986883198,2.1717780352142998e-13,X,0.0,stellar
2CXO J013253.9+303311,23.22455157915925,30.553269023827383,133.39880054994427,-31.47442910426352,-0.1686445971268,0.01998750780762,-0.18863210493442,1.5581162609494e-13,X,0.852682419135041,AGN
2CXO J111227.7-764423,168.11496357372573,-76.73975656313499,297.22810950838294,-14.976895936620474,-0.74078700811993,-0.40099937539038,-0.48219862585884,3.4986662990253997e-13,Or*,0.0773061386923605,stellar
2CXO J053520.0-052537,83.83352159947935,-5.427129508221863,209.0532603826222,-19.38773376863497,-0.46221111805122,-0.22236102435978,-0.26608369768894,2.0087604442871e-14,Or*,0.0025,stellar
2CXO J053515.8-052852,83.8162449184652,-5.481406007170302,209.09635010326528,-19.42760871594587,-0.32729544034978,-0.20986883198001,-0.1261711430356,2.2780872872094e-14,Or*,0.0019719662058371736,stellar
2CXO J164348.5+171549,250.9525815025071,17.263718227697613,35.331694862743625,35.769467336945006,-0.17489069331668,0.087445346658338,-0.25858838226109,4.6863147461067e-13,ClG,0.9988863390928725,AGN
2CXO J180219.8-245210,270.582580890308,-24.86964303005609,5.393091081084272,-1.1500980996130774,-0.67207995003123,-0.368519675203,-0.40349781386633,1.3159564153060999e-12,Ro*,0.02597348276346859,stellar
2CXO J112015.7+133513,170.06564994048995,13.587106715210274,240.84908242355797,64.77530436026596,0.64709556527171,0.32229856339788,0.40974391005621,5.690010415248199e-13,UX?,0.7809997015729615,AGN
2CXO J053621.3-052014,84.08893922569018,-5.337392718584308,209.0902936773948,-19.120349183055755,-0.85071830106184,-0.37976264834478,-0.67207995003123,1.8523610440359e-14,Ir*,0.00234543509586099,stellar
2CXO J174536.1-290238,266.4007831513063,-29.044123639078077,359.90594846679727,-0.053105117773235,0.83822610868207,0.92317301686446,-0.43098063710181,1.2414431238272e-15,X,0.0,stellar
2CXO J172719.0-304949,261.82912557542545,-30.83036715251692,356.2679869617178,2.324550180450124,0.89818863210493,0.52717051842598,0.70580886945659,1.7767447413673998e-12,X,0.23078348014773797,stellar
2CXO J124826.1-411756,192.1089337268544,-41.29903298649026,302.3256078217545,21.569180234608517,0.46346033728919,0.28357276702061,0.20487195502811,1.1389421167089e-13,X,0.22566823026245658,stellar
2CXO J004149.8+410106,10.457577587788762,41.01859426631832,120.98008367298584,-21.81673952034049,0.11492816989382,0.097439100562149,0.017489069331668,2.8024088298243e-14,X,0.14295542124837457,stellar
2CXO J123049.7+122351,187.70739468418924,12.397599564693955,283.7756152339847,74.49776208110661,0.47220487195503,0.14241099312929,0.34353529044347,9.554891807116501e-15,GlC,0.4542005019785552,stellar
2CXO J132526.4-430054,201.36010098461716,-43.01509065943396,309.5126884720647,19.42175967809192,0.92442223610244,0.75577763897564,0.54965646470956,8.2563291884441e-14,X,0.048951527446123216,stellar
2CXO J053504.4-052356,83.76875214230847,-5.399070657446624,208.9958088020997,-19.43255450772561,-0.24109931292942,-0.19113054341037,-0.051217988757027,2.7973120752031e-14,Or*,0.0015600789913413338,stellar
2CXO J140119.6+541839,210.33191920560355,54.31103548263263,102.4567147332403,59.95109508199317,-0.85321673953779,-0.38600874453467,-0.69081823860087,1.2328875596522998e-13,SB*,0.11145978033876013,stellar
2CXO J053522.4-052509,83.84339099471401,-5.419318675472545,209.05058442944517,-19.375438570996405,-0.68831980012492,-0.30356027482823,-0.48719550281074,1.7711876383344998e-14,Or*,0.005,stellar
2CXO J120151.3-185224,180.4638513060106,-18.873584301679823,286.95209437693165,42.45445788558885,0.18988132417239,0.14116177389132,0.048719550281074,1.1013635893814999e-13,HII,0.7371899637427838,AGN
2CXO J170109.8-295439,255.29102824443817,-29.911001368615537,353.7300530388457,7.449456087762608,0.32479700187383,0.17489069331668,0.15865084322299,5.1624045391839e-13,Rad,0.2989508593669436,stellar
2CXO J053531.3-051602,83.88073188764008,-5.2673036408306,208.92475917017177,-19.27349479251774,-0.9893816364772,-0.91692692067458,-0.77076826983136,3.8731438761736e-14,Or*,0.030934937957488112,stellar
2CXO J024025.6-082430,40.1068395283346,-8.408400755600768,182.0481160685311,-58.147121691004905,-0.023735165521549,0.098688319800125,-0.1211742660837,7.225229479554999e-13,X,0.9349258047828346,AGN
2CXO J053514.0-052338,83.80855886813657,-5.394022339962777,209.0100417774809,-19.39492674284988,-0.78575890068707,-0.48344784509681,-0.48469706433479,8.4398086083156e-15,HH,0.004061603747401333,stellar
2CXO J022231.3+421957,35.63054519230735,42.33256051178363,140.38346768420254,-17.43169520065609,0.21986258588382,0.16614615865084,0.056214865708932,1.759741273363e-13,ULX,0.1739194486907574,stellar
2CXO J053532.7-052117,83.88627766975009,-5.355003882399149,209.0102604500496,-19.308268695009662,0.98813241723923,0.69581511555278,0.93816364772017,1.7992513589025e-14,Or*,0.0013863390928725702,stellar
2CXO J053500.4-052514,83.75198827984383,-5.42067781764203,209.00824014377832,-19.45721189056523,-0.47970018738289,-0.24609618988132,-0.26608369768894,1.7941107216898e-14,?,0.014815358401367027,stellar
2CXO J053516.2-052108,83.81781226857152,-5.352532979787921,208.97523705726343,-19.367940103656647,-0.074953154278576,-0.14990630855715,0.076202373516552,1.9213297119436e-14,Or*,0.00345909600298842,stellar
2CXO J024240.6-000049,40.66952801060268,-0.0136619660397827,172.1039975980514,-51.93412626299414,-0.73204247345409,-0.18613366645846,-0.63085571517801,2.3386250818087e-13,IR,0.3884696418295631,stellar
2CXO J053517.5-052145,83.8231130302508,-5.362639918194642,208.98732208667775,-19.36780699580017,0.77076826983136,0.40224859462836,0.53341661461586,4.5289824232669e-14,LM*,0.00345909600298842,stellar
2CXO J174532.7-290109,266.3862711216311,-29.019362215087984,359.9204698758482,-0.0293720677976969,0.97189256714553,0.96439725171768,0.032479700187383,3.770324725361e-15,X,0.005141910717257851,stellar
2CXO J174536.3-290035,266.40154473751454,-29.009962389156925,359.9354528404671,-0.0358735503274001,0.74328544659588,0.99937539038101,-0.99937539038101,1.2954209714348e-15,X,0.0009590960029884197,stellar
2CXO J053524.4-052439,83.85182612954952,-5.411072284974694,209.04681298708303,-19.364219764157685,0.62585883822611,0.12367270455965,0.54465958775765,2.7600214839238998e-14,Rad,0.02502447811752192,stellar
2CXO J043814.9-121714,69.56229599883477,-12.287344461907749,209.0658762556818,-35.06006819170408,-0.34978138663335,0.048719550281074,-0.39225484072455,9.0632691958416e-14,LeQ,0.838310838724402,AGN
2CXO J002402.1-720542,6.008888338794293,-72.09504306756897,305.8982284536902,-44.87504936584907,-0.077451592754529,0.068707058088695,-0.14490943160525,9.3863361433954e-14,ev,0.8118453315250832,AGN
2CXO J132527.4-430214,201.36433190044352,-43.03722329978575,309.5126617120938,19.39941197918392,-0.10368519675203,0.086196127420362,-0.18738288569644,4.8173472930882e-14,X,0.2973457542368093,stellar
2CXO J174532.7-290149,266.38663487978715,-29.03052799521838,359.91110612721803,-0.0354627209849556,0.99937539038101,0.63960024984385,0.99937539038101,0.0,X,0.0009590960029884197,stellar
2CXO J051959.0-454448,79.99592025875631,-45.74688112438849,251.56084271009507,-34.60461976756417,-0.9156777014366,-0.5159275452842,-0.75702685821362,4.1087931199053e-14,X,0.2265362179889341,stellar
2CXO J053514.2-052003,83.80922921180445,-5.3344962079702265,208.9540888110461,-19.36739777862845,0.47970018738289,0.17613991255465,0.33104309806371,3.2109734535246e-14,Or*,0.03032327738038659,stellar
2CXO J132507.4-430409,201.28099731288896,-43.069314397248455,309.4440082746872,19.3760873656287,-0.87695190505934,-0.46595877576515,-0.6945658963148,1.2180527635126e-13,Y*?,0.04149070323572026,stellar
2CXO J034437.8+320803,56.15784296035588,32.13448926890805,160.52040510869963,-17.815591495310326,-0.18113678950656,-0.0737039350406,-0.10618363522798,2.1779871012706e-14,Or*,0.06559268974361562,stellar
2CXO J060927.9+223628,92.36642830210428,22.60793722222159,188.16481499968825,1.4706170559491512,-0.79950031230481,-0.37476577139288,-0.60712054965646,3.0520186780977e-12,Ro*,0.04997729138360324,stellar
2CXO J174532.9-290200,266.3872921654263,-29.03361414742277,359.9087717293619,-0.037561577906315,0.65833853841349,0.99937539038101,-0.99937539038101,8.8231723999873e-16,X,0.002877288008965259,stellar
2CXO J053519.9-053353,83.83313787295066,-5.564987323907505,209.18348134782943,-19.45035882820345,-0.79325421611493,-0.46096189881324,-0.52217364147408,2.6702992564542e-14,Or*,0.0013863390928725702,stellar
2CXO J053525.7-052641,83.85726846839708,-5.444961304683821,209.08145068862828,-19.37470884419436,-0.34353529044347,-0.20861961274204,-0.14490943160525,2.5564709521986e-14,Or*,0.003358305298709744,stellar
2CXO J053516.7-052316,83.8197984730295,-5.38789412712521,209.009613629148,-19.382175055918506,0.41973766396002,0.20487195502811,0.23485321673954,3.1213176641316996e-14,Or*,0.030084787360940047,stellar
2CXO J053510.9-052448,83.79562355242024,-5.413529984165549,209.02231278634207,-19.4152351335862,-0.18863210493442,-0.16239850093691,-0.027482823235478,2.5101340686646e-14,Or*,0.004283605418548106,stellar
2CXO J114048.3-262908,175.20144892204678,-26.485726821520306,283.87178754324435,33.7583075872868,-0.0049968769519051,0.034978138663335,-0.038725796377264,1.6354265149484998e-13,EmO,0.5559274264303687,AGN
2CXO J053514.9-052412,83.81220848213684,-5.4035949595962895,209.0208352071336,-19.396015907863635,-0.42848219862586,-0.13991255465334,-0.30730793254216,2.6220752863866e-14,Or*,0.017069243238620566,stellar
2CXO J143359.1+400635,218.49643536769287,40.109942097866735,70.97900185951227,65.15288787356121,-0.78326046221112,-0.37101811367895,-0.58088694565896,5.884385701727099e-12,X,0.1733886119183628,stellar
2CXO J174552.1-290744,266.46725645198944,-29.129116468083986,359.8636471382817,-0.146960536236576,-0.64709556527171,-0.27607745159275,-0.45096814490943,2.3913406776829998e-14,X,0.00627850885578497,stellar
2CXO J110940.1-762839,167.41661189527156,-76.4775289698382,296.96807591091755,-14.798665239693625,-0.74828232354778,-0.40474703310431,-0.49094316052467,2.8052510895177e-13,Or*,0.10313158513900579,stellar
2CXO J215340.8+174415,328.4200712076338,17.73765639063091,74.00685800092883,-27.795427431929813,0.72954403497814,0.39225484072455,0.47220487195503,3.1330588012605996e-13,Rad,0.4663737104633181,stellar
2CXO J093206.1+213058,143.02569703375684,21.51627636552041,208.68440650128704,44.53014278347563,-0.1261711430356,-0.0099937539038102,-0.11617738913179,2.1217637761564e-13,UX?,0.7380525022713603,AGN
2CXO J053514.8-052231,83.81194331431811,-5.375449653667577,208.9940980948317,-19.38352000942991,-0.38101186758276,-0.27232979387883,-0.11992504684572,,Mas,0.004159017278617711,stellar
2CXO J004321.0+411750,10.837809911291174,41.29738737528882,121.2990376110933,-21.54871995398212,-0.069956277326671,0.0062460961898814,-0.074953154278576,3.4805961552256e-14,XB?,0.18001395983473562,stellar
2CXO J053515.1-052346,83.81317384998908,-5.396286892378633,209.0143861157989,-19.39185336733479,-0.50593379138039,-0.38351030605871,-0.14865708931918,2.2412514792462e-15,HH,0.0013863390928725702,stellar
2CXO J162726.9-244050,246.8622005456832,-24.680860283538056,353.01004573219063,16.552881310078497,0.97813866333542,0.83322923173017,0.77826358525921,5.7556952657883e-13,Rad,0.03904627297071139,stellar
2CXO J174538.6-290108,266.4109774072381,-29.01893088794847,359.93209564075283,-0.0475870740789951,0.99937539038101,0.79075577763898,0.013741411617739,0.0,HII,0.00234543509586099,stellar
2CXO J190201.9-370743,285.50826630698486,-37.12883650526447,359.7704187590955,-17.94042106925941,-0.82823235477826,-0.44597126795753,-0.60587133041849,1.1911388408847e-12,Or*,0.00693833547067542,stellar
2CXO J174534.3-290231,266.3929491474105,-29.04219679525294,359.9040241508062,-0.0462554956431653,0.9106808244847,0.9156777014366,-0.11617738913179,2.1008002205039e-15,X,0.002081897425501723,stellar
2CXO J174551.9-285312,266.46636099078444,-28.8867617694826,0.0701648775050797,-0.0201262163518542,0.99188007495315,0.99188007495315,-0.067457838850718,1.021635644595e-13,X,0.004004180825319332,stellar
2CXO J004215.6+411720,10.565312625950298,41.289114601115,121.07873540279404,-21.549610637793137,0.13991255465334,0.13116801998751,0.0087445346658337,5.7185151668486e-14,XB?,0.29584623986295905,stellar
2CXO J134959.8+681847,207.4991393735163,68.31330074103155,114.92507251896208,47.89433579656818,-0.32479700187383,-0.0099937539038102,-0.316052467208,7.3271332163528e-13,blu,0.9985672108370962,AGN
2CXO J122947.8+075944,187.44942037283795,7.99559689947775,286.9383192891591,70.19247759958452,-0.021236727045597,0.22985633978763,-0.25733916302311,1.6242828869693e-15,GlC,0.4509919124090667,stellar
2CXO J180402.8-242139,271.0119948611814,-24.36111732361777,6.028032850459476,-1.2396853632353932,-0.31855090568395,-0.08369768894441,-0.2423485321674,1.3548743884164e-13,Or*,0.006231774188733561,stellar
2CXO J160822.4-390446,242.093647826614,-39.079671557679774,339.51381853538584,9.419694584149752,-0.047470331043098,-0.022485946283573,-0.023735165521549,2.6586565768793e-13,Or*,0.22283875970347455,stellar
2CXO J005837.1-713548,14.654892243754489,-71.59698341783994,302.12306467927544,-45.51998833552993,-0.99937539038101,0.99937539038101,-0.99937539038101,1.227190088004e-14,PN,0.13971223361803825,stellar
2CXO J122945.6+075936,187.4399853263145,7.993399662900983,286.913216147689,70.18803348405075,-0.11867582760775,0.19612742036227,-0.31355402873204,1.3192240760882001e-15,GlC,0.27532046774948743,stellar
2CXO J191021.8+090502,287.5910919261323,9.08416210585153,43.16527102844833,-0.028639319244779,0.99437851342911,0.96939412866958,0.6371018113679,3.8107084460527996e-13,X,0.057481267847967824,stellar
2CXO J123727.5+655211,189.36472245327167,65.86991455696942,125.21098949706597,51.19643410217915,-0.14490943160525,0.20612117426608,-0.34103685196752,1.0320520027095e-12,CV?,0.9955391770429334,AGN
2CXO J024618.9-301628,41.579017636980325,-30.27463970449755,226.91410165471623,-64.6808826392746,-0.11992504684572,0.081199250468457,-0.19862585883823,1.9051215194278997e-12,SN*,0.9851686670675989,AGN
2CXO J053514.7-053416,83.81156771101774,-5.571394863426407,209.17926582304332,-19.47240763574198,0.39350405996252,0.18863210493442,0.2211118051218,9.3614970902651e-14,Or*,0.06344777785486665,stellar
2CXO J053513.5-051745,83.80653932805734,-5.29601583890019,208.9164359055531,-19.352365471329783,0.95565271705184,0.47970018738289,0.87195502810743,1.6725133498044e-14,Or*,0.00234543509586099,stellar
2CXO J122947.6+080026,187.4486233601151,8.007393804304916,286.9274361201339,70.20371133370101,0.17489069331668,0.15490318550906,0.018738288569644,1.1989919822999e-14,Gl?,0.5578617506660053,AGN
2CXO J111312.4-262754,168.30198052678315,-26.465167575923683,277.0814656094572,31.429131476822977,-0.87570268582136,-0.51717676452217,-0.65459088069956,1.7929315849352e-13,SB*,0.2797070655455918,stellar
2CXO J053514.3-052333,83.80998457329258,-5.392677082106942,209.00945048587096,-19.39305235705361,-0.26483447845097,-0.12991880074953,-0.13991255465334,2.5702208614665e-14,Rad,0.0241707269617754,stellar
2CXO J095551.4+694036,148.96439893977004,69.67667048658862,141.41379188775966,40.567585362481815,0.51967520299813,0.29231730168645,0.2685821361649,2.8573793847908e-13,GlC,0.2703249645741205,stellar
2CXO J144302.7+520137,220.7615075110425,52.027036503002776,90.52761581430038,57.500260431022085,0.16114928169894,0.33229231730169,-0.17988757026858,1.5594318510393e-12,Rad,0.9631711209388396,AGN
2CXO J034507.7+320026,56.28230549611772,32.00740004357018,160.69105187204994,-17.845344584936417,-0.55715178013741,-0.24359775140537,-0.36102435977514,3.3642603031671e-13,Or*,0.11944817956935815,stellar
2CXO J230738.6-224753,346.91107621336505,-22.79810445093873,37.62664293859504,-66.12545346589677,-0.13991255465334,0.058713304184884,-0.19737663960025,3.1703942600652997e-13,Bz?,0.982756532035837,AGN
2CXO J174538.8-290113,266.41184582111873,-29.02035092011112,359.9312791754189,-0.0489750746515119,0.41349156777014,0.80449718925671,-0.58213616489694,3.993543827359e-16,X,0.009553063190425766,stellar
2CXO J034438.6+320841,56.16129149061243,32.14500383802666,160.5156787495761,-17.80564994920231,0.59212991880075,0.18738288569644,0.45471580262336,3.2678432520685e-13,Or*,0.020629323273230114,stellar
2CXO J053518.2-051306,83.8258589811685,-5.218420046189717,208.85236189685588,-19.300064436459223,0.10868207370393,-0.087445346658339,0.1948782011243,4.4570819167859e-14,Or*,0.0013863390928725702,stellar
2CXO J225728.9-410211,344.37060543639654,-41.036734880855214,354.84069417640654,-62.79695252816845,0.0062460961898814,0.11492816989382,-0.10993129294191,4.0968634611379e-13,ULX,0.8793654057775272,AGN
2CXO J174558.9-290724,266.4956436791656,-29.12351096978889,359.88134013546164,-0.165217154659113,0.99937539038101,0.99937539038101,-0.99937539038101,9.094093333166e-14,X,0.0007331524842946886,stellar
2CXO J053554.4-044804,83.97705129184573,-4.801365233727611,208.53143811449925,-18.976494048554205,-0.62460961898813,-0.25109306683323,-0.4422236102436,5.2437568589205e-13,Or*,0.05461725143572272,stellar
2CXO J053042.6-043501,82.67763654748677,-4.583859853179869,207.69918379842,-20.029615418090216,-0.60462211118051,-0.1686445971268,-0.48469706433479,9.189542687816e-13,Or*,0.1916280748992391,stellar
2CXO J053515.3-052113,83.81415919726027,-5.353864753484717,208.97475131387745,-19.37178619325338,0.46096189881324,0.092442223610244,0.38351030605871,6.1097058104899e-15,X,0.023791650397193873,stellar
2CXO J174538.9-290133,266.4124193988939,-29.026071183238727,359.92665782250646,-0.0523833111980458,0.97688944409744,0.94815740162398,0.37726420986883,2.5153351641478e-15,X,0.0035672108370962134,stellar
2CXO J053557.6-063812,83.99029826397924,-6.63699425341604,210.2750000309568,-19.791763805166333,-0.56714553404122,-0.19237976264834,-0.420986883198,4.4701858602563996e-13,Or*,0.16555189959694516,stellar
2CXO J053530.7-052430,83.8780037634582,-5.408650469910567,209.0570138348784,-19.339880258553244,-0.55715178013741,-0.24984384759525,-0.35602748282324,2.0833367369646e-14,Or*,0.01094644181610726,stellar
2CXO J064113.0+092731,100.30433352349884,9.45884200600663,203.35229059382615,2.0515660338272363,-0.82698313554029,-0.43972517176765,-0.60587133041849,6.6475657528072e-14,Rad,0.005141910717257851,stellar
2CXO J032910.3+312159,52.29331925635131,31.366397035554865,158.30400082030638,-20.462146051449476,0.53466583385384,0.043722673329169,0.50218613366646,2.7998386543635e-13,Or*,0.1489982649404416,stellar
2CXO J174539.0-290029,266.41280333403824,-29.00832340376557,359.9419817562869,-0.0434237567111953,0.88319800124922,0.69706433479076,0.45471580262336,2.9023275347935004e-16,out,0.0027427014215365263,stellar
2CXO J100434.8+411239,151.14501431323964,41.2108749148055,179.5149521391696,53.1492358794904,-0.26983135540287,0.061211742660837,-0.32604622111181,1.0431573255405e-13,LeQ,0.9717718345337609,AGN
2CXO J053513.4-053048,83.80622718266898,-5.513452722745419,209.12188988433704,-19.450983764197787,-0.90818238600874,-0.57089319175515,-0.69706433479076,2.3403688354142e-14,Or*,0.011293438952810137,stellar
2CXO J182942.9+010206,277.4289953455728,1.0352398355876242,31.37426118444022,5.304646132103001,0.3997501561524,0.18988132417239,0.22735790131168,3.8044764319123996e-13,Or*,0.11085963992524128,stellar
2CXO J053520.5-052051,83.83552722819832,-5.347788973273356,208.979212823276,-19.35006478046737,0.47470331043098,0.10993129294191,0.38351030605871,2.5955028184329e-14,Or*,0.042269629765015276,stellar
2CXO J053527.5-052725,83.86461344280201,-5.457216266907746,209.09654182295424,-19.37372577194908,-0.64459712679575,-0.36976889444097,-0.36102435977514,1.226200780336e-14,Or*,0.0007331524842946886,stellar
2CXO J143240.7-441027,218.1696454549566,-44.17440984548018,321.44276058861584,15.028212374248284,0.14490943160525,0.59712679575265,-0.4946908182386,4.8841099487532e-13,Mas,0.5010764878045112,AGN
2CXO J033336.3-360825,53.40152174724472,-36.14036535323079,237.95604857163625,-54.5981148766242,0.82448469706433,0.87195502810743,-0.17114303560275,3.6205573049116997e-12,Cl*,0.9494312106372889,AGN
2CXO J053539.6-052750,83.91525977529062,-5.463963282415114,209.12706967967316,-19.33180039625408,-0.89444097439101,-0.50968144909432,-0.70455965021861,1.5975948583048e-14,Or*,0.013287108591236607,stellar
2CXO J174536.5-290114,266.4021639196078,-29.02060587831404,359.92665048723865,-0.0418815169755511,0.99937539038101,0.49968769519051,0.92317301686446,3.6023631287182e-16,X,0.0,stellar
2CXO J140229.9+542118,210.62456865593688,54.35520309944601,102.21705800462864,59.82221541974128,-0.88819487820112,-0.50093691442848,-0.69706433479076,7.2665650113e-14,UX?,0.27443805528665366,stellar
2CXO J141310.2-652017,213.2926179129944,-65.33830005475754,311.3267374965957,-3.807345039231452,0.53716427232979,0.0037476577139288,0.53466583385384,6.4692342460587e-14,X,0.06764078762977328,stellar
2CXO J020924.5-100809,32.35251454935246,-10.135869300307114,173.87771721446546,-64.97556427487501,0.88069956277327,0.99063085571518,-0.86071205496565,5.5016844093336e-13,X,0.6712984573238557,AGN
2CXO J122948.1+080019,187.45076021244893,8.005507333806547,286.93486896840136,70.20240789552273,0.11617738913179,0.24109931292942,-0.16114928169894,1.3096001582974001e-15,GlC,0.5102343369815178,AGN
2CXO J004216.5+405552,10.56897611020031,40.93125208675254,121.06694214965256,-21.907316074416237,-0.13491567770144,0.043722673329169,-0.17738913179263,8.9085610461091e-14,X,0.6149833428611293,AGN
2CXO J104401.6-593326,161.00672056798908,-59.55724834106192,287.4219288066934,-0.5781921767471139,0.75952529668957,0.27108057464085,0.59587757651468,8.1493490155518e-15,RR?,0.0025,stellar
2CXO J111815.1-324840,169.56315972418133,-32.8112685461506,281.20814429888395,26.09946686334808,-0.34853216739538,-0.17239225484072,-0.18738288569644,6.6667481468332e-13,UX?,0.8086509318711392,AGN
2CXO J174539.0-290126,266.4126221395022,-29.02411665594552,359.92841851051253,-0.051516371364279,0.94440974391006,0.99937539038101,-0.99937539038101,7.4378212122789e-15,X,0.002081897425501723,stellar
2CXO J123551.7+275604,188.9654078340709,27.93442869509525,198.89547720732767,86.45423213576834,-0.41973766396002,-0.011242973141786,-0.40974391005621,1.0539642182767999e-12,CGG,0.8917008595551087,AGN
2CXO J053526.4-052344,83.86039470551123,-5.395831198760904,209.0364938905765,-19.34971890974017,0.51842598376015,0.13741411617739,0.40974391005621,1.9802200772043e-14,Y*?,0.027451153651454018,stellar
2CXO J053513.2-052018,83.80543502194422,-5.338570719962672,208.95612766856752,-19.372610583702365,0.60087445346658,0.18488444722049,0.4684572142411,2.1811448784392e-14,Or*,0.0016280913126188964,stellar
2CXO J053518.6-052313,83.82778219399557,-5.38719958485745,209.01276834016608,-19.374772098945783,0.92192379762648,0.80699562773267,0.4472204871955,4.1919249284911e-14,Or*,0.04001028304451853,stellar
2CXO J004800.2-250952,12.000865619794013,-25.164798558321667,101.30898844973152,-87.8907098177469,-0.39725171767645,-0.041224234853217,-0.36227357901312,4.3617349636986997e-13,PoG,0.9213424190784184,AGN
2CXO J172441.8-341141,261.1744453221129,-34.19482973312748,353.1682957684793,0.9017977092064148,-0.10868207370394,0.22985633978763,-0.33853841349157,1.7192019625855001e-15,NIR,0.01713458682218073,stellar
2CXO J033211.3-275214,53.04752799290293,-27.87054098212377,223.6634970049408,-54.50708818041043,0.33728919425359,0.20487195502811,0.14116177389132,5.0461542840618e-15,?,0.9585347462411459,AGN
2CXO J224548.7+394116,341.4532020424158,39.687759830393176,98.13134584343469,-17.05839009280085,0.92442223610244,0.89069331667708,0.19113054341037,8.3718172095226e-13,Rad,0.42723397802432134,stellar
2CXO J123049.6+122353,187.70685946640745,12.398296382830967,283.77296926563315,74.498270694551,0.99937539038101,0.99937539038101,-0.99937539038101,1.5828583019276001e-15,X,0.2929722071695521,stellar
2CXO J053519.1-052326,83.82967859586392,-5.390848839259977,209.01712357992744,-19.37473893015489,-0.42223610243598,-0.23110555902561,-0.21111805121799,8.703758820773401e-15,Or*,0.009326541817084038,stellar
2CXO J034351.2+321308,55.96353394976478,32.21907199284628,160.33078892868105,-17.85586071289408,-0.54965646470956,-0.27732667083073,-0.31980012492192,2.7857267890969e-13,Or*,0.11024701701400627,stellar
2CXO J135217.8+312646,208.07413660489203,31.446262738137868,54.59433106757711,76.0599789312962,0.92317301686446,0.91442848219863,0.057464084946908,6.5842958523154e-13,MIR,0.8388358687244452,AGN
2CXO J053513.5-052728,83.80639267936829,-5.45798397547893,209.0694952934994,-19.42577168207764,-0.7158026233604,-0.41973766396002,-0.42223610243598,7.0621053718188e-15,Or*,0.003358305298709744,stellar
2CXO J053517.6-053202,83.82374606487832,-5.534035910510533,209.1497177206172,-19.444723460253872,-0.3210493441599,-0.12991880074953,-0.19862585883823,2.0073426123146e-14,Or*,0.0315626121276676,stellar
2CXO J053427.8-054137,83.6158744766604,-5.693781587958542,209.20191526256528,-19.701427462788416,-0.79575265459088,-0.420986883198,-0.56464709556527,1.9312889297345e-13,Or*,0.009573041507136042,stellar
2CXO J053516.6-051723,83.81924439318169,-5.2898014509040046,208.91663485756013,-19.33827191055553,0.76202373516552,0.26483447845097,0.62211118051218,5.1446563824599994e-14,Or*,0.0,stellar
2CXO J133247.1+502802,203.1964446928773,50.46721611240682,107.0291148613712,65.3651403489373,0.30106183635228,0.20612117426608,0.10118675827608,2.2533156938986998e-13,X,0.7249310389661145,AGN
2CXO J031714.3-410717,49.309860248808775,-41.12149345683622,247.55370228191373,-57.05222237322683,-0.094940662086196,0.056214865708932,-0.15115552779513,2.7025695605475e-13,X,0.9353468472492217,AGN
2CXO J125901.8+345114,194.75755401732704,34.85407854524016,111.51879038393568,82.10522439301464,-0.50343535290443,-0.10993129294191,-0.4159900062461,1.5664218060346e-13,Rad,0.7778353358077809,AGN
2CXO J213126.2+471724,322.8592182479981,47.290142158772326,91.5775487308951,-3.0364544900413244,-0.94316052467208,-0.84946908182386,-0.46595877576515,8.3022734929144e-14,X,0.009333391909832343,stellar
2CXO J053458.8-052803,83.74542206838305,-5.467661369682899,209.0495542296537,-19.484285293044643,-0.89319175515303,-0.54091193004372,-0.67957526545909,1.2181493635929999e-14,Or*,0.004303748883246687,stellar
2CXO J053512.5-052042,83.80249475835103,-5.345246532096744,208.96103354259748,-19.37824245949388,-0.93066833229232,-0.64584634603373,-0.71080574640849,1.1775566882164e-14,Or*,0.04639108606578318,stellar
2CXO J191043.6+091629,287.68194351388934,9.274871039140669,43.37584315377992,-0.0200818803366762,0.97813866333542,0.90318550905684,0.58213616489694,2.9560229049494996e-13,mul,0.02644587853209703,stellar
2CXO J053513.3-045145,83.80561943499004,-4.862507111721606,208.5068187115092,-19.15643084463083,-0.39225484072455,,,4.0437765346947e-13,Or*,0.32518630857569475,stellar
2CXO J174548.9-285751,266.4539883147352,-28.96438721412798,359.9982517049,-0.0512947624101666,0.99188007495315,0.99312929419113,-0.1736414740787,5.0233404434787e-14,HX?,0.004253921779664783,stellar
2CXO J034416.4+320954,56.068438985393925,32.16531766091763,160.43860462242208,-17.840409982726793,-0.59837601499063,-0.33479075577764,-0.32854465958776,1.1535042578942e-13,Or*,0.01391494082773944,stellar
2CXO J053517.9-052521,83.82478314594022,-5.422576978575349,209.04478566294875,-19.39343459315858,-0.57214241099313,-0.30106183635228,-0.32729544034978,1.1258387570871e-14,Or*,0.013466585280805838,stellar
2CXO J123047.7+122334,187.69873251947277,12.393049838566002,283.7505103931939,74.4908894337198,0.31105559025609,0.3997501561524,-0.10368519675203,2.0372185931841e-14,X,0.6066440455665404,AGN
2CXO J122946.6+080035,187.44439363804705,8.009855821814002,286.913652430058,70.2050581712284,0.99937539038101,0.26358525921299,0.33853841349157,9.7785649448902e-16,Gl?,0.37438013175224344,stellar
2CXO J004244.3+411158,10.68491021954577,41.199520351912426,121.17178746923888,-21.642498274041767,-0.14865708931918,0.061211742660837,-0.20737039350406,2.6414644481896e-14,XB?,0.3779722160481904,stellar
2CXO J013438.8+305504,23.6617904871772,30.917960260165675,133.7487561221671,-31.044603129397665,-0.12492192379763,0.062460961898813,-0.18613366645846,1.8722098364737e-13,X,0.8360448121895496,AGN
2CXO J053454.2-052135,83.72600876881171,-5.359883346530711,208.9383299925067,-19.452773945243187,-0.78201124297314,-0.44472204871955,-0.5159275452842,1.7568388611153e-14,Or*,0.0013863390928725702,stellar
2CXO J053538.3-052834,83.90980114953192,-5.476268597309674,209.1361014262405,-19.3422079899702,-0.69331667707683,-0.36477201748907,-0.43972517176765,2.4013158389354e-14,Or*,0.0013863390928725702,stellar
2CXO J053510.6-052303,83.79435617753478,-5.384294169686735,208.99406238110444,-19.403136652611256,0.87195502810743,0.50718301061836,0.64459712679575,1.0112132452831e-14,IR,0.00475238450764475,stellar
2CXO J124938.6-060445,192.41104522782396,-6.079365002679045,302.11777831341885,56.78954704343344,-0.64334790755778,-0.15865084322299,-0.53966271080575,3.6648108607842995e-12,SB*,0.7864350173824028,AGN
2CXO J004247.8+411113,10.699166330360413,41.187122410142536,121.182838584842,-21.655276570145748,0.078700811992505,0.081199250468457,-0.0012492192379763,8.7580742680659e-14,GlC,0.41257950976663776,stellar
2CXO J162359.0-273602,245.99591378602415,-27.60076089250052,350.2102890744601,15.182384402400444,-0.82073703935041,-0.4159900062461,-0.61336664584635,2.3981510517323e-13,Or*,0.009415009361398791,stellar
2CXO J053517.8-052219,83.82430694314712,-5.372095030652593,208.9968300667916,-19.37102480781119,0.99937539038101,0.53841349156777,0.99937539038101,6.5060743799411e-16,IR,0.0013863390928725702,stellar
2CXO J130527.4-492804,196.364429189504,-49.46805715389476,305.2720481059544,13.339977987357756,0.99937539038101,0.98188632104934,0.99937539038101,4.992092452719499e-13,Cl?,0.08023007033249746,stellar
2CXO J053504.5-052604,83.76879663790112,-5.434593379590476,209.02942789941,-19.4485802644603,-0.67707682698314,-0.3735165521549,-0.40599625234229,1.4510623437341e-14,Or*,0.008748532091576356,stellar
2CXO J110545.6+000016,166.4401762337111,0.0045181150138066,255.47263818440544,52.8517222609386,-0.10243597751405,-0.053716427232979,-0.049968769519051,3.0863694390327e-13,UX?,0.5241331782649096,AGN
2CXO J053518.0-052400,83.82530537584489,-5.4003274453575845,209.02399743377825,-19.382909134916847,-0.69081823860087,-0.51967520299813,-0.26483447845097,7.6146024534817e-15,Or*,0.003169944511420677,stellar
2CXO J053510.4-052245,83.79372019476864,-5.379378154189768,208.9891105330516,-19.401477330902736,-0.64834478450968,-0.38725796377264,-0.3472829481574,2.1054377631611e-14,Or*,0.006675775181460507,stellar
2CXO J034426.0+320430,56.10846139482999,32.07507870114135,160.52667654103132,-17.888005103879323,0.077451592754528,-0.056214865708932,0.13241723922548,1.9197347606844e-13,Or*,0.00942159061569345,stellar
2CXO J075542.4-293353,118.9270217365182,-29.564855010813268,246.2255738972829,-0.6151198418443233,0.60462211118051,0.48719550281074,0.16489693941287,1.5403845101084998e-12,Opt,0.051535585617540784,stellar
2CXO J110633.3-182123,166.6391139544204,-18.356621759599413,270.83361690295555,37.892289365017206,-0.15615240474703,0.14366021236727,-0.29356652092442,1.2759148377143999e-13,LeQ,0.9524734425794528,AGN
2CXO J032617.2-212006,51.57179637343785,-21.33522965894801,212.1825806687152,-54.36641801590299,-0.8844472204872,-0.45346658338538,-0.71955028107433,1.1767873133121e-13,Gl?,0.2540938439256547,stellar
2CXO J042653.4+260654,66.72298842546593,26.11495712765908,171.8053328201381,-15.696670927510173,0.9369144284822,0.79825109306683,0.54840724547158,1.3081556249315e-13,Or*,0.0661011074561432,stellar
2CXO J100434.0+411248,151.14190256154313,41.21357488274428,179.5111228769155,53.14649814469392,-0.22485946283573,0.15115552779513,-0.36352279825109,6.273791357319e-14,LeQ,0.9592809692943114,AGN
2CXO J105500.9-421504,163.75398853759145,-42.2511755106786,280.98003881671457,15.60426797673094,-0.7632729544035,-0.26733291692692,-0.62336039975016,1.2390048255486999e-12,a2*,0.02195412912769796,stellar
2CXO J053505.7-052353,83.77383894639308,-5.398383387213247,208.9975879437562,-19.42772710730036,-0.7945034353529,-0.45846346033729,-0.52717051842598,1.2341464079197e-14,Or*,0.0,stellar
2CXO J053509.4-052748,83.78958129181763,-5.463646049754507,209.06682965551929,-19.44325891538726,0.43222985633979,0.091193004372267,0.35602748282324,2.9551475494719e-14,Or*,0.06380862351145389,stellar
2CXO J174539.0-290121,266.4126488430861,-29.0228706115018,359.92949426518067,-0.0508871458050178,0.42973141786383,0.82823235477826,-0.61336664584635,1.1292191495934e-15,X,0.009553063190425766,stellar
2CXO J054138.2-015309,85.40936823888097,-1.8858986935230628,206.50655449278787,-16.36449191015994,0.91692692067458,0.45846346033729,0.789506558401,4.4477040840967e-13,X,0.07358377341759031,stellar
2CXO J182431.0-245245,276.129425272803,-24.87926165845849,7.78660182815165,-5.5788759983531255,0.40724547158026,0.25109306683323,0.1736414740787,9.8009752517569e-14,X,0.08263645380404137,stellar
2CXO J212443.8-335844,321.1826528637346,-33.97920582981808,10.924903593516762,-45.43751235902128,-0.81324172392255,-0.51717676452217,-0.50968144909432,7.857728617070099e-14,Rad,0.2872894833640442,stellar
2CXO J095552.4+690306,148.96885174553722,69.0516512119913,142.08458993025903,40.93147001057519,0.056214865708932,0.17988757026858,-0.12492192379763,1.1530879250266e-13,X,0.7358724620750198,AGN
2CXO J053513.8-052208,83.80762357365666,-5.369197481015461,208.9861246395055,-19.384526764093387,0.7632729544035,0.24859462835728,0.63335415365397,1.3168838044163e-14,Y*?,0.0016280913126188964,stellar
2CXO J174540.3-290039,266.4179766002886,-29.01097082859261,359.9420788653947,-0.0486647469690295,0.87195502810743,0.85696439725172,-0.026233603997502,7.7121856287456e-16,IR,0.0,stellar
2CXO J133643.5-295107,204.181317981038,-29.851947761564247,314.51440055553246,31.999210460967333,0.35477826358526,0.15615240474703,0.20986883198001,5.808753723883e-14,X,0.3657212585580128,stellar
2CXO J133657.2-295339,204.2386397198336,-29.89432515598124,314.5614172943741,31.94748294789093,0.13741411617739,0.21861336664585,-0.08369768894441,5.793104714164899e-14,PN?,0.19833350548013456,stellar
2CXO J053516.2-052833,83.81772995940383,-5.476080716481651,209.0920211798458,-19.423883501555867,0.38226108682074,0.09369144284822,0.2998126171143,2.0083106870332e-14,Or*,0.025807448592724932,stellar
2CXO J122946.4+080034,187.4435060855842,8.009439626702962,286.91144311542,70.20443699467754,-0.32479700187383,-0.14116177389132,-0.17738913179263,7.654074912776401e-16,GlC,0.4641458090391833,stellar
2CXO J053508.7-052256,83.78639232156041,-5.382428044987323,208.98849491050072,-19.40936340635825,0.5633978763273,0.22485946283573,0.38725796377264,4.8699755120359995e-14,Or*,0.0030933672290270396,stellar
2CXO J104356.6-593147,160.98616626019702,-59.52988115205549,287.39987247155506,-0.5589288211551573,-0.41723922548407,0.068707058088695,-0.45721424109931,1.7783232198726e-15,Y*?,0.01605038703455737,stellar
2CXO J174538.8-290056,266.41185403469194,-29.01566146064845,359.9352856964971,-0.0465380925742458,0.96439725171768,0.99937539038101,-0.99937539038101,7.4278819974413e-15,Rad,0.003358305298709744,stellar
2CXO J053521.8-052208,83.84106703659802,-5.368980792625401,209.0018880970952,-19.354734716771315,-0.19737663960025,-0.13491567770144,-0.06371018113679,2.4481180202007e-14,Or*,0.007206678892774576,stellar
2CXO J174804.0-244640,267.0170829107967,-24.77796883662264,3.83894492898061,1.6898047243432162,0.9843847595253,0.72454715802623,0.90693316677077,5.5549086168911e-14,LP?,0.005858305298709744,stellar
2CXO J165512.2-414631,253.80085129570895,-41.77538465694413,343.6245466598967,1.0651602025669271,-0.031230480949407,0.11118051217989,-0.14241099312929,2.261726968472e-13,Y*?,0.0999372908019146,stellar
2CXO J040643.0+622040,61.67947033303216,62.34450057911944,143.5674697491774,7.579340150544571,-0.72204871955028,-0.27108057464085,-0.56089943785134,1.3904503598999e-12,SB*,0.06489479783634519,stellar
2CXO J004733.0-251719,11.887660184475465,-25.28886473759681,97.35390168762753,-87.96445256640826,0.99937539038101,0.99937539038101,-0.99937539038101,7.3609989875129e-14,Mas,0.3639000042211953,stellar
2CXO J053518.7-052201,83.828159302053,-5.367253040515006,208.99409228962543,-19.36541370083635,-0.26483447845097,-0.27607745159275,0.012492192379763,8.818543677617401e-15,Or*,0.004556283604293248,stellar
2CXO J131502.8-162922,198.76168854460911,-16.489537759570055,311.0933506652965,46.00775235764441,-0.316052467208,-0.021236727045597,-0.29731417863835,3.4806749278402997e-13,blu,0.9880952341324521,AGN
2CXO J231823.6-422213,349.5984845731573,-42.37045155064936,348.0781055064846,-65.6962633017259,0.88819487820112,0.92442223610244,-0.20362273579013,3.689132616185e-12,X,0.9810813130005559,AGN
2CXO J090953.2+310603,137.4720165331811,31.10088137175707,194.2750412336789,41.94410780301716,-0.27108057464085,-0.0049968769519051,-0.26733291692692,5.6921567419385995e-12,Gr?,0.9949873458131188,AGN
2CXO J143623.7+631726,219.09912719083505,63.290611526352734,104.92078581940352,50.00738185924354,0.066208619612742,0.13866333541537,-0.072454715802623,2.9570611901323e-13,X,0.7451813186182945,AGN
2CXO J053802.7-690258,84.51137540825687,-69.04974129032456,279.41335878011097,-31.7364032041627,0.14615865084322,0.1686445971268,-0.023735165521549,1.223493216841e-14,X,0.18200032489080395,stellar
2CXO J053428.9-054714,83.6206102926509,-5.787406545646653,209.2929506470798,-19.739427468042283,-0.59962523422861,-0.23860087445347,-0.420986883198,4.0917656924026e-13,Or*,0.15575390546287174,stellar
2CXO J123049.3+122318,187.7058210298508,12.388560328428602,283.7802378255379,74.48867677626966,-0.99937539038101,-0.99937539038101,-0.66708307307933,9.9682397966823e-15,GlC,0.1338809212028436,stellar
2CXO J044137.7+020349,70.40730226563278,2.06392449908577,194.7741076964822,-27.440789406143523,0.022485946283573,0.089943785134291,-0.067457838850718,6.315163077523299e-13,X,0.622844375638152,AGN
2CXO J053518.8-052222,83.828495690007,-5.373039707294046,208.99972299049924,-19.367733038262145,0.38600874453467,0.19362898188632,0.20487195502811,3.8183204844613e-15,,0.016790848385416134,stellar
2CXO J151631.7+065852,229.13220458448063,6.981407188372222,9.319037235749104,50.14072828349906,-0.31105559025609,0.016239850093691,-0.32604622111181,6.1754254052063e-14,X,0.9891899212246836,AGN
2CXO J010100.0-220332,15.250408765778332,-22.05924070974704,146.65361261608305,-84.48491685778671,-0.473454091193,-0.13616489693941,-0.36102435977514,1.2918677268776999e-13,Rad,0.7729356694984864,AGN
2CXO J133716.3-294939,204.31826175009743,-29.827601012763388,314.6573794323159,31.998409092210405,0.15615240474703,0.25359150530918,-0.10118675827608,5.399760867632e-14,X,0.1483947551690753,stellar
2CXO J174539.0-290123,266.4128304845374,-29.023231409841117,359.92926904442334,-0.0512106865562082,0.92692067457839,0.97564022485946,-0.53966271080575,2.9655872611698e-15,X,0.004499378048881124,stellar
2CXO J111004.7-763545,167.51911256180733,-76.59590146257308,297.03910858416054,-14.897999294085984,-0.36976889444097,-0.17239225484072,-0.21111805121799,2.2999601479011e-13,Or*,0.031451314648981765,stellar
2CXO J053826.1-690012,84.60891719982124,-69.00353380176973,279.3546807048612,-31.707028907936035,0.35602748282324,0.1948782011243,0.17114303560275,1.7866649597075e-14,X,0.2531319843330811,stellar
2CXO J095500.0+690745,148.7503677341324,69.1291246320902,142.06018334618378,40.823110546273305,-0.078700811992505,0.15615240474703,-0.23360399750156,1.0947744107144999e-13,X,0.9493699796545617,AGN
2CXO J053517.5-052542,83.82313696554638,-5.428573060929907,209.04967000278995,-19.39760746800898,0.099937539038101,0.014990630855715,0.08369768894441,2.1017992258607e-14,?,0.00390648255757115,stellar
2CXO J172441.4-341147,261.17287207999334,-34.19670325334846,353.16601451607943,0.9018209662158184,0.10243597751405,0.17988757026858,-0.084946908182386,8.972911593146501e-15,IR,0.032183191216224594,stellar
2CXO J130507.3-493358,196.28067248926016,-49.56616013391049,305.2106915151669,13.245028578337603,0.10618363522798,0.17988757026858,-0.076202373516552,1.6190332214788998e-13,X,0.3718542967116923,stellar
2CXO J174538.1-290047,266.40910296098593,-29.013184625974333,359.9361464307248,-0.0431941792117588,0.99937539038101,0.98563397876327,0.99937539038101,7.796094948608301e-15,X,0.0,stellar
2CXO J053508.0-053244,83.78349694197681,-5.545656914822338,209.14152568137536,-19.48571473583532,0.13491567770144,0.062460961898813,0.073703935040599,1.426402302583e-14,HH,0.036047389007766634,stellar
2CXO J132528.8-430056,201.3703326536873,-43.015790142515534,309.52043973020426,19.42002284248834,0.50843222985634,0.2473454091193,0.29856339787633,4.2422505432278e-14,X,0.02975370758701127,stellar
2CXO J202610.4-453626,306.54355718082684,-45.607530379582975,354.52940874924894,-35.16461595200839,-0.25858838226109,0.0024984384759525,-0.25983760149906,2.5071953680837997e-13,LeI,0.9960058306700398,AGN
2CXO J053519.8-051534,83.83256396259168,-5.259735738829265,208.89459407544211,-19.312830487753985,0.99937539038101,0.77826358525921,0.99937539038101,3.2051641582984e-14,Or*,0.0,stellar
2CXO J043814.7-121714,69.56160824547203,-12.287504718554825,209.06571161118745,-35.06074576196402,-0.27732667083073,0.01998750780762,-0.29606495940037,5.9312093785093e-14,LeQ,0.9176355852139406,AGN
2CXO J053545.4-052036,83.9393024085615,-5.343481152274384,209.0246793225578,-19.255974077297186,-0.73579013116802,-0.27607745159275,-0.57464084946908,1.9511131288502e-14,Or*,0.0029310622088255934,stellar
2CXO J064117.9+093337,100.32469072958509,9.5602879190893,203.27114698567425,2.115743889274848,-0.73454091193004,-0.42223610243598,-0.45221736414741,2.6469668747405e-14,Or*,0.004159017278617711,stellar
2CXO J053517.5-052256,83.8231689506062,-5.382444024050535,209.00607017846596,-19.376717021427755,-0.11617738913179,-0.076202373516552,-0.041224234853217,1.0763088567063999e-14,Or*,0.005,stellar
2CXO J172445.3-341212,261.1890815315679,-34.20344493225702,353.167972817856,0.8869431050700272,-0.99937539038101,-0.99937539038101,0.33978763272954,1.4956922819108002e-16,NIR,0.017072689059875714,stellar
2CXO J122941.0+075744,187.42083466265672,7.962313079406688,286.88180559525813,70.15321211127798,-0.032479700187383,0.1474078700812,-0.17863835103061,7.7886946564599e-14,GlC,0.8251920389236065,AGN
2CXO J051618.1+341845,79.07561858748392,34.31256072117569,172.08111755997257,-2.259094433120588,-0.97064334790756,-0.74578388507183,-0.8157401623985,4.1537443019633e-13,Or*,0.005515379607281668,stellar
2CXO J053529.4-051845,83.87277016786516,-5.312684073018271,208.96382496026635,-19.301110035664163,0.79325421611493,0.23610243597751,0.68457214241099,3.0738942441136e-14,Or*,0.0,stellar
2CXO J053518.0-052402,83.82516803413682,-5.400871095194733,209.02444588015163,-19.38327696300572,0.80824484697064,0.30480949406621,0.6683322923173,2.4182818576585e-14,Or*,0.0,stellar
2CXO J123047.1+122415,187.6963463989088,12.404443079691148,283.7294245850998,74.50106137698235,-0.42723297938788,-0.1261711430356,-0.31730168644597,3.2387966830376e-14,Gl?,0.5959425304776664,AGN
2CXO J132542.0-431042,201.42496620403267,-43.17831331115431,309.53818194809946,19.25351465242051,0.16989381636477,0.18488444722049,-0.016239850093691,1.8735271705938998e-13,UX?,0.1698518025782645,stellar
2CXO J033334.6-360936,53.394233541974245,-36.16011158781767,237.99062838957943,-54.602941809055096,0.099937539038101,0.15740162398501,-0.059962523422861,4.8683973783184e-13,ULX,0.7307542255682905,AGN
2CXO J171152.9-231722,257.9706503331489,-23.28961945300621,0.5624003176252887,9.424808453267325,0.35477826358526,0.30980637101811,0.047470331043098,1.6548335794825e-13,X,0.14616256704004194,stellar
2CXO J172443.6-341112,261.1820402665264,-34.18693187476103,353.17836029895483,0.901040156126912,-0.011242973141786,0.16489693941287,-0.18613366645846,2.4198328018408002e-15,NIR,0.031461116317143906,stellar
2CXO J053516.9-052220,83.82058762381001,-5.372387375126143,208.99533058882463,-19.374459412453653,-0.64584634603373,-0.36227357901312,-0.36477201748907,2.165456320619e-15,LM*,0.0050574529923335665,stellar
2CXO J172441.6-341147,261.1733321317456,-34.196732960006734,353.16620384069404,0.9014895465837948,0.43472829481574,-0.36102435977514,0.70331043098064,3.138727126606e-15,IR,0.010807685613020845,stellar
2CXO J182041.1-161530,275.17141246654,-16.25858075515848,15.007530225716687,-0.7656215132669496,0.79825109306683,0.43347907557776,0.55590256089944,2.1852708327283998e-13,X,0.01604713259010059,stellar
2CXO J053407.2-051141,83.53024997845557,-5.194821052070016,208.688531781494,-19.55175997455741,-0.36477201748907,-0.057464084946908,-0.31355402873204,1.5176581685294998e-12,Or*,0.1783513570974577,stellar
2CXO J053516.2-052224,83.81762234709197,-5.3734160859545135,208.9948872405049,-19.37755765284451,0.99937539038101,0.77326670830731,0.99937539038101,6.818888855619e-15,Or*,0.0,stellar
2CXO J053507.7-052101,83.78223161966707,-5.350412672825503,208.9562378744733,-19.398571090326342,0.99937539038101,0.72704559650219,0.99937539038101,2.1917089336866e-14,LM*,0.0013863390928725702,stellar
2CXO J202208.4+100111,305.5351989368369,10.019824967864553,52.77820220598992,-14.983124673603047,0.27732667083073,0.35727670206121,-0.088694565896315,2.0108685962373996e-12,Rad,0.7827610545222289,AGN
2CXO J174540.0-290046,266.4169135894167,-29.012866421496486,359.93997652125364,-0.0488587154054034,0.99937539038101,0.99937539038101,-0.99937539038101,6.4647705653963e-15,X,0.0,stellar
2CXO J004304.2+411601,10.76766913134503,41.267037705099845,121.24127518597828,-21.577241460639108,-0.012492192379763,0.086196127420362,-0.098688319800125,2.6335571768629e-14,XB?,0.2380744286146164,stellar
2CXO J053515.4-051738,83.81437549319241,-5.29409244285312,208.91836294517583,-19.34453756491816,0.6208619612742,0.24109931292942,0.4472204871955,1.8505615302171e-14,Or*,0.009060078991341335,stellar
2CXO J174534.5-290236,266.3940927502656,-29.043609117015677,359.9033397589321,-0.0478447927189493,0.56964397251718,0.99937539038101,-0.99937539038101,1.7796992089090001e-16,X,0.002877288008965259,stellar
2CXO J013259.9+302104,23.24989406673774,30.35112055677675,133.46863158304245,-31.66885548359052,-0.37976264834478,-0.097439100562149,-0.29356652092442,1.0205600913437e-13,X,0.8630161172556824,AGN
2CXO J123049.7+122338,187.70733159210533,12.393975323824314,283.77944906440854,74.49428520062642,-0.87445346658339,-0.096189881324172,-0.85196752029981,7.9002228444828e-15,GlC,0.4447255220939382,stellar
2CXO J053536.5-052009,83.90211582603467,-5.335922174157082,208.99979083951055,-19.285572013441385,0.29606495940037,-0.017489069331668,0.31230480949407,2.7264503053996e-14,Or*,0.027909175375402565,stellar
2CXO J123049.5+122355,187.7064909180509,12.398835522196917,283.7710807941331,74.49867750479301,-0.21486570893192,-0.17489069331668,-0.037476577139288,6.929228353019701e-15,X,0.2569228512963156,stellar
2CXO J033828.2-352710,54.61771252954122,-35.453067774709595,236.72043694708432,-53.63840970136113,-0.088694565896315,0.35103060587133,-0.46595877576515,2.481825617467e-15,Gl?,0.613501376238337,AGN
2CXO J053520.5-052042,83.83571350191414,-5.345325043085543,208.9769730284644,-19.34878439318749,-0.47470331043098,-0.41973766396002,-0.068707058088695,9.9791258313016e-15,Or*,0.0,stellar
2CXO J053516.7-052327,83.81986337784281,-5.391115624731668,209.01269032492937,-19.38357462473149,0.084946908182386,-0.18113678950656,0.26358525921299,1.5129152652945e-14,ISM,0.0013863390928725702,stellar
2CXO J174806.1-244642,267.0258143058288,-24.77858347035217,3.842510824011595,1.6826970344600454,0.72579637726421,0.062460961898813,0.6945658963148,3.0785831818919996e-14,X,0.026472716053622808,stellar
2CXO J123618.5+621115,189.07746504251065,62.18752790263135,125.99625961130856,54.850624094553496,-0.30730793254216,-0.013741411617739,-0.2948157401624,1.8420728924383e-14,Rad,0.9857222409920007,AGN
2CXO J122948.0+075941,187.4502812856612,7.99482717994064,286.941319244538,70.19194294032772,0.17863835103061,0.27108057464085,-0.11617738913179,1.8227548368329e-15,GlC,0.5172133308793765,AGN
2CXO J180407.3-242222,271.0306856281736,-24.37278897736539,6.026219756963451,-1.2602479635189403,-0.4159900062461,-0.2685821361649,-0.16364772017489,4.3048589692157e-14,Or*,0.005540993428490143,stellar
2CXO J182422.6-245102,276.094475436906,-24.85077009023641,7.797371219560115,-5.5376158122783234,0.74328544659588,0.43098063710181,0.45971267957527,1.0239438316106999e-13,X,0.07118964218750758,stellar
2CXO J174539.1-290112,266.4130945510576,-29.020229825086737,359.93195141742285,-0.0498440443978988,0.91942535915053,0.91317926296065,-0.016239850093691,6.827947446327801e-16,X,0.0,stellar
2CXO J162210.1-240906,245.54228823263796,-24.1516175360394,352.58808462017885,17.802699133722065,-0.51717676452217,-0.28482198625859,-0.27108057464085,2.4957802656615997e-13,Or*,0.01451983198176037,stellar
2CXO J132525.7-430055,201.3572811078027,-43.01546986423458,309.5104675430873,19.4216717471213,0.16489693941287,-0.099937539038101,0.26108682073704,,PoG,0.006013729762561169,stellar
2CXO J160602.1+501113,241.50904030205947,50.187082084982464,78.52757854869715,46.613274093353525,-0.95190505933791,-0.71330418488445,-0.737039350406,3.8668392043892996e-13,SB*,0.030963533353606135,stellar
2CXO J130522.8-492900,196.3451509037535,-49.48363988547853,305.25830174652,13.325118009148534,0.78700811992505,0.43972517176765,0.53091817613991,1.2747689598278e-13,ULX,0.056731279195266576,stellar
2CXO J053518.2-052846,83.8262545986911,-5.4795631174788335,209.0993811967639,-19.417887376067856,-0.789506558401,-0.51967520299813,-0.45471580262336,9.7380257868768e-15,Or*,0.010839570032463951,stellar
2CXO J174539.0-290055,266.41274061100216,-29.015336799127017,359.9359667318494,-0.0470307259192876,0.96689569019363,0.99937539038101,-0.58213616489694,2.3299140936086e-15,X,0.003358305298709744,stellar
2CXO J053450.9-054221,83.71233207299741,-5.705997079403467,209.25945626453773,-19.62126909773808,-0.79200499687695,-0.32604622111181,-0.62710805746409,1.4813946180543e-13,Or*,0.0,stellar
2CXO J053518.9-052051,83.82895759030009,-5.347820830009572,208.9761056658152,-19.35591217677452,0.31480324797002,0.00999375390381,0.30605871330418,1.9287406623168998e-14,Or*,0.012860150098372651,stellar
2CXO J105907.1-770139,164.7797528765276,-77.02780126721292,296.63526659052263,-15.550017630875844,-0.6158650843223,-0.27232979387883,-0.41224234853217,8.888224783245199e-13,Or*,0.07744381524473125,stellar
2CXO J174538.3-290215,266.4098532711581,-29.037772052161497,359.9155014236012,-0.0565641442724742,0.6633354153654,0.91442848219863,-0.65084322298563,4.798082934205101e-16,X,0.005990326964973813,stellar
2CXO J123539.8+123322,188.9158956336132,12.55631593902572,287.93259052548734,74.96679135986662,-0.3997501561524,-0.061211742660837,-0.34603372891943,1.1341604942366999e-13,X,0.8769633460803351,AGN
2CXO J053511.8-051725,83.79938054632817,-5.290479604154534,208.907782960868,-19.35621409648921,-0.24484697064335,-0.24359775140537,-0.0012492192379763,1.5819854985887e-14,Or*,0.005141910717257851,stellar
2CXO J174538.3-290048,266.4096016789167,-29.013581675021,359.9360347500668,-0.0437733048822008,0.99937539038101,0.99937539038101,-0.67083073079325,9.1438911561536e-15,X,0.0,stellar
2CXO J064048.5+093557,100.2025335987837,9.599267649922078,203.18140687586228,2.0263809905830343,0.64334790755778,0.1948782011243,0.50968144909432,1.3756091778021e-14,mm,0.0013863390928725702,stellar
2CXO J053521.8-052355,83.84119193587662,-5.398751937199145,209.03009053864025,-19.368090549580547,-0.1474078700812,-0.11242973141786,-0.036227357901312,1.6646871421079e-14,Or*,0.0025,stellar
2CXO J064056.5+095410,100.23541426554208,9.902892849996864,202.9259123759964,2.1938608117248712,-0.36727045596502,-0.059962523422861,-0.31480324797002,3.7664658232259997e-13,Or*,0.031374746236715254,stellar
2CXO J124339.9+113309,190.9165594883393,11.552688244179372,295.87307094856715,74.31782420130695,-0.76702061211743,-0.35727670206121,-0.5633978763273,4.3396556766766e-14,GlC,0.02527883372880859,stellar
2CXO J122945.3+075940,187.4389028729728,7.994440677319232,286.90939043061684,70.18877609447485,-0.13741411617739,0.22860712054966,-0.35602748282324,3.5932338010673e-15,Gl?,0.3185020495058703,stellar
2CXO J174539.3-290102,266.4141301839495,-29.01747508602113,359.9347745979382,-0.0491819325798881,-0.16989381636477,0.41474078700812,-0.37851342910681,0.0,cor,0.041087408029641635,stellar
2CXO J125900.8+345047,194.75346308446888,34.84661750738565,111.53101874677304,82.11323187053107,-0.31855090568395,-0.13366645846346,-0.19237976264834,1.1612567215822e-13,HII,0.8617843160591179,AGN
2CXO J013612.6+154958,24.0524432040217,15.832886302400956,138.43716611481352,-45.68664131995277,-0.12367270455965,0.43098063710181,-0.52592129918801,5.2881282947002e-14,G?,0.4530456117068416,stellar
2CXO J174539.1-290106,266.4129269855956,-29.018479403889145,359.9333691951991,-0.0488070522725045,0.68831980012492,0.8157401623985,-0.30231105559026,1.1328719520533e-15,X,0.00482459884703825,stellar
2CXO J110941.9-763458,167.42427130166175,-76.58292841517078,297.0128962494136,-14.894765486809582,0.93816364772017,0.55340412242349,0.79950031230481,4.7063455700481e-13,Or*,0.057266938043713154,stellar
2CXO J095522.1+690510,148.84222063454865,69.08621664862231,142.08170245651027,40.87457972077154,0.077451592754528,0.19113054341037,-0.11617738913179,9.0886274630466e-14,X,0.5712598680142235,AGN
2CXO J165403.5-414729,253.5149287493564,-41.79163825832707,343.4776849122944,1.2205949970272736,-0.91193004372267,-0.69331667707683,-0.59337913803873,1.1360759224636e-13,SB*,0.012658850527182233,stellar
2CXO J053513.8-051852,83.80790555737997,-5.314750349667613,208.93479376920067,-19.35963473066366,0.44597126795753,0.18613366645846,0.28357276702061,6.6115894048624e-14,Or*,0.07797228517491372,stellar
2CXO J172441.4-341155,261.1726750080195,-34.198925869322274,353.1640843462516,0.9007065351922238,-0.041224234853217,0.0037476577139288,-0.042473454091193,2.1408885171365002e-15,IR,0.0007331524842946886,stellar
2CXO J053526.3-052500,83.86002440974738,-5.416868494405974,209.05620449461003,-19.35956105054243,-0.64459712679575,-0.27732667083073,-0.44597126795753,1.4057827153724e-14,IR,0.0027726781857451404,stellar
2CXO J122945.3+075936,187.43905301649303,7.993433775150797,286.9105523282191,70.18783754284964,0.34353529044347,0.27982510930668,0.053716427232979,3.191810083466e-15,GlC,0.5989005725809579,AGN
2CXO J180432.1-242127,271.1341852874551,-24.357754827808844,6.085575958317607,-1.3350386461009054,-0.11118051217989,-0.039975015615241,-0.071205496564647,1.1219310548059999e-13,Or*,0.013973445237295247,stellar
2CXO J034431.5+320844,56.13141253570893,32.14578184148916,160.4947584132627,-17.821267872865572,-0.60836976889444,-0.33479075577764,-0.3422860712055,1.1493318482485e-13,Or*,0.016414940827739435,stellar
2CXO J174532.4-290125,266.3852549387757,-29.0239111403704,359.9161244729155,-0.0309844534416848,0.95440349781387,0.58338538413492,0.82823235477826,2.0121416147268002e-15,X,0.0013863390928725702,stellar
2CXO J112352.2-592046,170.96770193563646,-59.34633207779714,291.9687712390039,1.6486667513614937,-0.86445971267958,-0.51842598376015,-0.62710805746409,2.8029624877722e-14,SB*,0.005515379607281668,stellar
2CXO J174912.4-272538,267.3016832187712,-27.427273797822306,1.7001114159147028,0.105216490597368,0.97189256714553,0.99937539038101,-0.99937539038101,7.6062108510336e-13,MIR,0.09353073035321603,stellar
2CXO J171456.9+572648,258.737370062855,57.44678644506862,85.85509809291993,35.45462308879491,-0.20861961274204,0.078700811992505,-0.28232354778264,1.4708497609438e-13,X,0.96690429693862,AGN
2CXO J111623.5-065738,169.09803327881525,-6.960793329083821,265.4783142825073,48.87532263926792,-0.40599625234229,-0.026233603997502,-0.38475952529669,3.1907169088792e-13,LeI,0.9764315628218132,AGN
2CXO J004255.6+411835,10.73170494267424,41.30977370261639,121.21385647166788,-21.53358000518545,-0.18113678950656,0.026233603997502,-0.20737039350406,3.1996432488718997e-14,X,0.4193891887754709,stellar
2CXO J004242.0+411532,10.675312855185268,41.25889022686353,121.16635353096224,-21.582904990113484,-0.49594003747658,-0.22485946283573,-0.30480949406621,1.312766555345e-14,XB?,0.16753109889793627,stellar
2CXO J110629.4-182202,166.6228004823306,-18.36723907184113,270.8233135471985,37.87536844666381,-0.051217988757027,0.30730793254216,-0.35227982510931,3.6297174744162e-14,X,0.5221736104077057,AGN
2CXO J053545.3-052810,83.93915305348219,-5.469626710393146,209.1438122004468,-19.313141363017976,0.13866333541537,0.13616489693941,0.0024984384759525,1.4360289851618e-14,Or*,0.11392891488155993,stellar
2CXO J162157.2+381734,245.4883271551903,38.292900647004046,61.12043096861878,44.95437418923706,-0.73204247345409,-0.34353529044347,-0.51842598376015,2.2053953784948e-13,cC*,0.029130488490987913,stellar
2CXO J051935.8-323927,79.89918542641101,-32.65780971680043,236.02229171256397,-32.57141774545654,-0.10993129294191,0.21736414740787,-0.31980012492192,1.7821165086816998e-12,HII,0.9817276389167137,AGN
2CXO J004209.0+412048,10.537774350512391,41.34671465043343,121.05890452990025,-21.49125653067124,0.43347907557776,0.25983760149906,0.19612742036227,9.8528496942656e-14,X,0.24987983341680817,stellar
2CXO J064102.5+093455,100.2605604894261,9.582162586700653,203.22278084603863,2.0694694753310583,-0.75452841973766,-0.40474703310431,-0.50218613366646,3.8051030763172e-14,Or*,0.015990547864445866,stellar
2CXO J074108.5+202544,115.28549152090136,20.42896280284755,199.49168769608667,19.79288430751752,0.95565271705184,0.91817613991255,0.2998126171143,2.4512966554256e-12,Sy*,0.7362959391373696,AGN
2CXO J174539.4-290104,266.41435244280115,-29.017983901417924,359.93444153687176,-0.0496129068128952,-0.99937539038101,0.12492192379763,-0.4684572142411,0.0,cor,0.05211201022824516,stellar
2CXO J103843.3+533101,159.6804232030919,53.51702726791903,156.59078643845243,54.04953924552592,-0.45846346033729,-0.056214865708932,-0.41349156777014,1.1590907386395e-13,HII,0.9848377141991886,AGN
2CXO J132554.5-425925,201.47736558729105,-42.99035941298261,309.60640635824274,19.43420047738936,0.15490318550906,0.14490943160525,0.011242973141786,3.9819497837995e-14,GlC,0.0960392545230804,stellar
2CXO J033851.5-353542,54.71471723876067,-35.59515436834263,236.95657190429228,-53.55604774936003,-0.32354778263585,0.042473454091193,-0.36102435977514,2.2928288650198e-14,GlC,0.9653036147712281,AGN
2CXO J120155.6-185214,180.48189392650116,-18.870703831296744,286.9734368211027,42.46165804651224,0.017489069331668,0.16364772017489,-0.1474078700812,4.0918143090091e-14,HII,0.33349249040498774,stellar
2CXO J004125.8+405845,10.357725892487563,40.97937503270586,120.8972347273256,-21.85283479513313,0.078700811992505,0.10993129294191,-0.031230480949407,2.3255066244827e-13,X,0.517126212069434,AGN
2CXO J122948.3+080020,187.45150478995905,8.005554609512618,286.936943514005,70.2026363093471,-0.16989381636477,-0.084946908182386,-0.076202373516552,8.1208004943136e-16,Gl?,0.3185458971375187,stellar
2CXO J095554.6+694101,148.97770727516,69.68359302439252,141.40284124534892,40.56730062807907,0.99937539038101,0.76702061211743,0.99937539038101,1.7981276149709997e-13,GlC,0.5571753782783809,AGN
2CXO J133011.0+471041,202.54589345686657,47.17812300252582,104.70292365458084,68.55518223445452,-0.23485321673954,0.062460961898813,-0.29231730168645,1.7066238231145e-14,Cl*,0.5974083620771476,AGN
2CXO J053516.7-044032,83.81986521924625,-4.675676238645776,208.33762285809604,-19.05871906564441,-0.32729544034978,-0.042473454091193,-0.28856964397252,3.7826280481893e-13,Or*,0.20779689081613903,stellar
2CXO J203500.1+600908,308.7506013684955,60.152226486700535,95.72707781468,11.658654045237622,-0.81324172392255,-0.52467207995003,-0.50218613366646,1.2336465734355e-13,UX?,0.02255031074687719,stellar
2CXO J053535.2-052654,83.89681086980062,-5.448604173713318,209.1037534930239,-19.341242133053587,-0.8369768894441,-0.55340412242349,-0.52717051842598,1.4735749295253e-14,Or*,0.010498906301459065,stellar
2CXO J034424.2+321019,56.10120816592792,32.172044605872266,160.4564624387646,-17.817482378028217,-0.08369768894441,-0.0012492192379763,-0.08369768894441,1.5331036137237e-13,Or*,0.2938354547637967,stellar
2CXO J033851.4-353538,54.71449303473145,-35.59414541783157,236.9548817541773,-53.5562555650336,-0.80074953154279,-0.25109306683323,-0.68831980012492,1.2266481628315e-14,GlC,0.3667364640852993,stellar
2CXO J123048.6+122353,187.7028002705847,12.398292717738832,283.7588196912663,74.49708114478385,-0.56464709556527,-0.43098063710181,-0.17114303560275,8.486514090716401e-15,Gl?,0.32791667559316634,stellar
2CXO J125455.1+084654,193.72955931370177,8.78162386239227,305.66202459413194,71.63492024836526,-0.35727670206121,0.056214865708932,-0.40474703310431,7.632294484260299e-13,IG,0.9870213927692659,AGN
2CXO J053521.7-045312,83.84060749216945,-4.886633916929164,208.54634813704183,-19.1363574115782,-0.70705808869457,-0.29106808244847,-0.52467207995003,3.0676951480328e-13,X,0.05639490698516884,stellar
2CXO J174550.9-285430,266.4620529309975,-28.908525178617364,0.0496197758819879,-0.0282360939042065,0.99937539038101,0.98313554028732,0.99937539038101,4.926118285589e-14,X,0.0,stellar
2CXO J122946.5+075924,187.44401178036776,7.990200288157632,286.92695263912645,70.18592243166451,-0.99937539038101,-0.99937539038101,-0.87695190505934,1.6370641708874001e-15,GlC,0.3224920096595049,stellar
2CXO J123030.4+414142,187.62699358968015,41.69510670229465,138.000497282751,74.81509913297292,0.18113678950656,0.14865708931918,0.032479700187383,3.3714420075541e-13,ULX,0.4314035140682422,stellar
2CXO J174544.9-290027,266.43741988327,-29.00762337295158,359.95379315602,-0.0614364051137348,0.96189881324172,0.97189256714553,-0.35352904434728,3.8673186876689e-14,out,0.006063423988841607,stellar
2CXO J053516.1-052456,83.81750436662293,-5.415654227690611,209.0347658169756,-19.39676728274273,-0.24109931292942,-0.2211118051218,-0.01998750780762,5.5371922092887e-15,Or*,0.0,stellar
2CXO J053516.2-052043,83.81789360189498,-5.345559162866237,208.96868404108235,-19.364711993794927,0.99188007495315,0.99687695190506,-0.5421611492817,5.4461680625493e-14,X,0.053747949600740655,stellar
2CXO J034440.1+321133,56.16713979455665,32.192814684291264,160.48748071688695,-17.76578211169879,0.15990006246096,0.043722673329169,0.11617738913179,1.9505675176316998e-13,Or*,0.06714464226580795,stellar
2CXO J072010.4+705736,110.04351383151096,70.95994759865722,144.40780322578553,27.86217458612426,-0.22236102435978,0.067457838850718,-0.28482198625859,2.2082030791402e-13,Rad,0.9930153796072817,AGN
2CXO J160657.9-274308,241.74147244426263,-27.719015859302047,347.3994356764883,17.818745187049647,-0.49344159900062,-0.084946908182386,-0.42473454091193,7.8527508478337e-13,Ae*,0.1010562754493025,stellar
2CXO J130525.4-492831,196.3560758747076,-49.47558237409431,305.2660462691552,13.3327676795738,0.93441599000625,0.64709556527171,0.72579637726421,1.3169981612576e-13,X,0.04165961598369166,stellar
2CXO J120146.4-185642,180.44375119835115,-18.945172311491586,286.95232990887297,42.38038767263483,-0.091193004372267,0.076202373516552,-0.16739537788882,5.3971933717211e-14,X,0.7032642107368041,AGN
2CXO J174538.0-290223,266.40867431121774,-29.039776280264437,359.9132536767265,-0.0567285345827782,0.99937539038101,0.99937539038101,-0.99937539038101,6.7350961647099e-15,X,0.0,stellar
2CXO J004335.9+411433,10.899715859399636,41.24256910953233,121.34708550519314,-21.605054802317003,0.28232354778264,0.52966895690194,-0.32479700187383,1.1552701073817e-14,X,0.2539908970501015,stellar
2CXO J223036.1+392139,337.6504420842665,39.36084093563191,95.32616327541692,-15.845049718776874,-0.87070580886946,-0.36976889444097,-0.73828856964397,1.1728508383005e-13,SB*,0.05057500439305092,stellar
2CXO J011127.6-380500,17.865171693083198,-38.083489077245055,283.19364907262894,-78.26653256346474,-0.15865084322299,0.37851342910681,-0.50718301061836,1.0833695339612e-12,X,0.7923028587175347,AGN
2CXO J174042.6-534027,265.1775743849321,-53.67439357441745,338.16562477393694,-11.96068196135976,0.19737663960025,0.27482823235478,-0.082448469706433,7.145516459713999e-14,X,0.26904287339208915,stellar
2CXO J162538.1-242235,246.40877712950945,-24.37669766460625,352.9633312601553,17.063443037842607,0.93191755153029,0.51967520299813,0.79950031230481,3.8307456445822e-13,Or*,0.032216238332558024,stellar
2CXO J022233.4+422026,35.63939599574735,42.34074382299417,140.38676502685817,-17.42170151174195,0.99937539038101,0.46221111805122,-0.058713304184885,9.772151222883701e-16,X,0.05339101402911186,stellar
2CXO J053512.7-052034,83.80321019011592,-5.343024292687998,208.9592746562092,-19.37660153453174,-0.2685821361649,-0.28232354778264,0.014990630855715,7.694443890918401e-15,HH,0.004556283604293248,stellar
2CXO J174539.4-290117,266.41431494090966,-29.021476647512674,359.93144311302564,-0.0514045016697344,0.82698313554029,0.99937539038101,-0.99937539038101,3.2834210698089e-16,X,0.0025,stellar
2CXO J165258.9+022404,253.2455162767241,2.40132479050474,20.72950092100916,27.29099438167964,0.95065584009994,0.63835103060587,0.78825733916302,3.0822799430635e-13,Cl*,0.8346300257790422,AGN
2CXO J122945.4+075930,187.43934252704597,7.991744073610417,286.91260817863423,70.18627174815202,-0.39225484072455,-0.13241723922548,-0.27108057464085,1.9109298868157e-15,GlC,0.5025154811729604,AGN
2CXO J071338.1+434917,108.4090889739682,43.82156919138252,173.79223981612014,22.19923533999616,0.29231730168645,0.22361024359775,0.073703935040599,4.1377407483638e-13,Rad,0.5467084448071412,AGN
2CXO J174539.2-290107,266.4135278809149,-29.01871941145929,359.9334380795944,-0.0493806088048134,0.87445346658339,0.95190505933791,-0.45971267957527,1.3717255831814e-15,X,0.004499378048881124,stellar
2CXO J174538.4-290044,266.41007747924664,-29.012271602642667,359.93736975778984,-0.0434459246081846,0.99937539038101,0.99937539038101,0.45471580262336,2.2587174233929e-15,X,0.0009590960029884197,stellar
2CXO J053524.1-052132,83.85044908066317,-5.35906459884234,208.99699464908508,-19.341918046850104,-0.45596502186134,-0.30106183635228,-0.17613991255465,1.2426306343993e-14,Or*,0.00459290037481443,stellar
2CXO J190834.0+001139,287.1420743946227,0.1941950483803678,35.06070053610778,-3.7219573849579546,-0.72454715802623,-0.46970643347908,-0.38600874453467,2.3161134068338998e-14,X,0.009715527187086117,stellar
2CXO J174539.4-290108,266.4141291867776,-29.01910979985632,359.9333787854751,-0.050032813953413,0.68707058088695,0.77826358525921,-0.20487195502811,6.0027864766728e-16,X,0.011056373035771809,stellar
2CXO J033851.8-353545,54.71583500037957,-35.59582956802995,236.9576693747704,-53.55512202273268,-0.63210493441599,-0.21111805121799,-0.48094940662086,9.3104118790809e-15,Gl?,0.6186138811327863,AGN
2CXO J103845.9+533004,159.69165881429103,53.50114302594421,156.60688148212677,54.06395102318466,0.49094316052467,0.25983760149906,0.26483447845097,2.4462519996121e-13,HII,0.6192066583907478,AGN
2CXO J221745.2+001857,334.4385751525604,0.3158247123588503,63.16435131431361,-44.00746253421736,-0.054965646470956,0.11242973141786,-0.16739537788882,4.9354093514394e-14,X,0.6799201351123156,AGN
2CXO J110633.5-182125,166.63995956172073,-18.356985651768547,270.8347284170342,37.89237375634605,-0.31855090568395,0.056214865708932,-0.36727045596502,5.4782368420835e-14,LeQ,0.8843771204225446,AGN
2CXO J001954.3+155741,4.976547010743445,15.961609421831602,111.94190750310425,-46.23619656277457,-0.53841349156777,-0.06371018113679,-0.49094316052467,7.110221644488399e-13,SN*,0.9264669637406543,AGN
2CXO J033852.5-353528,54.7187906717042,-35.59131789130418,236.9499749412101,-53.55283339698392,-0.091193004372267,0.2423485321674,-0.33229231730169,8.1548508854786e-15,GlC,0.7597133048423559,AGN
2CXO J004222.2+405924,10.592662632124473,40.990244563214056,121.0886275464574,-21.849048572313635,-0.041224234853217,-0.0074953154278576,-0.033728919425359,1.9501463431909997e-13,X,0.24801066338227923,stellar
2CXO J174539.3-290112,266.4139753428195,-29.02026798675347,359.9323200963588,-0.0505213559113663,0.49718925671455,0.54341036851968,-0.071205496564647,0.0,X,0.016730680490192627,stellar
2CXO J053504.6-052435,83.76959567562426,-5.410017745859819,209.0065647672121,-19.436757049577363,0.9369144284822,0.74078700811993,0.60337289194254,4.556155643045e-15,Or*,0.03564263340427368,stellar
2CXO J111007.0-762937,167.52876549079815,-76.4938031832627,296.9996271285908,-14.803274879335836,-0.68082448469706,-0.3422860712055,-0.4422236102436,1.9834232707703e-13,Or*,0.00944880524454885,stellar
2CXO J071850.4-245754,109.71027767346004,-24.965201841252835,238.20452619884784,-5.5211816762517625,0.54465958775765,,,2.0490681559902998e-13,Or*,0.1956091375544784,stellar
2CXO J111134.8-763621,167.89461203823248,-76.60594564279195,297.1260298332224,-14.873183670190096,-0.70455965021861,-0.32854465958776,-0.48844472204872,2.0935639605724e-13,Or*,0.007103370148687858,stellar
2CXO J064107.3+092554,100.28059522943757,9.43192562132136,203.36555259625283,2.0184425752444968,-0.8157401623985,-0.45096814490943,-0.57464084946908,3.4400118151248e-14,Or*,0.0005933672290270395,stellar
2CXO J080133.5+141442,120.3898218407664,14.245302629841804,207.6233245079019,21.84128437534716,-0.10243597751405,0.10993129294191,-0.20986883198001,3.5698226252303e-13,Rad,0.8106409393906752,AGN
2CXO J104244.6+120331,160.6858552254597,12.058684404424074,233.1242969630224,56.3004584620284,-0.18113678950656,0.10993129294191,-0.28607120549656,1.1936861957658999e-12,Rad,1.0,AGN
2CXO J172443.1-341111,261.17986883195897,-34.18663948371027,353.17759258447734,0.9026902183318074,0.38850718301062,-0.088694565896315,0.46970643347908,1.2770073619639e-14,NIR,0.00648462062747033,stellar
2CXO J122945.3+080016,187.43896552301703,8.004615450459498,286.9021172435981,70.198648091144,0.1211742660837,0.19362898188632,-0.076202373516552,7.8305479547268e-15,Gl?,0.5355130931972049,AGN
2CXO J053715.2-691316,84.31340615606155,-69.22124621604584,279.6234751827985,-31.78609285882412,0.99937539038101,0.6633354153654,0.99937539038101,5.8435275343712e-14,X,0.4444222853088488,stellar
2CXO J132604.2-424701,201.51765760045123,-42.7838379428822,309.66849498526915,19.63444698452432,-0.86945658963148,-0.51342910680824,-0.63960024984385,1.0251292172209999e-13,X,0.04169344784532524,stellar
2CXO J235806.7-323757,359.5279830681636,-32.63241368944375,4.242767463418037,-77.21100213756654,-0.13366645846346,0.094940662086196,-0.22485946283573,1.3680082470348999e-13,X,0.8850803270839811,AGN
2CXO J084307.1-790452,130.77988657545922,-79.08121271787117,292.5585987115454,-21.641177100353776,-0.7632729544035,-0.2998126171143,-0.60087445346658,1.3069287467682e-12,Or*,0.04263278632843551,stellar
2CXO J132954.1+471137,202.47574975286727,47.19365765040693,104.83931676970904,68.56045808977962,0.23360399750156,0.22985633978763,0.0037476577139288,2.2333889576714998e-14,Cl*,0.5464922798880014,AGN
2CXO J172445.3-341218,261.18879160514257,-34.205253639290184,353.1663417476997,0.8861250814320699,-0.057464084946908,0.77326670830731,-0.80699562773267,1.6854886306068e-15,Y*?,0.013968123840850815,stellar
2CXO J133700.8-295156,204.25369838017025,-29.865550104223505,314.58349757567555,31.97292998979466,0.17738913179263,0.27857589006871,-0.10743285446596,9.6250035311437e-14,SR?,0.35551194780120005,stellar
2CXO J044815.6-203138,72.065208622846,-20.52739445232194,219.5584447715939,-35.915956138600386,-0.14865708931918,0.1211742660837,-0.26483447845097,4.0483758543524e-13,blu,0.9921608934275133,AGN
2CXO J004733.3-251722,11.889193708054506,-25.289564164386416,97.38088551573534,-87.9656747172152,0.052467207995003,0.21236727045596,-0.16239850093691,2.2394938236742e-13,X,0.7786672653034665,AGN
2CXO J132957.4+471612,202.48952600070567,47.27000144347288,104.9007074161195,68.48690058413759,0.19612742036227,0.17239225484072,0.023735165521549,5.4018935714295e-14,X,0.47917956673734463,stellar
2CXO J053531.2-051931,83.88004975075529,-5.325520547415406,208.97942898920013,-19.300456828986583,-0.2998126171143,-0.18113678950656,-0.12492192379763,8.348455474040201e-15,Or*,0.0,stellar
2CXO J125050.3+410712,192.70974793963387,41.11997894627661,123.39843482656649,76.0077309627374,-0.11118051217989,0.16989381636477,-0.27482823235478,1.681086802776e-13,X,0.9542010283928201,AGN
2CXO J053517.4-052105,83.8229288724425,-5.351711246778655,208.9769038328824,-19.3630253878821,0.95190505933791,0.4946908182386,0.86071205496565,7.4256290387251e-15,Y*?,0.0,stellar
2CXO J033851.8-353546,54.71610825062521,-35.596151745962885,236.9582020588942,-53.55489173521015,-0.58213616489694,0.99937539038101,-0.99937539038101,2.0091559847029e-15,Gl?,0.4322191989556803,stellar
2CXO J174825.9-265835,267.1082962297112,-26.976437845729677,1.997839700698537,0.4849491203027378,-0.82698313554029,-0.473454091193,-0.57838850718301,6.0752238001249e-14,Y*?,0.016973592211045673,stellar
2CXO J053510.8-052800,83.79541529676175,-5.466915846700961,209.0727064012692,-19.439556434555385,-0.84697064334791,-0.44097439100562,-0.64709556527171,1.2715368527639999e-14,Or*,0.0009590960029884197,stellar
2CXO J053851.8-690908,84.71575720291037,-69.15239455074843,279.5233723853014,-31.65219552436052,0.90943160524672,0.55340412242349,0.66958151155528,9.5637062493583e-15,X,0.42608586014756644,stellar
2CXO J172442.2-341230,261.175868321355,-34.20854212421303,353.1576142987402,0.8931173299081913,0.40474703310431,-0.042473454091193,0.46346033728919,1.1883278009602e-15,NIR,0.011175490819192311,stellar
2CXO J233614.1+020917,354.0588276548591,2.154741485967957,88.21547783599831,-55.564499600750224,0.15365396627108,0.20487195502811,-0.052467207995003,2.3331870676618e-13,GrG,0.6904659716973675,AGN
2CXO J140321.5+541945,210.8397557554496,54.32936081536415,101.97975716503228,59.77580341670263,-0.014990630855715,0.038725796377264,-0.053716427232979,6.1428818400157e-14,ClG,0.6100308935619801,AGN
2CXO J095552.7+694045,148.9696128605671,69.67938052756692,141.40950370558002,40.56747549692768,0.10743285446596,0.21486570893192,-0.10993129294191,1.2853205413338e-13,Rad,0.5360831044457639,AGN
2CXO J125341.2-393159,193.4219228970645,-39.53315795645027,303.4043605021018,23.336525884454502,0.52217364147408,0.5471580262336,-0.034978138663335,2.4045907171886996e-12,ClG,0.7957479750930264,AGN
2CXO J122608.0-000601,186.53370585147516,-0.1003556989037242,289.31266661032225,62.1004546164528,-0.088694565896315,0.11367895065584,-0.20112429731418,3.9677519586561e-13,LeI,0.9948713335140897,AGN
2CXO J043814.8-121715,69.56203270117658,-12.28779643069814,209.06624690095472,-35.06049058425748,-0.14366021236727,0.02998126171143,-0.17239225484072,6.8022209462835e-14,LeQ,0.6828760636942249,AGN
2CXO J132526.1-430132,201.3589509736463,-43.02569516643177,309.5102373627514,19.411376109198645,0.10868207370393,-0.1948782011243,0.29606495940037,9.1054618013436e-14,X,0.003973526408479886,stellar
2CXO J134404.1-271411,206.0174479254166,-27.23652958988421,317.0939995984528,34.183675313230104,-0.067457838850718,0.11367895065584,-0.17988757026858,2.6986200662708997e-13,X,0.985778358642383,AGN
2CXO J175054.1-294327,267.72569736053345,-29.724378561930227,359.91931080357926,-1.39299562751374,0.92067457838851,0.9419113054341,-0.25608994378513,5.7218015578691e-14,X,0.03358920180486997,stellar
2CXO J195302.4-520501,298.2600580562239,-52.083694514933896,346.2765472207984,-30.32932798676573,-0.56589631480325,-0.24984384759525,-0.368519675203,2.3789926549478e-13,Rad,0.8014196331763925,AGN
2CXO J052802.0-393444,82.0085533094067,-39.57910550555876,244.4651444898024,-32.32247786878225,0.40974391005621,0.25858838226109,0.1686445971268,1.296543652626e-12,X,0.7831532844284009,AGN
2CXO J034434.8+320633,56.1453392212174,32.10931442660912,160.52882062649147,-17.841701479298546,-0.54091193004372,-0.27982510930668,-0.30730793254216,6.4777106964507e-14,Or*,0.02504901057719542,stellar
2CXO J101812.9-585930,154.553703575108,-58.99184290710435,284.3004375996571,-1.7787676754119772,0.9419113054341,0.55590256089944,0.80824484697064,4.1353798842251997e-13,X,0.1310219370335309,stellar
2CXO J053519.8-051507,83.83278809798873,-5.252271301794644,208.88764974207385,-19.30925031723805,0.9631480324797,0.81698938163648,0.63460337289194,2.8672023106173e-14,IR,0.018172610168482286,stellar
2CXO J053515.8-052245,83.8159937980459,-5.379405114062048,208.9997715624194,-19.381713077831783,-0.56589631480325,-0.29856339787633,-0.3210493441599,8.444618624877e-15,Or*,0.00844644181610726,stellar
2CXO J195857.8+404856,299.7414537150962,40.81562652699857,76.21026897287823,5.87977039388048,0.38975640224859,0.31230480949407,0.087445346658338,4.3610767460529e-14,X,0.05595290529791752,stellar
2CXO J162718.1-242852,246.8256270435488,-24.481401722055136,353.143534330412,16.709503031068483,0.99063085571518,0.92816989381636,0.76577139287945,3.3838797118886996e-13,Rad,0.044650818147571804,stellar
2CXO J174533.5-290225,266.3897295814536,-29.04044559514628,359.90405190913395,-0.0429405509782399,0.87570268582136,0.99937539038101,-0.99937539038101,1.2764791331028001e-15,X,0.0,stellar
2CXO J125347.0+032630,193.44585865920703,3.441794034807641,304.38867361691814,66.30690709058848,-0.096189881324172,0.17114303560275,-0.26358525921299,1.4975805013798e-12,GrG,0.9988863390928725,AGN
2CXO J033341.8-360731,53.42431269575968,-36.12534796375838,237.92849708962063,-54.58052259839629,0.83198001249219,0.49219237976265,0.57464084946908,2.1003792796190998e-13,ULX,0.8608732715752886,AGN
2CXO J132528.7-425948,201.3697411914868,-42.99671749020831,309.5228102132901,19.43896896973921,0.026233603997502,0.12367270455965,-0.097439100562149,3.2542110009104e-14,X,0.3129993582850937,stellar
2CXO J172819.7-141555,262.08240658401246,-14.265419746707536,10.392221020919942,11.163661397882738,-0.11242973141786,0.031230480949407,-0.14241099312929,4.6112643500006e-12,Rad,0.7842734196761795,AGN
2CXO J174538.9-290023,266.41235406321493,-29.00647075886121,359.94335842532706,-0.0421231963813792,0.69206745783885,0.92317301686446,-0.6208619612742,1.0275384741975e-15,IR,0.005990326964973813,stellar
2CXO J123740.3+114727,189.4180393534348,11.791022667476025,290.3694040025049,74.32605084477761,-0.056214865708932,0.10993129294191,-0.16489693941287,2.8407019520855e-13,ULX,0.96319384689591,AGN
2CXO J141312.5-652052,213.3020768201186,-65.34793822876352,311.3274870048918,-3.8177328592200808,0.87695190505934,0.48219862585884,0.68332292317302,9.615551985332e-14,X,0.029097401719396464,stellar
2CXO J174539.0-290022,266.4126981470356,-29.00620944907254,359.9437382460088,-0.0422439208825908,0.69706433479076,0.83447845096814,-0.31855090568395,4.1693203156762003e-16,IR,0.00482459884703825,stellar
2CXO J164041.0-485112,250.17079206387652,-48.85340024289918,336.57224711467387,-1.5529420637351816,-0.27108057464085,-0.11492816989382,-0.15990006246096,1.8339967093355e-13,Or*,0.009576427068991828,stellar
2CXO J053531.7-052120,83.88230952464926,-5.355750622487106,209.00907203232236,-19.31212987803135,0.97813866333542,0.77951280449719,0.83073079325422,2.8765096504686e-14,Or*,0.008685324118702344,stellar
2CXO J053514.2-052424,83.80949856955726,-5.406884314041329,209.0226518927922,-19.399909752411173,-0.65833853841349,-0.38101186758276,-0.368519675203,1.0088798825252999e-14,Or*,0.005665774895762995,stellar
2CXO J165425.9-414955,253.6082066464014,-41.83215448459348,343.49005838209297,1.1410837023405418,-0.90193628981886,-0.63460337289194,-0.62460961898813,9.2245596114164e-14,SB*,0.0,stellar
2CXO J170206.5-295644,255.5272093317094,-29.94563496730279,353.82707578610643,7.265507833324159,-0.85071830106184,-0.74828232354778,-0.26983135540287,2.2752809759745e-15,Pl,0.059025938155078866,stellar
2CXO J053451.7-053924,83.71563116531519,-5.656735360522613,209.2143540440635,-19.596121844901425,-0.80449718925671,-0.49968769519051,-0.50843222985634,5.3882360124199e-14,Or*,0.028743376434166707,stellar
2CXO J004307.5+412019,10.781287782731567,41.33882182651298,121.25495406626308,-21.50585699106548,0.028732042473454,0.071205496564647,-0.042473454091193,2.7643305292476e-14,GlC,0.2054648720384488,stellar
2CXO J121656.9+374335,184.23733103688917,37.72658561362284,155.17263170017222,77.15763551930722,-0.87195502810743,-0.57838850718301,-0.59212991880075,1.9089111576518e-13,X,0.13307520779911156,stellar
2CXO J172444.5-341235,261.1857473631688,-34.210050288027894,353.1609586821719,0.8855121339499398,0.99937539038101,0.4946908182386,0.43597751405372,3.4816329644193e-15,NIR,0.0041290405144090965,stellar
2CXO J173930.0-294210,264.8753367606505,-29.70305028400993,358.64571365316965,0.7299282159702049,0.94690818238601,0.73579013116802,0.69081823860087,2.4120211058578e-11,LP?,0.10841914876235868,stellar
2CXO J174805.0-244641,267.0209879487968,-24.77814458740751,3.8406247614149134,1.686677057158057,0.97314178638351,0.73329169269207,0.83198001249219,4.2745230915111e-14,X,0.0027726781857451404,stellar
2CXO J024238.8-000055,40.66203225916763,-0.0153040619020068,172.09680292551474,-51.94038784683272,0.81698938163648,0.56464709556527,0.4684572142411,4.4379808876569e-13,X,0.8723933646353679,AGN
2CXO J133701.6-294742,204.25679069005676,-29.79522609355844,314.60378988496984,32.041169008569724,0.28232354778264,0.21986258588382,0.066208619612742,3.9617163295594e-14,X,0.15483014486907137,stellar
2CXO J053518.3-053142,83.82629839256384,-5.5284269505936745,209.14562751880592,-19.439923658687867,0.99937539038101,0.66208619612742,0.99937539038101,1.0800240929457e-14,PoC,0.0027726781857451404,stellar
2CXO J170208.9-300311,255.5372876285305,-30.05324546513661,353.7459366463943,7.193557135264608,0.0087445346658337,0.057464084946908,-0.049968769519051,1.3981123874347e-13,X,0.33788832142633224,stellar
2CXO J174541.1-290113,266.4215491012071,-29.020497889137925,359.9355739420732,-0.0562943548407712,0.90068707058089,0.85321673953779,0.15740162398501,2.5332642205091e-15,X,0.0,stellar
2CXO J172441.2-341138,261.1717992113406,-34.19408941062766,353.1676778402811,0.9040240747731014,0.51342910680824,0.25109306683323,0.29606495940037,8.5675937020679e-14,IR,0.01632488160585927,stellar
2CXO J053520.8-052129,83.8368347589199,-5.35834913514009,208.98981828384237,-19.35368229527248,-0.66458463460337,-0.45971267957527,-0.2948157401624,8.9302703322077e-15,Or*,0.0017836054185481067,stellar
2CXO J053531.9-051619,83.88334348928544,-5.272180231296656,208.9306128120651,-19.273384562873016,0.34603372891943,0.23610243597751,0.11617738913179,1.2787932947759e-14,Or*,0.024967652093428758,stellar
2CXO J111507.5-611654,168.78156140986914,-61.28188643964461,291.62627712158144,-0.5422303488620028,0.52966895690194,0.0074953154278576,0.52342286071205,2.8562025791162e-14,IR,0.0,stellar
2CXO J174541.9-285955,266.4247472714005,-28.998706465486865,359.9556324319364,-0.0473307486524296,0.99937539038101,0.93316677076827,0.71830106183635,1.2047638694863e-15,X,0.00234543509586099,stellar
2CXO J053816.3-690512,84.56790813852211,-69.08686278953748,279.4539617634592,-31.71204870653389,0.37101811367895,0.29231730168645,0.086196127420362,9.5571162864918e-15,X,0.24004399898260353,stellar
2CXO J053528.3-051822,83.86816796666773,-5.306343754617548,208.95563684620925,-19.302326002141257,-0.99937539038101,-0.99937539038101,-0.7682698313554,4.7243088032494e-15,Or*,0.04770511747330158,stellar
2CXO J053456.9-052206,83.73723411761142,-5.368459721584737,208.9518045996169,-19.446688924497646,0.012492192379763,-0.053716427232979,0.066208619612742,1.9891239719906998e-14,Or*,0.005187668003164907,stellar
2CXO J172441.1-341143,261.1716469072811,-34.195400063058955,353.166522861964,0.9033915903346494,0.36727045596502,0.43222985633979,-0.1211742660837,2.2732913668204e-15,IR,0.011699737765100528,stellar
2CXO J053510.9-052224,83.79576431477358,-5.37354327721137,208.98456993241385,-19.397022557225128,-0.12991880074953,-0.099937539038101,-0.02998126171143,7.8658436938341e-15,Y*?,0.006783605418548107,stellar
2CXO J151558.6+561810,228.99439493055505,56.30291030604923,91.53973216720284,51.091692135422,-0.6208619612742,0.25484072454716,-0.75577763897564,2.7346618504638e-15,ULX,0.6210882247026639,AGN
2CXO J123558.5+275742,188.9939878231785,27.961696842459915,198.3752813239816,86.47297753165698,0.032479700187383,0.092442223610244,-0.059962523422861,8.384108013027999e-13,UX?,0.792629574703312,AGN
2CXO J123049.1+122604,187.7048123070133,12.434563714214011,283.7251478870992,74.53227524631266,-0.44097439100562,-0.10993129294191,-0.3472829481574,2.3975657540093e-14,ULX,0.5501689945294402,AGN
2CXO J180317.2-300331,270.821736717646,-30.05887668930002,0.9730499986702044,-3.8846526894154407,0.2473454091193,0.19237976264834,0.058713304184884,2.0005702307349e-13,X,0.061958412022021125,stellar
2CXO J031713.8-411034,49.30765639284425,-41.17624457761352,247.6522585161834,-57.04098081148098,-0.13991255465334,-0.0024984384759525,-0.13741411617739,2.1642091759215e-13,UX?,0.9197060658598529,AGN
2CXO J174541.7-290103,266.4237852578666,-29.01775672442044,359.93893243157305,-0.0565356613336143,-0.36976889444097,0.19113054341037,-0.45596502186134,0.0,X,0.032282174271151765,stellar
2CXO J123050.7+122502,187.71162936223695,12.417223698553526,283.7684166230676,74.51772489846523,-0.013741411617739,0.073703935040599,-0.087445346658339,4.7110675233489e-14,X,0.519089907866061,AGN
2CXO J174539.3-290124,266.4141653973787,-29.023373337898175,359.9297560121582,-0.0522809872567408,-0.99937539038101,-0.61711430356027,-0.37976264834478,0.0,rB,0.003546283318595736,stellar
2CXO J034421.5+321017,56.08983137870206,32.17148502770585,160.4490696426872,-17.824078925672588,-0.21361648969394,-0.10493441599001,-0.11118051217989,6.3709486909087e-14,Or*,0.0992087917088754,stellar
2CXO J120237.0+554120,180.65433022550087,55.6889569688984,136.76688353671332,60.10861664295156,-0.35477826358526,-0.12742036227358,-0.23735165521549,4.883112303811499e-13,ClG,0.9648433694009442,AGN
2CXO J053513.0-052214,83.80435621512771,-5.370868172062576,208.98614382629285,-19.38818367655674,-0.51342910680824,-0.27482823235478,-0.27607745159275,1.146822358846e-14,Or*,0.0038863390928725707,stellar
2CXO J034355.5+320931,55.98126459607317,32.158835909618645,160.3833644752848,-17.892599788899428,-0.45721424109931,-0.25109306683323,-0.23110555902561,1.1244171804672999e-13,Or*,0.00373177418873356,stellar
2CXO J195354.5+442450,298.47741126413257,44.41407076460274,78.8581245809884,8.509072677961923,-0.87320424734541,-0.34478450968145,-0.75452841973766,2.5671227122705997e-13,Er*,0.0932292724276109,stellar
2CXO J174532.7-290202,266.3863344484005,-29.03415779591896,359.907871346986,-0.0371302507322753,0.84697064334791,0.79575265459088,0.026233603997502,1.1603406254868e-15,X,0.0007331524842946886,stellar
2CXO J125847.9+280448,194.69982966122984,28.079726805828265,63.61589318593788,88.11191362457569,-0.2261086820737,-0.052467207995003,-0.17613991255465,2.2527713518656e-14,X,0.5024875741198344,AGN
2CXO J054148.2-015602,85.45093840641954,-1.9338912766841203,206.5709813023687,-16.35007496479192,0.98563397876327,0.8632104934416,0.81948782011243,4.2824922428347996e-13,X,0.03350091659922111,stellar
2CXO J033830.7-352703,54.62800667837115,-35.4508842525097,236.7164310422812,-53.63007634659111,0.99937539038101,-0.057464084946908,0.99937539038101,,GlC,0.27678914852747694,stellar
2CXO J133731.0-294234,204.37923750349037,-29.709533520874384,314.7475804868116,32.10279512487233,0.11742660836977,0.20112429731418,-0.086196127420362,7.0841934392891e-14,X,0.31156697760267543,stellar
2CXO J174539.6-290124,266.4151310196638,-29.023506140131364,359.93008253237366,-0.0530709024739155,0.5896314803248,0.99937539038101,-0.99937539038101,1.7308552842474e-16,rB,0.002877288008965259,stellar
2CXO J171411.5-293159,258.5480630017309,-29.533109330633,355.72369515653924,5.395574906867672,-0.71080574640849,-0.40849469081824,-0.42473454091193,1.3500560763961e-13,LX?,0.01976652433015022,stellar
2CXO J123050.8+122348,187.71195572893373,12.396936994922813,283.7922616527768,74.49846127948663,-0.32479700187383,-0.27857589006871,-0.0049968769519051,1.2114662352045e-15,GlC,0.2569779302359858,stellar
2CXO J093206.4+082644,143.02674278657463,8.445636379141899,224.89925095688892,39.40564408750331,-0.2473454091193,0.052467207995003,-0.29606495940037,1.5383297724999e-13,SN*,0.9948621929987037,AGN
2CXO J053526.1-052256,83.85900467342384,-5.382499113708159,209.02322837775128,-19.344923087199778,0.22735790131168,-0.032479700187383,0.25733916302311,8.776963872523901e-15,Or*,0.022464992475594036,stellar
2CXO J174534.9-290751,266.3955836432408,-29.131108894736187,359.8293380311109,-0.094553053079869,0.99937539038101,0.92192379762648,0.99937539038101,6.1691046503519005e-15,X,0.0,stellar
2CXO J162649.2-242003,246.7051241227565,-24.334250181216596,353.1833455355971,16.889064751202707,0.841973766396,0.38975640224859,0.67332916926921,2.4293754423265e-13,Or*,0.016074700114913635,stellar
2CXO J174539.3-290119,266.41375711641444,-29.02200062365766,359.9307417412461,-0.0512611142074997,0.92567145534041,0.99937539038101,-0.99937539038101,1.8452760778415e-15,X,0.0,stellar
2CXO J095501.0+690726,148.75436850959744,69.12406584928998,142.06457380067036,40.82718309894365,0.44472204871955,0.36352279825109,0.092442223610244,6.5987428320038e-14,s?b,0.3477439941960543,stellar
2CXO J053537.5-052716,83.90655674845038,-5.454553129999199,209.1140244436908,-19.3352763589027,-0.88319800124922,-0.52841973766396,-0.66208619612742,7.6753904254543e-15,Or*,0.036904587032478224,stellar
2CXO J060732.2-061215,91.88440458561844,-6.204240712776815,213.51199055243524,-12.575431282386855,0.23860087445347,0.12242348532167,0.11992504684572,1.8305720657232999e-13,X,0.25744666931211607,stellar
2CXO J172443.5-341237,261.1815676606848,-34.210595691482446,353.1585647832151,0.8880647144131373,0.99937539038101,-0.41099312929419,0.99937539038101,2.9307975407777e-15,IR,0.003169944511420677,stellar
2CXO J191051.5-595901,287.7149174161341,-59.98381663462592,336.49349812093624,-25.62713281903152,0.016239850093691,0.013741411617739,0.0024984384759525,5.2576926403572e-14,CV?,0.19515527707843158,stellar
2CXO J163349.3+563636,248.45539257434177,56.61039474060491,85.87447845695351,41.106798976796,-0.18363522798251,0.072454715802623,-0.25234228607121,3.1982470782528e-13,X,0.9988863390928725,AGN
2CXO J172441.4-341218,261.1725333250861,-34.20531743113802,353.1587314017748,0.8972109905623118,0.99937539038101,-0.092442223610244,0.99937539038101,2.2018065970836e-15,IR,0.0,stellar
2CXO J053521.4-051710,83.83940499391855,-5.286301422041395,208.92296107660283,-19.318788304115607,0.99937539038101,0.72454715802623,0.99937539038101,,NIR,0.0009590960029884197,stellar
2CXO J053508.3-052829,83.78497877875952,-5.474859181069662,209.07524125639583,-19.452413887037658,0.89943785134291,0.81823860087445,0.26233603997502,9.1172629057053e-15,Or*,0.040790139155386616,stellar
2CXO J134442.0+555312,206.1753436199369,55.88690450770855,108.10610318868564,59.68177879048819,0.2735790131168,0.43098063710181,-0.18113678950656,2.07213931365e-13,C?G,0.9077962145535378,AGN
2CXO J033852.4-353549,54.71872381410179,-35.59699457656908,236.95952959255817,-53.552744244988,0.63960024984385,0.53216739537789,-0.31855090568395,1.910541388883e-15,Gl?,0.8060046909079961,AGN
2CXO J064059.5+093510,100.24810227944124,9.586341214119985,203.21344764219015,2.0604489567111264,-0.13741411617739,-0.10743285446596,-0.02998126171143,8.1761847097464e-14,Or*,0.006783605418548107,stellar
2CXO J053501.2-052016,83.75541658416864,-5.338047844636422,208.93173583370043,-19.41678194091145,-0.82448469706433,-0.4422236102436,-0.59837601499063,1.4075112980778e-14,Or*,0.00234543509586099,stellar
2CXO J053524.6-052242,83.85275254870942,-5.378503952313076,209.0164679123473,-19.348667253407825,0.32729544034978,-0.0012492192379763,0.32729544034978,1.1149017918324e-14,Or*,0.030693692235299195,stellar
2CXO J123050.0+122330,187.70862353255188,12.391708233511148,283.7864877562571,74.49249892108134,-0.40724547158026,0.036227357901312,-0.43847595252967,7.7195413839794e-15,GlC,0.5738352310450707,AGN
2CXO J050749.5+302404,76.95648249525055,30.40129920147878,174.20428950324148,-6.002986770281547,0.45346658338538,0.71205496564647,-0.44097439100562,8.4798565473362e-14,Or*,0.1750873895558223,stellar
2CXO J104352.1-593348,160.96733785706635,-59.56348704942357,287.40724826460445,-0.5930759545750331,-0.33104309806371,0.1474078700812,-0.45346658338538,3.9621511752907005e-15,Y*?,0.036795806369055224,stellar
2CXO J141312.1-652007,213.30064286279423,-65.33531187462883,311.3308593869769,-3.805548441797931,0.9419113054341,0.59837601499063,0.78575890068707,1.3695700461641e-13,X,0.021852056744560637,stellar
2CXO J180416.3-242438,271.0683440452773,-24.410835967341534,6.009889960668823,-1.3088003900791036,0.0087445346658337,0.037476577139288,-0.02998126171143,9.7127969936165e-14,Or*,0.042469829226455834,stellar
2CXO J060729.8-614827,91.8742934124989,-61.8075564085514,270.9719639759569,-28.816731657262316,0.99937539038101,0.99437851342911,-0.037476577139288,7.229625706901899e-13,GrG,0.6658798329218553,AGN
2CXO J160103.1-513353,240.2631317642412,-51.56493284411834,330.1689872668548,0.9896263199707542,0.91817613991255,0.36727045596502,0.82948157401624,1.3265041537506e-13,X,0.006659017278617712,stellar
2CXO J004234.9+405720,10.645572616401637,40.95580843505903,121.13025131318544,-21.88495807775328,-0.023735165521549,0.14615865084322,-0.16989381636477,2.1258028682881998e-13,XB?,0.661227155986559,AGN
2CXO J174542.5-290049,266.4272123207604,-29.013654230501107,359.9439954824364,-0.0569570093376401,0.8632104934416,0.99937539038101,-0.99937539038101,2.3404856705242e-15,X,0.0,stellar
2CXO J004248.7+411624,10.702928896322987,41.273441331013466,121.18922777194965,-21.569115792932763,-0.18613366645846,0.056214865708932,-0.24109931292942,3.5964818679186e-14,X,0.45407460739391037,stellar
2CXO J053520.3-052617,83.83482880378443,-5.438186982294019,209.0643399805093,-19.391572229377537,-0.81199250468457,-0.55965021861337,-0.45846346033729,3.2675192056504e-15,Or*,0.012318843866497804,stellar
2CXO J172442.5-341112,261.1771934373062,-34.18701098449991,353.17604131675193,0.904311960399096,0.37851342910681,0.18863210493442,0.19362898188632,4.9587810539473e-15,IR,0.011165074252832698,stellar
2CXO J182029.8-161040,275.12436200549587,-16.17806688878896,15.057258990389302,-0.6878334194078175,0.9156777014366,0.49094316052467,0.7682698313554,6.5442073589945e-14,X,0.0013863390928725702,stellar
2CXO J043019.1+351745,67.57979916949421,35.29597662381003,165.3509049607862,-8.97894180554549,0.042473454091193,0.0037476577139288,0.039975015615241,3.8085860674055997e-13,Or*,0.26480173400186335,stellar
2CXO J124824.4-054558,192.10195138807887,-5.766136417803616,301.544353666889,57.09744728955518,0.69831355402873,0.35602748282324,0.45596502186134,1.3935808366439998e-13,X,0.8521303425201517,AGN
2CXO J110158.4-605649,165.49370678284595,-60.94728894418176,290.032150857265,-0.8471244180291932,0.99188007495315,0.9106808244847,0.82198625858838,1.5366870833581e-13,X,0.002119491577167259,stellar
2CXO J041937.9+022436,64.90812908780276,2.410007756063791,190.97593724070828,-31.848656506005263,-0.85071830106184,-0.52592129918801,-0.58713304184884,6.8478234236429e-14,ClG,0.2155403180310109,stellar
2CXO J174535.7-290109,266.39894302494747,-29.019296394188093,359.92630058102844,-0.038795246463797,0.99937539038101,0.9843847595253,0.044971892567145,3.7152686506276e-15,smm,0.0013863390928725702,stellar
2CXO J053512.7-052038,83.80327453788607,-5.344161489650871,208.960380349418,-19.37705907203373,-0.90318550905684,-0.60337289194254,-0.65708931917552,9.9382590015775e-15,HH,0.06212169624214479,stellar
2CXO J132601.5-473305,201.50663028618132,-47.55164255476183,308.9598004094325,14.914871111308567,0.34353529044347,0.2211118051218,0.13116801998751,9.180692122022999e-14,C*,0.06797762120457734,stellar
2CXO J225617.4+624011,344.0728226571591,62.66993373722197,110.14468455696154,2.6923959168335045,-0.3422860712055,-0.20487195502811,-0.1474078700812,4.0684225094427e-14,Or*,0.006473526408479886,stellar
2CXO J111204.4-610543,168.01871046521228,-61.0952502464796,291.21571934242786,-0.504210747377764,-0.88569643972517,-0.60087445346658,-0.60961898813242,1.6295849269742e-13,SB*,0.02888502105830137,stellar
2CXO J135602.8+182218,209.0119676562325,18.371710719538807,5.823336476313807,72.74657807450389,-0.071205496564647,0.38226108682074,-0.43972517176765,2.8215313817775996e-13,Rad,0.8708025301695931,AGN
2CXO J174541.6-285952,266.4233971909356,-28.99798934122609,359.95562950331094,-0.0459492247385005,0.99937539038101,0.98688319800125,0.99937539038101,2.1962658306593e-14,X,0.0,stellar
2CXO J024239.5-000028,40.66475338810977,-0.0078155897546018,172.0918876582388,-51.93301910707913,-0.35852592129919,-0.18613366645846,-0.18363522798251,1.6507212282757e-14,X,0.7234768937157687,AGN
2CXO J053510.4-052149,83.79358284258655,-5.363753349318411,208.97427231419,-19.394529844706472,0.99937539038101,0.85446595877577,0.99937539038101,2.4853275031315e-14,LM*,0.0013863390928725702,stellar
2CXO J101618.7-333349,154.0779527422552,-33.5638259561692,269.42187099999313,19.026758031595463,-0.064959400374766,0.52841973766396,-0.57339163023111,3.5683214645776996e-13,SN*,0.3781936983037058,stellar
2CXO J033852.1-353553,54.717394666711016,-35.59807681159944,236.96139686753057,-53.55379720909335,0.59212991880075,0.28232354778264,0.018738288569644,2.4778325704545e-15,Gl?,0.816571533951047,AGN
2CXO J025942.8-163542,44.92868328969399,-16.595178111427174,200.0763898767554,-58.539560275035136,-0.14241099312929,0.053716427232979,-0.19362898188632,7.0488644760709e-13,gLS,0.9937728942017127,AGN
2CXO J054611.5-000220,86.54826328491038,-0.0389936765635453,205.3670384348772,-14.493341103208706,0.71330418488445,0.15740162398501,0.62710805746408,1.7018654255659e-13,Y*?,0.028044712617146236,stellar
2CXO J172443.4-341240,261.18124314851525,-34.21112947058279,353.15797238274087,0.8879867088485408,0.60961898813242,0.6683322923173,-0.26608369768894,8.7373182447229e-15,IR,0.014088225948876078,stellar
2CXO J053521.8-052353,83.84086655782767,-5.398297945583475,209.0295060481693,-19.36817413389096,-0.091193004372267,-0.16614615865084,0.076202373516552,1.041176465454e-14,Or*,0.005,stellar
2CXO J034623.7+235539,56.59905553000442,23.92774187808303,166.59800154999022,-23.75370523360531,-0.042473454091193,0.014990630855715,-0.057464084946908,1.8324148151988e-13,X,0.47126202025724007,stellar
2CXO J190150.6-365809,285.4611941282519,-36.96945123230708,359.91281496365343,-17.848482038727404,0.99937539038101,0.98313554028732,-0.62460961898813,1.0340721944777999e-13,Or*,0.07247117296709069,stellar
2CXO J041840.6+281915,64.66930173804985,28.32096562968237,168.83564396502138,-15.549402741939703,0.39600249843848,0.041224234853217,0.36102435977514,8.322671110176099e-13,Ae*,0.27472849337676897,stellar
2CXO J174513.1-285623,266.3049551580684,-28.93980961007953,359.95125660698284,0.0728087624520257,0.99937539038101,0.99937539038101,-0.99937539038101,4.872904500764e-14,X,0.00360005751845607,stellar
2CXO J141309.5-652021,213.28987281200452,-65.33942088234446,311.3252968643256,-3.808053500071276,0.76452217364147,0.39350405996252,0.53091817613991,9.4849850811526e-14,X,0.04150619523628528,stellar
2CXO J053508.2-052403,83.78432723944547,-5.400923035774721,209.004997746,-19.419563359949816,-0.43347907557776,-0.27857589006871,-0.17489069331668,6.5788063161735e-15,Or*,0.004581897425501723,stellar
2CXO J053512.8-052043,83.8033933730332,-5.345426484367968,208.9616328793448,-19.377526063488087,-0.39850093691443,-0.20112429731418,-0.21361648969394,1.6590474490161e-14,IR,0.0,stellar
2CXO J064011.1+093806,100.04672216204796,9.635110169258382,203.0792691435213,1.906112678713263,-0.69206745783885,-0.16114928169894,-0.59212991880075,2.1294373293305e-14,Or*,0.018621150184944854,stellar
2CXO J124842.9-411541,192.1791570999244,-41.26149658336728,302.38187473717915,21.607344633185424,-0.24484697064335,0.038725796377264,-0.27982510930668,4.469711940439e-14,X,0.5363198294267039,AGN
2CXO J005027.8-174009,12.615974803201766,-17.669275867946343,121.5203905055471,-80.53835386003233,-0.32354778263585,0.037476577139288,-0.35602748282324,2.2691949915716e-13,LeI,0.9392415739342123,AGN
2CXO J174804.5-244642,267.0190649104701,-24.778387116826806,3.8395155406015977,1.6880474662594325,0.99937539038101,0.93191755153029,0.99937539038101,1.1744191620927e-14,X,0.0,stellar
2CXO J053437.9-054109,83.65805680498954,-5.685833713391289,209.2144881749676,-19.66038018288794,-0.81823860087445,-0.42223610243598,-0.60462211118051,1.0497725506909999e-13,Or*,0.010289436088587935,stellar
2CXO J132958.6-313240,202.4943211940216,-31.54464890176875,312.4718352640128,30.61218357858636,-0.76202373516552,-0.35602748282324,-0.55715178013741,6.299521520718599e-13,SB*,0.05662269249947861,stellar
2CXO J041437.7+053444,63.65718692831626,5.578951623667263,187.1000088365174,-31.03302279197444,0.068707058088695,0.037476577139288,0.031230480949407,1.0151686193057999e-13,LeI,0.4344400042174233,stellar
2CXO J034438.4+320735,56.16024921582675,32.126574037719344,160.52737799281854,-17.820359570641497,-0.39100562148657,-0.21236727045597,-0.19362898188632,6.8501727643649e-14,Or*,0.013015379607281668,stellar
2CXO J174550.2-284911,266.45938034851474,-28.81992562913691,0.1240460472065279,0.0198896670319191,0.94440974391006,0.93941286695815,0.024984384759525,1.8360138697871e-13,X,0.008421786448343077,stellar
2CXO J174541.2-290210,266.4217432935184,-29.03629789688192,359.9221753017653,-0.0646696586709303,0.99937539038101,0.98813241723923,0.99937539038101,3.5185495521739e-14,X,0.0,stellar
2CXO J043159.3-612747,67.99736274127696,-61.46305597932344,272.1235532628196,-40.06187825365996,-0.25858838226109,0.032479700187383,-0.28981886321049,6.57847485024e-13,X,0.9958045310988493,AGN
2CXO J053515.1-052217,83.81314578715427,-5.371490921856614,208.9909297528868,-19.38066133707435,0.99937539038101,0.99937539038101,0.841973766396,1.1676229424853e-14,BD*,0.003811740064450367,stellar
2CXO J004245.0+411523,10.687855874718764,41.25642193519223,121.1763905762552,-21.585714609355428,-0.31105559025609,-0.072454715802623,-0.24359775140537,1.0620789671456e-14,s?r,0.30557257148870964,stellar
2CXO J203348.6-593641,308.4526966120791,-59.611614037947824,337.26089190990405,-36.00243372636769,0.97314178638351,0.79700187382886,0.78575890068707,5.0014139582635e-13,X,0.8258330881544991,AGN
2CXO J174540.1-290125,266.4172547565788,-29.02386060738508,359.93074738334616,-0.0548407060880582,0.99937539038101,0.99937539038101,-0.99937539038101,0.0,X,0.0013863390928725702,stellar
2CXO J053513.4-052107,83.80596740595763,-5.352025445546371,208.96910025770248,-19.37822705256824,0.52592129918801,0.021236727045596,0.50843222985634,5.0398985751311e-15,Or*,0.006520261075531296,stellar
2CXO J174525.5-290028,266.3565897352711,-29.00803043264148,359.91660993824524,-0.0013141050098414,0.99562773266708,0.99562773266708,-0.17239225484072,3.372354749562e-14,X,0.004253921779664783,stellar
2CXO J042649.2+255611,66.70544798892615,25.936347835627853,171.933030984474,-15.827231884735038,-0.024984384759525,0.12742036227358,-0.15115552779513,1.6525947493515e-13,X,0.7910636969488746,AGN
2CXO J052222.2+333237,80.59273574001122,33.543815040919306,173.43321635094273,-1.6679281029531767,0.76202373516552,0.43972517176765,0.48469706433479,5.3037105381322e-14,Y*?,0.014627946815868162,stellar
2CXO J130521.1-492740,196.33817288309024,-49.46138480994336,305.2549194994037,13.34759062153912,0.35103060587133,0.27607745159275,0.08369768894441,7.4700196635306e-14,X,0.13210755963006082,stellar
2CXO J193121.4-723921,292.83933391596383,-72.65597045631391,322.50020982960103,-28.76579183358593,0.40724547158026,0.30980637101811,0.11118051217989,1.9069919977193e-13,Rad,0.47891522054521024,stellar
2CXO J151339.8-590248,228.41598646026125,-59.04680660048427,320.338015584306,-1.0682582962566616,-0.92816989381636,-0.89319175515303,-0.19862585883823,9.2973628962572e-14,X,0.006746204594225027,stellar
2CXO J141310.0-652029,213.2918916701052,-65.34158929547341,311.3254224076722,-3.810376391081746,0.95190505933791,0.62460961898813,0.80699562773267,1.052838229429e-13,X,0.024860396819033383,stellar
2CXO J052552.5-694455,81.4689949432053,-69.74886703223258,280.41434041636626,-32.693985859642034,-0.35227982510931,0.091193004372267,-0.42973141786384,9.2529204639344e-14,X,0.7481727481718988,AGN
2CXO J053515.9-052220,83.8164177333096,-5.37251518814333,208.99346038907757,-19.378219630313826,0.011242973141786,-0.013741411617739,0.024984384759525,9.760794461721501e-15,Rad,0.02505565662273487,stellar
2CXO J173418.4-255759,263.5770832478605,-25.96646768948848,1.1861391791682927,3.7025574606044622,0.74578388507183,0.51342910680824,0.35727670206121,5.2584354685132e-14,X,0.05389948605808815,stellar
2CXO J141155.2+341510,212.98026149486805,34.25279859404204,60.27507610896611,71.33089427793928,-0.032479700187383,0.14865708931918,-0.18113678950656,1.7997894152000998e-13,C?G,0.929980741462622,AGN
2CXO J174534.7-290240,266.3946947130264,-29.044754694015467,359.90263625619315,-0.0488909208027933,0.99937539038101,0.99937539038101,-0.38975640224859,7.019593661055801e-16,X,0.0004983501552795031,stellar
2CXO J092455.8+021925,141.23252985282647,2.3236993913847237,230.4160500420452,34.78646740692239,-0.35977514053716,-0.031230480949407,-0.33104309806371,9.8191072297908e-14,LeI,0.9356551372310381,AGN
2CXO J172442.0-341118,261.175038366404,-34.188498416573694,353.17380883939467,0.9049504551259856,0.99937539038101,0.32979387882573,0.99937539038101,1.0744323232149999e-14,IR,0.0,stellar
2CXO J182933.0+011716,277.38772734816325,1.2878426253931905,31.581138120182167,5.456596130235246,-0.062460961898813,-0.14116177389132,0.079950031230481,1.3826207888505998e-13,Or*,0.014760598972044587,stellar
2CXO J053530.7-052146,83.87812685473995,-5.36295782562978,209.0138863811569,-19.319104390497703,0.32979387882573,-0.0012492192379763,0.32979387882573,1.4135542086436999e-14,LM*,0.030693692235299195,stellar
2CXO J221641.5-173253,334.1732650918284,-17.54817155338694,39.728664797303,-53.11684327722294,-0.32229856339788,0.032479700187383,-0.35103060587133,1.5781425650558e-13,UV,0.9870066131203943,AGN
2CXO J053518.3-052404,83.8263933128427,-5.401354526631079,209.02548779645247,-19.38240765681693,-0.79200499687695,-0.37226733291693,-0.59337913803873,1.5350642245776e-14,Or*,0.00469087019172198,stellar
2CXO J164505.0+573741,251.27107650462665,57.62810741215961,86.75973224813491,39.39940145585908,0.043722673329169,0.17114303560275,-0.13116801998751,3.5562683423763e-14,X,0.2865821803993585,stellar
2CXO J201225.5-564951,303.1066558246504,-56.830794566913866,340.862904714922,-33.38042368534863,-0.018738288569644,0.18988132417239,-0.20737039350406,8.158730255132e-14,G?,0.5991820480855281,AGN
2CXO J063415.2+175100,98.56347938889576,17.8501188261836,195.10081153283485,4.376664317733044,0.14615865084322,0.11492816989382,0.031230480949407,8.0671235986174e-14,X,0.2363483876241585,stellar
2CXO J043814.8-121713,69.56187658482526,-12.287190801337712,209.0654967477033,-35.0603764969109,-0.26608369768894,0.064959400374766,-0.32479700187383,5.850391708691e-14,LeQ,0.8910863630652587,AGN
2CXO J100517.2-074352,151.32193299605552,-7.731238891499401,247.80555698428336,36.78240349294385,-0.0024984384759525,,,1.1940282709866e-14,Gl?,0.14941963197924932,stellar
2CXO J130540.7-492603,196.41985791338857,-49.434242647358985,305.3109837664064,13.371707741070802,0.87820112429731,0.48094940662086,0.68707058088695,7.6987351670125e-14,X,0.043158023178479867,stellar
2CXO J004718.4-251914,11.827173089444443,-25.32072604985023,95.5748101811564,-87.96909101143572,0.072454715802623,0.27232979387883,-0.20487195502811,1.1208398170449e-13,X,0.7935625705551721,AGN
2CXO J223125.0+391914,337.8542621135591,39.32056324050334,95.44263906760716,-15.96304282326323,-0.34853216739538,-0.13616489693941,-0.22236102435978,7.1863275624166e-14,X,0.09633287734671882,stellar
2CXO J123049.9+122400,187.70817565336085,12.40011256703578,283.77552698250776,74.50038818441679,-0.0099937539038102,0.19362898188632,-0.20362273579013,1.3263647191089999e-14,X,0.5366247649661489,AGN
2CXO J112830.9+583340,172.1290639197175,58.5613449116652,141.90869076882706,55.40595521703092,0.34103685196752,0.26108682073704,0.087445346658338,1.7637242944791e-13,Rad,0.852869032154162,AGN
2CXO J053513.6-052846,83.80697157890444,-5.479591766192812,209.0902105161628,-19.43502350879222,-0.420986883198,-0.34353529044347,-0.084946908182386,4.8249715065435e-15,Or*,0.0025,stellar
2CXO J132506.3-430221,201.2762274985984,-43.03918621615822,309.4447610361532,19.406408162162972,-0.33479075577764,-0.06371018113679,-0.27732667083073,8.6690347493142e-14,X,0.09647469430759424,stellar
2CXO J125906.6-015058,194.7775633384501,-1.849506258754433,306.88407131550355,60.96335277132596,-0.14241099312929,0.026233603997502,-0.16739537788882,1.5963475563752e-13,Rad,0.964922621642111,AGN
2CXO J133736.7-294819,204.40299131073016,-29.80528074801636,314.7476546959562,32.00485241840435,-0.12242348532167,0.14241099312929,-0.26108682073704,4.0837186006774e-14,X,0.526112510629529,AGN
2CXO J174540.5-285549,266.41876578482834,-28.930524469112004,0.0111073639509457,-0.0073469398959509,0.99562773266708,0.98313554028732,0.55215490318551,2.7429707431686998e-14,X,0.0009590960029884197,stellar
2CXO J004717.6-251826,11.82356629956962,-25.30759195396109,95.65988989343248,-87.9559006685259,-0.27482823235478,-0.084946908182386,-0.1948782011243,6.0502271349709e-14,X,0.8943608153952854,AGN
2CXO J174543.6-290044,266.4320364012792,-29.012317073485733,359.9473342633514,-0.059861836427,0.96064959400375,0.99937539038101,-0.94440974391006,4.415043933717e-15,X,0.005330271504546917,stellar
2CXO J053452.3-053008,83.7180032447385,-5.502203675183448,209.0691568661181,-19.52424359787946,-0.87695190505934,-0.56089943785134,-0.60961898813242,9.8452482494858e-15,Or*,0.04273036798867007,stellar
2CXO J174541.7-285945,266.4238584719409,-28.99605825753976,359.9574880759323,-0.0452877326259018,0.94815740162398,0.99937539038101,-0.99937539038101,4.325187791448e-15,X,0.0034682365183742936,stellar
2CXO J053521.2-052259,83.8385287480055,-5.383184753008497,209.01410294943375,-19.36341407048916,0.21361648969394,0.021236727045596,0.19362898188632,1.211476334292e-14,Or*,0.0007331524842946886,stellar
2CXO J232014.4+081222,350.060427868666,8.206318053235853,87.70194989973764,-48.32821157482472,-0.90818238600874,-0.56089943785134,-0.70705808869457,1.4167325567471e-13,ClG,0.05884651585079789,stellar
2CXO J174540.0-290125,266.4169836161509,-29.023850130353765,359.93063281638,-0.0546328699420989,0.94940662086196,0.96814490943161,-0.28856964397252,4.3460314392949e-15,X,0.008313671614235284,stellar
2CXO J122946.1+075922,187.4422817470355,7.989621642025692,286.92247921419124,70.18493724930437,-0.23860087445347,-0.031230480949407,-0.20861961274204,,GlC,0.9829046227261914,AGN
2CXO J121104.5+502850,182.76885292760824,50.48060337729781,138.47417385761344,65.41216170833958,0.48594628357277,0.20612117426608,0.30980637101811,2.1894718162403998e-13,ULX,0.49580275162266846,stellar
2CXO J174541.3-285945,266.42228818988565,-28.99610340551066,359.9567341071763,-0.0441388464791849,0.94066208619613,0.99937539038101,-0.99937539038101,1.2112740931067e-15,smm,0.002081897425501723,stellar
2CXO J174543.1-290048,266.4298249746396,-29.01359040295741,359.945240016575,-0.0588741472791847,0.99937539038101,0.99937539038101,-0.99937539038101,4.6468088439871e-16,X,0.0,stellar
2CXO J132204.4-450323,200.51850743673825,-45.05644361612779,308.59656363550783,17.47807702961863,-0.89818863210493,-0.57963772642099,-0.66458463460337,6.969784657809499e-13,Or*,0.03613730646251858,stellar
2CXO J053518.4-052406,83.82694885288538,-5.401977536004889,209.0263419965098,-19.382196149343432,-0.56589631480325,-0.34103685196752,-0.27857589006871,1.0320498603652e-14,Or*,0.011189143237643785,stellar
2CXO J172441.7-341118,261.1741605631046,-34.18858199689108,353.1733315422511,0.9055040521456666,0.48594628357277,0.35602748282324,0.072454715802623,5.7865842054926005e-15,IR,0.005912645932957203,stellar
2CXO J013418.2-292506,23.5758848194572,-29.41854343386345,229.07732957498865,-80.29232108883092,0.27857589006871,0.73329169269207,-0.57339163023111,7.0031762951849e-13,PoG,0.7688020963843836,AGN
2CXO J171238.8-373647,258.16162968219817,-37.61297698360352,348.96856133694826,0.9326055986310768,0.97564022485946,0.75952529668957,0.83572767020612,3.7395857870689e-13,Rad,0.05290419655115409,stellar
2CXO J174503.8-290051,266.2660928868013,-29.01447825826618,359.86982045001014,0.0628398401417587,0.99937539038101,0.95440349781387,0.71830106183635,,X,0.0054240226760166686,stellar
2CXO J174541.5-285945,266.42305682502183,-28.995989628456908,359.95718142587566,-0.0446534570299978,0.95440349781387,0.99937539038101,-0.99937539038101,1.8559686067775e-15,X,0.0013863390928725702,stellar
2CXO J053536.2-052020,83.90089626620716,-5.338951461488016,209.00207072635132,-19.28802562767941,0.38975640224859,0.12367270455965,0.27982510930668,1.226589315362e-14,Or*,0.07766434390804376,stellar
2CXO J082301.7-423654,125.75728436958394,-42.61503211704596,260.17293323987514,-3.0894635864926774,-0.74578388507183,-0.34478450968145,-0.53966271080575,2.2664411181467999e-13,Y*?,0.02442589359318116,stellar
2CXO J181113.6-193341,272.8068778273854,-19.561433420863853,11.031790615384594,-0.3602910895121837,-0.80199875078076,-0.33603997501562,-0.63585259212992,1.0216241484919999e-13,X,0.0027726781857451404,stellar
2CXO J053528.6-045503,83.86920959769111,-4.917688608314278,208.58933832272567,-19.125094974431835,-0.7945034353529,-0.37226733291693,-0.59962523422861,2.2941432662361e-13,Or*,0.0027726781857451404,stellar
2CXO J013145.7+003042,22.94062999704613,0.5116478595000914,143.8946041505522,-60.70835037368849,-0.82948157401624,-0.46470955652717,-0.59212991880075,2.7279587461024e-13,Pe*,0.028570712406337538,stellar
2CXO J044552.8-591456,71.47017176421718,-59.248856859169656,268.7798600021192,-38.9681956843781,0.17738913179263,0.18988132417239,-0.012492192379763,2.6792660194878997e-13,HII,0.6335742050023557,AGN
2CXO J053505.8-052701,83.77437953344338,-5.450496584770409,209.0471361612667,-19.45081324903352,-0.71330418488445,-0.37226733291693,-0.46346033728919,1.3532248555567e-14,Or*,0.00469087019172198,stellar
2CXO J053344.9-053106,83.43720308588718,-5.518335349868121,208.9502916351872,-19.78085830252634,-0.36727045596502,-0.13741411617739,-0.24109931292942,1.7747862339644998e-13,Or*,0.17019604164961646,stellar
2CXO J053408.9-052405,83.53737520050231,-5.401589725347306,208.8876038606017,-19.63911778735062,-0.38850718301062,-0.054965646470956,-0.33978763272954,3.3457242010829e-13,Or*,0.2671303115384639,stellar
2CXO J053503.5-052925,83.76486512638303,-5.490584645053907,209.0805228696564,-19.477381028348702,-0.61461586508432,-0.40474703310431,-0.27732667083073,9.826204788267e-15,Or*,0.0037633117404477167,stellar
2CXO J123050.1+122301,187.708791666014,12.383650305909676,283.79607612102524,74.48485810831355,0.44472204871955,0.23610243597751,0.22485946283573,1.1275572373493e-14,GlC,0.508927144083557,AGN
2CXO J203308.7+411318,308.286539993999,41.22184388638971,80.13815459599826,0.7483365838601853,-0.18113678950656,-0.49094316052467,0.33978763272954,1.1380031232464e-13,SB*,0.002877288008965259,stellar
2CXO J023308.9+612522,38.28703222095265,61.422782553953496,134.78553848852448,0.91410005156874,0.32354778263585,0.20737039350406,0.12492192379763,2.0872417823065e-13,Or*,0.041653903159236554,stellar
2CXO J122602.3+125951,186.5095463931925,12.99751618583952,278.8756059069443,74.6703971365931,-0.23610243597751,0.0049968769519051,-0.24109931292942,1.1577362067427998e-13,ULX,0.9777986127609681,AGN
2CXO J042941.5+263257,67.4231244426926,26.549425200407207,171.8995309388961,-14.938880966589084,-0.37226733291693,-0.094940662086196,-0.28732042473454,5.3850471785887e-13,LM*,0.15113066787239662,stellar
2CXO J174541.0-285940,266.4209204511849,-28.99471449662951,359.95729653032174,-0.0423941710463433,0.76951905059338,0.99937539038101,-0.99937539038101,1.1801265654359e-15,smm,0.0,stellar
2CXO J004249.1+411742,10.704714416252957,41.29500147557484,121.19150389838732,-21.547617914041705,-0.65833853841349,-0.42223610243598,-0.32604622111181,8.5724222073878e-15,XB?,0.081799279431891,stellar
2CXO J174533.1-290046,266.3882738196327,-29.013015418139208,359.9267993340732,-0.0275590762631946,0.99937539038101,0.93941286695815,0.41224234853217,2.8625031855176e-15,X,0.0013863390928725702,stellar
2CXO J113622.4-605314,174.09343899984663,-60.88744244137651,293.926473529445,0.6650664184673502,-0.86570893191755,-0.4684572142411,-0.66708307307933,2.9150033173245997e-13,Y*?,0.00879006809078885,stellar
2CXO J053518.4-051637,83.82692902329052,-5.277097299409022,208.908303439701,-19.325696436431414,-0.75202998126171,-0.31730168644597,-0.56964397251718,3.7260673965783e-13,Or*,0.012817617317665756,stellar
2CXO J172441.5-341224,261.1730005307876,-34.20677736337111,353.1577409535548,0.8960708365529891,0.99937539038101,-0.30730793254216,0.99937539038101,1.4118211123005e-15,IR,0.0,stellar
2CXO J041921.5+021000,64.8397953290123,2.1667867279671897,191.16760233117017,-32.04196308220156,-0.13116801998751,0.091193004372267,-0.21986258588382,4.2168350123961e-13,Rad,0.9525282059545197,AGN
2CXO J054006.3-690151,85.0264220808258,-69.03111995797411,279.36747980818086,-31.55539403259881,0.14116177389132,0.30356027482823,-0.17114303560275,2.3778170294828e-14,X,0.21559857766656626,stellar
2CXO J203451.0+601043,308.7129924154672,60.178778728252816,95.73825005878052,11.689238171055166,-0.17613991255465,-0.077451592754529,-0.10118675827608,2.1429263752809998e-13,ULX,0.1550540767303406,stellar
2CXO J053509.8-045849,83.7911613054116,-4.980431567507042,208.61109708940592,-19.222872810061947,0.77201748906933,0.45096814490943,0.47970018738289,1.3141870487879e-13,X,0.018442622697165817,stellar
2CXO J000917.2-321938,2.3216106000537025,-32.32734131115892,0.7859383972961551,-79.48338566535938,0.92816989381636,0.59587757651468,0.7420362273579,4.720977846896899e-13,X,0.7979325457773715,AGN
2CXO J141430.1-651622,213.62542729257075,-65.2728748780219,311.4796213377002,-3.788858431994836,0.31480324797002,0.32229856339788,-0.0087445346658339,1.0113183948000001e-13,X,0.09998925133383547,stellar
2CXO J064031.8+093600,100.13258078228888,9.600169432202836,203.1490749035871,1.9654381068158373,-0.70206121174266,-0.22485946283573,-0.56464709556527,3.8151562733023e-14,Or*,0.004192248487283109,stellar
2CXO J132532.4-430134,201.38516539126115,-43.02613827061473,309.5302912703575,19.408260522379297,0.78700811992505,0.51467832604622,0.45846346033729,7.6677035290816e-14,X,0.021215300882910963,stellar
2CXO J093209.6+213106,143.0403200210402,21.518525973261973,208.68711523766464,44.54379553824541,-0.21736414740787,-0.16114928169894,-0.058713304184885,8.313538510627999e-14,X,0.3663303556128988,stellar
2CXO J174543.1-290053,266.42997653128475,-29.01494093487579,359.9441561676444,-0.0596907102232731,0.99937539038101,0.93191755153029,0.13616489693941,1.0988137529528e-15,X,0.0027726781857451404,stellar
2CXO J174615.5-321400,266.5649903406588,-32.23357571315957,357.25508233291146,-1.8329739136177117,0.93191755153029,0.61211742660837,0.73953778888195,1.687755208945e-14,Rad,0.01926391169885802,stellar
2CXO J172445.0-341234,261.18775148038515,-34.2095459952747,353.162307338918,0.8844245872549887,0.18238600874453,-0.082448469706433,0.26733291692692,3.8419783736063e-15,NIR,0.0019719662058371736,stellar
2CXO J132527.4-430128,201.36452576645115,-43.02448835853948,309.5146947311946,19.412002527983784,0.64709556527171,0.29231730168645,0.43722673329169,5.1448263422936e-14,GlC,0.011659017278617711,stellar
2CXO J053456.2-052229,83.73445389864946,-5.374777316689599,208.9564509731239,-19.452016088407717,0.97813866333542,0.79075577763898,0.82448469706433,2.6617469109520998e-14,X,0.012571663211574914,stellar
2CXO J174539.3-285951,266.41392695210163,-28.997721855671145,359.95154294372884,-0.0387394977283265,0.99937539038101,0.96439725171768,-0.051217988757027,1.0291472716209e-15,out,0.0,stellar
2CXO J174539.8-285901,266.416128235463,-28.983812132637624,359.9644191293782,-0.0331366688978409,0.99937539038101,0.97189256714553,0.99937539038101,1.4523185157328e-14,X,0.0009590960029884197,stellar
2CXO J174541.2-285942,266.4217437524088,-28.99502881584404,359.95740333823187,-0.0431725981678417,0.99937539038101,0.99937539038101,-0.77076826983136,6.265221987369401e-16,smm,0.0019719662058371736,stellar
2CXO J013449.0+303328,23.704348999044555,30.557951660902543,133.87297086036293,-31.3905217605732,-0.0062460961898814,0.15115552779513,-0.15615240474703,7.1784401088199e-14,X,0.46234674359687944,stellar
2CXO J064102.5+093513,100.26077388074192,9.586949823500344,203.21861522530116,2.0718426940950487,-0.72829481574016,-0.35852592129919,-0.49594003747658,1.4075440901607e-14,smm,0.0,stellar
2CXO J104354.3-593257,160.9765803236687,-59.5492937510712,287.4047081340333,-0.5783474367105325,-0.95565271705184,-0.8157401623985,-0.63460337289194,7.3272912257866e-14,SB*,0.0,stellar
2CXO J053519.7-052029,83.83224281154975,-5.341526983725805,208.971725940664,-19.35014710334988,0.40349781386633,-0.15490318550906,0.52966895690194,2.5868297957924e-15,Y*?,0.0060930179856471455,stellar
2CXO J123551.6+621757,188.96547856218228,62.29919769562331,126.0662227604651,54.73416322242189,0.11118051217989,0.2423485321674,-0.13491567770144,8.7449703093468e-15,X,0.9310787032560502,AGN
2CXO J174539.4-285949,266.4143127569388,-28.997088594783715,359.9522592764978,-0.0386976244950941,0.99937539038101,0.79950031230481,0.99937539038101,4.0959943685249004e-16,out,0.0009590960029884197,stellar
2CXO J120153.5-185310,180.4729717294448,-18.886180305648843,286.9678095320565,42.44452463413169,-0.4422236102436,-0.081199250468457,-0.3735165521549,3.2489208824655e-14,MoC,0.6208043829624441,AGN
2CXO J085332.7+511849,133.38629080520752,51.313682321354776,167.32563151513548,39.67974856060355,-0.6371018113679,-0.097439100562149,-0.57464084946908,4.0659702496124e-14,X,0.5664568034782311,AGN
2CXO J053427.0-053229,83.61268407243347,-5.541451317415386,209.05604488238575,-19.63549639260943,-0.69581511555278,-0.33104309806371,-0.47470331043098,5.9488196648875e-14,Or*,0.01186965854462785,stellar
2CXO J064115.6+092633,100.31518142472066,9.442592909805368,203.37164527730235,2.053667022215128,-0.6683322923173,-0.35103060587133,-0.41224234853217,2.6355766413536e-14,Or*,0.0,stellar
2CXO J033830.8-352659,54.62847132990629,-35.44987581628074,236.71471633779984,-53.629720962362605,0.4159900062461,0.031230480949407,0.42598376014991,0.0,GlC,0.5875398170658171,AGN
2CXO J101005.9-124857,152.52457710688384,-12.816018718677189,253.29032609138108,34.08118283991234,-0.99937539038101,-0.99937539038101,-0.88569643972517,2.1041769627144998e-13,SB*,0.1221732708843249,stellar
2CXO J174539.4-290001,266.4142287705856,-29.000634304037494,359.94919446215425,-0.0404821041273289,0.99937539038101,0.89943785134291,0.99937539038101,3.1434237231581e-15,X,0.0013863390928725702,stellar
2CXO J053416.4-053645,83.5685534946258,-5.612572657011969,209.10236582441203,-19.70680459138062,-0.67832604622111,-0.29356652092442,-0.47970018738289,9.5238759900471e-14,Or*,0.010033515805685591,stellar
2CXO J172446.1-341127,261.1923270222084,-34.19101467916648,353.179764875958,0.8917073364350249,0.99937539038101,-0.56589631480325,0.99937539038101,7.2925054074728e-16,IR,0.0009590960029884197,stellar
2CXO J123050.5+122356,187.7104084684364,12.398963266676166,283.7845998398163,74.49994338449702,-0.2948157401624,0.25484072454716,-0.51342910680824,6.844439089808e-15,X,0.4316155496359336,stellar
2CXO J173916.3-534313,264.81827240905386,-53.720419463179184,338.0160730489771,-11.7995851090075,-0.82573391630231,-0.58088694565896,-0.46595877576515,7.8116970413922e-14,X,0.03198017840542242,stellar
2CXO J174517.3-290625,266.3221377003756,-29.1070909681417,359.81638120116986,-0.027278343846499,0.62460961898813,0.43847595252967,0.25359150530918,2.6901880248639e-14,X,0.007328961790038387,stellar
2CXO J165108.1+045933,252.78396862235536,4.992498831926983,23.048941506637437,28.9469387506647,-0.71705184259838,-0.41224234853217,-0.43222985633979,6.3522399173282e-14,ClG,0.1997640920254655,stellar
2CXO J010301.1-491424,15.754969735945735,-49.23998500237125,297.9296284357473,-67.77562282655286,0.094940662086196,0.2948157401624,-0.20612117426608,5.9949634714435e-14,Rad,0.7188435791752439,AGN
2CXO J085333.6+511929,133.390189649947,51.32490511659991,167.3108266471863,39.681185059171305,-0.38351030605871,-0.014990630855715,-0.36976889444097,2.4190996382644e-14,ULX,0.6005261047978514,AGN
2CXO J174539.0-290203,266.41267543038816,-29.034214472645854,359.9198235612422,-0.0568168417610815,0.83073079325422,0.99937539038101,-0.99937539038101,1.326576128884e-15,X,0.0,stellar
2CXO J235841.6+623437,359.6735446237592,62.57706141142735,116.90131473694936,0.324497436068632,-0.87445346658339,-0.5471580262336,-0.62835727670206,1.9305457404674998e-13,X,0.013392667616246927,stellar
2CXO J174539.7-285944,266.41591235275405,-28.995582598134007,359.954273634126,-0.0391073039903195,0.82698313554029,0.92067457838851,-0.43098063710181,1.0037275249559e-15,X,0.0025,stellar
2CXO J110318.7-605514,165.8280033542594,-60.920649152182094,290.1696855740779,-0.7567165912174151,-0.83447845096814,-0.50218613366646,-0.57214241099313,1.2732656590269998e-13,X,0.019713235727895077,stellar
2CXO J225725.8-610348,344.35763943985376,-61.06334706947817,324.4699431536973,-51.030501566321824,-0.20861961274204,0.036227357901312,-0.2423485321674,3.0591103693931e-13,Rad,0.9984590960029884,AGN
2CXO J053510.3-054633,83.79307728654317,-5.776059608070025,209.364282035318,-19.581125416690973,-0.18113678950656,-0.0737039350406,-0.10868207370394,2.4471786860548e-13,Or*,0.09581492672944217,stellar
2CXO J164129.4+400559,250.37282105398504,40.10005243907274,63.81673618330433,41.25064011132427,-0.89194253591505,-0.51342910680824,-0.69831355402873,2.3227789320246e-13,SB*,0.20934195719841675,stellar
2CXO J065744.0-560817,104.43386131631844,-56.13836756740488,266.18666163247303,-21.4086844689667,-0.37851342910681,0.0074953154278576,-0.38600874453467,1.5472483955195998e-13,ClG,0.6271651087892858,AGN
2CXO J195923.0+404420,299.84600000116063,40.73896114658826,76.1854810379512,5.77235972130485,0.096189881324172,0.16364772017489,-0.069956277326671,2.2020120210378e-14,Rad,0.19438611361997093,stellar
2CXO J174546.2-285906,266.4425590798844,-28.985068430475952,359.9753890534936,-0.0535276662261412,0.99937539038101,0.98063710181137,0.91692692067458,2.2767491543644e-14,X,0.0,stellar
2CXO J053554.6-045807,83.97764570162906,-4.968881826551582,208.68953975913612,-19.052120333009487,-0.89569019362898,-0.58463460337289,-0.65459088069956,2.1554514583625e-13,X,0.042771341682840545,stellar
2CXO J174540.0-285944,266.4169993564881,-28.995718270910317,359.95465311791105,-0.0399895364371117,0.69206745783885,0.99937539038101,-0.99937539038101,3.6230492775716e-16,X,0.002877288008965259,stellar
2CXO J034424.5+320357,56.10237640444723,32.065818712103585,160.52875143809823,-17.898418413746388,-0.35352904434728,-0.24359775140537,-0.11742660836977,2.4245906716159e-14,Or*,0.009987345813118841,stellar
2CXO J185834.9-081414,284.6454400586025,-8.237495283964117,26.38935026721289,-5.323725897229614,-0.31355402873204,-0.12742036227358,-0.19237976264834,1.5445501263385998e-13,NIR,0.05236313513056363,stellar
2CXO J174543.6-290017,266.4318482067108,-29.00480471260685,359.9536615286769,-0.055808639106191,0.50593379138039,0.99937539038101,-0.99937539038101,0.0,out,0.009247153796015227,stellar
2CXO J110950.0-763647,167.45814955519438,-76.61326328354552,297.03276944318424,-14.919525458402791,-0.30730793254216,-0.12242348532167,-0.19237976264834,1.3414509667244e-13,Ae*,0.10182617849652971,stellar
2CXO J123049.8+122402,187.70750210154733,12.40061773459441,283.77261262136665,74.50067351125927,-0.18363522798251,0.15740162398501,-0.33354153653966,6.8719053775016e-15,GlC,0.3891743423937824,stellar
2CXO J174533.4-285617,266.3895160486677,-28.93837527030471,359.99106864605284,0.0104118131019093,0.98313554028732,0.97688944409744,0.078700811992505,2.3150036065418e-14,X,0.0009590960029884197,stellar
2CXO J180355.2-241659,270.9802573777988,-24.283295145192447,6.081641925818071,-1.1762816098222757,-0.51842598376015,-0.15365396627108,-0.39600249843848,6.308476579773e-14,Or*,0.025124909775299395,stellar
2CXO J180429.3-242528,271.12231684917447,-24.42448562318949,6.022095177394698,-1.358324975455058,-0.29606495940037,-0.098688319800125,-0.20237351655215,1.5676408850166e-13,Or*,0.02174646101189107,stellar
2CXO J174533.3-285328,266.38913002420907,-28.8911455360856,0.0312017036120286,0.0353136191680612,-0.36477201748907,-0.32604622111181,-0.23110555902561,7.8232912172997e-15,X,0.0,stellar
2CXO J024241.6-000109,40.67335581959475,-0.0192649273567788,172.114707139305,-51.93568998341268,0.13241723922548,0.20612117426608,-0.084946908182386,1.4889255453376e-15,X,0.8526219032602788,AGN
2CXO J174543.3-290059,266.43073493834413,-29.01643487960173,359.9432262942439,-0.0610349810790723,0.99937539038101,0.92442223610244,-0.21986258588382,1.1680419481878001e-15,X,0.004556283604293248,stellar
2CXO J095549.4+690811,148.95591711605022,69.13657936908642,141.99636942579582,40.87866547965183,0.043722673329169,0.15740162398501,-0.11367895065584,6.5964836009819e-14,X,0.6145129143517979,AGN
2CXO J022311.4+425931,35.79754165518557,42.99206052478033,140.25370560311023,-16.772424134379907,-0.45471580262336,-0.094940662086196,-0.37726420986883,1.806711886929e-13,IR,0.10879080314160969,stellar
2CXO J174536.3-290111,266.40151686723334,-29.01981622250457,359.9270296598279,-0.0409871288729624,0.10993129294191,0.013741411617739,0.096189881324172,7.2825601763052e-16,X,0.0057571318270279925,stellar
2CXO J141314.8-031227,213.31194489172756,-3.2077140874214645,339.15011331833034,53.81004662084735,0.82073703935041,0.77826358525921,0.11617738913179,7.2626241279106e-13,Rad,0.9000652045618298,AGN
2CXO J074316.6+650929,115.81938753284464,65.15829436794873,151.0967063336083,29.844364037508104,-0.25109306683323,0.057464084946908,-0.30480949406621,1.2976247601189e-13,X,0.9637913817399899,AGN
2CXO J083435.2-451137,128.64661767088376,-45.1937619723552,263.48597291882123,-2.9046623609162223,-0.96564647095565,-0.72454715802623,-0.79575265459088,5.2280038081152e-14,X,0.01582879503860291,stellar
2CXO J174541.0-285936,266.42091932567416,-28.99344229184564,359.9583819831579,-0.0417306209300487,0.92442223610244,0.94690818238601,-0.28232354778264,1.5098797851489999e-15,X,0.00373177418873356,stellar
2CXO J122628.2+090111,186.61788131842127,9.019813350083428,283.7205594987625,70.95447826312775,-0.23110555902561,0.089943785134291,-0.31480324797002,2.0509254262321998e-13,Rad,0.9939836161256557,AGN
2CXO J104348.6-593324,160.95280922435336,-59.556758083992825,287.39758719266865,-0.5905995650742838,-0.82698313554029,-0.54091193004372,-0.51467832604622,1.3920179634326e-14,SB*,0.006826541817084038,stellar
2CXO J174554.4-285817,266.47673736693787,-28.97132962044089,0.0026856115660386,-0.0719021650891238,0.99937539038101,0.99937539038101,0.31105559025609,3.6195552918794e-14,X,0.0,stellar
2CXO J053533.2-051957,83.88854129924118,-5.33267071582379,208.99023878031036,-19.29615329394784,0.38226108682074,-0.069956277326671,0.43972517176765,5.1231184899107e-15,Or*,0.013503231858281128,stellar
2CXO J031951.4+413424,49.96456986429303,41.57355806986229,150.5496902153606,-13.203872124397362,-0.43847595252967,0.034978138663335,-0.46595877576515,1.9234593178878e-14,X,0.2098932690079968,stellar
2CXO J112830.6+583348,172.1278703765538,58.56342044695973,141.90757456183564,55.40388308497848,-0.54965646470956,-0.29606495940037,-0.30106183635228,6.2152092121707e-14,SN*,0.8332817474817685,AGN
2CXO J053518.8-052306,83.82864992204105,-5.385312293280786,209.01139837161315,-19.373147934668747,0.90068707058089,0.52717051842598,0.68457214241099,1.1707103922612001e-15,Y*?,0.0027726781857451404,stellar
2CXO J034438.5+320800,56.16061006546329,32.13351787552704,160.52294810875506,-17.81483474076803,-0.29856339787633,-0.11367895065584,-0.19113054341037,5.5535700297951e-14,Or*,0.12999787216614617,stellar
2CXO J064101.3+093408,100.25589322011854,9.568919335667577,203.2324673746641,2.0593276195609964,-0.74578388507183,-0.32354778263585,-0.55715178013741,2.3873473276308998e-14,Or*,0.0,stellar
2CXO J122932.1+134405,187.3837804562893,13.734750507761088,280.9482478735452,75.66323917918334,-0.18363522798251,-0.0062460961898814,-0.17863835103061,3.6784552404573996e-13,X,0.9697090646508824,AGN
2CXO J192414.7+501519,291.0614153377587,50.25536649588816,81.85077289998993,15.630214275514106,-0.91692692067458,-0.53466583385384,-0.74828232354778,3.2750979638179997e-14,SB*,0.05468111013650276,stellar
2CXO J183127.4-020511,277.86442494764697,-2.086676114085344,28.79067932352192,3.4878377406063485,0.79700187382886,0.41349156777014,0.5683947532792,1.7144189227363998e-13,Y*?,0.013430271923817514,stellar
2CXO J130521.7-492736,196.34031643127597,-49.46019919167888,305.2564168636178,13.348697060546607,0.31480324797002,0.23735165521549,0.08369768894441,5.2145349524512e-14,X,0.06923244018446163,stellar
2CXO J112728.7-395257,171.8698713107508,-39.88264643217353,285.9017929625881,20.19643337153573,-0.83073079325422,-0.36602123672705,-0.66708307307933,9.5507865142071e-13,X,0.01223760485877339,stellar
2CXO J053524.2-052957,83.85104416102257,-5.499272597583364,209.1298450401733,-19.404779213681927,-0.41099312929419,-0.20237351655215,-0.2261086820737,1.531321702106e-14,Or*,0.0025,stellar
2CXO J053506.4-052704,83.7767742156276,-5.451360330883556,209.04909614510325,-19.449077386646817,-0.75702685821362,-0.48719550281074,-0.42598376014991,7.9351057710225e-15,Or*,0.013365794576527167,stellar
2CXO J034437.9+320329,56.1582761306392,32.05818767411071,160.57209840350737,-17.873907904769762,0.13991255465334,0.14990630855715,-0.0099937539038102,6.4963405958361e-14,Or*,0.2807217844674568,stellar
2CXO J073220.1+854232,113.0840138735844,85.70899516635008,127.70724270199348,27.80902229889954,-0.90693316677077,-0.45721424109931,-0.7682698313554,1.9886562672171e-13,ClG,0.14518009633785564,stellar
2CXO J072506.1+750158,111.27551037327557,75.03287444342457,139.8004686325402,28.30437053147158,-0.93191755153029,-0.59337913803873,-0.75577763897564,2.4558159476031e-13,SB*,0.13645066558340752,stellar
2CXO J134816.4+265052,207.06858950189883,26.847934375637465,34.907441128344296,77.34188060528051,-0.089943785134291,0.27108057464085,-0.36727045596502,3.1141518301948e-13,X,0.9026517270858102,AGN
2CXO J165423.8-415016,253.59947146410275,-41.837824052508246,343.4815535621904,1.1425665666420086,-0.30356027482823,-0.11992504684572,-0.19113054341037,6.4833519491726e-14,Y*?,0.01758080372696079,stellar
2CXO J033852.1-353522,54.71712869465489,-35.58961143313427,236.94716070465827,-53.55422748671648,-0.024984384759525,-0.013741411617739,-0.014990630855715,1.9118778559108e-15,PN?,0.5680790765555132,AGN
2CXO J171405.7-381030,258.5239269971877,-38.175261207333406,348.6809448929388,0.3711860363795001,0.96939412866958,0.65084322298563,0.86445971267958,7.3950709950768e-13,IR,0.037870137265843706,stellar
2CXO J174539.1-290156,266.41320607140915,-29.03249370805376,359.92153407162294,-0.0563163958991911,0.71080574640849,0.99937539038101,-0.99937539038101,0.0,X,0.00234543509586099,stellar
2CXO J130528.9-492943,196.37058853612984,-49.495562374004926,305.2745721613083,13.31229192507473,0.32229856339788,0.13991255465334,0.18988132417239,4.6555224710498e-14,X,0.1349289547572079,stellar
2CXO J180409.1-242019,271.0381423941551,-24.338860073603204,6.05912384435073,-1.2495168219456128,-0.10368519675203,-0.058713304184885,-0.043722673329169,6.5261142997045e-14,Or*,0.0017836054185481067,stellar
2CXO J095857.3+021314,149.7389570604164,2.22068625713148,236.51007823194573,41.82046778105514,-0.22735790131168,0.056214865708932,-0.27982510930668,3.1852507084395e-13,Rad,0.9992836054185481,AGN
2CXO J053521.8-052240,83.8409738574058,-5.377842214387188,209.0102198820985,-19.3588262946076,-0.37226733291693,-0.36352279825109,-0.0087445346658339,4.9005450612808005e-15,Y*?,0.0,stellar
2CXO J174601.0-285854,266.5043044186914,-28.981722881646625,0.0063610078352542,-0.0979040986067888,0.99937539038101,0.99937539038101,-0.9581511555278,4.2672678160955e-14,X,0.002705118690131862,stellar
2CXO J004725.2-251945,11.855104635194609,-25.329375694772956,96.10462864633256,-87.98814373658959,-0.15365396627108,0.11992504684572,-0.2685821361649,6.1032377310436e-14,X,0.92140567032633,AGN
2CXO J053516.1-052306,83.8173782235167,-5.385220959260373,209.00593089787648,-19.38311478824044,-0.78450968144909,-0.44347282948157,-0.51967520299813,9.9279825870337e-15,HH,0.0013863390928725702,stellar
2CXO J032957.9-021320,52.4913663193758,-2.2224330947084154,186.5313463837114,-44.63587931402544,-0.049968769519051,0.089943785134291,-0.13991255465334,2.5929508370038e-13,Rad,0.9155384720526353,AGN
2CXO J053518.0-053031,83.82502620970422,-5.508838425679768,209.12648856405505,-19.43220530435411,-0.8369768894441,-0.44597126795753,-0.61211742660837,,Or*,0.0027726781857451404,stellar
2CXO J053510.5-052416,83.79395512750295,-5.404652153886977,209.01312095245197,-19.412701416250155,0.9419113054341,0.68207370393504,0.7158026233604,9.8468656108846e-15,?,0.020390791467351274,stellar
2CXO J122518.3+124900,186.32649687805315,12.816563451146914,278.5092277218217,74.4357543042245,-0.28732042473454,0.023735165521549,-0.30855715178014,5.9819798239044e-14,X,0.9602523782389848,AGN
2CXO J002406.0-720456,6.02497862968022,-72.08230708358678,305.89401308042926,-44.88838246025,-0.084946908182386,0.037476577139288,-0.12242348532167,5.6002587594799e-14,UV,0.5595571799628241,AGN
2CXO J053508.2-052434,83.78459029261467,-5.409713630107165,209.01343642779375,-19.423305725882187,-0.52717051842598,-0.26233603997502,-0.30730793254216,1.0656528937334e-14,Or*,0.0013863390928725702,stellar
2CXO J174543.4-290056,266.43086168996206,-29.015623236918547,359.9439768869443,-0.0607068635890381,0.99937539038101,0.91942535915053,0.79825109306683,1.4305365852461001e-15,X,0.0,stellar
2CXO J034657.4+680619,56.73953374581731,68.10525660694326,138.1777900020558,10.595730459073808,0.11867582760775,0.19113054341037,-0.074953154278576,2.4743337884666997e-13,X,0.3726402702225431,stellar
2CXO J033115.0-275518,52.81266550688554,-27.92187822899542,223.6989956134048,-54.7199226080816,-0.29231730168645,0.023735165521549,-0.31230480949407,5.2410589159747e-14,X,0.9458446585234479,AGN
2CXO J174542.0-285928,266.42514487631786,-28.991399695369196,359.9620508358995,-0.0438216248317139,0.99937539038101,0.94565896314803,-0.55715178013741,1.047859179584e-15,X,0.0031130389560085543,stellar
2CXO J100735.0+130144,151.89567037708338,13.02909799884318,224.85078165369745,49.24863116100522,-0.91193004372267,-0.45346658338538,-0.77201748906933,1.2374245426579e-13,SB*,0.17041892847032425,stellar
2CXO J141546.2+112943,213.9426515995073,11.49543132168033,358.73232670028807,64.77308385042303,0.68582136164897,0.26483447845097,0.51342910680824,6.3137175610559e-14,LeI,0.682063194710819,AGN
2CXO J174541.7-285936,266.4240321121515,-28.99344391471742,359.9597988493682,-0.0440555863895615,0.9369144284822,0.94815740162398,-0.15115552779513,4.1976966946704e-15,X,0.0025802475807812264,stellar
2CXO J133701.0-295245,204.2544057920761,-29.87934965667715,314.58083365056626,31.95930294073525,0.036227357901312,0.18738288569644,-0.1524047470331,2.3853143316981e-14,HII,0.17806811319856528,stellar
2CXO J053622.4-062700,84.0933663065133,-6.450020033089045,210.1458441414273,-19.616665228312005,-0.3472829481574,-0.15865084322299,-0.19737663960025,4.4354875898819997e-13,Or*,0.1572934686828289,stellar
2CXO J024241.9-000020,40.67459729150335,-0.0056128631896153,172.10128463133688,-51.92476212561008,-0.31980012492192,-0.22236102435978,-0.084946908182386,3.7705291312281005e-15,X,0.46336924873437524,stellar
2CXO J231552.9-423800,348.9705715844016,-42.63340200096484,348.1122647953431,-65.16405589427612,-0.73204247345409,-0.29231730168645,-0.55965021861337,5.3319558557945e-14,SB*,0.08466669859615511,stellar
2CXO J002353.9-720350,5.975013001609,-72.06393316127212,305.9193700583233,-44.904240593992746,-0.73579013116802,-0.25359150530918,-0.59212991880075,1.636715000084e-14,X,0.20390037361131888,stellar
2CXO J013346.5+303748,23.44402036535479,30.63021606563689,133.5990700535752,-31.363057938204268,0.11867582760775,0.10993129294191,0.0074953154278576,2.9482856774921e-14,X,0.09227950562104618,stellar
2CXO J034428.4+320722,56.11864260195887,32.12286353161883,160.50146398349517,-17.845792064475358,-0.70081199250468,-0.37226733291693,-0.4422236102436,3.3786622498367e-14,Or*,0.00330453109884941,stellar
2CXO J174540.8-285935,266.4203841398454,-28.993087878277464,359.95844066481294,-0.0411464148947006,0.99937539038101,0.99937539038101,0.75202998126171,6.2545356743102e-16,X,0.0007331524842946886,stellar
2CXO J021808.1+570502,34.53391806345081,57.08395432404662,134.53590371342435,-3.8216305783148,0.33603997501562,0.24484697064335,0.098688319800125,6.140826091984e-14,Rad,0.06569474125655207,stellar
2CXO J053513.2-052052,83.80504854628293,-5.34795918582819,208.96481758279876,-19.377202711949465,0.81449094316052,0.40724547158026,0.60712054965646,9.1712906174715e-15,Ir*,0.005,stellar
2CXO J174535.9-290246,266.39957658289995,-29.04637854348997,359.9034742330318,-0.0533797534559361,0.99937539038101,0.92941911305434,0.99937539038101,3.4125626766663e-15,X,0.0013863390928725702,stellar
2CXO J053524.3-052232,83.85141294600271,-5.375649263386029,209.01313016879303,-19.34856534045939,0.93816364772017,0.56214865708932,0.78825733916302,1.5373225781959e-14,Or*,0.00484543509586099,stellar
2CXO J004155.8-334618,10.48269521918479,-33.771707003113725,319.4806229298532,-83.04845523432901,-0.35852592129919,0.017489069331668,-0.37226733291693,1.0487727430553999e-13,Rad,0.9154262466202161,AGN
2CXO J033850.7-353546,54.71144572584001,-35.596371389848514,236.958733689154,-53.55867621839722,0.420986883198,0.11742660836977,0.28856964397252,3.3007721402881e-15,GlC,0.7831326287429651,AGN
2CXO J125053.0+410710,192.72104974357623,41.11966267746669,123.36323549403949,76.0081260248923,-0.14241099312929,0.23735165521549,-0.36727045596502,1.1675170988913e-13,Rad,0.9133211169370296,AGN
2CXO J133001.9+471506,202.50820760811385,47.25191118401935,104.84905423566993,68.49827531793004,0.25733916302311,0.20362273579013,0.056214865708932,1.4925541426397e-14,X,0.5312289692648526,AGN
2CXO J033852.9-353546,54.72050295489771,-35.59632119747284,236.95833481930924,-53.55131508393504,-0.34353529044347,0.15365396627108,-0.48719550281074,2.3085378010415e-15,Gl?,0.680045777147219,AGN
2CXO J013331.2+303333,23.38019810961839,30.559303727515104,133.55175454836944,-31.44315630749696,-0.99188007495315,-0.9581511555278,-0.66583385384135,4.1029105171774e-14,Cl*,0.11781883287642608,stellar
2CXO J195355.2+442451,298.4802000032598,44.41442245187932,78.85943762720176,8.507521752824204,-0.92192379762648,-0.62835727670206,-0.69706433479076,1.5487506017713e-13,LM*,0.049651516978313354,stellar
2CXO J034510.4+680230,56.29348463471109,68.04181318488175,138.0858542952862,10.442116253794302,0.25234228607121,0.12242348532167,0.13366645846346,1.7260748798436998e-13,X,0.2835992949223892,stellar
2CXO J053801.4-691228,84.50605036406824,-69.20807504336577,279.5984986321721,-31.719790941172715,0.55465334166146,0.27232979387883,0.32479700187383,1.0135811907308e-14,X,0.1722426751822281,stellar
2CXO J115101.6-284821,177.75703874411715,-28.806019412841767,287.2754638634739,32.22249834607561,-0.841973766396,-0.38226108682074,-0.67707682698314,7.0285659946908e-14,GrG,0.17999049157823988,stellar
2CXO J122254.7+154916,185.72817570928717,15.821219755387247,271.1365436361928,76.89765739657533,-0.1736414740787,-0.0062460961898814,-0.16739537788882,4.4462483252643997e-14,HII,0.5298774479561547,AGN
2CXO J174542.4-285927,266.4269739757797,-28.9909900611559,359.9632338659845,-0.0449739830551309,0.99937539038101,0.99937539038101,0.33728919425359,1.6595526047947e-15,X,0.0,stellar
2CXO J053516.3-052150,83.81825044018359,-5.364054985936912,208.98633779757773,-19.37276465335129,-0.70331043098064,-0.368519675203,-0.44846970643348,3.8920478967569e-15,Or*,0.006761092535164865,stellar
2CXO J174804.6-244645,267.0192423480055,-24.77932719759298,3.838793123456296,1.6874243517978085,0.9156777014366,0.73079325421611,0.55215490318551,,X,0.020041686447366303,stellar
2CXO J053514.7-052028,83.81147877794729,-5.341367526901428,208.9616581646674,-19.368510443502792,0.91942535915053,0.60087445346658,0.6895690193629,9.0756183873083e-15,IR,0.00234543509586099,stellar
2CXO J174537.6-290034,266.4069313327836,-29.00977334312866,359.9380686743306,-0.0397958624665215,0.96439725171768,0.97189256714553,-0.26233603997502,2.9611307079495e-15,X,0.007914588903002992,stellar
2CXO J174041.6-534029,265.17377761346984,-53.67476441527249,338.1641495990314,-11.958917516965055,0.15740162398501,0.33978763272954,-0.19237976264834,9.8784161776415e-15,X,0.1702883174609439,stellar
2CXO J033207.9-273732,53.03313254814327,-27.62562498833769,223.2432596749677,-54.48300974516575,0.86570893191755,0.61836352279825,0.51467832604622,6.0943158534203e-14,X,0.9282357324173873,AGN
2CXO J053527.7-052118,83.86569508118214,-5.355232405727704,209.0006513746572,-19.32664735037197,0.9581511555278,0.72454715802623,0.75577763897564,1.7119480218471e-14,LM*,0.014004452374478702,stellar
2CXO J064059.2+093552,100.24707716030014,9.59785961101735,203.2027318849964,2.064809742718932,0.90693316677077,0.55965021861337,0.69956277326671,3.3904215227854e-14,Or*,0.023311912057587997,stellar
2CXO J164011.9-484817,250.0497453489903,-48.80470402705132,336.55588688322155,-1.4609980295949885,0.57214241099313,0.17863835103061,0.43847595252967,1.4547981651813998e-13,Or*,0.00733183170718963,stellar
2CXO J174538.8-285953,266.4119311112253,-28.998126979900366,359.9502877120937,-0.0374605263581984,0.99937539038101,0.89444097439101,0.99937539038101,2.0706403761816e-15,HII,0.0013863390928725702,stellar
2CXO J053513.5-052219,83.8063306191433,-5.3721012128721854,208.98825238670585,-19.38698851835492,-0.49094316052467,-0.32854465958776,-0.19237976264834,8.039936135169901e-15,Or*,0.0013863390928725702,stellar
2CXO J053503.1-051829,83.76312271364128,-5.308295378292633,208.907291864166,-19.396470814306557,0.56714553404122,0.15490318550906,0.45096814490943,1.193763688507e-14,Or*,0.006119232512785824,stellar
2CXO J022727.5+333442,36.86466997892728,33.57869806502977,144.92280689394116,-25.15988073968298,0.1261711430356,0.19862585883823,-0.0737039350406,1.2737583214526998e-12,UX?,0.79758846319839,AGN
2CXO J013325.5+304440,23.356527220858425,30.744633044659626,133.48709165019093,-31.265076593765077,0.014990630855715,0.24609618988132,-0.23235477826359,2.7945654024911e-15,X,0.28727326341511406,stellar
2CXO J002407.1-720545,6.029840682127201,-72.09606219377443,305.8890259061567,-44.87500518321547,-0.14990630855715,0.084946908182386,-0.23110555902561,3.325342055214e-14,ev,0.47568410473608336,stellar
2CXO J180413.7-242405,271.0574258648021,-24.401434073008,6.013206528893504,-1.295524265386188,-0.47720174890693,-0.17114303560275,-0.33229231730169,5.0785172122857e-14,Or*,0.009400769498364037,stellar
2CXO J044531.6-591454,71.38173757492558,-59.24845827346283,268.7917633347083,-39.01245841980487,-0.086196127420362,0.044971892567145,-0.13116801998751,1.7286378858231999e-13,HII,0.8082132152133503,AGN
2CXO J053523.3-052125,83.84724214599879,-5.357035992279647,208.99354624867016,-19.343847583209705,0.30480949406621,0.033728919425359,0.2735790131168,8.5848143519641e-15,Or*,0.007073041507136043,stellar
2CXO J123204.9-105600,188.02070959615023,-10.93347583699544,295.2610956701999,51.64976575852335,-0.48219862585884,-0.18238600874453,-0.32854465958776,2.9185394834658e-13,Bz?,0.9077255873759552,AGN
2CXO J180340.2-242320,270.917805407182,-24.388956696550743,5.961629986806114,-1.1786262131598584,-0.39225484072455,-0.18988132417239,-0.21861336664585,4.7318177846006e-14,Or*,0.0016280913126188964,stellar
2CXO J233610.0+020900,354.0419578595963,2.1500152907976795,88.18554975575064,-55.56001830153737,-0.087445346658339,0.13116801998751,-0.21611492816989,1.2569430989854e-13,X,0.9593644492968094,AGN
2CXO J180412.4-241943,271.05202314009034,-24.328619129364707,6.074256687857521,-1.255512234696187,-0.42348532167395,-0.2211118051218,-0.22361024359775,3.0913911720996e-14,Or*,0.004581897425501723,stellar
2CXO J174539.9-285940,266.41632400600633,-28.99449901261344,359.95538614125854,-0.038850151687729,0.88069956277327,0.96189881324172,-0.60337289194254,1.5740680483054e-15,X,0.0031130389560085543,stellar
2CXO J033237.6-273933,53.15703543175607,-27.659408059462088,223.3294402644717,-54.37968634082279,0.99937539038101,0.69956277326671,0.4159900062461,3.8978070685031005e-16,X,0.7564968591261892,AGN
2CXO J053534.3-052659,83.89329752699331,-5.449894049736283,209.103297625464,-19.344944973243027,-0.84072454715803,-0.50718301061836,-0.57713928794503,5.4414028233537e-15,Or*,0.028352908530202604,stellar
2CXO J132948.8+471121,202.4533235497913,47.18934967644866,104.87263066762505,68.57058718314931,0.012492192379763,0.20487195502811,-0.19237976264834,1.2000113608166999e-14,MoC,0.5546327479334615,AGN
2CXO J173258.8+434612,263.2452824375339,43.76999790363386,69.5293751236962,32.08466778017711,-0.27232979387883,-0.041224234853217,-0.23235477826359,9.3568399203334e-14,X,0.8615753200487412,AGN
2CXO J223548.1-260129,338.9505794470533,-26.024797148774468,27.18746963054134,-59.74574553846285,0.023735165521549,0.16489693941287,-0.14241099312929,3.0966599224291e-13,UX?,0.8100541433747036,AGN
2CXO J174547.0-285332,266.4461124141394,-28.892440769496787,0.0560857254412589,-0.0079469368776234,0.97813866333542,0.99937539038101,-0.99937539038101,3.4938717805739e-14,X,0.004488724108679969,stellar
2CXO J182217.2+642332,275.57159368226735,64.3924614119344,94.06178357112046,27.3865065766717,-0.87945034353529,-0.49094316052467,-0.68332292317302,5.8579270118661e-14,UV,0.29271432722402985,stellar
2CXO J013505.0+303445,23.7710203874189,30.57919882642825,133.93399791062342,-31.35839671659539,-0.013741411617739,0.15490318550906,-0.1686445971268,7.140662788015699e-14,X,0.4573580866686315,stellar
2CXO J053530.9-052523,83.87887636315844,-5.42324484598996,209.0712262007728,-19.345704244266027,-0.92816989381636,-0.57339163023111,-0.75702685821362,8.8024137852837e-15,Or*,0.026139323793679628,stellar
2CXO J132953.3+471042,202.47218020643984,47.17851993516262,104.828528882871,68.57527352570818,-0.30480949406621,0.13616489693941,-0.41973766396002,2.1915971039021e-15,Cl*,0.5398058377742487,AGN
2CXO J053439.7-052456,83.66582696989127,-5.415668449613245,208.9623442248768,-19.531446808619425,0.79200499687695,0.39600249843848,0.56589631480325,2.5809091378187e-14,X,0.02340200145897526,stellar
2CXO J061806.5+222828,94.5271978891314,22.4745041954741,189.2356231258657,3.1605453230864886,0.5633978763273,0.11118051217989,0.48219862585884,1.5141652437647999e-13,X,0.07108858846237466,stellar
2CXO J053510.5-052216,83.79388908136582,-5.3712724263624025,208.98152739217312,-19.397660096712382,0.48219862585884,0.048719550281074,0.44472204871955,1.1176664828506999e-14,PoC,0.014100780205471891,stellar
2CXO J132937.9+471614,202.40804256027295,47.27065116876691,105.03937772099776,68.50867021298832,-0.074953154278576,0.16614615865084,-0.23860087445347,2.7219030943696e-14,X,0.47265186641206064,stellar
2CXO J053515.9-052146,83.81666616863151,-5.363049044114155,208.98463034828103,-19.373716139618143,-0.6895690193629,-0.36227357901312,-0.43472829481574,7.0041297877616006e-15,IR,0.0013863390928725702,stellar
2CXO J053514.4-051824,83.81018695627239,-5.306851909218887,208.92841923528965,-19.35403339407848,0.87070580886946,0.38475952529669,0.72454715802623,6.4818530525658005e-15,Or*,0.0013863390928725702,stellar
2CXO J174538.8-290209,266.41223039122906,-29.03618683861017,359.91793728890485,-0.057512264128706,0.99937539038101,0.99937539038101,-0.99937539038101,3.0180915159816e-15,X,0.0,stellar
2CXO J053513.5-052031,83.80660396078429,-5.342032865162549,208.9599585895862,-19.373139674907105,-0.1686445971268,-0.10743285446596,-0.062460961898813,8.5754383856589e-15,Or*,0.0025,stellar
2CXO J174538.9-285949,266.41233236033145,-28.997057903804222,359.9513830802598,-0.0372031206981361,0.99937539038101,0.96814490943161,0.38101186758276,2.9501615139312003e-15,HII,0.0013863390928725702,stellar
2CXO J190153.6-365708,285.47369881568306,-36.95237962702758,359.9333162876671,-17.851716746448748,0.85696439725172,0.7632729544035,0.26108682073704,9.796062022031299e-14,Ae*,0.08604340821846185,stellar
2CXO J053439.8-053006,83.6660585172728,-5.501825878098633,209.0440039328444,-19.570197347058578,-0.55840099937539,-0.13991255465334,-0.45221736414741,2.4487431116202e-14,Or*,0.019599797857477175,stellar
2CXO J132540.5-430114,201.41890802587227,-43.02077395722613,309.55698504426374,19.41011415449021,0.041224234853217,0.12991880074953,-0.089943785134291,3.6635236464224e-14,X,0.30273582061473436,stellar
2CXO J053528.1-052306,83.86722503946675,-5.385098474213844,209.0296085689508,-19.33879979221743,0.36227357901312,0.058713304184884,0.31105559025609,1.1817307016154e-14,Or*,0.01582472522092806,stellar
2CXO J124332.6+113002,190.88602815555464,11.50062172266477,295.7848816598053,74.26272715461388,-0.49344159900062,-0.16739537788882,-0.35477826358526,2.1694895203142e-14,X,0.5523865553880968,AGN
2CXO J110952.6-373902,167.46938508822018,-37.65078480580513,281.6110934724952,20.980371100235093,-0.85571517801374,-0.47095565271705,-0.64459712679575,2.0015557298544998e-13,Y*?,0.013608746836308708,stellar
2CXO J201207.6-563826,303.031931454918,-56.64077760187775,341.0908102953276,-33.341024671467615,-0.85071830106184,-0.44597126795753,-0.64459712679575,8.0484893816571e-14,X,0.10626130739399646,stellar
2CXO J174804.3-244636,267.0180643706667,-24.776739352867462,3.840458569337217,1.6896759144785185,0.9631480324797,0.85196752029981,0.62211118051218,3.4525340135186e-14,Rad,0.012648486311479062,stellar
2CXO J125052.5+410701,192.71909995128192,41.117119234049866,123.3694051859714,76.01065621008803,-0.79075577763898,-0.44971892567146,-0.52841973766396,5.1885235838676e-14,X,0.049777421444985766,stellar
2CXO J231613.6-423502,349.0568896967204,-42.58391108031051,348.1356757947914,-65.24398693834837,0.2735790131168,0.022485946283573,0.25359150530918,3.4311366926948e-14,Rad,0.6496855047185156,AGN
2CXO J051932.5+505431,79.8855745618738,50.90862613753464,158.79836761538996,7.751034376453556,0.28482198625859,0.27232979387883,0.012492192379763,8.035201906706799e-13,Rad,0.6796089186070382,AGN
2CXO J053505.6-052504,83.77375454880217,-5.417867740949407,209.01597485402013,-19.436614638062267,-0.8844472204872,-0.61836352279825,-0.58088694565896,7.815349279357e-15,Or*,0.11707113418399963,stellar
2CXO J174541.6-285933,266.4234382443859,-28.992738023001635,359.96013083880825,-0.0432444838113827,0.98688319800125,0.98563397876327,0.017489069331668,1.2076060520391e-14,X,0.0,stellar
2CXO J132527.0-430159,201.3628155783099,-43.03307846266628,309.5121113175404,19.403670919323847,0.21861336664585,0.18363522798251,0.036227357901312,3.7091056387341e-14,X,0.05032770219752882,stellar
2CXO J004241.6+412105,10.673502610956916,41.351510669321264,121.16852495606877,-21.490296589292303,0.22485946283573,0.16614615865084,0.061211742660837,4.3567694762988996e-14,X,0.1799164359669275,stellar
2CXO J132615.8-425846,201.56603106008504,-42.97950463707669,309.67612498713635,19.435725636791805,0.082448469706433,0.17114303560275,-0.088694565896315,6.0086119308131e-14,X,0.31903635104322187,stellar
2CXO J053514.8-052346,83.8117704820387,-5.396221775510843,209.01365459451105,-19.393069976154447,-0.60836976889444,-0.36976889444097,-0.30605871330418,4.3702299373417005e-15,HH,0.002376972647575146,stellar
2CXO J003652.4-333316,9.218508083734378,-33.554690947135946,328.0868423524174,-82.84800038433195,0.28357276702061,0.29606495940037,-0.013741411617739,8.0372565171097e-14,Rad,0.6633624768361167,AGN
2CXO J112714.2+565624,171.8093222275263,56.940197857197,143.80824247968354,56.64318872796448,0.0012492192379763,0.16239850093691,-0.16114928169894,1.0597351758125e-13,Rad,0.8006895671498733,AGN
2CXO J122811.2+440638,187.04665094454208,44.11067994851277,136.83546932343364,72.38446289376625,-0.59212991880075,-0.076202373516552,-0.53966271080575,7.315727708215599e-14,Cl*,0.8154786810814123,AGN
2CXO J082912.6+500652,127.302835862586,50.11454182076288,169.02505004889215,35.87683861290817,-0.40474703310431,0.054965646470956,-0.44971892567146,1.3519045790674999e-12,PoG,0.7837045717231632,AGN
2CXO J183127.6-020621,277.86512001030496,-2.1061142390724634,28.7737011312084,3.4782916358530582,0.9631480324797,0.70331043098064,0.80074953154279,2.5345614309809e-13,Y*?,0.015355629083164566,stellar
2CXO J122503.4+125319,186.26451399636937,12.888629010489252,278.1984727255184,74.47947880419542,-0.17239225484072,0.0049968769519051,-0.17738913179263,2.6728881297621e-14,X,0.46070275888256823,stellar
2CXO J172444.7-341202,261.18637195720373,-34.2007478807701,353.1689445829403,0.8903123750946726,-0.51467832604622,-0.52841973766396,0.022485946283573,8.8792962491466e-14,IR,0.0013863390928725702,stellar
2CXO J123049.0+122258,187.70426411997687,12.382814477085333,283.78123400572105,74.48273907820722,-0.33479075577764,-0.0024984384759525,-0.33354153653966,6.7322452114333e-15,GlC,0.6020029479312733,AGN
2CXO J181642.7-161322,274.1780099814096,-16.222861278320387,14.587632606820858,0.0914836900891186,0.99937539038101,0.9893816364772,0.99937539038101,2.0366662602157996e-12,X,0.0187358779046952,stellar
2CXO J100129.4+013633,150.37262779028106,1.6093671470972666,237.67343527179543,41.97863561991578,0.8844472204872,0.67832604622111,0.50718301061836,2.4515623192718e-13,GrG,0.8408914486688944,AGN
2CXO J172441.0-341221,261.17083634480343,-34.20600754134528,353.1573716158541,0.897983872442382,-0.99937539038101,-0.99937539038101,-0.11118051217989,7.509447500058501e-16,Y*?,0.017072689059875714,stellar
2CXO J122944.8+080004,187.43677825363488,8.00127878052267,286.8983685805423,70.19487823087901,-0.27732667083073,0.02998126171143,-0.30480949406621,3.0408194500633002e-15,GlC,0.4629715422778039,stellar
2CXO J104348.7-593335,160.9533008910057,-59.55979389242757,287.3992351911718,-0.5931613181330895,-0.17863835103061,0.032479700187383,-0.20861961274204,4.3091234776517e-15,Y*?,0.014977487116616759,stellar
2CXO J123049.0+122405,187.7044809260401,12.40158450469981,283.7609941273051,74.50071329342785,-0.30231105559026,0.028732042473454,-0.32979387882573,4.5152479049313e-15,X,0.5666305309152618,AGN
2CXO J124001.0-113723,190.00440181139777,-11.623361538133338,298.4711639989688,51.14944527884333,-0.95190505933791,-0.79075577763898,-0.65459088069956,5.3854189384724e-14,GlC,0.05920203677308662,stellar
2CXO J122612.3+125640,186.5516946034229,12.944322162878338,279.09424721657564,74.63621849119268,-0.42223610243598,0.16614615865084,-0.5471580262336,7.0085075356847e-15,Gl?,0.5173614452003799,AGN
2CXO J024315.0+322529,40.81280288228106,32.42491453814718,148.7673879619235,-24.77726891710562,-0.84946908182386,-0.43347907557776,-0.65708931917552,8.7107131629424e-14,Rad,0.018133492888887798,stellar
2CXO J053525.2-051535,83.85512958000146,-5.25987004531178,208.90550508344847,-19.29285789469852,0.60337289194254,0.50093691442848,0.1211742660837,1.1557758455476e-14,HH,0.015096139982131955,stellar
2CXO J130616.5-482747,196.56876298716796,-48.46340286317045,305.4696472221049,14.33522299008833,-0.87820112429731,-0.42223610243598,-0.71830106183635,,Pu*,0.04713963334621593,stellar
2CXO J034643.7+680611,56.681965744193576,68.10306364847372,138.1621799375345,10.580556490027885,0.40599625234229,0.18988132417239,0.23360399750156,1.6597867814423999e-13,X,0.16814311265196996,stellar
2CXO J053440.8-063435,83.67039065166392,-6.576426001229439,210.0665045714685,-20.04911712527253,-0.57589006870706,-0.24109931292942,-0.38850718301062,3.3686523690121e-13,Or*,0.32430367085854506,stellar
2CXO J053510.4-052600,83.79366614035473,-5.433460333015224,209.04022715155347,-19.42598556861846,-0.60337289194254,-0.32729544034978,-0.3422860712055,4.5157303143183e-15,Or*,0.002376972647575146,stellar
2CXO J002404.9-720451,6.020709356714406,-72.08094467971281,305.8961337634968,-44.88953313023521,-0.37101811367895,-0.32979387882573,-0.046221111805122,5.4396827041688005e-15,X,0.12958151806369567,stellar
2CXO J104347.4-593321,160.94777880803406,-59.55610263470629,287.39502951924607,-0.5912202897524806,-0.088694565896315,0.064959400374766,-0.1524047470331,1.2741736919092e-15,RR?,0.017533103099025896,stellar
2CXO J103846.7+533007,159.694939074172,53.50195032270402,156.60388408244512,54.06511897559998,-0.46720799500312,0.028732042473454,-0.48594628357277,1.8287081758485e-14,Rad,0.8038912965053168,AGN
2CXO J174535.8-290159,266.399431135559,-29.03323683888896,359.91462461675275,-0.0464234895624055,0.99937539038101,0.9106808244847,0.99937539038101,5.3912960670254e-16,X,0.0,stellar
2CXO J015736.2+374510,29.40095989083721,37.75274528183802,137.1183482247769,-23.289501646215577,-0.87820112429731,-0.473454091193,-0.69331667707683,5.3382991561133e-14,SB*,0.17672719658497602,stellar
2CXO J132958.3+471332,202.49288511038517,47.22572747213982,104.84591071507847,68.52642644115528,-0.45721424109931,-0.34478450968145,-0.13241723922548,5.3566848465899e-15,Cl*,0.2990415373808804,stellar
2CXO J053518.5-052149,83.82723233207025,-5.363899552133396,208.9904797281964,-19.364719476182767,0.99937539038101,0.8157401623985,0.99937539038101,9.4134035559549e-15,LM*,0.0,stellar
2CXO J135943.7-475008,209.93225169498749,-47.83581953761928,314.6241444775912,13.479553990645506,-0.40474703310431,0.037476577139288,-0.43597751405372,7.063009421482199e-13,CV?,0.3640960525560152,stellar
2CXO J085450.5+621850,133.71064885545877,62.313917759110666,153.34793218937406,38.01224522752462,-0.26233603997502,-0.012492192379763,-0.25109306683323,8.6532693201231e-13,ClG,0.9988863390928725,AGN
2CXO J102433.3+040848,156.13904439796738,4.146911152727109,239.65134589751196,48.11508763265054,-0.16614615865084,0.041224234853217,-0.20612117426608,2.1203668437835e-13,X,0.9424075202606969,AGN
2CXO J004242.5+411659,10.677166029413913,41.28313833146934,121.16880088486678,-21.55872378597012,0.027482823235478,0.1686445971268,-0.14116177389132,2.3912797351599998e-14,X,0.20862867685491743,stellar
2CXO J174532.1-290129,266.3841023908017,-29.02500631522543,359.9146645541384,-0.0306951236549108,0.99937539038101,0.99937539038101,-0.99937539038101,5.4462610475316e-16,X,0.0,stellar
2CXO J132549.2-425239,201.45520980347465,-42.87771339244353,309.6062545689905,19.548008338467188,0.22361024359775,0.20237351655215,0.022485946283573,1.2843172428133e-13,X,0.14715225679506955,stellar
2CXO J053518.3-052020,83.82661464797172,-5.338973290655626,208.9666244388105,-19.353988410896072,0.26233603997502,0.0012492192379763,0.26108682073704,6.1911738541042004e-15,Or*,0.02182178961468,stellar
2CXO J122945.8+075918,187.4408597152316,7.988509308381153,286.91926812861766,70.18351055322528,-0.092442223610244,0.18488444722049,-0.2735790131168,,GlC,0.9559488273957042,AGN
2CXO J133005.1+471010,202.52127397275297,47.16970736491165,104.73528253295136,68.56970928539832,-0.63960024984385,-0.17863835103061,-0.5209244222361,8.5812918472702e-15,Cl*,0.5507344839933063,AGN
2CXO J122533.6-722749,186.39018488154625,-72.46362624132331,300.95824398900584,-9.691116480539552,-0.7632729544035,-0.29231730168645,-0.60587133041849,1.9523888977845e-12,Ro*,0.03207964404053211,stellar
2CXO J110633.7-181916,166.64071119201708,-18.3211596753506,270.812883542171,37.92378944412169,-0.28107432854466,0.04996876951905,-0.32729544034978,3.5870052308661e-14,X,0.7470445554526763,AGN
2CXO J033843.5-353308,54.68134706822582,-35.55221167859685,236.88542410380185,-53.58425572294711,-0.17489069331668,0.097439100562149,-0.26733291692692,3.4290934316689e-14,X,0.9324518611918079,AGN
2CXO J073707.3+653455,114.2807358265685,65.58211721527137,150.59351208524734,29.21264530107661,-0.25359150530918,0.32354778263585,-0.52717051842598,3.5086073548699e-15,Cl*,0.2273573872887708,stellar
2CXO J132619.7-472910,201.58246223123356,-47.4863149386977,309.0216954291548,14.97244020768795,-0.96814490943161,-0.87820112429731,-0.59587757651468,4.1236980609357e-14,X,0.07307678445312193,stellar
2CXO J124345.0+113233,190.9374988558418,11.542668986283234,295.9525963064749,74.31014415511791,-0.21611492816989,0.013741411617739,-0.22860712054966,1.9016235583963e-14,PN?,0.4959394055480732,stellar
2CXO J053524.4-052631,83.85195004427885,-5.4420969776725405,209.0762053272476,-19.378136696871525,-0.17239225484072,0.064959400374766,-0.23110555902561,2.48052736359e-15,LM*,0.2181970541780347,stellar
2CXO J180432.2-242410,271.1344683287582,-24.402827544127945,6.046403509162064,-1.357354165485953,-0.32354778263585,-0.13991255465334,-0.19237976264834,1.2630812059065e-13,Or*,0.005813671614235283,stellar
2CXO J165355.6-415251,253.4816614733004,-41.88101328832788,343.39268753969435,1.1834350432491323,-0.94316052467208,-0.75827607745159,-0.64709556527171,5.3308751014272e-14,SB*,0.010071663211574915,stellar
2CXO J174534.8-290245,266.3950681581043,-29.04590249460286,359.9018267433189,-0.0497676899716089,0.99937539038101,0.99937539038101,-0.99937539038101,2.4567668252559002e-15,X,0.0,stellar
2CXO J013356.7+303729,23.48656377346134,30.62493072264687,133.6423335434912,-31.36122249163284,-0.064959400374766,0.22860712054966,-0.28981886321049,3.8784417232354e-14,X,0.4948715264569956,stellar
2CXO J053519.6-052234,83.83207761424637,-5.376204009910774,209.00442432403247,-19.36598418748322,-0.37601499063086,-0.41848844472205,0.059962523422861,1.0179430088196001e-16,LM*,0.0013863390928725702,stellar
2CXO J053505.8-052708,83.77455960214041,-5.45254834664731,209.049163007193,-19.45158091336188,0.22236102435978,0.072454715802623,0.15115552779513,8.2658594002831e-15,Or*,0.010414588903002992,stellar
2CXO J053514.6-052211,83.81109785570311,-5.3697753038290585,208.98832995404848,-19.381703452330203,0.99937539038101,0.99937539038101,-0.99937539038101,1.9483102574232e-14,,0.023399233522061698,stellar
2CXO J010532.9-721331,16.387459572627222,-72.22537282043072,301.4132749087713,-44.861244537433286,-0.50968144909432,-0.26108682073704,-0.28607120549656,7.4965312172154e-14,X,0.7411361041977199,AGN
2CXO J114606.1+472855,176.52558816231056,47.482055443757616,150.74732354911325,65.96358446611717,0.057464084946908,0.31105559025609,-0.25858838226109,1.6248816171319e-13,SN*,0.8907464593298792,AGN
2CXO J053514.0-052221,83.80864849243812,-5.3728282473827305,208.99004655075208,-19.385259454309708,0.99937539038101,0.96939412866958,0.99937539038101,2.8924267159019e-14,Rad,0.003811740064450367,stellar
2CXO J164733.9-015311,251.89149177868887,-1.8865280961106303,15.822313242420918,26.275776420697365,0.10618363522798,0.22985633978763,-0.13741411617739,2.1520508357016e-14,X,0.23396136970219947,stellar
2CXO J164715.7-015646,251.81546584632952,-1.9463368078799157,15.721023398914031,26.30900194553752,0.066208619612742,0.31855090568395,-0.26483447845097,6.0569709177429e-14,X,0.4881127529684183,stellar
2CXO J160849.3-390539,242.20580888014456,-39.09440664098442,339.56799305151026,9.349413683382313,-0.50968144909432,-0.316052467208,-0.22985633978763,7.8013835911125e-14,Or*,0.030339901310685643,stellar
2CXO J132535.5-425935,201.39788148950265,-42.99307474383113,309.54496243978,19.439696495064123,0.31980012492192,0.38226108682074,-0.069956277326671,4.2194163414899995e-14,GlC,0.04604957129866629,stellar
2CXO J023233.1-211726,38.1382577053854,-21.290721446989565,204.2123093668948,-66.26349261062367,-0.20986883198001,0.11242973141786,-0.31355402873204,1.9001688895865998e-13,LeI,0.9932296388127994,AGN
2CXO J174544.0-290104,266.4333852739685,-29.017959509621303,359.9431318915915,-0.0638075406136106,-0.99937539038101,-0.99937539038101,-0.1736414740787,0.0,X,0.0016280913126188964,stellar
2CXO J110840.7-763608,167.16921132118966,-76.60223309370689,296.964672881143,-14.935984191953896,-0.67083073079325,-0.37601499063086,-0.39350405996252,1.0047072265047e-13,Or*,0.04867083709343907,stellar
2CXO J120155.2-184917,180.48012121832005,-18.821496609286392,286.9539766997362,42.50875599746246,-0.45221736414741,0.013741411617739,-0.46221111805122,1.6273660621422e-14,X,0.50123608214499,AGN
2CXO J151548.4-370916,228.95181830861827,-37.15448897953831,332.3923459801003,17.32479061354574,-0.97189256714553,-0.81823860087445,-0.74578388507183,1.1284586617825e-13,Or*,0.05521709071935981,stellar
2CXO J032251.2-370948,50.713566200773016,-37.16351015832506,240.0754839509454,-56.66362675890624,-0.6945658963148,-0.38226108682074,-0.42348532167395,3.9247604308937e-14,UX?,0.19034548370255283,stellar
2CXO J133658.2-294833,204.24284882837503,-29.80924382224959,314.58640025032975,32.02996429059883,0.31105559025609,0.25608994378513,0.058713304184884,1.9799844301256e-14,X,0.21856119659100265,stellar
2CXO J095535.2+690316,148.89700168238505,69.05441411305428,142.10119986208855,40.90888872458869,0.021236727045596,0.14990630855715,-0.12866958151156,3.6743263289565e-14,X,0.3060927551763545,stellar
2CXO J053503.9-052941,83.76646399462243,-5.494809344521924,209.08528323861037,-19.477870338808216,0.92692067457839,0.62835727670206,0.70331043098064,2.3154651369226e-14,X,0.00828201821546617,stellar
2CXO J120623.0+524239,181.5959332318929,52.711029119162376,138.07893536871472,63.07210852746708,0.17489069331668,0.45096814490943,-0.30106183635228,6.52445882808e-13,X,0.9683985877177651,AGN
2CXO J123550.3+621808,188.96002396200103,62.30240544469346,126.07000786139037,54.730707531509246,0.30480949406621,0.24484697064335,0.06371018113679,1.1022273190182e-14,X,0.97693918474218,AGN
2CXO J122947.7+075925,187.4488923267168,7.990491709773326,286.9405542923027,70.18740190520776,0.17863835103061,0.29356652092442,-0.12242348532167,7.271363706131e-15,Gl?,0.5333898895297761,AGN
2CXO J053526.9-052400,83.862400817381,-5.400169678600739,209.04155231667215,-19.349899702303095,-0.79825109306683,-0.58463460337289,-0.39725171767645,4.2178166172096e-15,Or*,0.03993924924617079,stellar
2CXO J132533.9-425859,201.3913421810788,-42.98321264941943,309.5414046677469,19.450131413187272,-0.10118675827608,0.066208619612742,-0.16614615865084,2.5576482694392e-14,GlC,0.21039037110839817,stellar
2CXO J182100.4-161036,275.2516653501507,-16.176767169992907,15.11600451815955,-0.795068539128053,0.071205496564647,0.021236727045596,0.04996876951905,5.1646746600904e-14,X,0.0025,stellar
2CXO J053522.3-052414,83.84302659659147,-5.40395839655991,209.03588829221133,-19.36881615220831,0.86071205496565,0.51967520299813,0.61086820737039,5.745925783533e-15,Or*,0.00638633909287257,stellar
2CXO J093939.3-044353,144.91409566688276,-4.731572741368776,239.97930213028883,33.81435436530772,-0.368519675203,0.036227357901312,-0.39850093691443,2.6405479383979e-13,blu,0.9539685299725698,AGN
2CXO J174537.5-290029,266.4065359698716,-29.008177126084878,359.9392509722492,-0.0386690827132375,0.87570268582136,0.89943785134291,-0.18363522798251,1.5165396403479001e-15,X,0.0025,stellar
2CXO J053526.4-051611,83.86007432755957,-5.270015170080349,208.91745097394323,-19.293062724603637,0.11617738913179,-0.052467207995003,0.1686445971268,8.209049093352e-15,Or*,0.0025201434646985803,stellar
2CXO J104837.7-601325,162.15728847208868,-60.22375875310056,288.24183872226666,-0.9025334130519452,-0.92567145534041,-0.63460337289194,-0.70580886945659,1.1590498018544e-13,Er*,0.004303748883246687,stellar
2CXO J083924.9+192733,129.8538391152482,19.459169651944425,206.05433838427567,32.194649656556166,-0.88694565896315,-0.44097439100562,-0.73204247345409,5.9000155531263e-14,Ro*,0.24533121037270958,stellar
2CXO J053515.6-052402,83.81507338820808,-5.40085243378934,209.01960965549847,-19.39223172686162,-0.70331043098064,-0.36976889444097,-0.44971892567146,3.6992744202183005e-15,Or*,0.006761092535164865,stellar
2CXO J132523.5-430138,201.34798505874835,-43.02733479065387,309.50157838919307,19.410869819646003,-0.0074953154278576,0.10743285446596,-0.11492816989382,,X,0.4703262049045185,stellar
2CXO J053531.6-051657,83.88183692179547,-5.282792300865934,208.93991687702157,-19.279527458485468,-0.19113054341037,-0.13366645846346,-0.057464084946908,6.4294126302783e-15,Or*,0.0,stellar
2CXO J004220.9+411520,10.587293374228809,41.25560929594756,121.09511293766508,-21.5837214179845,0.33603997501562,0.19237976264834,0.15365396627108,2.5756300971276e-14,X,0.1673916323442518,stellar
2CXO J122944.7+075955,187.43628725395047,7.998799279545636,286.89879496430376,70.1923556404255,-0.067457838850718,-0.23735165521549,0.20612117426608,7.187131947318801e-16,GlC,0.20106205460019122,stellar
2CXO J110926.4-650225,167.36014420377046,-65.04027684019321,292.43584376101177,-4.268009418595439,0.52467207995003,0.35227982510931,0.20986883198001,2.7013295699807996e-12,X,0.5934324787445536,AGN
2CXO J053522.5-052343,83.84394684308222,-5.395472869710489,209.0283054620596,-19.36416135818745,-0.49968769519051,-0.33603997501562,-0.19237976264834,3.0202429883894002e-15,Or*,0.0013863390928725702,stellar
2CXO J061706.2+222649,94.27601137764516,22.44714978371017,189.1500328666485,2.942994236055392,0.93566520924422,0.45346658338538,0.83198001249219,8.8906163461435e-14,X,0.02672931398915598,stellar
2CXO J013436.0+303449,23.65029044766908,30.580513297090278,133.81433162145697,-31.37750355325526,0.24359775140537,0.21236727045596,0.032479700187383,4.9491274954152e-14,HII,0.16598861083197544,stellar
2CXO J031937.5+413844,49.9062302584415,41.64567922965978,150.47148531765913,-13.1677282851559,0.44472204871955,0.41474078700812,0.028732042473454,2.1144406756619e-14,X,0.11082205286007371,stellar
2CXO J125053.7+410718,192.7238707101832,41.12177742705709,123.35437023354048,76.00603006226302,-0.042473454091193,0.23110555902561,-0.27108057464085,9.4808068550239e-14,X,0.8815616915510747,AGN
2CXO J181335.1-174957,273.3965209996927,-17.83260996181292,12.81641689912081,-0.0198456489828016,0.99937539038101,0.9893816364772,0.99937539038101,7.383846908746699e-13,Rad,0.02188855618636425,stellar
2CXO J053517.3-052400,83.82243675019447,-5.40007582891436,209.02239025805665,-19.385342437976096,0.99937539038101,0.64834478450968,0.99937539038101,3.0463465166356003e-15,Y*?,0.0027726781857451404,stellar
2CXO J173403.8-261300,263.5158613446142,-26.216848873036387,0.9452279788270505,3.613608549403257,0.77076826983136,0.420986883198,0.51342910680824,9.0463963289986e-14,X,0.03912725738259952,stellar
2CXO J085804.2-472302,134.51770008166977,-47.383897289185015,267.73165996701965,-1.1052239579950178,0.84447220487195,0.37101811367895,0.68831980012492,2.3138655510589e-13,X,0.024446500483215908,stellar
2CXO J053528.5-052504,83.86897022673514,-5.417942426464934,209.06148782667057,-19.352103147221865,-0.85946283572767,-0.58713304184884,-0.53591505309182,2.1161201867291e-15,Y*?,0.07569192062584036,stellar
2CXO J172441.1-341116,261.1712657134308,-34.188102009537616,353.1723825075364,0.9077544030891008,-0.99937539038101,0.99937539038101,-0.99937539038101,0.0,IR,0.007648124076404047,stellar
2CXO J180414.0-242338,271.05852504575887,-24.39412790534971,6.020065936390286,-1.2928123169187242,-0.55590256089944,-0.34353529044347,-0.26108682073704,4.2180118758769996e-14,Or*,0.0,stellar
2CXO J174539.3-285938,266.41411734068106,-28.994008453075807,359.95479937843186,-0.0369470896225921,0.97813866333542,0.99937539038101,-0.99937539038101,3.528938137925e-15,X,0.0017836054185481067,stellar
2CXO J110216.2-610617,165.56812816938316,-61.10505352949566,290.1295350142919,-0.9763839360052664,-0.86945658963148,-0.55090568394753,-0.60961898813242,3.3353377613059e-14,Y*?,0.007067842839297127,stellar
2CXO J064117.7+092926,100.3238040875632,9.490613781372064,203.33277923977911,2.083158412598168,-0.62960649594004,-0.10243597751405,-0.5633978763273,2.7077856656871e-14,Or*,0.017823231971737994,stellar
2CXO J004705.4-251942,11.772788384931571,-25.328594129095155,94.24741365748392,-87.95332696770667,-0.66458463460337,-0.37976264834478,-0.37851342910681,1.3438955577856e-13,X,0.35336992458902117,stellar
2CXO J174541.4-285931,266.42265632821886,-28.99214222329924,359.9602831662439,-0.0423503177535194,0.74453466583385,0.91317926296065,-0.5471580262336,7.849206596546401e-16,X,0.005458474051869544,stellar
2CXO J174541.0-285929,266.4209842500684,-28.99147887184372,359.96008755852324,-0.0407563226210633,0.90693316677077,0.94316052467208,-0.29606495940037,1.7292974817753e-15,X,0.002081897425501723,stellar
2CXO J095546.6+694037,148.94433817660263,69.67717209866385,141.41860306976986,40.56163243009433,0.99937539038101,0.70705808869457,0.99937539038101,1.1150871180152e-13,Rad,0.5613450606432414,AGN
2CXO J053509.5-052800,83.79001270901125,-5.466747692270779,209.0699695694669,-19.44427775931604,-0.79700187382886,-0.54465958775765,-0.4422236102436,4.5989090747583e-15,Or*,0.00888536168471786,stellar
2CXO J223655.9-221315,339.2331827799401,-22.22085148693349,34.598002259968204,-59.145247918965815,0.41224234853217,0.50968144909432,-0.12492192379763,2.5172553030067997e-12,SN*,0.9562635106472109,AGN
2CXO J174940.8-365745,267.4201173785067,-36.96252619096037,353.5544229466239,-4.868251103654283,0.2473454091193,0.068707058088695,0.18113678950656,3.4356295515746e-13,X,0.11284459225225374,stellar
2CXO J135605.3-342110,209.0224469003533,-34.35303272283828,317.83077951118673,26.641318855096557,0.75577763897564,0.57339163023111,0.31730168644597,5.7678170500606e-13,ClG,0.6529627108272547,AGN
2CXO J132954.5+470921,202.47726393254536,47.15604815239664,104.79482539950764,68.59439133766134,0.10993129294191,0.19612742036227,-0.087445346658339,1.0975303595683e-14,Cl*,0.5166453209673637,AGN
2CXO J132952.8+471644,202.4700118923546,47.27894879129736,104.94360197051073,68.4840917020434,0.19737663960025,0.24984384759525,-0.056214865708932,3.2783005169926e-14,X,0.5238807379469947,AGN
2CXO J064118.3+093941,100.32658955059202,9.661532954798652,203.18185773431355,2.163625052880283,-0.80824484697064,-0.316052467208,-0.64834478450968,8.4379950490322e-15,Or*,0.0005933672290270394,stellar
2CXO J120807.4+651028,182.03110013130163,65.17464198204436,130.1855811323819,51.33926165067855,-0.39100562148657,-0.018738288569644,-0.37476577139288,8.778434579816999e-14,Gl?,0.9820833454020803,AGN
2CXO J013301.9+303158,23.257997536059293,30.53290033797838,133.43646660648105,-31.489017136505677,-0.0087445346658339,0.16489693941287,-0.1736414740787,5.5835710841131e-14,PoG,0.29653265660980654,stellar
2CXO J174543.4-285900,266.43098484435905,-28.98350990925582,359.9714466393024,-0.0440728394998201,0.99063085571518,0.98563397876327,0.14490943160525,1.9950159201378e-14,X,0.0,stellar
2CXO J053528.4-052620,83.86850162615247,-5.439018574707826,209.0811899295997,-19.36204770562812,-0.88819487820112,-0.62585883822611,-0.58838226108682,8.1182101928162e-15,Or*,0.113455347814882,stellar
2CXO J033231.9-280310,53.13334530809016,-28.052943394900023,223.9930619695488,-54.45851525708076,-0.16614615865084,0.1261711430356,-0.28607120549656,5.5453668099658e-14,Rad,0.9499961622534374,AGN
2CXO J132953.7+471431,202.4741086453296,47.24210245808076,104.89589934017928,68.51664527054976,-0.89943785134291,-0.81199250468457,-0.31730168644597,6.1635946823682e-15,X,0.07831102041304244,stellar
2CXO J023546.8+344115,38.945219694591685,34.68734478897531,146.14065249605676,-23.438623599643613,-0.47470331043098,-0.053716427232979,-0.43222985633979,6.561966893249699e-13,Pu*,0.8774239130336612,AGN
2CXO J053520.9-052042,83.83751259855046,-5.345320748570307,208.9778281025246,-19.3471850874666,0.99937539038101,0.473454091193,0.99937539038101,7.4493788087333e-15,Or*,0.0,stellar
2CXO J174426.5-290329,266.1104555348295,-29.05811756637552,359.7615016396124,0.1560495629512759,-0.76077451592755,-0.31730168644597,-0.58088694565896,6.0276595575122e-14,X,0.014311238161064109,stellar
2CXO J125829.9+275818,194.62497702605677,27.971687742875,61.655316486464905,88.22195559483609,-0.48094940662086,-0.047470331043098,-0.44347282948157,2.4884631911545e-14,X,0.5484074524874744,AGN
2CXO J091645.3+514147,139.18901793806708,51.69636172117408,166.17414788346656,43.206898497765216,-0.25858838226109,0.021236727045596,-0.27857589006871,2.7815035983632e-13,X,0.9971194915771673,AGN
2CXO J033904.3+093910,54.76830681389083,9.652808356751226,176.62829518252522,-35.20482825120717,-0.90318550905684,-0.24984384759525,-0.7945034353529,1.9094887019175e-13,Er*,0.2710405397056696,stellar
2CXO J053520.5-052140,83.83557400410518,-5.361372883627982,208.9920743643028,-19.35616983550481,-0.35352904434728,-0.29356652092442,-0.064959400374766,8.1697855536787e-15,Or*,0.0009590960029884197,stellar
2CXO J203426.1+600909,308.60890422025545,60.15256828723398,95.68594901391788,11.716544423220668,0.1211742660837,0.082448469706433,0.039975015615241,1.0070851819839999e-13,X,0.3060242226723163,stellar
2CXO J174543.4-285841,266.43117152376817,-28.97811627216971,359.9761359935164,-0.0414030158279583,0.99937539038101,0.99937539038101,-0.99937539038101,2.3801282215939998e-14,X,0.002705118690131862,stellar
2CXO J031946.1+413736,49.94237391784458,41.62694849358532,150.505235742872,-13.168479090566468,-0.20986883198001,0.14366021236727,-0.3422860712055,4.8623579736319997e-14,X,0.5085578354833556,AGN
2CXO J174541.2-285930,266.4217964983425,-28.991756302005086,359.9602208306674,-0.0415073005880522,0.71205496564647,0.85071830106184,-0.36976889444097,6.1308006310179e-16,X,0.0,stellar
2CXO J104346.9-593309,160.94579640029554,-59.552651482942494,287.39251923655496,-0.5886476120242764,-0.23735165521549,-0.16739537788882,-0.06371018113679,3.1077667419281e-15,Y*?,0.0056881703039602305,stellar
2CXO J064104.4+095150,100.26837388629168,9.863928884750765,202.9754388176066,2.204963341740706,-0.79825109306683,-0.43972517176765,-0.54965646470956,1.3169753580793998e-13,Or*,0.0036077976345185057,stellar
2CXO J163946.3-485635,249.9432197306257,-48.94304238385878,336.4058694973693,-1.5004473789927688,0.61711430356027,0.29606495940037,0.39225484072455,1.3503139115548e-13,Y*?,0.0027726781857451404,stellar
2CXO J001142.8-152320,2.9285014214221974,-15.389229450088978,82.74673937085447,-75.06686828325476,-0.36227357901312,-0.092442223610244,-0.27982510930668,2.4288098432344e-13,ClG,0.9524911279409172,AGN
2CXO J090036.8+205340,135.1535443696814,20.894501830005225,206.4434537486584,37.36182400144134,0.63085571517801,0.71830106183635,-0.16239850093691,5.018078840878299e-13,ClG,0.7308325529997722,AGN
2CXO J153457.1+233012,233.7381558021591,23.50359663138413,36.62793526490167,53.02882545929078,-0.58088694565896,-0.34353529044347,-0.2948157401624,1.789510817057e-14,Rad,0.5608581795167698,AGN
2CXO J104634.9+134502,161.6456847486195,13.750784524660132,231.31108076887105,57.96501994914193,-0.034978138663335,0.34978138663335,-0.38101186758276,1.9233498567553e-13,Rad,0.9162375533783016,AGN
2CXO J053513.1-051730,83.8048841806222,-5.291814768404721,208.9116749382392,-19.35193259913893,0.8107432854466,0.26233603997502,0.6945658963148,1.2659502353509e-14,Or*,0.0041290405144090965,stellar
2CXO J123305.1+170133,188.27128170723165,17.025890080216346,279.2036175866998,79.04262811495266,-0.70455965021861,-0.30855715178014,-0.50468457214241,8.6905427117221e-13,Rad,0.07188564722894618,stellar
2CXO J064115.7+092616,100.31565139209148,9.438018562521194,203.37592941268292,2.0519909210732887,-0.67083073079325,-0.30356027482823,-0.45971267957527,1.1065165137896e-13,X,0.013169944511420678,stellar
2CXO J053515.5-052126,83.81500659776464,-5.357471591178011,208.97856547638503,-19.37266592930272,0.97064334790756,0.97813866333542,-0.25484072454716,2.2419234549777e-14,X,0.08087948021912807,stellar
2CXO J165400.8-415238,253.50349798695905,-41.87737786362909,343.40576964093566,1.1731158893221298,0.19362898188632,0.11992504684572,0.074953154278576,1.2174623689632e-13,Y*?,0.0831151258775515,stellar
2CXO J053517.4-051822,83.82288616387825,-5.306232042501951,208.93390097782705,-19.342478152084137,0.78825733916302,0.45846346033729,0.50343535290443,1.8730738441343e-15,Or*,0.008442622697165818,stellar
2CXO J182956.0+010025,277.4836535497259,1.006985719760353,31.374059102426656,5.243125200651444,0.31980012492192,0.022485946283573,0.2998126171143,1.3872590561417e-13,Or*,0.050321388352433945,stellar
2CXO J063238.5-063156,98.16076947550728,-6.53226813936629,216.6380475932339,-7.1406209640524025,-0.82323547782636,-0.38850718301062,-0.63835103060587,1.4064420665782e-12,Ro*,0.06370937378735751,stellar
2CXO J043157.7+182137,67.99075517743563,18.36050697810254,178.80475689323347,-19.83242633935309,-0.06371018113679,0.076202373516552,-0.13991255465334,5.0826541769663e-13,Or*,0.5372580694197007,AGN
2CXO J004733.1-251720,11.888150246921782,-25.28901312411458,97.3634200601981,-87.96477516262799,0.75327920049969,0.30855715178014,0.57713928794503,2.1736284380236998e-13,HII,0.5990830275538825,AGN
2CXO J053513.7-052202,83.80749537150677,-5.3674710942990895,208.98443132933932,-19.38385948584728,0.82573391630231,0.71330418488445,0.19237976264834,2.2902243684145e-15,mm,0.04184059208964003,stellar
2CXO J120902.2-512041,182.2592350439919,-51.34474689564146,296.2103611334178,10.972787878098876,-0.87070580886946,-0.47845096814491,-0.67207995003123,5.6561519920665e-13,Ro*,0.028415221139955912,stellar
2CXO J053519.2-053103,83.83009870070828,-5.517568341767624,209.13716600624664,-19.431644275644672,-0.41099312929419,-0.30480949406621,-0.11992504684572,8.1227740730627e-15,Or*,0.0075,stellar
2CXO J174534.6-290024,266.3944973215196,-29.006959479509863,359.93480427617965,-0.0290483652913333,0.99937539038101,0.93316677076827,0.81823860087445,7.320147198927e-16,X,0.0,stellar
2CXO J053534.0-045411,83.89178185363255,-4.903132839480656,208.58643705942004,-19.09844672912237,-0.59712679575265,-0.24984384759525,-0.40849469081824,1.5644990086898e-13,Or*,0.0436250091608217,stellar
2CXO J172637.7-050512,261.6574234940631,-5.086703960758084,18.258137692165302,16.27063192401576,-0.99937539038101,-0.99937539038101,-0.84447220487196,5.4417326392059e-13,SB*,0.029543612112371786,stellar
2CXO J174542.6-285919,266.42774409769083,-28.98866073235952,359.9655731408676,-0.0443357460403483,0.8894440974391,0.91817613991255,-0.24984384759525,7.619127811091901e-16,X,0.004556283604293248,stellar
2CXO J053531.4-052816,83.88092324868308,-5.47121626730707,209.11755737182423,-19.365569427247767,-0.078700811992505,-0.11242973141786,0.034978138663335,3.7089251972736e-15,HH,0.00484543509586099,stellar
2CXO J174544.0-290106,266.43338458725214,-29.018568058223437,359.9426120824742,-0.0641239747776071,0.86071205496565,0.91317926296065,-0.26233603997502,1.5457312039037e-15,X,0.003169944511420677,stellar
2CXO J120154.2-185201,180.476136286567,-18.867040252777706,286.9650183680288,42.46378772855405,-0.16989381636477,0.016239850093691,-0.18613366645846,3.0720466913172e-14,HII,0.6352483940726202,AGN
2CXO J004241.8+405155,10.674324928515432,40.865264868985314,121.15006548109784,-21.976240345076494,-0.43597751405372,-0.058713304184885,-0.38600874453467,3.1207046643742e-14,X,0.39977414438067604,stellar
2CXO J112018.3+125900,170.0762935696148,12.983515359583052,241.99446036948925,64.42448158590673,0.15865084322299,,,1.3810374321643998e-13,HII,0.7705039808052991,AGN
2CXO J053555.4-052342,83.98102743458867,-5.3952158214074775,209.09345395298743,-19.242323372445014,-0.86570893191755,-0.43222985633979,-0.67582760774516,7.3368060287046e-15,Or*,0.009149183979107679,stellar
2CXO J174608.3-290623,266.53489614400337,-29.10654020575053,359.91367385570555,-0.185675327632182,0.95690193628982,0.97064334790756,-0.26358525921299,4.5976711558013e-14,X,0.009028249810130421,stellar
2CXO J053913.9-685728,84.80814943904454,-68.95787944487175,279.29197528726206,-31.64112645083422,-0.25733916302311,0.23360399750156,-0.46470955652717,2.4773781581966998e-14,X,0.32761127461366407,stellar
2CXO J174539.9-285933,266.4163017427787,-28.99264658769829,359.9569572060117,-0.0378685133049735,0.45096814490943,0.74953154278576,-0.45471580262336,0.0,X,0.011439018340855624,stellar
2CXO J125825.4-014252,194.6060737470882,-1.7146751331037886,306.5470898355012,61.108022958744655,-0.18738288569644,0.042473454091193,-0.22735790131168,8.5256850762178e-14,X,0.8908060934342278,AGN
2CXO J084223.6-790402,130.59872872854362,-79.0674662909877,292.526424455307,-21.66294070591133,-0.77701436602124,-0.33104309806371,-0.59962523422861,6.4632752194148e-13,Or*,0.02907854014640112,stellar
2CXO J042942.4+263248,67.42696385029012,26.54693034920092,171.90381801061284,-14.937952036527388,-0.61086820737039,-0.18113678950656,-0.48219862585884,3.3477644650613e-13,Or*,0.10441560513125417,stellar
2CXO J123157.7-074718,187.99040652580447,-7.788370126533196,294.55014416080763,54.766104284781576,0.0049968769519051,0.24609618988132,-0.24109931292942,2.201595002697e-12,Rad,0.9940135320660223,AGN
2CXO J174534.9-290248,266.3957792089584,-29.046857519531343,359.9013355571859,-0.0507959021115622,0.99937539038101,0.83947532792005,0.14490943160525,4.1566846632952003e-16,X,0.00484543509586099,stellar
2CXO J053515.3-051901,83.81393092233077,-5.317220633152845,208.94000711334823,-19.355403560547305,-0.80949406620862,-0.46346033728919,-0.54965646470956,6.508135381850101e-15,Or*,0.0030785875801556785,stellar
2CXO J174534.0-290030,266.39201994108896,-29.008504488876376,359.9323565829057,-0.0280043229439963,0.87820112429731,0.99937539038101,-0.99937539038101,2.5297639406526e-15,X,0.0,stellar
2CXO J132509.1-425859,201.2882103571924,-42.98312005759692,309.46218197038297,19.46072478596365,0.20737039350406,0.25484072454716,-0.049968769519051,2.7498394146121e-14,GlC,0.04443418496261113,stellar
2CXO J181119.0-192632,272.829450905112,-19.44229888855005,11.1464469959392,-0.3215590182286802,0.66208619612742,-0.13241723922548,0.73079325421611,2.2279218068871e-14,X,0.00966022882274336,stellar
2CXO J053535.6-052935,83.89849750132214,-5.493359277618499,209.14687356382893,-19.359967444944463,-0.73579013116802,-0.30730793254216,-0.55090568394753,1.2427734419044e-14,Or*,0.0029310622088255934,stellar
2CXO J132529.5-430055,201.37313710006947,-43.01542529904561,309.5226466722056,19.42009768397848,0.37726420986883,0.11992504684572,0.2685821361649,5.6904717548216e-14,X,0.1163852716353764,stellar
2CXO J095531.2+690418,148.88026233004496,69.07184756695864,142.08690131862824,40.8939586918982,0.13991255465334,0.23485321673954,-0.098688319800125,2.463536273727e-14,X,0.3066804990937239,stellar
2CXO J053516.6-052315,83.81923624347189,-5.387810726787896,209.0092663705248,-19.38263653574394,-0.13741411617739,0.3735165521549,-0.48594628357277,8.3014492115117e-15,Or*,0.14743166139699487,stellar
2CXO J035838.1+535918,59.658821664531445,53.988617380868334,148.31154715672704,0.6097282519108478,-0.87070580886946,-0.56464709556527,-0.59962523422861,1.7781415072993e-13,SB*,0.017613199210787408,stellar
2CXO J115518.3+193941,178.82644988705533,19.66141527124785,240.08914903150296,75.12944549283925,-0.076202373516552,0.02998126171143,-0.10618363522798,3.4097464660768997e-13,LeI,0.8269861006775746,AGN
2CXO J004730.9-251826,11.879185747604538,-25.307404737193696,96.9340553058648,-87.97792534100182,0.44846970643348,0.53091817613991,-0.18238600874453,5.1826370428754e-15,X,0.6696338746948226,AGN
2CXO J174537.9-290024,266.40820487005453,-29.006985937756102,359.9410281516732,-0.0392942536236404,0.96939412866958,0.97564022485946,-0.21361648969394,6.0729324676599e-15,X,0.007026599965409924,stellar
2CXO J180413.9-242623,271.0580279397325,-24.43992079142102,5.979929472864343,-1.3148824710952898,-0.36727045596502,-0.14366021236727,-0.23485321673954,4.1735156479979e-14,Or*,0.005386428524351133,stellar
2CXO J041610.3-554648,64.04320263406487,-55.78009449709288,265.6314867024494,-43.69143177458884,-0.012492192379763,0.21611492816989,-0.22735790131168,4.4360735698968996e-13,X,0.8853021612372227,AGN
2CXO J080207.4+004831,120.53099378838812,0.8088239860331002,220.4563686950724,16.05584138237945,0.26108682073704,0.27108057464085,-0.011242973141786,2.4044843402028997e-13,SN*,0.19041325899569622,stellar
2CXO J112830.6+583342,172.12786980884982,58.56173800923937,141.90921920925356,55.40528259370295,0.55715178013741,0.36976889444097,0.23485321673954,1.0206274271499e-13,Rad,0.8203514908544182,AGN
2CXO J130442.5-493449,196.1771946490192,-49.58039964368352,305.1410699853515,13.234415525553814,0.64709556527171,0.26483447845097,0.45971267957527,1.7125861239869e-13,X,0.06722876979083366,stellar
2CXO J110918.1-763029,167.3251852179834,-76.5081272383235,296.9603332900029,-14.835219722565792,0.53466583385384,0.25234228607121,0.32479700187383,1.5975974772265e-13,Or*,0.04371465712856692,stellar
2CXO J123050.9+122303,187.7121954145041,12.38419478026428,283.8073303395996,74.48637049038702,0.99937539038101,0.26233603997502,0.99937539038101,2.2322278519375e-15,GlC,0.14605486593877134,stellar
2CXO J173931.2-290952,264.88006708308137,-29.1647625663465,359.1036821769265,1.0129201052937522,-0.45721424109931,-0.28482198625859,-0.19612742036227,8.609676392368799e-13,Ro*,0.010384612138794375,stellar
2CXO J053517.0-052858,83.8211171686761,-5.48287365372392,209.10006230045792,-19.423945380158205,-0.012492192379763,-0.099937539038101,0.088694565896315,5.384344929751e-15,Or*,0.0,stellar
2CXO J053551.6-050809,83.96528380532692,-5.136015430303177,208.8412310012905,-19.138940133349607,-0.86570893191755,-0.37476577139288,-0.72579637726421,,Or*,0.03212557567350553,stellar
2CXO J034426.6+320358,56.11099687401384,32.066127550032746,160.5344371242259,-17.89350024156138,-0.72704559650219,-0.57339163023111,-0.25858838226109,1.6085033737456998e-14,Or*,0.02566348360281723,stellar
2CXO J103522.2-244512,158.84239027459694,-24.753600095479957,267.56972347661184,28.61855670649872,0.20112429731418,0.27857589006871,-0.082448469706433,8.83876112701e-13,ULX,0.7275444893382327,AGN
2CXO J165436.0-415338,253.65022597472444,-41.89390084685263,343.4617949045485,1.077890537977457,0.19612742036227,0.14865708931918,0.048719550281074,1.1219298714006999e-13,bC*,0.048698970705143896,stellar
2CXO J120922.1+295559,182.34244787765533,29.933221599252175,193.5735590582449,80.34827897682501,0.10493441599001,0.15740162398501,-0.053716427232979,1.4173430326445998e-13,ULX,0.5332787581460796,AGN
2CXO J015745.8+374145,29.44122106239581,37.6959647239694,137.1687543755939,-23.335275911301487,-0.26983135540287,-0.014990630855715,-0.25608994378513,6.8973724478923e-14,X,0.8911023918998013,AGN
2CXO J120150.0-184953,180.45840116969305,-18.8316260890452,286.9306027796373,42.49364733798359,-0.1524047470331,0.16114928169894,-0.30480949406621,3.083869707836e-14,X,0.5087458096245036,AGN
2CXO J184204.7-284232,280.5197184693028,-28.7090552397504,6.070854749758078,-10.787672507668653,-0.14490943160525,-0.0037476577139288,-0.14116177389132,1.2806646653538e-13,Rad,0.4547475198956302,stellar
2CXO J174704.6-285246,266.7695388307088,-28.879658379401587,0.2141431187100649,-0.2432677693429663,0.12742036227358,-0.11367895065584,0.36477201748907,3.1931158792108e-15,Y*?,0.009545666250981317,stellar
2CXO J163801.8+061420,249.50785128050236,6.239163348121179,22.52654248918318,32.40846194278958,-0.84946908182386,-0.45221736414741,-0.64584634603373,7.944798488479499e-13,Ro*,0.13989181476902962,stellar
2CXO J053513.7-052217,83.80737299355309,-5.371492284265069,208.9881744633309,-19.385787513544532,0.99937539038101,0.91193004372267,0.99937539038101,1.1127095475993e-14,mm,0.003505830670039829,stellar
2CXO J053512.2-052044,83.80112047097214,-5.345853910929994,208.96095124341807,-19.37973750308506,-0.022485946283573,-0.28232354778264,0.26233603997502,5.2463886070907006e-15,IR,0.0013863390928725702,stellar
2CXO J165739.8-294926,254.41615600998895,-29.823934639977445,353.3333140726276,8.104163592912458,0.054965646470956,0.16489693941287,-0.10993129294191,1.8198831995597e-12,X,0.9210023054704649,AGN
2CXO J053513.0-052153,83.80438859322157,-5.364779614697492,208.98040322374837,-19.385400117862275,0.59212991880075,0.18363522798251,0.45721424109931,5.4971589919205006e-15,Rad,0.0031881703039602304,stellar
2CXO J123038.4+413831,187.6601020294781,41.642179061817615,137.97319213059654,74.87308230058139,0.71955028107433,0.23485321673954,0.58213616489694,1.9853853145973998e-13,X,0.5134895419945689,AGN
2CXO J053512.4-044426,83.80190766224632,-4.740555612731471,208.39010528802692,-19.104211888114367,-0.2211118051218,-0.1736414740787,-0.048719550281074,1.4487006473514e-13,Or*,0.01348415869637831,stellar
2CXO J124252.3+131526,190.71820338732695,13.257453128346224,294.2948586713096,75.98536570069824,-0.088694565896315,0.079950031230481,-0.16739537788882,7.1044667645516e-13,HII,0.9460229467895717,AGN
2CXO J112833.6+583346,172.14009108902928,58.56297548143497,141.89866882281646,55.40778910990405,0.84072454715803,0.53841349156777,0.5471580262336,1.3250240963419e-13,Rad,0.865520603972688,AGN
2CXO J032743.3+311719,51.93070220743033,31.28891856283008,158.08946656192362,-20.71036673607614,-0.48469706433479,-0.1686445971268,-0.34353529044347,2.4535893271705996e-13,Or*,0.43256791651665993,stellar
2CXO J123047.8+122401,187.6993007690577,12.400287489728068,283.74438424300035,74.49796117353115,-0.60587133041849,-0.39725171767645,-0.25858838226109,5.7326565651062006e-15,GlC,0.3849512054277352,stellar
2CXO J053842.1-690555,84.67550765997646,-69.09869246796852,279.4626035994873,-31.672548830395,-0.50218613366646,-0.25109306683323,-0.28732042473454,4.2801254076505005e-15,X,0.26385855740006964,stellar
2CXO J142022.7-605322,215.0948984566486,-60.88956308183059,313.5403820595939,0.1370172048516438,-0.87445346658339,-0.66958151155528,-0.49094316052467,7.0713386635256e-14,Pu*,0.0231239999262416,stellar
