name,ra,dec,glon,glat,hard_hs,hard_hm,hard_ms,flux_aper_b,simbad_otype,prob_AGN,predicted_class
2CXO J053747.4-691019,84.44743462203684,-69.17220150035753,279.5595039517666,-31.74470292235883,0.15615240474703,0.034978138663335,0.12242348532167,4.7635860778935994e-12,,0.5021581899705614,AGN
2CXO J174502.3-285449,266.2597612606146,-28.913945889547996,359.9526738153493,0.1200480836211399,0.99937539038101,0.97189256714553,0.7158026233604,1.0564458560589e-13,,0.013012159193414186,stellar
2CXO J054004.4-691936,85.01839019179624,-69.32688051833055,279.71281157798785,-31.52605174983845,0.83947532792005,0.99937539038101,-0.99937539038101,3.5663068600035e-15,,0.27411067863837196,stellar
2CXO J181431.0-170925,273.62943146370617,-17.15711552203947,13.515875100462504,0.108199372994186,0.9893816364772,0.87445346658339,0.84572142410993,2.5530860646211004e-10,,0.011142542719458763,stellar
2CXO J010402.0-720155,16.00870796515153,-72.03209725135581,301.5570933602047,-45.06251322244161,-0.98188632104934,-0.85946283572767,-0.78575890068707,1.2279649351751e-13,,0.04535984889810895,stellar
2CXO J232328.8+584943,350.8702888178848,58.8285033375675,111.74916777479544,-2.1203420532655874,0.59337913803873,-0.1474078700812,0.68082448469706,1.6594479346133998e-12,,0.12292018098097962,stellar
2CXO J183543.6-325926,278.93193366174046,-32.990602200582416,1.5310464663885968,-11.370543606966567,0.53466583385384,0.48594628357277,0.064959400374766,1.6532326978937002e-11,,0.7957188726802171,AGN
2CXO J054011.4-691910,85.04764183114611,-69.31968905655434,279.7030919589173,-31.51657818667703,0.45471580262336,0.098688319800125,0.34978138663335,8.5752536572221e-16,,0.17805669182717754,stellar
2CXO J170930.3-263919,257.3765611961276,-26.65563009796874,357.47240727611904,7.911739658293846,-0.60836976889444,-0.49968769519051,-0.15365396627108,6.325762690071499e-14,,0.06846817627145499,stellar
2CXO J164449.8+573459,251.2080667327898,57.58326333280597,86.71125080246354,39.44120877513137,0.082448469706433,0.28107432854466,-0.21111805121799,2.096934403564e-15,,0.3377572421538826,stellar
2CXO J010401.0-720209,16.004456153728142,-72.0360433534761,301.55933201747627,-45.058667289402266,-0.93066833229232,-0.79325421611493,-0.52717051842598,3.1054410817569e-14,,0.06731884639883218,stellar
2CXO J112439.1-591619,171.16313516030766,-59.27207295545381,292.0383960021022,1.7517256265818986,0.25484072454716,0.16989381636477,0.087445346658338,6.6348447122209e-13,,0.11249591437432098,stellar
2CXO J174536.9-290132,266.4038398738692,-29.02561753448924,359.9231364730842,-0.045743651649903,0.99937539038101,0.50218613366646,0.99937539038101,0.0,,0.0009590960029884197,stellar
2CXO J010357.4-720143,15.989576599288227,-72.02877137012204,301.56510490653403,-45.066238505998896,-0.99937539038101,-0.67083073079325,-0.19612742036227,0.0,,0.10655524924269784,stellar
2CXO J174535.0-290206,266.39613770832034,-29.035195065378325,359.91145278039204,-0.0449861741511815,0.99937539038101,0.9156777014366,0.99937539038101,2.0364236321398e-15,,0.0,stellar
2CXO J174534.9-290058,266.3956587186394,-29.016313127316327,359.9273502465833,-0.0347894249199111,0.89569019362898,0.99937539038101,-0.99937539038101,4.2494800248241003e-16,,0.0,stellar
2CXO J174535.3-290214,266.3972886657516,-29.037447670283992,359.91005454565243,-0.0470188575049455,0.99937539038101,0.86695815115553,0.23610243597751,4.669460702601101e-16,,0.0,stellar
2CXO J174537.1-290115,266.4045999945104,-29.021081092282948,359.9273548030651,-0.0439473242292172,0.99937539038101,0.91942535915053,0.082448469706433,1.3258287747086e-15,,0.0016922484872831083,stellar
2CXO J174533.9-290109,266.3914668809018,-29.01923641438105,359.9229450496025,-0.0331842081640255,0.76702061211743,0.8107432854466,-0.2685821361649,1.5718660953174002e-16,,0.0041290405144090965,stellar
2CXO J053518.7-691532,83.82808552095344,-69.25896110999432,279.69291487636,-31.952034075600608,0.72954403497814,0.37976264834478,0.51093066833229,6.492384671276401e-16,,0.2750319039554166,stellar
2CXO J174533.7-290117,266.3907453888389,-29.02145603463232,359.9207218687425,-0.0338024525817141,0.91193004372267,0.85446595877577,0.1948782011243,8.073768416744401e-16,,0.002081897425501723,stellar
2CXO J234538.2-424822,356.4090740410602,-42.80620410930637,339.1266193933493,-69.40131895764848,-0.35352904434728,0.026233603997502,-0.37601499063086,6.1905022299247e-12,,0.9859731981664481,AGN
2CXO J174534.1-290056,266.3924539540453,-29.015762602336856,359.926359700842,-0.0321106212692775,0.99937539038101,0.7945034353529,-0.026233603997502,6.6890858002565e-16,,0.0009590960029884197,stellar
2CXO J174536.8-290101,266.4034559721622,-29.017169082404727,359.93017259563834,-0.0410551504043851,0.99937539038101,0.99937539038101,-0.99937539038101,5.927867350852901e-16,,0.0,stellar
2CXO J174534.3-290054,266.393114318827,-29.015172229187147,359.9271645112963,-0.0322958395072535,0.88194878201124,0.99937539038101,-0.99937539038101,1.1365828490369001e-15,,0.0,stellar
2CXO J010355.9-720222,15.983253952704672,-72.039606106459,301.56891357283274,-45.05556342726655,0.99937539038101,0.93191755153029,0.59337913803873,5.3508670192762e-15,,0.3355855541701716,stellar
2CXO J174533.6-290117,266.39008009217946,-29.02161302723661,359.92028470415306,-0.0333877491773953,0.99937539038101,0.77451592754528,0.26483447845097,4.4539030079176e-16,,0.0009590960029884197,stellar
2CXO J173113.6-212552,262.806887081774,-21.431165204625543,4.637275289530475,6.745121470069819,0.61086820737039,0.38725796377264,0.29356652092442,8.9102513446136e-13,,0.5236673182951533,AGN
2CXO J174533.6-290108,266.3903111568425,-29.01905282842921,359.9225750643485,-0.0322259851635762,0.75702685821362,0.99937539038101,-0.99937539038101,2.5080623447082004e-16,,0.0009590960029884197,stellar
2CXO J010353.0-720214,15.971385020531898,-72.0374522954242,301.573873777163,-45.057962983406405,0.99937539038101,-0.064959400374766,0.99937539038101,1.1181568528745e-15,,0.16937502474348531,stellar
2CXO J173032.6-211936,262.6361411682369,-21.326765695557278,4.639267156272981,6.935319597852655,-0.15740162398501,-0.044971892567146,-0.11367895065584,4.0289866048253e-13,,0.4087493351146974,stellar
2CXO J174537.1-290135,266.4049870021222,-29.026530402957395,359.9228799277956,-0.047075424251109,0.95440349781387,0.9369144284822,0.039975015615241,1.6002924507315e-15,,0.003169944511420677,stellar
2CXO J010400.9-720239,16.00384778394573,-72.04416751386034,301.56039172776866,-45.05057551888162,0.99937539038101,0.48344784509681,0.99937539038101,6.812906690725101e-16,,0.19476554430575782,stellar
2CXO J174534.6-290217,266.3941747907096,-29.03832771468107,359.9078847673298,-0.0451538323932885,0.90693316677077,0.83572767020612,0.18363522798251,8.187227537592501e-16,,0.004581897425501723,stellar
2CXO J174157.2-205412,265.48864710432736,-20.903538538465416,6.421825101377601,4.906438006947003,-0.62960649594004,-0.26733291692692,-0.43472829481574,3.3931205121521e-13,,0.07149212215988941,stellar
2CXO J174533.4-290106,266.38975540501656,-29.01877978189945,359.9225548386148,-0.0316689175414014,0.71205496564647,0.80949406620862,-0.29231730168645,0.0,,0.005912645932957203,stellar
2CXO J174533.3-290132,266.38887242995327,-29.02579605793141,359.91616428357327,-0.0346664313406424,0.99937539038101,0.92692067457839,-0.3422860712055,1.1176000357276e-15,,0.0013863390928725702,stellar
2CXO J174533.2-290135,266.38861627264737,-29.026654677592237,359.91531475149907,-0.0349227354356659,0.99937539038101,0.89319175515303,0.99937539038101,1.2158767563195e-15,,0.0013863390928725702,stellar
2CXO J063354.3+174614,98.47635011332062,17.770837798239363,195.1336335329974,4.266684354412977,-0.26108682073704,-0.0074953154278576,-0.25484072454716,4.2787875511978e-13,,0.3830207395569624,stellar
2CXO J174535.5-290044,266.3982772011629,-29.01227407111765,359.93199081238146,-0.0346391279528822,0.046221111805122,0.20737039350406,-0.10243597751405,0.0,,0.06491318315085576,stellar
2CXO J174537.3-290058,266.40543022579345,-29.01619007586743,359.93190774755567,-0.0420186371190492,0.99937539038101,0.90568394753279,0.33978763272954,1.1576815127137e-15,,0.0,stellar
2CXO J174533.1-290141,266.3883443339653,-29.028260107453757,359.9138206527099,-0.0355564655752666,0.99937539038101,0.99937539038101,0.7945034353529,9.346449928524702e-16,,0.0,stellar
2CXO J174533.2-290112,266.38861905899284,-29.020148916676927,359.9208684725565,-0.0315343547276523,0.99937539038101,0.90193628981886,-0.17239225484072,1.2946434130819001e-15,,0.0025,stellar
2CXO J134852.3+263537,207.21792884839056,26.593651943031617,33.81193143087323,77.18654579179743,-0.57464084946908,-0.32854465958776,-0.29731417863835,1.3106839952949999e-14,,0.46977190689090326,stellar
2CXO J134852.3+263538,207.2182657673808,26.59415330880916,33.81431451462844,77.18629519115092,-0.75078076202374,-0.24109931292942,-0.6208619612742,,,0.29788259401348766,stellar
2CXO J010213.7-220223,15.557512271774726,-22.03975481515661,149.24675174074133,-84.35149078453584,-0.33978763272954,-0.013741411617739,-0.32729544034978,6.363568767080699e-13,,0.966378118890919,AGN
2CXO J235839.1-552937,359.6630465464789,-55.49366511161938,317.95380303649586,-60.068414889696136,-0.61836352279825,-0.13241723922548,-0.52966895690194,5.6664861258323e-13,,0.84709530187612,AGN
2CXO J174919.9-271142,267.3331718412794,-27.19524543318439,1.9134613508753315,0.2006213971476483,0.98313554028732,0.92816989381636,0.6158650843223,2.6894494801222e-13,,0.015135155781469118,stellar
2CXO J104400.6-593249,161.0027919109757,-59.54706679997397,287.41538834858585,-0.5701389778057421,0.64834478450968,0.45346658338538,0.20612117426608,4.3098591230146e-15,,0.004556283604293248,stellar
2CXO J151346.7-590043,228.4446569384808,-59.01203837040581,320.36864571959217,-1.0461536002880247,-0.78201124297314,-0.82948157401624,0.14241099312929,2.0278500474803e-14,,0.003546957393082527,stellar
2CXO J104354.5-593211,160.97737391879446,-59.53652904059473,287.3990622538781,-0.5668920068196136,-0.67582760774516,-0.13991255465334,-0.56589631480325,9.4512548727096e-16,,0.02306593339327452,stellar
2CXO J193049.5+185448,292.7064798688285,18.913385785947096,54.170556133535705,0.2186187001998466,-0.85446595877577,-0.43597751405372,-0.66583385384135,1.4338076816904e-13,,0.0,stellar
2CXO J104400.8-593251,161.0033095985607,-59.54750516573476,287.4158259205201,-0.5704027136076457,0.90443472829482,-0.18363522798251,0.99937539038101,1.4443182936703e-15,,0.0013863390928725702,stellar
2CXO J174537.0-290223,266.40423157632154,-29.04002609048576,359.91101671045925,-0.0535433467805528,0.79200499687695,0.99937539038101,-0.99937539038101,2.2648128609927003e-16,,0.0,stellar
2CXO J104359.4-593226,160.99790083724133,-59.54076510541083,287.4102390702209,-0.5657406589498681,-0.13866333541537,0.096189881324172,-0.23235477826359,4.0238556982658e-15,,0.04595297350334099,stellar
2CXO J195952.3+404301,299.9683032135181,40.717257664378856,76.21511409134744,5.6818510031411815,0.19737663960025,0.17489069331668,0.023735165521549,1.0565211906324e-13,,0.21465438085416658,stellar
2CXO J174533.0-290114,266.38774943416047,-29.02082407873359,359.9198959415588,-0.0312372068277296,0.99937539038101,0.76077451592755,0.99937539038101,4.8678275136515e-16,,0.0009590960029884197,stellar
2CXO J104352.8-593224,160.97023755097337,-59.540131182144016,287.3975625808133,-0.5717721278778798,0.041224234853217,0.037476577139288,-0.0049968769519051,9.534148687281e-16,,0.0075,stellar
2CXO J174537.4-290055,266.4061306137339,-29.015470065850995,359.9328414229183,-0.042166271980786,0.81948782011243,0.91942535915053,-0.42348532167395,1.3708280097774e-15,,0.0025,stellar
2CXO J104354.2-593323,160.9758609581429,-59.55646799004488,287.40775921221694,-0.5848508566207821,-0.99937539038101,-0.99937539038101,0.55840099937539,3.6305299032001e-16,,0.017072689059875714,stellar
2CXO J104359.7-593325,160.99909443526155,-59.5571553975168,287.4184738488129,-0.5799252562525085,-0.25234228607121,0.059962523422861,-0.30605871330418,1.9008385532749002e-15,,0.017776462922967383,stellar
2CXO J104400.2-593318,161.00088696092337,-59.55526669204859,287.41838833339403,-0.5778312571692354,-0.1948782011243,0.1474078700812,-0.33354153653966,1.5877551284237e-15,,0.04341005944331937,stellar
2CXO J104356.1-593337,160.98385370376786,-59.56030684237169,287.4131383042585,-0.5863356052180587,-0.48469706433479,-0.35227982510931,-0.14116177389132,2.3001026560758e-15,,0.0017836054185481067,stellar
2CXO J174533.4-290203,266.389575631154,-29.034352930270938,359.9091816803658,-0.0396505444404465,0.51842598376015,0.85571517801374,-0.60712054965646,1.0268095394829001e-16,,0.008109818542141073,stellar
2CXO J104357.6-593210,160.9900526315697,-59.53610067842264,287.4045349494324,-0.5634926985981896,-0.02998126171143,0.084946908182386,-0.1211742660837,2.3697363725527002e-15,,0.012267608743652021,stellar
2CXO J174536.0-290232,266.4004052021462,-29.042292858384144,359.90733890399645,-0.0518691470365177,0.99937539038101,0.789506558401,0.42348532167395,2.8605551965621e-16,,0.0009590960029884197,stellar
2CXO J175154.7-292805,267.9779446898914,-29.46831341679601,0.2515664338344761,-1.4508879799064691,0.80574640849469,0.52467207995003,0.48594628357277,1.7034348088364e-13,,0.012198194321551097,stellar
2CXO J174538.3-290142,266.40989641528586,-29.028452355942896,359.92347600506446,-0.0517408396032212,0.99937539038101,0.75952529668957,0.49094316052467,1.4693214202862002e-16,,0.0019181920059768395,stellar
2CXO J010303.8-215653,15.765986046461478,-21.948267359162447,150.5900622821666,-84.18493303100207,-0.25109306683323,0.027482823235478,-0.27607745159275,6.0686782239851e-13,,0.9780202047569228,AGN
2CXO J104354.1-593325,160.97564366595918,-59.55719904981618,287.40800573283923,-0.5855478530039788,-0.16739537788882,-0.0037476577139288,-0.15865084322299,2.8412409438312002e-15,,0.009324300508038879,stellar
2CXO J151345.4-590043,228.4389331089744,-59.01180649660292,320.3662445401192,-1.044428883352881,-0.95315427857589,-0.89444097439101,-0.39350405996252,7.724031759545299e-14,,0.005787108591236607,stellar
2CXO J195952.7+404819,299.9702972884005,40.80559753388626,76.29179329433451,5.726399823922298,0.13366645846346,0.15615240474703,-0.022485946283573,1.0949892081573999e-13,,0.2865809285511957,stellar
2CXO J104352.3-593242,160.9679274466214,-59.54522039859384,287.3989221398207,-0.5768142615427527,-0.17489069331668,0.17613991255465,-0.3472829481574,6.028485493564e-16,,0.024678438080453252,stellar
2CXO J184752.8-015958,281.97012269707307,-1.999507309903076,30.746946015648025,-0.1205561874816116,-0.66958151155528,-0.34478450968145,-0.42223610243598,1.4216054711531e-13,,0.0013863390928725702,stellar
2CXO J191003.4-595535,287.51417303626147,-59.92665947394152,336.53548897455266,-25.51788960156632,-0.26233603997502,0.0087445346658337,-0.27108057464085,4.3034413836319995e-13,,0.9950402869293969,AGN
2CXO J175003.9-322550,267.5163608268172,-32.430614068249305,357.5007627601415,-2.623393051149411,0.95315427857589,0.70705808869457,0.75452841973766,1.2172068001912e-11,,0.20287493832202597,stellar
2CXO J130931.2-232659,197.3801481705381,-23.4497952051487,308.2884922154345,39.23380554687631,-0.20612117426608,0.041224234853217,-0.24484697064335,8.6259671977512e-14,,0.9647238038220505,AGN
2CXO J031922.0+032214,49.84189413108197,3.3706609159077545,178.22419884566526,-43.07074567569288,-0.96189881324172,-0.70081199250468,-0.79825109306683,7.605861765635299e-12,,0.13029875500460197,stellar
2CXO J104352.3-593225,160.96817833861496,-59.54031603544659,287.3967281668236,-0.5724261049575875,-0.098688319800125,-0.031230480949407,-0.064959400374766,4.4856367250961005e-15,,0.007432622411468306,stellar
2CXO J004419.2-203906,11.080405778664726,-20.651893253599088,108.46361617687246,-83.32282238569043,0.45471580262336,0.26233603997502,0.21861336664585,3.6170178324186e-13,,0.5489820012050133,AGN
2CXO J055204.0+323924,88.0169567785876,32.65680137476173,177.52126802686217,3.101742887374301,0.23610243597751,0.13491567770144,0.10368519675203,1.6431756515827998e-13,,0.11161695113963434,stellar
2CXO J010350.4-720208,15.960013128439924,-72.03566413235713,301.5786544167015,-45.0599864187544,0.66083697688944,0.70455965021861,-0.10243597751405,2.5207625135141e-15,,0.4172311135642818,stellar
2CXO J104400.2-593223,161.00105873622783,-59.53987214903279,287.4112327872769,-0.5642003078472256,-0.99937539038101,-0.99937539038101,0.047470331043098,0.0,,0.0016280913126188964,stellar
2CXO J104357.8-593209,160.99105570960955,-59.535981529947314,287.40492788716824,-0.5631485456377645,-0.74078700811993,-0.52592129918801,-0.33479075577764,1.9562108117346e-15,,0.00234543509586099,stellar
2CXO J104352.3-593226,160.96794918948535,-59.54069787007696,287.3968051953174,-0.5728177152001761,-0.99937539038101,-0.15990006246096,-0.62835727670206,4.1483826561872004e-16,,0.013870642520753613,stellar
2CXO J174533.6-290051,266.3900270216095,-29.01418624575196,359.92659907753,-0.0294777699133906,0.99937539038101,0.63460337289194,0.41723922548407,2.6018298152664003e-16,,0.0,stellar
2CXO J104400.4-593238,161.0019945980108,-59.54390050326564,287.413544099468,-0.5675336314934961,-0.83572767020612,-0.30480949406621,-0.68332292317302,1.0661089035769001e-15,,0.016458002304447484,stellar
2CXO J174533.3-290056,266.3888727135732,-29.01563123904233,359.9248397600451,-0.0293692929949553,0.86945658963148,0.789506558401,0.21111805121799,3.4007602575899e-16,,0.005912645932957203,stellar
2CXO J174535.4-290113,266.3978831988257,-29.020384741841124,359.92488874867206,-0.0385713543470594,0.81698938163648,0.94316052467208,-0.5896314803248,5.035513381723e-16,,0.0031130389560085543,stellar
2CXO J104400.9-593306,161.00400520011772,-59.55175136093142,287.4181318724093,-0.5739856682344953,0.99937539038101,0.6208619612742,-0.14990630855715,1.7763877030232002e-15,,0.0007331524842946886,stellar
2CXO J053844.7-690959,84.68651284972248,-69.16650306313304,279.5412318078043,-31.660924434513888,-0.99937539038101,-0.99937539038101,-0.63085571517801,2.3523079152975e-13,,0.0908592693938632,stellar
2CXO J122648.5+215300,186.70233653053253,21.883636596813165,254.7254302338507,82.32841954594493,-0.45721424109931,-0.13866333541537,-0.34103685196752,4.5450750338872e-13,,0.7442132871809265,AGN
2CXO J174832.7-270746,267.13660789757046,-27.12961466249731,1.8796245945098693,0.3843266702242789,0.99562773266708,0.92692067457839,0.89319175515303,1.7975510172539e-13,,0.003078587580155679,stellar
2CXO J104354.1-593333,160.97571301205448,-59.5593360704926,287.4090414424646,-0.5874174812565235,-0.50468457214241,-0.091193004372267,-0.40224859462836,5.3892812233494e-16,,0.006591457783004433,stellar
2CXO J174533.5-290212,266.39003288427875,-29.03689998510805,359.90721618313256,-0.0413191182882597,0.99937539038101,0.88694565896315,0.99937539038101,6.791474995221401e-16,,0.0,stellar
2CXO J104352.5-593312,160.96886506894143,-59.55355214664381,287.4032594109054,-0.5839440465296775,-0.29731417863835,-0.046221111805122,-0.24109931292942,1.0305234249586e-15,,0.005515379607281668,stellar
2CXO J131346.7+472112,198.44484030709,47.35341673622092,112.1780971397202,69.3056168790772,-0.069956277326671,0.13866333541537,-0.20737039350406,1.7366293312860999e-13,,0.9767784419128206,AGN
2CXO J104400.6-593326,161.00279005904008,-59.55732860892142,287.42020831016106,-0.5791985049035859,-0.99937539038101,-0.99937539038101,0.16114928169894,6.1951139189294e-16,,0.017072689059875714,stellar
2CXO J055120.2+322843,87.8343320628901,32.47875109120331,177.59643751949696,2.878685852688605,0.36602123672705,0.18238600874453,0.19612742036227,1.7997037530555e-13,,0.04826744967408428,stellar
2CXO J162441.1-272147,246.1713248480912,-27.36309307172584,350.5009211911874,15.227615410243306,0.18988132417239,0.15115552779513,0.038725796377264,5.9678953486696e-13,,0.5948508077496215,AGN
2CXO J174033.3-534346,265.13907951500244,-53.7296547895467,338.105046675493,-11.968499623981636,-0.28856964397252,-0.039975015615241,-0.25109306683323,1.6624015193010998e-13,,0.2796703627298762,stellar
2CXO J175113.6-293110,267.80703917130484,-29.519493626467323,0.1316158691922516,-1.3490613204278197,0.89444097439101,0.6683322923173,0.56089943785134,8.0661954061369e-14,,0.028755016867579405,stellar
2CXO J155432.7+661534,238.63600244381223,66.25960504943998,100.1410311546786,41.85899482932746,-0.12991880074953,0.059962523422861,-0.18988132417239,4.1275510895935e-14,,0.664320181075589,AGN
2CXO J122946.3+080009,187.44290846593128,8.0025955379294,286.9147618158192,70.19765996410197,-0.30480949406621,0.052467207995003,-0.36976889444097,1.5745198102329e-15,,0.5498533016256916,AGN
2CXO J010202.5-212751,15.510790938522746,-21.46430389089289,146.59543494941613,-83.84273793595186,-0.30106183635228,-0.022485946283573,-0.28107432854466,3.4567778339107e-13,,0.9501160179156917,AGN
2CXO J104351.7-593236,160.96550478463882,-59.54334464347851,287.3969562549993,-0.5757362631944382,-0.28357276702061,0.059962523422861,-0.33479075577764,3.32942062553e-15,,0.03464422135254902,stellar
2CXO J053541.4-691658,83.92261500085885,-69.28281292810333,279.7157043436479,-31.91578024300972,-0.99937539038101,-0.99937539038101,-0.63460337289194,1.7515064086787001e-16,,0.2240620427804187,stellar
2CXO J104353.9-593335,160.97473932158687,-59.559798835329225,287.4088235875336,-0.5880578350740575,-0.30480949406621,-0.17863835103061,-0.11992504684572,2.8105848822636e-15,,0.0,stellar
2CXO J104401.7-593258,161.00736683425816,-59.54952385403276,287.4185895601534,-0.5712189779623079,-0.26233603997502,-0.044971892567146,-0.19362898188632,7.9194086617239e-16,,0.004556283604293248,stellar
2CXO J203310.6+411815,308.2943929389536,41.30419377367903,80.20786718554398,0.7925789041635724,-0.013741411617739,-0.29606495940037,0.2998126171143,1.5926568116014e-15,,0.0019181920059768395,stellar
2CXO J173027.9-213142,262.61653976097034,-21.528467965133448,4.458433621736719,6.84158392055356,0.34353529044347,0.17613991255465,0.17863835103061,8.8054710009957e-14,,0.1269463495202884,stellar
2CXO J174537.8-290216,266.40785096477134,-29.037829701494072,359.9145401435369,-0.0550999309537425,0.84821986258588,0.80824484697064,0.069956277326671,4.219410547734e-16,,0.0009590960029884197,stellar
2CXO J155453.3+661826,238.72223440725637,66.30735847046337,100.17191146354988,41.80464489529627,-0.38850718301062,-0.0087445346658339,-0.38101186758276,2.3318306602133e-13,,0.9669135625321781,AGN
2CXO J104401.7-593254,161.00732651500243,-59.54842912447146,287.41805730438944,-0.5702621173315133,-0.74453466583385,0.35103060587133,-0.84447220487196,6.3043654114595e-16,,0.03147857932623173,stellar
2CXO J122946.7+080020,187.44475961426417,8.005740480220314,286.9177021540088,70.20116123379336,-0.16114928169894,0.20737039350406,-0.37601499063086,1.1627991481368001e-15,,0.35514503680543574,stellar
2CXO J115113.3-623724,177.80548411516838,-62.62360463722168,296.07225946212674,-0.556570749891223,-0.99687695190506,-0.39600249843848,-0.99188007495315,1.7287522361576e-11,,0.05754086591975211,stellar
2CXO J155424.4-550343,238.6019617328767,-55.062289790876086,327.1512454615616,-1.037348290366116,0.93816364772017,0.60836976889444,0.76702061211743,2.4450641631449996e-13,,0.021700010941859853,stellar
2CXO J174532.7-290130,266.3864686700788,-29.025110661381586,359.9156538517542,-0.0325153771185593,0.6945658963148,0.78201124297314,-0.20986883198001,3.7888416579609e-16,,0.010629129945887661,stellar
2CXO J130947.2-232548,197.44684972905384,-23.43025790732748,308.3694797852492,39.24767778279987,0.043722673329169,0.10493441599001,-0.06371018113679,2.8819254564858e-14,,0.28532844457263473,stellar
2CXO J104351.6-593229,160.96524198747647,-59.54159911567962,287.3960178099191,-0.5742584194296564,-0.99937539038101,-0.73953778888195,-0.38101186758276,7.1271038542621e-16,,0.016550428896244026,stellar
2CXO J123203.8-161146,188.0160382571038,-16.196296882029593,296.1770943290726,46.42119693656551,-0.9843847595253,-0.84072454715803,-0.82948157401624,,,0.04192565629175728,stellar
2CXO J093243.5+265913,143.1814880639036,26.98713999666017,201.2123849959222,46.063297951882085,-0.92816989381636,-0.57963772642099,-0.75452841973766,5.412447891823199e-12,,0.13750929670133352,stellar
2CXO J111449.5-611150,168.7063217069558,-61.19742246568817,291.56183682537335,-0.4767133603546553,-0.65084322298563,-0.33603997501562,-0.3997501561524,4.4944459046305e-15,,0.002204808930871619,stellar
2CXO J104355.8-593346,160.98280560363787,-59.56284133416431,287.41386091429393,-0.5888222652834496,-0.53091817613991,-0.30730793254216,-0.24859462835728,1.8813207261826e-15,,0.0013863390928725702,stellar
2CXO J104358.0-593224,160.99168695354876,-59.5402725265882,287.4072268495957,-0.5667859003971433,-0.99937539038101,-0.99937539038101,0.30980637101811,7.0324554442199e-16,,0.015289083641327608,stellar
2CXO J061723.7-574354,94.3487425505312,-57.7320477921612,266.545238777595,-27.12163961028732,-0.57838850718301,-0.21111805121799,-0.41848844472205,6.6107032765465e-13,,0.7973404985811898,AGN
2CXO J122947.0+075943,187.4458896967418,7.995362279156164,286.9284946436705,70.1913842447533,0.077451592754528,0.012492192379763,0.061211742660837,2.1025436424261e-15,,0.3421466382043524,stellar
2CXO J104401.2-593313,161.00509662174534,-59.553713323465296,287.4195417989558,-0.5754579091928287,0.18488444722049,-0.011242973141786,0.19237976264834,8.020694691880201e-16,,0.0013863390928725702,stellar
2CXO J174536.9-290149,266.4039800896023,-29.03036826784784,359.9191454387379,-0.048323604039276,0.39600249843848,0.99937539038101,-0.99937539038101,1.0014293119282e-15,,0.0064744756102700874,stellar
2CXO J104354.6-593340,160.97709540260678,-59.56146348373613,287.4106597812359,-0.5889659150332345,-0.42348532167395,0.46470955652717,-0.73828856964397,1.0381521602818e-15,,0.01206010272323469,stellar
2CXO J174804.7-271621,267.0197582470432,-27.272619749218386,1.7034939268352245,0.399515307411231,0.99937539038101,0.93816364772017,0.99937539038101,2.2445891442179998e-13,,0.004862192998703785,stellar
2CXO J104351.5-593308,160.96468710161616,-59.55238174523478,287.4008404495927,-0.5839066687432964,-0.56464709556527,0.024984384759525,-0.56964397251718,1.0112143106154e-15,,0.004283605418548106,stellar
2CXO J193051.4+185505,292.71440576581745,18.918251078551307,54.17842682832328,0.2143828868326187,-0.89943785134291,-0.56964397251718,-0.67332916926921,6.6031061857876e-14,,0.009445659600504537,stellar
2CXO J170056.5-455534,255.23570299500037,-45.92617289497956,341.01500682989257,-2.324684321964356,0.90068707058089,0.60337289194254,0.64959400374766,6.3015006406932e-13,,0.0993112264841007,stellar
2CXO J104400.4-593218,161.00193337607914,-59.5383926370612,287.4109291655359,-0.5626859166742312,-0.43347907557776,0.99937539038101,-0.99937539038101,1.278573893763e-15,,0.00330453109884941,stellar
2CXO J151350.2-590131,228.45953261394777,-59.02531400481578,320.3683174850397,-1.0614758152770356,-0.94066208619613,-0.89569019362898,-0.27732667083073,1.239362821383e-14,,0.004230124344013063,stellar
2CXO J024442.9-260911,41.179063098855806,-26.153023782825944,217.22512946288344,-64.72144652361706,-0.19362898188632,-0.33354153653966,0.14865708931918,5.0549318175395e-13,,0.32351869907417274,stellar
2CXO J173034.9-213344,262.6455825738953,-21.562289021345222,4.444503118150884,6.800568414454133,0.3947532792005,0.25608994378513,0.15365396627108,7.9756235488661e-14,,0.13012942941041855,stellar
2CXO J174835.0-270227,267.1458941747701,-27.040933659527305,1.959866440699992,0.4229821166818435,-0.28607120549656,-0.023735165521549,-0.26233603997502,2.3445869883743e-14,,0.04172874462859362,stellar
2CXO J022458.1+621401,36.242359370838415,62.23385232617901,133.5894252375453,1.3132027869614489,0.95690193628982,0.6420986883198,0.8157401623985,1.1642145540962e-12,,0.1188948230026183,stellar
2CXO J184249.7-321247,280.70722252478504,-32.213098486826475,2.8923306533998714,-12.403348837414237,-0.89943785134291,-0.53716427232979,-0.69831355402873,2.2006018216425998e-13,,0.01487256895276573,stellar
2CXO J174538.6-290123,266.41109017268616,-29.023278753157204,359.92843582421364,-0.0499364160644595,0.93441599000625,0.88194878201124,0.19737663960025,1.8170022763257002e-15,,0.002081897425501723,stellar
2CXO J020911.0+110020,32.296242380432034,11.00567138435027,151.82069038168729,-47.457955236708834,-0.26233603997502,-0.028732042473454,-0.23610243597751,2.8760619783047e-13,,0.9873110157238333,AGN
2CXO J003909.7+031749,9.790630900298028,3.2969668512544468,116.89946721412932,-59.43092514457015,-0.0074953154278576,0.1524047470331,-0.15990006246096,2.7534650228964e-13,,0.8333361044878044,AGN
2CXO J104356.1-593350,160.98375048950152,-59.56411883466728,287.41488390894693,-0.589724883102414,0.32354778263585,0.30980637101811,0.011242973141786,2.0788714609658e-14,,0.02766067915261469,stellar
2CXO J051646.3+341409,79.19331617537466,34.23595956767185,172.1999726526846,-2.224133968254151,0.67957526545909,0.43472829481574,0.34353529044347,5.456121932570399e-13,,0.1348541514639602,stellar
2CXO J041928.1+023532,64.8674204156946,2.59228580604058,190.77183248628668,-31.77939158867941,-0.16739537788882,0.039975015615241,-0.20612117426608,8.4425758692376e-13,,0.9565710737658948,AGN
2CXO J174533.0-290203,266.3878865325926,-29.03425587385564,359.9084948708306,-0.0383395391939244,-0.99937539038101,-0.420986883198,-0.39100562148657,0.0,,0.01650750048747907,stellar
2CXO J174534.8-290036,266.3954288868865,-29.010109889968245,359.9325399580029,-0.0313853898408026,0.99937539038101,0.8844472204872,0.63960024984385,5.8917567829141e-16,,0.0,stellar
2CXO J043823.8-121257,69.59948963251657,-12.2160832818634,209.00534008960236,-34.997283248291495,-0.44846970643348,-0.053716427232979,-0.40349781386633,2.4934701493766e-13,,0.9135569068358308,AGN
2CXO J181921.7-252601,274.8406035101448,-25.433658589661427,6.750654316106957,-4.801802356669798,0.2211118051218,0.15990006246096,0.06371018113679,2.9767343003482e-13,,0.15069481568217974,stellar
2CXO J173059.6-212049,262.7484367304968,-21.34704375915492,4.679001116582097,6.836345103887174,0.44472204871955,0.2261086820737,0.24109931292942,1.4002200658215998e-13,,0.1107581041319795,stellar
2CXO J004226.4-334642,10.610218716086932,-33.7785118698745,318.6261481218921,-83.07347336296304,-0.39850093691443,0.01998750780762,-0.4159900062461,3.6686272723579e-13,,0.9241337736977391,AGN
2CXO J191027.3-054654,287.6141286023245,-5.781683612216348,29.92672301023804,-6.85343926075942,0.28357276702061,0.22361024359775,0.06371018113679,8.6765861259055e-13,,0.5896540552388647,AGN
2CXO J010413.7-720227,16.057237967044102,-72.0409904923045,301.5368350060543,-45.05259771826244,0.26483447845097,0.16614615865084,0.10243597751405,3.5157259224589003e-15,,0.3618091195680798,stellar
2CXO J074421.0+375145,116.0874725726128,37.86268982782181,181.8175853433545,26.14538820440361,-0.17489069331668,0.023735165521549,-0.19737663960025,1.2472315508812e-13,,0.8339221337260938,AGN
2CXO J191002.6-635005,287.5109525842712,-63.83476885749137,332.2542309720231,-26.17299519698724,-0.032479700187383,0.086196127420362,-0.11867582760775,5.136512951956e-13,,0.766547483746548,AGN
2CXO J122946.8+075935,187.4449791637984,7.9930793946428444,286.927586073563,70.18894912963218,-0.23735165521549,0.37851342910681,-0.59088069956277,5.474925308114901e-16,,0.3245996382417087,stellar
2CXO J193215.7+300751,293.06563656927096,30.130879140807384,64.18754481985283,5.307666462384039,0.25484072454716,0.24359775140537,0.012492192379763,8.8585539499971e-13,,0.6017100727080001,AGN
2CXO J174538.9-290140,266.4120839362681,-29.02803458778877,359.92482910097795,-0.0531558250334283,0.99937539038101,0.99937539038101,-0.99937539038101,0.0,,0.0013863390928725702,stellar
2CXO J065652.5-560343,104.2183539214288,-56.062758931395614,266.0710900809152,-21.501388432466,-0.23110555902561,0.0024984384759525,-0.23360399750156,3.1066103366029995e-13,,0.7321374190627717,AGN
2CXO J122947.8+080020,187.44914882482877,8.005586806522642,286.930246494165,70.20208961057736,0.087445346658338,0.024984384759525,0.054965646470956,1.3472890415501e-15,,0.3721166614401437,stellar
2CXO J122947.8+080016,187.44928275679445,8.0046588789416,286.93130457085925,70.20122346862146,0.40349781386633,0.053716427232979,0.26483447845097,8.4424866408823e-16,,0.47235363971001804,stellar
2CXO J122657.3+441838,186.7390199302106,44.31063781522276,137.32571375815607,72.12700908803063,-0.2735790131168,0.018738288569644,-0.29106808244847,6.4439843501277e-13,,0.9787509515895816,AGN
2CXO J195919.7+403937,299.8325638528056,40.66056309847152,76.11276993523133,5.740480269701504,0.13741411617739,0.16739537788882,-0.02998126171143,4.0077590425713997e-14,,0.14546579673686671,stellar
2CXO J151347.0-585948,228.44590228326888,-58.99682143151371,320.37707788183627,-1.0334694143671477,-0.86945658963148,-0.83447845096814,-0.12742036227358,1.4156638068837999e-13,,0.006141974466830064,stellar
2CXO J104401.3-593226,161.00561554852231,-59.54061221137917,287.4136198139403,-0.5637685178365175,-0.27232979387883,-0.42598376014991,0.24484697064335,8.679806731492801e-16,,0.0,stellar
2CXO J233027.4-573850,352.6143938774194,-57.64725765537742,322.4325497780236,-56.30865626916358,-0.55215490318551,-0.09369144284822,-0.48344784509681,6.9992170612038e-13,,0.9347525587606684,AGN
2CXO J084200.0-173027,130.50013536229244,-17.507674092165626,241.99309492238413,14.867581350478948,-0.16114928169894,0.11367895065584,-0.27108057464085,1.4119844992446e-13,,0.7326383105175327,AGN
2CXO J174534.0-290229,266.39194874010263,-29.04116390409145,359.9044499236585,-0.0449707595036242,0.99937539038101,0.85821361648969,0.043722673329169,3.9185679715908e-16,,0.0,stellar
2CXO J085307.3+511747,133.28043067340604,51.29657184175336,167.35527064423317,39.61531372526981,-0.16364772017489,0.08369768894441,-0.24359775140537,1.4764975381812e-13,,0.948666413102347,AGN
2CXO J174538.2-290059,266.4095612176757,-29.01664402965758,359.93340241420066,-0.0453385780075674,0.68582136164897,0.66083697688944,-0.018738288569644,1.0453185720281999e-17,,0.004000089431478563,stellar
2CXO J230243.9-401932,345.6830785901702,-40.32566026676778,355.48387088222177,-63.9857609250428,-0.21861336664585,0.0037476577139288,-0.2211118051218,7.2840278566546e-13,,0.9898327809089799,AGN
2CXO J104402.3-593253,161.00945685362126,-59.54834815565886,287.41897249841685,-0.5696835300252778,-0.1211742660837,-0.25484072454716,0.1524047470331,1.097450491206e-15,,0.0,stellar
2CXO J094942.5+762138,147.42753429662582,76.3607240272566,134.9454383992006,36.18540012031237,-0.30480949406621,0.074953154278576,-0.37101811367895,2.0665612991047e-13,,0.9485553366911996,AGN
2CXO J174538.0-290218,266.4084042195775,-29.038629054889466,359.91410986812866,-0.0559292698433074,0.91817613991255,0.93566520924422,-0.20237351655215,8.686860027070601e-16,,0.0064409728524453215,stellar
2CXO J104353.0-593340,160.9709795314443,-59.56107340264953,287.40774160508096,-0.5900783046142679,0.073703935040599,0.22860712054966,-0.16614615865084,4.1623583367885e-15,,0.017989073001949032,stellar
2CXO J174533.6-290220,266.3901011803234,-29.03895479717561,359.90549357335243,-0.0424409182631907,0.99937539038101,0.84072454715803,-0.078700811992505,3.1445354455891e-16,,0.009798985025829774,stellar
2CXO J235925.6-500754,359.8571525918585,-50.13180445299224,322.8380410595132,-64.93847531125373,-0.3735165521549,-0.053716427232979,-0.32604622111181,3.6361161068546e-13,,1.0,AGN
2CXO J163925.1+464146,249.8550401646012,46.69619371209991,72.61929636718793,41.63066296500121,-0.8369768894441,-0.41973766396002,-0.6420986883198,1.9566162673575998e-13,,0.10158080608564955,stellar
2CXO J151349.7-590133,228.45736163986032,-59.025987195984456,320.36701283098324,-1.0614726464155566,-0.77076826983136,-0.75952529668957,-0.026233603997502,1.335515116063e-13,,0.0016622681449304532,stellar
2CXO J082659.7+635809,126.7489723496758,63.96935064345725,152.10790160476742,34.60394457774857,-0.34978138663335,-0.069956277326671,-0.28732042473454,3.3850658766379997e-13,,0.9898174330074798,AGN
2CXO J171405.4-202749,258.5226577641285,-20.46370224766484,3.2168852618797303,10.614535510933957,0.074953154278576,0.087445346658338,-0.013741411617739,6.4211081159133996e-12,,0.8092326504493154,AGN
2CXO J133806.0-294427,204.52532359997053,-29.74108678382953,314.8860634519773,32.045176564079775,-0.33728919425359,-0.08369768894441,-0.25983760149906,2.4782148167105997e-13,,0.9632042373511176,AGN
2CXO J104401.2-593340,161.0051694268733,-59.56120652109632,287.4230942922565,-0.582055670215434,-0.29731417863835,0.32979387882573,-0.57214241099313,1.1575661017476e-15,,0.012716951101895064,stellar
2CXO J104352.8-593341,160.97018897587407,-59.5614752199728,287.4075770471485,-0.5906212483039499,-0.09369144284822,-0.31730168644597,0.31230480949407,1.0532711033807e-15,,0.0009590960029884197,stellar
2CXO J122948.0+075959,187.4503227464379,7.9999901936918,286.9376636244113,70.19695534409593,-0.38600874453467,0.13741411617739,-0.51467832604622,4.3094060661693e-16,,0.50031628846738,AGN
2CXO J122945.8+080017,187.44080785962296,8.004807859238682,286.9071934312967,70.19928718323665,-0.064959400374766,0.10868207370393,-0.17988757026858,2.1872713696311e-15,,0.3969498803564137,stellar
2CXO J173052.8-213813,262.72006394206846,-21.637197002063967,4.418756722970378,6.701810072377467,0.43972517176765,0.24609618988132,0.21611492816989,8.9150690256746e-14,,0.1431121604346351,stellar
2CXO J174804.0-244948,267.0169601646593,-24.830122150944256,3.794196387450978,1.662985656436348,0.93316677076827,0.62710805746408,0.73454091193004,4.7898153679173e-14,,0.022053063190425767,stellar
2CXO J235645.0-350225,359.18769967434014,-35.04023389550521,355.48088822592314,-75.89109028178294,-0.58588382261087,-0.20362273579013,-0.43347907557776,2.8221441576163e-13,,0.9051232501258799,AGN
2CXO J054603.6+001102,86.51518793779354,0.1839845523402292,205.14784293085884,-14.417442807816776,-0.7420362273579,-0.36102435977514,-0.5209244222361,2.3676523097171e-13,,0.007550553785992853,stellar
2CXO J174535.1-290032,266.3964156947632,-29.008935726128605,359.933991811543,-0.0315101105768489,0.99937539038101,0.92442223610244,0.71205496564647,1.3752846444459e-15,,0.00234543509586099,stellar
2CXO J215528.5+380315,328.86883576730315,38.05419965350772,88.80385286315101,-12.892498473764874,0.45596502186134,0.37601499063086,0.096189881324172,1.6829419250768e-13,,0.1173225493400446,stellar
2CXO J175721.1-304406,269.3379699261676,-30.735234285871037,359.7506265440836,-3.105830691942804,0.88069956277327,0.70830730793254,0.45971267957527,1.9595017645203e-12,,0.42487893359740453,stellar
2CXO J010348.3-720209,15.95121673969993,-72.03599605856581,301.5825182727228,-45.05983988679773,0.99937539038101,0.50718301061836,0.99937539038101,1.9905213372597e-15,,0.19649271590661088,stellar
2CXO J191124.9-595939,287.8540932710506,-59.99422639489995,336.4960089723177,-25.69748147517231,-0.14490943160525,0.078700811992505,-0.22236102435978,1.0369824201298999e-13,,0.736395859465332,AGN
2CXO J010027.4-335111,15.114423033139929,-33.853261450233575,287.3782796038764,-83.0005391648103,-0.31230480949407,-0.023735165521549,-0.28981886321049,1.9999155380097999e-13,,0.9496330935617595,AGN
2CXO J193339.6-394034,293.41509218061015,-39.67635590365858,359.2682746996784,-24.620517878895757,0.12242348532167,0.23735165521549,-0.11992504684572,8.9244792102976e-13,,0.7119405233550001,AGN
2CXO J053615.0-051530,84.06268933289283,-5.25853295696551,209.0033489065308,-19.107971675377748,-0.42473454091193,-0.012492192379763,-0.41224234853217,7.9110947195098e-14,,0.18836313574428837,stellar
2CXO J104400.3-593209,161.00127184104508,-59.53598485936539,287.4095019199672,-0.5607179121093523,-0.99937539038101,-0.3947532792005,-0.47845096814491,5.0452463567633e-16,,0.027485626967325615,stellar
2CXO J174538.6-290201,266.4109641505495,-29.033710883934223,359.9194739049853,-0.0552773491409133,0.83447845096814,0.7632729544035,0.10118675827608,7.069549584578201e-16,,0.005821289001692205,stellar
2CXO J104400.8-593343,161.00365414106898,-59.562034264323,287.4228054008483,-0.5831470055227127,-0.44971892567146,-0.1998750780762,-0.25858838226109,2.680438110171e-15,,0.0036338043718260105,stellar
2CXO J033649.2-050612,54.20511394409005,-5.103455143465711,191.2351862586885,-44.91532902252319,-0.31480324797002,0.08369768894441,-0.38725796377264,5.4340130728784e-13,,0.9477678293326288,AGN
2CXO J174702.9-285254,266.7621851692181,-28.881793442372004,0.2089791077134946,-0.2388685064992528,-0.99937539038101,-0.45471580262336,-0.63335415365397,1.1646130574792e-15,,0.01839130664920872,stellar
2CXO J141028.2-431720,212.61748223439645,-43.28908488908348,317.8653565549339,17.279199352788847,0.082448469706433,0.20612117426608,-0.1261711430356,7.2682274704011e-13,,0.7700643476767661,AGN
2CXO J002727.1+260703,6.862903230287657,26.11750186083328,116.23583695081388,-36.44218442499434,-0.19737663960025,-0.0074953154278576,-0.18988132417239,1.3365256472008998e-12,,0.986235877904695,AGN
2CXO J161308.6-604203,243.28604213265328,-60.70111102142528,325.2632357657065,-6.903210649652606,-0.8632104934416,-0.49344159900062,-0.64334790755778,7.7857120480281e-14,,0.019038360386562394,stellar
2CXO J104353.8-593149,160.97419245859805,-59.53040241640127,287.39475810421135,-0.5622429480272092,-0.99937539038101,-0.99937539038101,-0.40224859462836,2.5433848898668e-16,,0.017789083641327606,stellar
2CXO J174702.9-285305,266.7622052348929,-28.884935270863995,0.2063016122210754,-0.2405124463747643,0.99937539038101,0.99937539038101,-0.99937539038101,8.0197360698625e-15,,0.0,stellar
2CXO J001034.0-250449,2.641701450301298,-25.080341205696808,43.2276685711627,-80.60185361892766,-0.23110555902561,0.076202373516552,-0.30231105559026,6.2426458973989e-13,,0.996406482557571,AGN
2CXO J191838.0+493353,289.65860102623947,49.56491564063659,80.81845252883457,16.184427736325105,-0.32354778263585,-0.11367895065584,-0.21611492816989,2.6305664389222e-13,,0.11829025620225407,stellar
2CXO J142431.9-491354,216.13303830334485,-49.23190485158699,318.1637568822154,10.866901726529818,0.022485946283573,0.1261711430356,-0.10368519675203,3.3755539101717e-13,,0.7465549011632072,AGN
2CXO J155625.0+662241,239.10422959699645,66.37802892860726,100.14788359470784,41.63681238738855,-0.032479700187383,0.15740162398501,-0.18863210493442,9.8377328408962e-14,,0.7824717739246269,AGN
2CXO J010408.9-221559,16.037234807155357,-22.266522509123888,154.31397473390996,-84.34640906693046,-0.81698938163648,-0.51842598376015,-0.5159275452842,4.6839970194255e-14,,0.20873637815454915,stellar
2CXO J104401.1-593217,161.0049622631575,-59.53820707430091,287.4121976285023,-0.5618007911372049,-0.99937539038101,-0.45221736414741,-0.70206121174266,2.4794826732063e-16,,0.023705827149177797,stellar
2CXO J104351.0-593321,160.9627639863986,-59.555995978240176,287.40168016169315,-0.5875545808452598,-0.5683947532792,-0.22485946283573,-0.36727045596502,9.547816991883201e-16,,0.0056499661947104,stellar
2CXO J104350.3-593259,160.9599022012137,-59.54974133310872,287.3974585585629,-0.5827168580234855,-0.53466583385384,-0.22985633978763,-0.33853841349157,2.1099406942718e-15,,0.0013863390928725702,stellar
2CXO J071725.3+375341,109.35581580811106,37.89458731064043,180.099590935034,21.07140794148222,-0.091193004372267,0.096189881324172,-0.18613366645846,3.1625318809986e-13,,0.7225288586528644,AGN
2CXO J010110.1-214446,15.292318008337476,-21.74635669142844,145.8155954758421,-84.18067166699436,-0.15865084322299,0.067457838850718,-0.22361024359775,9.0000150587058e-14,,0.8742056177481453,AGN
2CXO J020840.8+105533,32.17041166494403,10.925897617901546,151.7078148049459,-47.58370774591621,-0.20986883198001,0.17988757026858,-0.37476577139288,1.1377336695610999e-13,,0.9498477369619939,AGN
2CXO J010244.9-214240,15.6875946402439,-21.71116824686378,148.95506135806585,-84.00268363136591,-0.36477201748907,-0.028732042473454,-0.33978763272954,1.8281618729139998e-13,,0.9509416322556834,AGN
2CXO J140148.9-113837,210.4537511431048,-11.643776382504992,328.99414878733285,47.63504739308269,-0.31730168644597,-0.034978138663335,-0.28607120549656,4.3591445773958e-13,,0.9973454350958609,AGN
2CXO J170854.2-321856,257.2261030893476,-32.31586201224603,352.793491802662,4.681796475706928,0.37851342910681,0.18863210493442,0.20487195502811,1.6115149456648998e-12,,0.38387132827941295,stellar
2CXO J130947.6-232911,197.44869239793056,-23.486462874986245,308.36498553232224,39.19155530378218,-0.12242348532167,0.046221111805122,-0.16739537788882,3.6175146259073e-14,,0.5083613196276291,AGN
2CXO J104757.4+510121,161.98942220574563,51.022562360419066,158.84217025794038,56.61447843324956,-0.2423485321674,0.031230480949407,-0.27232979387883,3.3939634604550997e-13,,1.0,AGN
2CXO J002446.8-721235,6.195322336232209,-72.20973654174105,305.7946790365652,-44.77004919725484,-0.30730793254216,0.011242973141786,-0.31730168644597,1.1914159357957e-13,,0.961535256390259,AGN
2CXO J235807.0+795107,359.52961797920955,79.85214414888871,120.49434155793772,17.233649529456446,-0.12492192379763,0.022485946283573,-0.1474078700812,1.4437053035713998e-12,,0.7377102113714232,AGN
2CXO J174535.8-290030,266.3992088644486,-29.008623505640045,359.9355311669395,-0.0334323262526074,0.99937539038101,0.81199250468457,0.28732042473454,2.6796331710922e-16,,0.0009590960029884197,stellar
2CXO J034631.6-520247,56.63191916420442,-52.04656069120839,262.4944146591185,-49.00736751307965,-0.36477201748907,-0.018738288569644,-0.34853216739538,5.580665341652199e-13,,0.9988863390928725,AGN
2CXO J012004.4-410530,20.01842746836041,-41.09178436789264,281.8774622341549,-74.84465271682863,-0.16364772017489,0.034978138663335,-0.19737663960025,8.847846027482e-13,,0.9796730218565574,AGN
2CXO J122945.4+080012,187.43934249504596,8.00340514945985,286.90407129782824,70.19756828886831,-0.99937539038101,-0.99937539038101,-0.4896939412867,5.4507185307497e-16,,0.23597317168711437,stellar
2CXO J172143.6+654602,260.4318956049409,65.76749192443627,95.79308551441952,33.72232549663464,-0.27482823235478,0.054965646470956,-0.32479700187383,1.6238557931078e-13,,0.9923959888818537,AGN
2CXO J141312.0-652024,213.30012073495777,-65.34013712204496,311.32914547249896,-3.810065734270895,0.89818863210493,0.41848844472205,0.7682698313554,1.0794879963398e-13,,0.02443315372914923,stellar
2CXO J063947.0+094053,99.94624775352406,9.681489536641475,202.99268725844613,1.839227823048172,-0.66458463460337,-0.21111805121799,-0.52217364147408,9.4227367616337e-14,,0.007931062208825593,stellar
2CXO J004303.1+411015,10.763028763916338,41.17096336637909,121.23390722210544,-21.67313488122325,0.20112429731418,0.27482823235478,-0.078700811992505,7.8763957513301e-14,,0.2699623178366089,stellar
2CXO J010324.9-214621,15.854292333910564,-21.7726115910949,150.5441568176452,-83.99115620631042,-0.32729544034978,-0.081199250468457,-0.25234228607121,1.7699007768215e-13,,0.9472992497551814,AGN
2CXO J174846.9-271636,267.19574504332195,-27.2767467224653,1.780675204526036,0.2633989276504657,-0.72829481574016,-0.29356652092442,-0.54840724547158,1.1324033487967e-14,,0.0009590960029884197,stellar
2CXO J183335.0-103317,278.3958166961818,-10.554945868655922,21.51555344681019,-0.8843054458886945,0.99937539038101,0.61336664584635,0.99937539038101,1.4813447365219999e-15,,0.0,stellar
2CXO J180801.9-434255,272.0082743554858,-43.715416648373015,349.285067535924,-11.187427655482912,-0.75952529668957,-0.48469706433479,-0.43472829481574,1.9957132209853e-13,,0.040076944244166066,stellar
2CXO J134905.7+263751,207.27401930342785,26.63087880605787,34.000554755057834,77.14023695618283,-0.052467207995003,0.12866958151156,-0.17988757026858,5.6337239053467e-14,,0.8237879305648371,AGN
2CXO J035956.5+541853,59.9855041509357,54.31482066577139,148.24462176470524,0.9819278508816665,0.88569643972517,0.51467832604622,0.67332916926921,1.6174110673501e-13,,0.017470872507296238,stellar
2CXO J022040.2+014528,35.16777035553139,1.757860115218595,163.13285394240447,-53.99850371091113,0.79825109306683,0.45596502186134,0.53591505309182,6.2781201646289e-13,,0.8616600375044353,AGN
2CXO J061010.4-055734,92.5435216817794,-5.959552092330219,213.58709299116077,-11.879699187258016,-0.59337913803873,-0.19113054341037,-0.45221736414741,4.0552154471014e-13,,0.06612209870474194,stellar
2CXO J174555.7-290222,266.48202838868747,-29.040099209207405,359.9463740141208,-0.1116473685632256,0.0062460961898814,0.99937539038101,-0.99937539038101,0.0,,0.011474475610270088,stellar
2CXO J053514.8-691604,83.81171224248504,-69.26783633633636,279.704173161403,-31.956631010977212,0.10868207370393,-0.23110555902561,0.32479700187383,2.0799750139598003e-16,,0.08625809326019838,stellar
2CXO J041448.2+053057,63.70117251508776,5.51590435200608,187.1895529767096,-31.03516769026183,-0.79325421611493,-0.38600874453467,-0.58713304184884,1.2622006749774e-13,,0.08889038840043614,stellar
2CXO J151336.6-590056,228.40225986042677,-59.01524031199441,320.3483100952675,-1.0375926754670577,-0.91817613991255,-0.90443472829482,-0.082448469706433,2.3101485654159998e-14,,0.007002802529758204,stellar
2CXO J174533.9-290037,266.3914381944403,-29.010576233925708,359.9303232613097,-0.0286497442799065,0.73953778888195,0.80574640849469,-0.17863835103061,4.8035744315158e-16,,0.005669944511420677,stellar
2CXO J031215.4+011638,48.06423796281962,1.277301229633062,178.6885883438627,-45.79595875880851,-0.38725796377264,-0.08369768894441,-0.31230480949407,6.125299540912699e-13,,0.9807563951631403,AGN
2CXO J010227.0-491429,15.612817817990503,-49.241491250796656,298.1738558584014,-67.78488957430724,-0.28732042473454,,,8.1988643845365e-14,,0.8890013961960298,AGN
2CXO J175721.0-304404,269.33758564421487,-30.734509148256667,359.7510907951078,-3.1051825944835216,0.87320424734541,0.63960024984385,0.52841973766396,1.2806950603350999e-12,,0.3980036774106626,stellar
2CXO J010339.0-720149,15.91240232000655,-72.0305318017794,301.5989079844463,-45.0661002299433,0.11742660836977,0.15865084322299,-0.043722673329169,1.7270587953125e-15,,0.3293082687117479,stellar
2CXO J174532.6-290154,266.3862176935263,-29.03194298160689,359.90970839263395,-0.0358888450271841,0.99937539038101,0.88694565896315,-0.44347282948157,3.9199843898416004e-16,,0.0,stellar
2CXO J174539.5-290103,266.41494026484315,-29.01771995702365,359.9349346248737,-0.0499141705977457,0.7945034353529,0.90443472829482,-0.43722673329169,3.0017096413123003e-16,,0.0,stellar
2CXO J151340.3-590057,228.41823558178248,-59.01607792916853,320.35491489875795,-1.042565871113844,-0.96689569019363,-0.92816989381636,-0.36602123672705,2.3165923819682e-14,,0.003271028341024644,stellar
2CXO J104402.8-593309,161.01166894557878,-59.552752697970384,287.4220309691037,-0.5730455844191715,-0.38725796377264,-0.10243597751405,-0.28732042473454,2.3686280368798003e-15,,0.005088136517397517,stellar
2CXO J104419.5-595937,161.08133834235673,-59.99357393872345,287.6598574539281,-0.9458754953112016,-0.42973141786384,0.34603372891943,-0.66458463460337,1.098066708238e-15,,0.005088136517397517,stellar
2CXO J151341.1-590045,228.42152632826787,-59.01259272653006,320.35816910065427,-1.0404610044027771,-0.87695190505934,-0.82198625858838,-0.19737663960025,1.042685350417e-13,,0.013574596878298371,stellar
2CXO J104349.9-593306,160.9583305857227,-59.551782160605576,287.3977155775157,-0.5848924650062097,-0.8369768894441,-0.12492192379763,-0.77326670830731,1.8676603937564002e-15,,0.028338611579019665,stellar
2CXO J174537.0-290151,266.4043086280403,-29.03100586423042,359.918750900618,-0.0489010014093735,0.88319800124922,0.99937539038101,-0.99937539038101,2.932249639454e-16,,0.0,stellar
2CXO J104400.2-593203,161.00106734087774,-59.53418157449708,287.4085632040797,-0.559174706587742,0.028732042473454,0.18488444722049,-0.16239850093691,4.0107961795126e-15,,0.015492187014645449,stellar
2CXO J174544.0-285950,266.43344244538935,-28.997438799127888,359.960675734344,-0.0531625435649744,0.98813241723923,0.94316052467208,0.57589006870706,3.7663952368364997e-13,,0.053975437177928,stellar
2CXO J195912.0+404217,299.8003654670989,40.70486368501221,76.13816423392186,5.7843022268693804,0.1474078700812,0.18238600874453,-0.036227357901312,2.8701706172052e-14,,0.13623301665347082,stellar
2CXO J174535.9-290241,266.3997632362882,-29.045097035238747,359.90465304776563,-0.0528512767585472,0.82073703935041,0.80199875078076,-0.081199250468457,2.5848212835765004e-16,,0.008839889022841354,stellar
2CXO J185338.7+003354,283.41142447818856,0.5651876886391959,33.6866180566077,-0.2334827649038361,-0.9106808244847,-0.54341036851968,-0.72204871955028,3.065640290564e-13,,0.014867277375383401,stellar
2CXO J104359.8-593158,160.99931681784858,-59.53286057406005,287.40715901337524,-0.5584255286698682,-0.2735790131168,0.071205496564647,-0.33104309806371,1.2083625450429001e-15,,0.017736988597081407,stellar
2CXO J065640.5-555816,104.16930801248976,-55.97140930770188,265.9685835427114,-21.500893331838327,-0.25983760149906,0.018738288569644,-0.27732667083073,1.5013244635846e-13,,0.7589659775435176,AGN
2CXO J184901.6-000117,282.2566874099856,-0.0215007861789537,32.63791848726015,0.5266698113482736,0.99063085571518,0.91193004372267,0.82073703935041,1.9878965830297997e-12,,0.014849538811822627,stellar
2CXO J174532.7-290552,266.3865871571677,-29.09791396145221,359.8535732630848,-0.0705460883557245,0.59212991880075,0.37726420986883,0.27607745159275,2.356352909941e-14,,0.0016280913126188964,stellar
2CXO J072943.9+204728,112.43306191543456,20.79117684672653,198.0477882588327,17.47178610406623,-0.22485946283573,0.033728919425359,-0.25608994378513,4.5761647863045e-13,,0.7333626219762803,AGN
2CXO J104352.9-593352,160.97072104433153,-59.56448541569272,287.40923037004137,-0.5931512178224737,-0.473454091193,-0.47720174890693,0.043722673329169,1.0587427669024e-15,,0.0,stellar
2CXO J155614.5+662319,239.06039670161977,66.3887396827848,100.17220302038685,41.64644425685247,-0.43597751405372,-0.11367895065584,-0.33853841349157,5.521199402681e-14,,0.9030754372619509,AGN
2CXO J010147.0-492015,15.44625885276008,-49.33748243609423,298.48669610228546,-67.70136729822832,0.059962523422861,0.12242348532167,-0.062460961898813,1.0112733370353e-13,,0.6206019992583321,AGN
2CXO J190741.3+070651,286.9222084326567,7.114176359970011,41.111848854364936,-0.3493209458291925,0.99812617114304,0.96939412866958,0.91817613991255,8.3420813438832e-13,,0.024287765482085572,stellar
2CXO J224228.9+524610,340.6205964394437,52.76946528248067,104.01865992287526,-5.301216083359236,-0.084946908182386,0.11742660836977,-0.20112429731418,0.0,,0.43993315251137644,stellar
2CXO J131027.0-232755,197.6125842087688,-23.465302264051516,308.5606584006749,39.198564669042085,-0.17863835103061,0.11492816989382,-0.28732042473454,1.5059801185407998e-13,,0.9955559349457761,AGN
2CXO J121511.4-652352,183.7974239283232,-65.39781160254573,299.16779111381595,-2.791322965608401,0.37601499063086,0.21486570893192,0.17489069331668,4.7911330727793e-14,,0.029463844769011795,stellar
2CXO J193024.0+184904,292.6001043789488,18.81795865709057,54.03850101513517,0.2610534296781129,-0.88694565896315,-0.54341036851968,-0.6633354153654,2.6558237173092e-14,,0.005731352426172382,stellar
2CXO J114027.8-262626,175.11600904551233,-26.4406513722976,283.7671392642946,33.77603075124275,-0.40349781386633,-0.0099937539038102,-0.3947532792005,8.933601227737299e-13,,0.9167087183318949,AGN
2CXO J234412.9-423944,356.0541652796767,-42.66231323666821,339.93277044729007,-69.31249672197104,-0.53466583385384,0.0037476577139288,-0.53716427232979,3.3656871838140997e-13,,0.8733476803644747,AGN
2CXO J053849.0-690928,84.70456567888994,-69.15784733473733,279.53026869598,-31.655531828920157,0.72829481574016,0.82198625858838,-0.35977514053716,5.6863399370933e-15,,0.41703063620433417,stellar
2CXO J174532.4-290141,266.3852004302339,-29.02833236740309,359.9123263280847,-0.0332479950334937,0.86570893191755,0.99937539038101,-0.99937539038101,5.6375967974033e-16,,0.0013863390928725702,stellar
2CXO J235853.3-605534,359.7225295615426,-60.926363337604016,314.04855640761224,-55.05325075035381,-0.33354153653966,0.016239850093691,-0.34603372891943,2.9525255154276e-13,,0.9914608722215985,AGN
2CXO J041200.3-482628,63.00125387271953,-48.44099223214746,255.76374319283465,-46.02050197521453,-0.049968769519051,0.1948782011243,-0.2423485321674,7.1542919135896e-13,,0.970636738672737,AGN
2CXO J104359.4-593154,160.99753957164194,-59.53184411191219,287.4058858964959,-0.5579516042645735,-0.16614615865084,-0.017489069331668,-0.1474078700812,7.338534608179e-15,,0.008591148023744189,stellar
2CXO J054004.8-692208,85.01989610302974,-69.3690398182874,279.7618969586465,-31.52085907952701,-0.99937539038101,-0.99937539038101,-0.82448469706433,6.7688314814887e-14,,0.11290894710469584,stellar
2CXO J174702.2-291115,266.7592633809932,-29.187578861490582,359.9461732151425,-0.3952221727234601,0.31105559025609,0.16114928169894,0.15740162398501,6.917989788266699e-13,,0.08791942333017716,stellar
2CXO J193206.0+090447,293.0249284287637,9.079684465452218,45.68090882875722,-4.76959620095086,0.13991255465334,0.084946908182386,0.056214865708932,7.7321483775056e-13,,0.4395828002223684,stellar
2CXO J060929.8+241103,92.37443523133174,24.18423538569703,186.78745557642756,2.238514442682539,0.20986883198001,0.17988757026858,0.031230480949407,1.7224129410506e-13,,0.04695826157386733,stellar
2CXO J172951.6-213320,262.46528550374205,-21.555714936857022,4.358619870704371,6.945104367799983,0.65708931917552,0.2948157401624,0.44472204871955,6.2193806422639e-14,,0.07912480341422809,stellar
2CXO J022213.2+420843,35.55510587626043,42.14547237860418,140.399603568971,-17.626334808406323,-0.29106808244847,0.0087445346658337,-0.2998126171143,1.3275449032107e-13,,0.4088824035952508,stellar
2CXO J104350.5-593329,160.9606081456767,-59.55820409890231,287.4017546637094,-0.5900169801178411,0.99937539038101,-0.084946908182386,0.99937539038101,1.7417373976709e-15,,0.0,stellar
2CXO J130947.5-232428,197.44796866443755,-23.40800269892135,308.3734428236665,39.26974432843757,-0.15365396627108,0.056214865708932,-0.20861961274204,1.9972217037847e-14,,0.48996383234819235,stellar
2CXO J013647.6+412415,24.198683622169085,41.40444700883304,132.00058394653388,-20.6672405264419,-0.99937539038101,-0.99937539038101,-0.91692692067458,1.4235351145009997e-13,,0.029112791971470754,stellar
2CXO J174532.5-290112,266.3856761265984,-29.02010349912716,359.9195660628166,-0.0293143518028532,0.80199875078076,0.83947532792005,-0.2211118051218,4.4848133210415e-16,,0.005669944511420677,stellar
2CXO J212448.9-335613,321.20380395444454,-33.93696644069362,10.987298493716608,-45.45076236088648,0.29606495940037,0.24984384759525,0.048719550281074,8.7835465217349e-14,,0.6547408865233298,AGN
2CXO J183331.2-103453,278.3802179641193,-10.581617239715236,21.48481253437276,-0.8829944647440326,0.95315427857589,0.86445971267958,0.52966895690194,5.8572381478196e-15,,0.009081275474382849,stellar
2CXO J231838.5+425259,349.6603619233136,42.88336650379944,105.38288138287332,-16.804036914287703,-0.17114303560275,0.071205496564647,-0.23860087445347,1.7090699476796e-13,,0.6293709801057881,AGN
2CXO J200043.5+224224,300.18154779299243,22.70690284073042,60.95940723456423,-3.923876294385842,0.32729544034978,0.17738913179263,0.15865084322299,1.2544391780601e-13,,0.0523107714864629,stellar
2CXO J202334.9+385055,305.8955143053645,38.84872963084206,77.1426178230478,0.8477688935559968,-0.60337289194254,0.59337913803873,-0.87945034353529,0.0,,0.029313085935953404,stellar
2CXO J232324.1-575821,350.8508190603418,-57.97258307092535,323.4750913936161,-55.504306758099055,-0.41973766396002,-0.077451592754529,-0.35352904434728,6.3975274149556e-13,,0.990964883235061,AGN
2CXO J174532.7-290159,266.3862958443598,-29.03314987527636,359.90871397291835,-0.0365761522671423,0.75202998126171,0.92816989381636,-0.63210493441599,1.1223338328552001e-15,,0.004072134958996974,stellar
2CXO J020807.6+110612,32.03211282366226,11.10330847212063,151.4125623264324,-47.48288424137393,-0.18613366645846,0.12492192379763,-0.30356027482823,1.1411184940439998e-13,,0.9638161083950574,AGN
2CXO J062219.9-621927,95.58321237255508,-62.32438813149513,271.7517678130878,-27.14023888554896,-0.87695190505934,-0.4946908182386,-0.67083073079325,2.8998698956925e-14,,0.252403675542432,stellar
2CXO J153221.3+340209,233.08911233282788,34.03586959588857,54.3228730658164,54.91392920130589,-0.40849469081824,0.039975015615241,-0.43972517176765,8.5276172086745e-13,,0.9737560353191143,AGN
2CXO J170028.5-461926,255.11888531684812,-46.32399572801745,340.6511104196791,-2.5053298729780025,-0.75952529668957,-0.41349156777014,-0.49843847595253,2.4889117897978e-14,,0.029965308071736144,stellar
2CXO J104350.7-593333,160.961303961328,-59.55933892169148,287.4025995416165,-0.5908526612222378,-0.31855090568395,-0.54590880699563,0.75452841973766,7.173800815892001e-16,,0.0034758539058312153,stellar
2CXO J121257.0-632001,183.2376829127022,-63.33364768204664,298.6295421763356,-0.7838560249852469,-0.73579013116802,-0.31980012492192,-0.54341036851968,1.0151088898073e-13,,0.004556283604293248,stellar
2CXO J174540.5-290110,266.4188251737978,-29.019459293197063,359.9352196947542,-0.0537200921304513,0.73454091193004,0.9369144284822,-0.65459088069956,3.5177891022209005e-16,,0.004072134958996974,stellar
2CXO J214029.2-231031,325.1219358673516,-23.175484446585838,27.196057615564825,-46.86069884834106,-0.30356027482823,0.058713304184884,-0.35477826358526,2.1701577522424998e-13,,0.9584946938776499,AGN
2CXO J010402.2-223029,16.009533443575492,-22.508113926181103,155.35802069800465,-84.56744374548242,-0.45596502186134,-0.10118675827608,-0.37226733291693,4.6917596065816e-13,,0.8038927609468484,AGN
2CXO J010040.8-220334,15.17021886785625,-22.05977542819462,145.93884304151015,-84.5137146485172,-0.46096189881324,-0.09369144284822,-0.38351030605871,1.6478426929695e-13,,0.8828327515357459,AGN
2CXO J104350.9-593210,160.96208509570954,-59.53633879205592,287.39213145126865,-0.5703686910754012,0.032479700187383,0.1948782011243,-0.16614615865084,1.2055266192198e-14,,0.020111678591812704,stellar
2CXO J174210.0-534843,265.5419788424613,-53.812228217206815,338.15268789727827,-12.216186862279423,-0.24109931292942,-0.032479700187383,-0.21111805121799,1.3663523526938998e-13,,0.4386287142774784,stellar
2CXO J042147.0+202348,65.44611260749446,20.39687550505129,175.50012177468335,-20.358893803291675,-0.053716427232979,0.11367895065584,-0.16739537788882,9.8457771858344e-14,,0.7386748724881904,AGN
2CXO J061642.7-575502,94.17801060253628,-57.91742146271196,266.73641768542524,-27.238712689215667,0.57214241099313,0.50343535290443,0.09369144284822,2.0073073697286998e-13,,0.37675864411183996,stellar
2CXO J053842.8-691027,84.67858851613744,-69.1743877075093,279.5508130499736,-31.662822001566,0.024984384759525,0.71330418488445,-0.72454715802623,6.636703059697e-16,,0.2884898873926877,stellar
2CXO J174541.4-290105,266.4226866245426,-29.01798202984536,359.93823966952,-0.055832933061707,0.88194878201124,0.89693941286696,-0.23985009369144,7.374428401023001e-16,,0.0027726781857451404,stellar
2CXO J010220.6-490807,15.586284199375086,-49.13536827979035,298.1878042555677,-67.89229131551076,-0.39725171767645,-0.099937539038101,-0.30980637101811,8.4093106069539e-14,,0.9479562300319728,AGN
2CXO J192350.1+143302,290.9589894032623,14.550757601785351,49.53795873131888,-0.3902282210296909,0.90943160524672,0.46595877576515,0.7682698313554,4.0088914771666e-13,,0.11379287412060159,stellar
2CXO J100633.9-295617,151.6415332399053,-29.93804099157728,265.32919625138305,20.64418225679716,0.43347907557776,0.21486570893192,0.24109931292942,2.0425738715963998e-13,,0.226082748993203,stellar
2CXO J195741.2-301220,299.4216963002177,-30.205685672920605,10.887792510363964,-26.65768716734513,-0.32229856339788,-0.053716427232979,-0.2735790131168,3.8120432740656997e-13,,0.9827321482172323,AGN
2CXO J195949.0+404153,299.95466409815094,40.69821393292869,76.19336305293967,5.680807389767432,0.3210493441599,0.21111805121799,0.11867582760775,2.4095087879478e-14,,0.04677794408417005,stellar
2CXO J174534.1-290115,266.3923985146538,-29.021055640275662,359.9218169158373,-0.0348275519556716,0.99937539038101,0.94066208619613,-0.42348532167395,8.496560729376201e-16,,0.0,stellar
2CXO J062124.9-621921,95.35402607789877,-62.32276011354725,271.73509621359005,-27.24566541984773,-0.21486570893192,0.11742660836977,-0.32354778263585,2.6890571104865e-14,,0.4493812520496096,stellar
2CXO J151347.4-590038,228.447737123847,-59.01039841818832,320.37085212761787,-1.045572313638642,-0.93191755153029,-0.85571517801374,-0.37601499063086,3.4375325069662e-14,,0.007961898532746625,stellar
2CXO J104351.0-593337,160.96269171734878,-59.56037698111962,287.4037082784886,-0.5914380978891517,0.99937539038101,0.44472204871955,0.057464084946908,2.0635559280768e-15,,0.004609658277657226,stellar
2CXO J155621.7+661002,239.09067494647616,66.1673422265653,99.90873163282208,41.74874029791415,-0.084946908182386,0.088694565896315,-0.17239225484072,2.2916376773126e-13,,0.9423510958588568,AGN
2CXO J111320.9-261034,168.33728608937315,-26.176102339385867,276.96774730377945,31.70330678881894,-0.17863835103061,0.073703935040599,-0.24859462835728,1.7560972336659e-13,,0.9631998271965788,AGN
2CXO J112047.9-120445,170.19964324976718,-12.079468879045551,270.70943528767214,45.04653263393405,-0.25608994378513,-0.0037476577139288,-0.25109306683323,2.7134229345418e-13,,0.9850253989614468,AGN
2CXO J170106.2-460751,255.27612285959597,-46.13096525465866,340.87045022313504,-2.47256085015457,-0.87945034353529,-0.56089943785134,-0.62460961898813,1.1584836917923e-14,,0.03536358486508377,stellar
2CXO J121513.0-652753,183.8042813634356,-65.46472387539075,299.18001640867425,-2.857173453117662,-0.88569643972517,-0.50968144909432,-0.68582136164897,1.6988309711851e-14,,0.031764998316980236,stellar
2CXO J024401.5+322410,41.006550866154384,32.40287466010669,148.93841184592029,-24.72145289547978,-0.10618363522798,0.15990006246096,-0.26233603997502,2.7771934972971e-13,,0.9764250897233913,AGN
2CXO J131515.6-280602,198.81511677208616,-28.10066880336905,309.3065146077587,34.476041104455945,-0.36477201748907,0.058713304184884,-0.4159900062461,4.5334352337168e-13,,0.8860525513605473,AGN
2CXO J155816.8+271430,239.5700257171718,27.24184535114072,44.23981027440783,48.70213018188451,-0.17738913179263,0.50718301061836,-0.6208619612742,2.3767939301523e-15,,0.5026142833586644,AGN
2CXO J004723.4-251904,11.848013203071789,-25.31806385473569,96.08436487378368,-87.97516158359728,0.09369144284822,0.074953154278576,0.018738288569644,8.2488289711149e-14,,0.552383287399201,AGN
2CXO J111133.6-603723,167.8902576011651,-60.62306062285487,290.9807508338401,-0.0898836100469333,0.68082448469706,0.55965021861337,0.19612742036227,7.7898979513261e-14,,0.004619491577167259,stellar
2CXO J000152.9-250222,0.4708977253988564,-25.03970858704317,40.78917648040406,-78.68404869308023,-0.40224859462836,-0.08369768894441,-0.32854465958776,5.6201109169385e-13,,0.8433529661984737,AGN
2CXO J195910.0+404249,299.7919866920579,40.713795352818224,76.14254375561157,5.794358530850769,0.44472204871955,0.24109931292942,0.22735790131168,2.1720740438071e-14,,0.07061099462133379,stellar
2CXO J171211.3-232705,258.0471116691367,-23.451483439868515,0.4690096527548384,9.274360028875448,0.12866958151156,0.021236727045596,0.10743285446596,8.113729896176e-14,,0.12711928614820597,stellar
2CXO J182118.4-161345,275.32703909188,-16.22937479909561,15.103650856511647,-0.8836903058881741,0.14990630855715,-0.09369144284822,0.23860087445347,1.1870782357273e-14,,0.0,stellar
2CXO J173049.5-213434,262.70640974144294,-21.57617272322896,4.463543849672962,6.745476186412154,0.53091817613991,0.34103685196752,0.22860712054966,3.1096326089133e-14,,0.05684872399365081,stellar
2CXO J193302.7-263709,293.26125385357204,-26.61910609132173,12.63785341999877,-20.36270167619093,-0.63085571517801,-0.22485946283573,-0.47220487195503,1.9642823644422998e-13,,0.14589090550232084,stellar
2CXO J151344.9-590044,228.43745564988944,-59.01236245874033,320.3653057339084,-1.0445105201211125,-0.92317301686446,-0.85071830106184,-0.33479075577764,4.0845190336816e-14,,0.01017274704117888,stellar
2CXO J091332.2+295546,138.38433052092068,29.92968901136844,196.0218152661162,42.50654022531304,-0.28232354778264,0.072454715802623,-0.34853216739538,6.1412737297983e-13,,0.9977726781857451,AGN
2CXO J155443.2-550345,238.680279243986,-55.06274711718523,327.1854982576864,-1.0663132174606675,-0.86945658963148,-0.48344784509681,-0.66583385384135,3.5677264954528e-14,,0.0033360686505635663,stellar
2CXO J052300.1+333530,80.75052619262732,33.591870028922045,173.46802825573008,-1.5323394104827377,0.82448469706433,0.47595252966896,0.57089319175515,5.7404402373734e-14,,0.017470872507296238,stellar
2CXO J221651.8-172549,334.2159566614753,-17.430390063658415,39.93599182167969,-53.11020314472138,-0.2948157401624,-0.043722673329169,-0.25484072454716,4.0046985713679994e-13,,0.9984590960029884,AGN
2CXO J104402.0-593342,161.00860806306014,-59.561692400155046,287.4248605366024,-0.5816663654937746,0.99937539038101,0.11867582760775,0.99937539038101,1.7268335418594e-15,,0.007759074797073781,stellar
2CXO J131526.1-161950,198.8588165443464,-16.330579173364562,311.25696114397994,46.1529046434998,0.50093691442848,0.27108057464085,0.26358525921299,7.4881104676993e-14,,0.4782198266891548,stellar
2CXO J145728.6-212510,224.36925016592104,-21.41957933536797,338.24194685040175,32.672102245774575,-0.97314178638351,-0.70081199250468,-0.85821361648969,3.9895142726526e-13,,0.0478658202039697,stellar
2CXO J021831.1+565858,34.6296798005144,56.983008213269486,134.6186048623192,-3.899713537754115,0.17738913179263,0.074953154278576,0.10243597751405,1.3698920796805e-13,,0.05120554905894309,stellar
2CXO J174851.5-270943,267.214858271917,-27.1619908642587,1.8877798581122,0.3079710306200127,0.89069331667708,0.60587133041849,0.61336664584635,5.7914946481969e-15,,0.00484543509586099,stellar
2CXO J155554.2+663003,238.97561849052465,66.50094492874986,100.32435332439007,41.61806383607278,-0.26233603997502,0.016239850093691,-0.27732667083073,5.4527827671128e-14,,0.9578634485869547,AGN
2CXO J181142.0-191942,272.9252126219567,-19.32837127911997,11.289791806017568,-0.3458996546023819,-0.22735790131168,-0.092442223610244,-0.13741411617739,5.4912220905822e-14,,0.012726228115713924,stellar
2CXO J174539.8-290121,266.41608798032894,-29.02268443786759,359.9312198537361,-0.0533571063222556,-0.5946283572767,0.096189881324172,-0.28607120549656,0.0,,0.0652996210647817,stellar
2CXO J023621.9+593811,39.09120545412327,59.63650180915662,135.8428955918668,-0.5789700666206087,0.77076826983136,0.24359775140537,0.64959400374766,1.4376693636424e-13,,0.00234543509586099,stellar
2CXO J130927.6-232550,197.3650971904656,-23.430632789647284,308.2729722811488,39.25413814085131,0.48219862585884,0.099937539038101,0.39225484072455,1.335607306319e-14,,0.19415973936193753,stellar
2CXO J020819.6+105743,32.08209041112582,10.961961063583455,151.56879461020822,-47.588997644174725,0.066208619612742,0.14241099312929,-0.076202373516552,6.0386191090985e-14,,0.6644508114128894,AGN
2CXO J195938.4+404917,299.9105076018377,40.821604188567925,76.2819640045832,5.773391746389902,0.026233603997502,0.073703935040599,-0.046221111805122,2.4058179000728e-14,,0.1991723095453138,stellar
2CXO J152749.9-502618,231.9579887131291,-50.43853754707015,326.7131555688948,5.069564880405538,-0.039975015615241,0.057464084946908,-0.096189881324172,3.9663282406950997e-13,,0.5081492890507601,AGN
2CXO J120043.7-200112,180.1821482011136,-20.02021628194038,287.00702995594787,41.278171970631774,0.34603372891943,0.30480949406621,0.044971892567145,1.2868424092663e-12,,0.8707562180067897,AGN
2CXO J174541.4-290109,266.42250052895963,-29.019433111125785,359.9369162338577,-0.0564498923559438,0.54590880699563,0.72829481574016,-0.33728919425359,2.6811478977329e-16,,0.006742790853015089,stellar
2CXO J150112.6+015736,225.30250242241573,1.9601679302416373,359.4853482011574,50.01750268179968,0.11242973141786,0.68457214241099,-0.61961274203623,1.5345981337091e-13,,0.7435001985160631,AGN
2CXO J121406.6-653348,183.5274772667885,-65.56356380549292,299.0804025038291,-2.971340772943885,0.38475952529669,0.21486570893192,0.18488444722049,4.2944427871936e-14,,0.025613256070878977,stellar
2CXO J132526.5-430117,201.36062430542404,-43.02161626762727,309.5121249899333,19.41524450022616,0.99937539038101,0.43222985633979,0.99937539038101,3.8705906641358e-15,,0.010740658521205393,stellar
2CXO J024024.5+385503,40.10222474041166,38.91752283848432,145.09137556794323,-19.21998464437385,-0.21361648969394,0.08369768894441,-0.29231730168645,1.4064687020825e-13,,0.36296603779606657,stellar
2CXO J010250.8-221104,15.711792847103991,-22.184380265669315,151.20944167023814,-84.4183665548809,-0.20487195502811,0.078700811992505,-0.27982510930668,9.4541171297504e-14,,0.9654797384772275,AGN
2CXO J002549.0-122659,6.454453423401617,-12.449808869789653,99.4391417926012,-74.14131441994273,-0.25858838226109,0.026233603997502,-0.28357276702061,1.1467805046457e-13,,0.9962633117404478,AGN
2CXO J015733.7+375409,29.390474538188755,37.90256775099523,137.06474974318874,-23.147765714155582,-0.24109931292942,-0.049968769519051,-0.19362898188632,1.2232736162228e-13,,0.8309589045798641,AGN
2CXO J015546.0+053356,28.941573914346066,5.565638060684766,150.75624405479556,-53.79449598493556,-0.46720799500312,-0.0024984384759525,-0.46470955652717,2.1708554228538998e-13,,0.9673699164182575,AGN
2CXO J021830.1-045512,34.62553255477343,-4.92020648495119,169.843902617702,-59.60980294267667,-0.90193628981886,-0.43847595252967,-0.75952529668957,1.5718184175023e-13,,0.09087092216019106,stellar
2CXO J104349.3-593308,160.95571080316392,-59.5523200182864,287.39679695369625,-0.5859915563016541,0.096189881324172,0.00999375390381,0.086196127420362,9.854737201827e-15,,0.0009590960029884197,stellar
2CXO J174543.3-290040,266.4307004708651,-29.01116258184827,359.94771130610485,-0.0582632086229863,0.66083697688944,0.99937539038101,-0.99937539038101,6.922421850056501e-16,,0.002877288008965259,stellar
2CXO J174543.1-285943,266.4296227266386,-28.99550076901871,359.9605900697482,-0.0493011528943763,0.82448469706433,0.9156777014366,-0.42348532167395,3.9399954430851005e-16,,0.0025,stellar
2CXO J201546.4+371413,303.9433536567881,37.23704273524624,74.9438510477012,1.205076496524665,0.91817613991255,0.5633978763273,0.73329169269207,4.0790190073865996e-13,,0.1311044697005444,stellar
2CXO J175102.7-343135,267.76166680791493,-34.5265860700967,355.79945955547913,-3.868348535000575,-0.41349156777014,-0.15615240474703,-0.27482823235478,5.873966723174e-13,,0.043557800161924655,stellar
2CXO J111251.7-261901,168.21563547662083,-26.316994676493277,276.92429859433304,31.52899019616442,-0.37101811367895,-0.066208619612742,-0.31230480949407,1.1695976163021e-13,,0.9463663996928094,AGN
2CXO J132522.8-430017,201.345196243998,-43.00481660276076,309.5027628379251,19.433452530392994,0.43722673329169,0.16739537788882,0.29106808244847,8.0432773473848e-14,,0.08866585468112376,stellar
2CXO J200003.2+405000,300.01384202280644,40.83354977951631,76.33299471922876,5.712741161308194,0.42473454091193,0.25359150530918,0.18738288569644,1.4404392471549e-14,,0.06735478004448123,stellar
2CXO J000209.6+232304,0.5404160253582404,23.38446727444241,108.52138606982258,-38.104509130338975,-0.32479700187383,-0.051217988757027,-0.27857589006871,4.3337486137433e-13,,0.9939744756102702,AGN
2CXO J044606.4-262956,71.5269423613081,-26.499013932992536,226.5290800368471,-38.14319410362483,-0.32354778263585,0.012492192379763,-0.33479075577764,6.6207303429646e-13,,0.9902062497990037,AGN
2CXO J174808.3-270516,267.0348234752282,-27.088013451975087,1.868491029071703,0.4834001422820877,0.091193004372267,-0.16239850093691,0.25608994378513,4.2987786062618e-15,,0.0025,stellar
2CXO J174542.1-285946,266.425709686131,-28.99627846526408,359.9581435040659,-0.0467846000482455,0.99937539038101,0.90943160524672,0.99937539038101,6.8930138366916e-16,,0.0,stellar
2CXO J174844.9-270907,267.1874082001132,-27.15221231594231,1.883572568640916,0.3339411610511466,0.59837601499063,0.33354153653966,0.33104309806371,7.8098127585521e-15,,0.005402237225403728,stellar
2CXO J190844.8-634817,287.1870214174801,-63.80491133203293,332.26250745068563,-26.02718228063469,-0.29856339787633,0.057464084946908,-0.35103060587133,4.9293646555643e-14,,0.8230354519985148,AGN
2CXO J135916.0-192621,209.81671292483725,-19.43945605146798,324.17508136191657,40.61767750295585,-0.12242348532167,0.12367270455965,-0.24359775140537,2.6711923209333e-13,,0.9909558755891207,AGN
2CXO J044655.6-262455,71.73169304771602,-26.41539105015305,226.48636414659964,-37.94454262854424,-0.45221736414741,-0.086196127420362,-0.38101186758276,3.2591587102138e-13,,0.9468243792073713,AGN
2CXO J031003.7-204107,47.515759377202585,-20.68553859329459,209.0044720734888,-57.77501976839616,-0.26233603997502,0.11742660836977,-0.368519675203,9.3913625319856e-14,,0.974883491182353,AGN
2CXO J175032.5-211804,267.635494162575,-21.30128270260932,7.117540300122506,2.986035122094516,0.72204871955028,0.40224859462836,0.45096814490943,9.2740415155342e-13,,0.2371597323217861,stellar
2CXO J180711.6-434812,271.79834829274114,-43.803374769381264,349.1349374289854,-11.09241559123596,-0.22236102435978,0.0049968769519051,-0.2261086820737,4.1178440006941997e-13,,0.7006657628256957,AGN
2CXO J181722.3-170212,274.3433216916794,-17.036774417251834,13.946627992720876,-0.4345043633300706,0.78201124297314,0.51967520299813,0.43847595252967,4.5902780573368e-13,,0.04532585783611677,stellar
2CXO J010205.9-221034,15.524868052595709,-22.176376434370933,149.5673830606504,-84.48790274435474,-0.21861336664585,0.024984384759525,-0.2423485321674,1.0505428740234e-13,,0.9588338433396683,AGN
2CXO J155459.4-550202,238.74760105826044,-55.03402237506857,327.23352902824195,-1.0688465749607878,0.94316052467208,0.69706433479076,0.71455340412242,7.5845817767711e-14,,0.026286420270427175,stellar
2CXO J151314.2-590331,228.30940230084136,-59.058779595145175,320.28489821554194,-1.050173120019174,-0.95690193628982,-0.87070580886946,-0.50343535290443,3.0559744648564e-14,,0.006874747148229567,stellar
2CXO J205649.2-045051,314.2050807503059,-4.847697249754778,43.65448414195117,-29.98999758606052,-0.88319800124922,-0.47470331043098,-0.70455965021861,4.2175450842685e-13,,0.29666754205184453,stellar
2CXO J174540.6-285949,266.4193907470508,-28.99719607829522,359.9544812667394,-0.0425447847071383,0.88194878201124,0.89319175515303,-0.12367270455965,3.1370376039007004e-16,,0.0013863390928725702,stellar
2CXO J120403.3+575748,181.0136842479651,57.96364398301719,134.8096420932984,58.05857633954965,0.43722673329169,0.25733916302311,0.20237351655215,4.1408306639449995e-13,,0.7577493505567665,AGN
2CXO J095550.4+694101,148.96028699380167,69.6838069373785,141.4072571819409,40.56226329451196,0.43597751405372,0.067457838850718,0.37976264834478,5.8265574545318e-14,,0.2985326542684815,stellar
2CXO J174037.5+094710,265.1563462675408,9.786142815092,33.82487416600251,20.13286356541037,-0.14865708931918,0.02998126171143,-0.17738913179263,2.8737425781937e-13,,0.6058105884334111,AGN
2CXO J171204.1-393210,258.0171926402596,-39.536373755011496,347.3476214068695,-0.1090106938099631,-0.83322923173017,-0.54341036851968,-0.52841973766396,4.3814876035962e-14,,0.0027726781857451404,stellar
2CXO J004903.8-343623,12.266316355394792,-34.606444031435856,306.677141016252,-82.50454708559589,-0.30480949406621,0.0074953154278576,-0.31105559025609,3.6382401771376e-13,,0.941244647229758,AGN
2CXO J132529.2-430059,201.37162381203143,-43.01651170778564,309.5213240496295,19.419176494014263,0.63210493441599,0.32479700187383,0.38600874453467,,,0.02094262269716582,stellar
2CXO J104358.9-593148,160.9954592200338,-59.53012292175845,287.40414592803745,-0.5569278454022607,-0.99937539038101,-0.99937539038101,-0.37851342910681,8.110294356565301e-16,,0.01624817964431603,stellar
2CXO J152010.7-571110,230.0445899598208,-57.18605762043338,322.0507263475241,0.0581094003143063,-0.52342286071206,-0.10118675827608,-0.44472204871955,3.6809882811374e-14,,0.013351265765900818,stellar
2CXO J173215.9+224524,263.0665230681125,22.75683153656052,46.02972978165519,27.01949537628942,-0.33104309806371,-0.037476577139288,-0.29731417863835,7.1653556161279e-13,,0.9813398231231453,AGN
2CXO J174536.6-290241,266.40258354292564,-29.04497773636205,359.90603959992615,-0.0548935769645251,0.90943160524672,0.90943160524672,-0.0062460961898814,9.2056470840616e-16,,0.002081897425501723,stellar
2CXO J221157.2-251901,332.9885074691706,-25.317037749227023,26.60698641666109,-54.33540089431048,-0.50468457214241,-0.18738288569644,-0.35103060587133,4.8067454271804e-13,,0.8778165460601443,AGN
2CXO J174539.9-290121,266.41654467483227,-29.02275187484095,359.9313703286827,-0.0537331148802728,0.8844472204872,0.92941911305434,-0.29231730168645,2.099060730195e-15,,0.0009590960029884197,stellar
2CXO J072932.9+210607,112.3873975268092,21.102015346346786,197.7303227205426,17.5541352262894,-0.2211118051218,0.02998126171143,-0.24984384759525,3.0308440754035e-13,,0.5361945079492348,AGN
2CXO J023238.0-442150,38.15851972433813,-44.363882484094674,259.92712952402934,-63.38921795042294,-0.50593379138039,-0.11118051217989,-0.41723922548407,6.4173158467452e-13,,0.9214679248786287,AGN
2CXO J111436.2-610654,168.65084263016433,-61.115177458943926,291.506929055235,-0.4098860735596187,-0.62211118051218,-0.21361648969394,-0.47095565271705,7.4718014541757e-14,,0.020252035264264858,stellar
2CXO J053855.0-691003,84.72937441812854,-69.16777390586789,279.5406751937243,-31.645635472012145,-0.99937539038101,-0.99937539038101,-0.4684572142411,0.0,,0.11026988361199816,stellar
2CXO J044050.7-025427,70.21139675084754,-2.9076352649710184,199.519267002098,-30.174863287378127,-0.13241723922548,0.061211742660837,-0.19237976264834,2.7884364094327e-13,,0.8981320732839008,AGN
2CXO J205609.5+254450,314.0397379824792,25.74730600569869,70.8020330116442,-12.529863636094229,-0.084946908182386,0.088694565896315,-0.17239225484072,1.6059250431280998e-13,,0.6556148470859307,AGN
2CXO J174941.2-271702,267.4218548668525,-27.284048916904744,1.877834869790255,0.0873348756130749,-0.66208619612742,-0.16614615865084,-0.54965646470956,2.0774632376904e-14,,0.012389375996211292,stellar
2CXO J192959.0+190337,292.49616200775426,19.060343379964756,54.2039678820844,0.4636319994510928,0.789506558401,0.58588382261087,0.37226733291693,1.3230180961324e-13,,0.0025,stellar
2CXO J223705.4+342533,339.2725404805451,34.4260086129123,93.7319122805728,-20.717725084036093,-0.053716427232979,-0.066208619612742,0.013741411617739,9.8113331437936e-15,,0.07512287692541186,stellar
2CXO J125842.6+281332,194.6776270483772,28.22575165382896,67.63098280975393,88.05146491295982,-0.41474078700812,-0.0074953154278576,-0.40849469081824,2.7613851583862e-14,,0.6424822134481911,AGN
2CXO J151349.7-590140,228.4571012249378,-59.02803742985174,320.3658356888859,-1.063156758228445,-0.99937539038101,0.27732667083073,-0.99937539038101,0.0,,0.015864803254876134,stellar
2CXO J053541.4-691711,83.92281300483376,-69.2864861616419,279.7199854437803,-31.915239712166034,-0.99937539038101,-0.99937539038101,-0.64959400374766,0.0,,0.10008655681476088,stellar
2CXO J010421.2-214551,16.08868566979737,-21.764348437346825,152.34131810635918,-83.88422312390149,-0.13741411617739,0.11118051217989,-0.24609618988132,6.9589738535992e-14,,0.9475479057601617,AGN
2CXO J091913.5-122553,139.80625464746015,-12.431544807856756,243.405756083576,25.10283695316532,-0.36602123672705,0.057464084946908,-0.4159900062461,6.1768181645494996e-12,,0.8315600988163923,AGN
2CXO J125823.0+280521,194.59586662673576,28.08939882070181,65.32343528900265,88.18584242475079,-0.33354153653966,-0.018738288569644,-0.316052467208,2.4313141587952e-14,,0.631354469537667,AGN
2CXO J103830.2-581346,159.6261740930845,-58.229581007424,286.1601598724029,0.2459164914713202,-0.67457838850718,-0.35227982510931,-0.420986883198,3.6299588474199e-14,,0.00375557162438528,stellar
2CXO J003758.2-335336,9.49288919397361,-33.89348799049767,325.29970344617414,-82.64063234814573,-0.28482198625859,0.054965646470956,-0.33479075577764,1.0476041153172e-13,,0.9597469335694536,AGN
2CXO J123539.2+290047,188.9135700777755,29.01315909844239,183.58394255335736,86.04117359297162,-0.29606495940037,-0.026233603997502,-0.27232979387883,1.2722300665398e-13,,0.9587445743187459,AGN
2CXO J055154.5+323025,87.97718118511176,32.50705355718004,177.6334027948839,2.996818653195828,0.21111805121799,0.19113054341037,0.01998750780762,4.3432282302373e-14,,0.049111084018171214,stellar
2CXO J114022.9-263011,175.09571594821398,-26.503162561932037,283.77102411047264,33.711013859536195,-0.28607120549656,0.13116801998751,-0.40224859462836,1.5340017627285e-13,,0.9160634239789591,AGN
2CXO J083453.0-451255,128.72083442962094,-45.21527551007267,263.5345172031458,-2.8755646324328965,0.56089943785134,0.18238600874453,0.420986883198,7.2497627118522e-14,,0.04861813841219745,stellar
2CXO J123020.9+124036,187.58720755980085,12.676747173113016,283.0338792242963,74.72788183741532,-0.36727045596502,-0.0074953154278576,-0.36102435977514,5.1395233657316e-14,,0.8807492851546587,AGN
2CXO J234335.9-151916,355.89980973354284,-15.321141384880836,66.33019140941198,-70.30709778886306,-0.46470955652717,-0.0062460961898814,-0.45971267957527,7.8440724401266e-14,,0.9379599019401722,AGN
2CXO J174535.1-290025,266.39662069774545,-29.00710653188499,359.9356464558599,-0.0307099556250053,0.41848844472205,0.55090568394753,-0.15490318550906,,,0.010788057793026808,stellar
2CXO J064148.1-511341,100.45059279334488,-51.22828257080064,260.39347606600205,-22.267500382016834,0.63335415365397,0.3947532792005,0.31355402873204,4.2224617877429e-13,,0.3402700156029853,stellar
2CXO J022125.0+392203,35.35422402470624,39.3676414009428,141.31166944519433,-20.271238786264515,-0.034978138663335,0.10868207370393,-0.14241099312929,2.3642775621000003e-13,,0.6339471441155758,AGN
2CXO J174533.8-290032,266.39083750321845,-29.00957458205163,359.9309043866796,-0.0276794008416515,0.89319175515303,0.95440349781387,-0.50218613366646,1.7917384686259002e-15,,0.004499378048881124,stellar
2CXO J031006.7-202016,47.52807942954684,-20.337835337207466,208.3944978936406,-57.65305068343264,-0.36727045596502,-0.028732042473454,-0.34103685196752,1.8935166175158999e-13,,0.9950881365173976,AGN
2CXO J174543.8-290041,266.4325500773364,-29.01157161809182,359.9482045964548,-0.0598570594694627,0.93316677076827,0.91317926296065,0.021236727045596,2.5066467243987003e-15,,0.0007331524842946886,stellar
2CXO J185326.6+330021,283.36097427763104,33.00590985077542,63.13599085826072,13.995957001209105,-0.046221111805122,0.15740162398501,-0.20237351655215,6.1111786403292e-13,,0.9188679584414743,AGN
2CXO J121414.8-652536,183.56168489503196,-65.42687851186417,299.07471976782904,-2.834038317328265,-0.50343535290443,-0.24484697064335,-0.29231730168645,1.6878550884248e-14,,0.011397099574240057,stellar
2CXO J174532.7-290054,266.38630133415813,-29.015212356872453,359.92402536853785,-0.0272318584508732,0.85446595877577,0.99937539038101,-0.99937539038101,3.5741613711731e-16,,0.0,stellar
2CXO J112504.3-591717,171.2681731810976,-59.28814121407176,292.0943808223301,1.75417051722781,0.99937539038101,0.63835103060587,0.99937539038101,3.2161555795386e-14,,0.01046892953725045,stellar
2CXO J133802.9-175113,204.5124677066597,-17.85375716854078,318.332861061045,43.61970030877247,0.31855090568395,0.19237976264834,0.13491567770144,3.7756979291047e-13,,0.6591317247052622,AGN
2CXO J170944.0-443257,257.43373989251177,-44.54936836624108,343.04894048802817,-2.726897412766452,0.99937539038101,0.99937539038101,-0.99937539038101,1.6929052741921001e-15,,0.02460712198730629,stellar
2CXO J175922.8-285952,269.8450680264549,-28.998000670295283,1.4783954610208845,-2.6224919378772333,0.20362273579013,0.14990630855715,0.054965646470956,1.8959700641733e-13,,0.07127243090192549,stellar
2CXO J094056.0+345559,145.2333555294914,34.93336726479227,189.88386828199543,48.83800755677999,-0.47220487195503,-0.13116801998751,-0.36102435977514,1.5896288826431e-13,,0.9311066644664713,AGN
2CXO J004436.9-203925,11.153978325676007,-20.657236844948542,109.02957081013172,-83.34406518639705,0.49968769519051,0.3735165521549,0.15490318550906,8.6426112934258e-14,,0.6750844328296131,AGN
2CXO J132427.4+291929,201.11421843656183,29.324813339888276,51.66344782264831,82.40456502880919,-0.30231105559026,0.052467207995003,-0.34978138663335,7.1817275778062e-13,,0.9703934144055546,AGN
2CXO J231925.0+425425,349.85464117553784,42.90713519802041,105.53038176428586,-16.833829098437075,-0.047470331043098,0.088694565896315,-0.13616489693941,7.9152810108791e-14,,0.676709760456211,AGN
2CXO J150110.8+014142,225.29532982233832,1.6952218343336278,359.172620858821,49.84509445120093,-0.36976889444097,-0.018738288569644,-0.35227982510931,2.5762754980444e-14,,0.9051452730589051,AGN
2CXO J145714.8+222024,224.3118375982193,22.34024359301256,30.380955423423604,61.11166013883802,-0.25359150530918,-0.0024984384759525,-0.25109306683323,1.92599065414e-13,,0.9960058306700398,AGN
2CXO J180336.6-241725,270.9028706491829,-24.290518941232545,6.040685234528665,-1.118393912249935,0.91817613991255,0.56714553404122,0.73079325421611,1.1938097671289998e-13,,0.0291984531858217,stellar
2CXO J111153.3-611846,167.9720649769465,-61.31274924949863,291.27628185096967,-0.7143137154976392,0.98563397876327,0.96814490943161,0.34353529044347,4.9314971586245e-13,,0.03457828486027457,stellar
2CXO J074414.7+741207,116.06129641199932,74.20217562293755,140.68175197554194,29.61015706754373,0.37726420986883,0.19113054341037,0.1998750780762,8.4269684404261e-14,,0.6003131875118666,AGN
2CXO J174538.9-290207,266.4122696190693,-29.035371855624785,359.9186508033288,-0.0571169525233257,0.83822610868207,0.99937539038101,-0.99937539038101,1.1119787779818e-15,,0.0,stellar
2CXO J125406.5+273218,193.52709277490487,27.5384467969928,67.75408973813124,89.27889339097676,0.022485946283573,0.14490943160525,-0.12367270455965,5.7145069776712e-14,,0.543326075986901,AGN
2CXO J180949.9-194347,272.45807213912826,-19.729978052349715,10.72564089466117,-0.1539061184781384,-0.63335415365397,-0.10743285446596,-0.53216739537789,9.3157108482171e-16,,0.011436892878865424,stellar
2CXO J174839.9-271524,267.1666003773503,-27.256782044169658,1.784427870232574,0.2958895032268062,0.9419113054341,0.5946283572767,0.78076202373517,1.2864339523351e-14,,0.008159106710096274,stellar
2CXO J143443.5-362819,218.68142109413668,-36.47198681969497,325.1133104158764,21.91138005297444,-0.42973141786384,-0.057464084946908,-0.38101186758276,4.1510724977804e-13,,0.6257349174926747,AGN
2CXO J221457.7-353556,333.74074831841165,-35.59894823438399,8.745325850421617,-55.77914908943763,-0.30605871330418,0.068707058088695,-0.36727045596502,3.0122538466694e-13,,0.9978870954373149,AGN
2CXO J060909.5+241049,92.28994019850468,24.18038019251081,186.7535814564561,2.16915683607414,0.31980012492192,0.14116177389132,0.18738288569644,1.3674487262739e-13,,0.06009972951117658,stellar
2CXO J004929.9+321557,12.374708753897607,32.26597097711118,122.45567650674852,-30.603983518371933,-0.18738288569644,0.071205496564647,-0.25484072454716,1.1232140511143e-13,,0.9445017446101386,AGN
2CXO J114954.9+223022,177.47902352089886,22.50612237773613,227.89749694017772,75.30757983030202,-0.11867582760775,0.13866333541537,-0.25359150530918,6.211932114068999e-14,,0.9288151443546238,AGN
2CXO J060731.7+222126,91.88212832899416,22.3574286265102,188.16695618547135,0.957784376214838,-0.3997501561524,-0.071205496564647,-0.33728919425359,1.9416256250031996e-12,,0.02094916277319304,stellar
2CXO J111055.7-603609,167.73190123968175,-60.60269180593029,290.9010965313525,-0.1002965793803487,-0.75078076202374,-0.29856339787633,-0.58213616489694,4.6338087872111e-14,,0.003169944511420677,stellar
2CXO J150347.5-414301,225.94821890073692,-41.71704209828225,327.844224343632,14.66408152092819,0.19737663960025,0.18363522798251,0.013741411617739,1.1927978951906e-13,,0.22068496460991965,stellar
2CXO J174539.2-290140,266.41366615865434,-29.027868464009654,359.92569164875084,-0.0542501715021759,0.99937539038101,0.99937539038101,-0.66958151155528,0.0,,0.00234543509586099,stellar
2CXO J004420.5+413702,11.085543068887034,41.617258200344416,121.50921334282488,-21.234887170740528,-0.17863835103061,0.052467207995003,-0.22985633978763,3.4720765008435e-13,,0.7721491567655134,AGN
2CXO J111229.1-765020,168.12105415253063,-76.83915844532471,297.2691312144796,-15.068071299682272,-0.53591505309182,-0.22985633978763,-0.3472829481574,2.6383869556511e-13,,0.06217255902678272,stellar
2CXO J230712.0-223628,346.80037923949453,-22.60800115988193,38.00743422554616,-65.9748748351353,0.70705808869457,0.36227357901312,0.46346033728919,1.6912749683563998e-13,,0.8105705056165213,AGN
2CXO J195940.9+403634,299.92066872936846,40.60963194700204,76.10381509912379,5.656904606306677,0.30480949406621,0.35227982510931,-0.062460961898813,2.735038847846e-14,,0.051006061855345904,stellar
2CXO J020504.4+645052,31.268590444599116,64.84776356295731,130.65687944160712,3.086220339998539,0.9581511555278,0.68082448469706,0.79825109306683,5.5488721745596e-14,,0.018379876029072782,stellar
2CXO J010246.0-221409,15.69182043651989,-22.23600934231328,151.28262991810823,-84.47274742571642,-0.19737663960025,0.073703935040599,-0.26733291692692,8.7875721543309e-14,,0.9584262486396353,AGN
2CXO J150033.9+015216,225.1413324024104,1.871186460573092,359.2143460401659,50.07733415825244,-0.20487195502811,0.041224234853217,-0.24359775140537,2.5828850511332e-13,,0.9969181920059768,AGN
2CXO J053933.4+261950,84.88955655711203,26.33067176591391,181.509760137894,-2.5124999251054057,-0.30231105559026,-0.10743285446596,-0.20112429731418,2.2100342396865e-13,,0.022712624727042562,stellar
2CXO J224024.2+032638,340.1008986227762,3.4440602278723693,71.85834636659592,-46.02955836928707,0.033728919425359,0.20861961274204,-0.17738913179263,1.8757174465933e-14,,0.6263393953627275,AGN
2CXO J043626.1-024352,69.10905897261387,-2.731142005873194,198.70051446469893,-31.03903870559813,-0.43597751405372,-0.037476577139288,-0.40474703310431,2.5813288101295e-13,,0.8889016110214886,AGN
2CXO J153625.2+161814,234.10522780152792,16.303983125957696,25.796645957318983,50.37828951022152,-0.21361648969394,0.097439100562149,-0.30480949406621,3.8464941104832e-13,,1.0,AGN
2CXO J151334.8-590120,228.3954855834594,-59.02233857624479,320.34165227840674,-1.0418627263298688,-0.8632104934416,-0.84821986258588,-0.049968769519051,2.0688396083622e-14,,0.0049332964859550976,stellar
2CXO J112509.0-592018,171.28788581146046,-59.33836766459138,292.1203476441968,1.7100089437790926,0.34603372891943,0.1474078700812,0.20737039350406,2.3364447128206998e-14,,0.013476019053819519,stellar
2CXO J023008.3+183520,37.53481691509069,18.589185668450376,153.2581635301327,-38.40166762857248,0.016239850093691,0.16239850093691,-0.14615865084322,1.9442038585063e-13,,0.8722273902786172,AGN
2CXO J161244.5-603845,243.1856035710764,-60.64617228995213,325.26560141098173,-6.829503713796745,-0.51967520299813,-0.19862585883823,-0.35727670206121,9.432217657119899e-14,,0.026637498225141568,stellar
2CXO J100432.8-063349,151.13686139416893,-6.5636497383137895,246.5656200321926,37.42982522320829,-0.047470331043098,0.069956277326671,-0.11742660836977,1.1471180323871998e-12,,0.8630698604035709,AGN
2CXO J093158.7+791122,142.99475308448632,79.18953532229617,132.86213935422836,33.744579116501846,0.59337913803873,0.25858838226109,0.39600249843848,1.1611280135259e-13,,0.39384277397308337,stellar
2CXO J065758.8-555004,104.4954293350263,-55.83471710795501,265.88620469534294,-21.28589306307827,-0.26608369768894,-0.026233603997502,-0.24109931292942,4.8711911537356e-14,,0.6119781510482517,AGN
2CXO J174834.6-271418,267.14412671348964,-27.23855653921652,1.7897398899350427,0.3224064475395258,-0.83822610868207,-0.48469706433479,-0.58588382261087,4.494304726086e-15,,0.004184515252771229,stellar
2CXO J043917.3+051506,69.82218764519922,5.251852112070282,191.4211915786705,-26.195352868014076,-0.61961274203623,-0.18988132417239,-0.48719550281074,4.2744441400372996e-13,,0.6674212626558439,AGN
2CXO J130238.9+333639,195.662032954916,33.61085825528728,103.17247841061494,83.08205877430308,-0.059962523422861,0.11867582760775,-0.17738913179263,3.3757628247380997e-13,,0.9602580833628193,AGN
2CXO J010400.3-213525,16.001498887562377,-21.59040086754735,150.9284989931532,-83.76702706638972,-0.43722673329169,-0.099937539038101,-0.35227982510931,8.8162260604158e-14,,0.8329104534768118,AGN
2CXO J034709.6-520627,56.79003701437239,-52.107760935101005,262.53097966674386,-48.8950613909322,-0.40974391005621,-0.032479700187383,-0.38226108682074,3.1484994501043997e-13,,0.9849200594942648,AGN
2CXO J162056.9-502452,245.2374245798876,-50.41457122625482,333.2451124087425,-0.2987286103054229,0.92692067457839,0.49968769519051,0.7945034353529,3.5701866827927e-13,,0.17367904922169206,stellar
2CXO J060212.4-400619,90.55193925016044,-40.1052046035179,246.66401993067592,-26.030079271851505,-0.5209244222361,-0.11242973141786,-0.43347907557776,2.1437429759566998e-13,,0.7981023567654187,AGN
2CXO J120027.5+291019,180.11474615554243,29.172000466810864,199.64966626649996,78.58462950703984,-0.28607120549656,0.012492192379763,-0.29731417863835,1.7124670686394e-13,,0.9325160881100827,AGN
2CXO J175051.1-293419,267.7131056486188,-29.57211530098707,0.0445942400256362,-1.3057223703291467,0.88069956277327,0.65958775765147,0.5159275452842,3.6841816614065e-14,,0.02942439670451543,stellar
2CXO J085229.8+511611,133.12418546191196,51.269806862109405,167.40065226891042,39.52021863130115,-0.22485946283573,0.054965646470956,-0.27607745159275,8.7408193617399e-14,,0.9654601767202128,AGN
2CXO J123042.1+124121,187.6756081626256,12.689169716601729,283.331182643534,74.76628453311005,0.9106808244847,0.3997501561524,0.76577139287945,7.1916826880274e-14,,0.6302047673799804,AGN
2CXO J123610.3+290105,189.04337264426036,29.018281975933675,182.7374777930316,86.1390514918481,-0.10618363522798,0.074953154278576,-0.17863835103061,6.2398960628058e-14,,0.8611479684185166,AGN
2CXO J215457.3+164905,328.7390803911428,16.818195700240175,73.51598700623647,-28.66211916913524,0.85196752029981,0.49594003747658,0.6158650843223,1.2045782696859e-13,,0.6947200792477466,AGN
2CXO J104348.3-593307,160.9514304490723,-59.55214758522224,287.39480163042583,-0.5868597421215956,-0.10368519675203,0.14865708931918,-0.25234228607121,1.5480366645884e-15,,0.045295705517315786,stellar
2CXO J062224.1-623419,95.6005373544541,-62.57207254587167,272.02907343465785,-27.16321267796815,-0.19113054341037,0.0012492192379763,-0.18863210493442,7.5428835259108e-14,,0.6605165380584572,AGN
2CXO J163227.0+052029,248.11254791802023,5.341602644332153,20.79704273252927,33.195498847789146,0.027482823235478,0.10868207370393,-0.081199250468457,2.5865038727469e-13,,0.7270833098597477,AGN
2CXO J222806.1+612257,337.0254222792073,61.382525101939024,106.62263453928992,3.1354647470911603,0.95940037476577,0.79075577763898,0.69331667707683,3.7405810452749996e-13,,0.09619892992195717,stellar
2CXO J005608.2+262850,14.03447043412092,26.48078172748065,124.2382478349424,-36.37904443772303,-0.30605871330418,-0.033728919425359,-0.27482823235478,5.9119051841302e-14,,0.967668586169498,AGN
2CXO J174542.5-285933,266.4271659068803,-28.992736886610373,359.96183015608784,-0.0460271604427977,0.89693941286696,0.9106808244847,-0.17239225484072,6.5062277506e-16,,0.0038863390928725707,stellar
2CXO J010214.6-491916,15.560986923461314,-49.32114624501911,298.2861038495853,-67.70951548848927,-0.28607120549656,-0.014990630855715,-0.27232979387883,4.9429109891571e-14,,0.8658467528732391,AGN
2CXO J040840.3-205157,62.16798409576825,-20.86603468251148,216.09895360697757,-44.79868708402114,-0.20237351655215,0.02998126171143,-0.23110555902561,3.3718624193318e-13,,0.9629488512902544,AGN
2CXO J180629.1+454659,271.62128108177785,45.78326753304659,73.0272289529017,26.60038832744839,-0.35103060587133,0.02998126171143,-0.37601499063086,1.5486947538466998e-13,,0.9098718237602337,AGN
2CXO J174542.2-285932,266.42601905351444,-28.992377579242948,359.961614367718,-0.0449836986315817,0.81698938163648,0.9156777014366,-0.42223610243598,7.551504036582201e-16,,0.0,stellar
2CXO J111526.8-611820,168.86164445848,-61.30578933715672,291.6707933913906,-0.5505616501433529,-0.6420986883198,-0.22236102435978,-0.4896939412867,4.3941066982199e-14,,0.012543514253183927,stellar
2CXO J170022.5-461737,255.0941356087268,-46.293901931191286,340.664329255063,-2.473337474569969,0.82073703935041,0.50343535290443,0.52717051842598,4.5196467897313e-14,,0.03817490778709473,stellar
2CXO J150132.2+015044,225.38419727617224,1.8456837602885652,359.43814166342844,49.8802051542612,-0.25359150530918,0.031230480949407,-0.28232354778264,5.2621236016223e-14,,0.9489376098985441,AGN
2CXO J174109.3-533512,265.28882553673816,-53.586714125575725,338.2769345105156,-11.97419805075504,0.70955652717052,0.44347282948157,0.38600874453467,3.8162504126957996e-13,,0.17511930320491334,stellar
2CXO J150104.9+014136,225.2704930750656,1.6933632616794243,359.144593615656,49.86221875346898,0.65584009993754,0.38475952529669,0.36227357901312,2.6595297495841e-14,,0.8617356372551537,AGN
2CXO J034640.3-543608,56.668019702418974,-54.60243168324659,266.07342132244884,-48.04985348045506,-0.3735165521549,0.012492192379763,-0.38475952529669,4.0331341119666e-13,,0.9889280255402387,AGN
2CXO J174537.1-290239,266.4047131229711,-29.044416773083643,359.9074884535937,-0.056190373023849,0.87820112429731,0.8894440974391,-0.14241099312929,5.9626226893265e-16,,0.0,stellar
2CXO J135114.7+682502,207.81146260761943,68.41747897004646,114.81621700790664,47.75732822872476,-0.071205496564647,0.056214865708932,-0.1261711430356,2.3720815285665996e-13,,0.9419598182431312,AGN
2CXO J001351.5-302500,3.464697887375109,-30.416697813300104,8.944668218251769,-81.13679474669131,0.027482823235478,0.20737039350406,-0.18113678950656,1.8099856410652e-13,,0.8832345725769699,AGN
2CXO J174538.5-290003,266.41057817065143,-29.001019515749505,359.9472022526138,-0.0379574550256831,0.76702061211743,0.95940037476577,-0.73454091193004,1.0938717113048e-15,,0.006044101164834148,stellar
2CXO J151334.1-590123,228.3922215853263,-59.02320483793884,320.3397661289307,-1.041734941972401,-0.60462211118051,-0.3210493441599,-0.33728919425359,5.4610578660226004e-15,,0.0005933672290270395,stellar
2CXO J192333.7+142953,290.8906289466861,14.498266632267802,49.4604181650052,-0.3567283832889488,0.98563397876327,0.91817613991255,0.70955652717052,3.4340175003823997e-13,,0.1322134479863385,stellar
2CXO J095441.8-202214,148.67443685844614,-20.370845156445828,256.26030296729954,26.076090611569192,-0.23110555902561,0.14615865084322,-0.36477201748907,5.0241098758535e-13,,0.9824313470405979,AGN
2CXO J020957.9-100301,32.49164742980281,-10.050311741095696,173.9658717573815,-64.8184501808027,-0.19113054341037,0.078700811992505,-0.26608369768894,1.2960692687061e-13,,0.9937168616704164,AGN
2CXO J020505.2+645103,31.271712483141584,64.85086679180368,130.6572797096902,3.0895715870536424,-0.88569643972517,-0.4896939412867,-0.6945658963148,7.0387615146009e-15,,0.027543856416145106,stellar
2CXO J104427.5+064440,161.11489465263412,6.744592292191734,241.16636908231465,53.62593137720595,-0.079950031230481,0.1211742660837,-0.1998750780762,1.6232127363315998e-13,,0.9576258274277456,AGN
2CXO J084032.0+295332,130.1335474072735,29.8924479636709,194.12754842981363,35.5087711327038,-0.15115552779513,0.027482823235478,-0.17863835103061,5.2649903836268e-14,,0.7029123119916726,AGN
2CXO J052450.2-693455,81.20920113539376,-69.58193388722258,280.23778247724266,-32.81217402394455,0.7632729544035,0.77701436602124,-0.14116177389132,2.4453867822491e-14,,0.40940248537670576,stellar
2CXO J104355.5-593408,160.98145494958237,-59.5691308964933,287.4162134423594,-0.5946953294072598,0.053716427232979,0.17738913179263,-0.12742036227358,1.2902882264549e-14,,0.02470457896662714,stellar
2CXO J141337.6-652454,213.4066630630349,-65.4152647210687,311.34789473799344,-3.895298396254704,0.92317301686446,0.80574640849469,0.45846346033729,8.7917450012664e-14,,0.06446341509037802,stellar
2CXO J151339.5-590055,228.4142610055316,-59.014244335976414,320.354113163242,-1.0399378960449257,-0.86196127420362,-0.80449718925671,-0.17863835103061,1.265874398266e-14,,0.003546957393082527,stellar
2CXO J122448.2+124926,186.2011655627213,12.823951221374214,278.07809230864973,74.39608503461905,-0.29731417863835,0.043722673329169,-0.33603997501562,1.3039986792713e-14,,0.5998083120683744,AGN
2CXO J141301.0-652548,213.25421682194465,-65.43010831305793,311.2828729481955,-3.88962002544696,0.60462211118051,0.41224234853217,0.25608994378513,5.9922656725156e-14,,0.04636908946278218,stellar
2CXO J005454.5-374435,13.727490440295751,-37.7431733915432,299.2119487539748,-79.3599886359671,0.22860712054966,0.41224234853217,-0.20362273579013,2.6791864402856e-13,,0.907414274105021,AGN
2CXO J213101.9+232004,322.7579403038126,23.33451863756148,74.33378428119691,-20.09375880541609,-0.86196127420362,-0.40099937539038,-0.70455965021861,4.775553156610599e-12,,0.07733472370946644,stellar
2CXO J055230.1+323306,88.12588555747425,32.55179903545125,177.65850926469213,3.1275569197809965,0.36477201748907,0.2735790131168,0.10118675827608,3.1533014144684e-14,,0.045402129671064245,stellar
2CXO J031336.8+415804,48.40374144767213,41.96785376208232,149.32454583259678,-13.50323315243834,-0.22985633978763,0.13366645846346,-0.35352904434728,3.7895969984203997e-13,,0.7406907807715715,AGN
2CXO J181131.7-192409,272.8822056831812,-19.402636404890604,11.205164583537956,-0.3460702057458183,-0.54840724547158,-0.30855715178014,-0.28732042473454,3.8647007369182e-15,,0.005088136517397517,stellar
2CXO J045506.1+030316,73.77546393593644,3.0543961676254776,195.8145378743066,-24.060714608679653,-0.23735165521549,0.033728919425359,-0.26733291692692,1.7886849241169e-13,,0.9898422146819934,AGN
2CXO J045401.0-532109,73.50425351407006,-53.35257939641638,261.07163850815056,-38.7750830395076,-0.89444097439101,-0.47470331043098,-0.72579637726421,7.7755059518779e-14,,0.22337425830271285,stellar
2CXO J205615.2+254201,314.06335183218755,25.70032826188633,70.77813371889802,-12.575855814080898,0.048719550281074,0.15615240474703,-0.10743285446596,1.1423690622754e-13,,0.7108131594881872,AGN
2CXO J004353.8-203304,10.974689665449262,-20.551394723053324,107.85304190344984,-83.20132887700389,-0.28232354778264,-0.013741411617739,-0.26983135540287,4.4359093217437996e-14,,0.6490144689335661,AGN
2CXO J125831.7+280023,194.6322445199246,28.00652164575993,62.53965258981012,88.19976751126546,-0.28482198625859,0.10368519675203,-0.37851342910681,2.2667645056196e-14,,0.6463761378345367,AGN
2CXO J142331.7+235156,215.88227460740663,23.865610399099573,29.140936572526044,68.99547690504423,0.047470331043098,0.14615865084322,-0.098688319800125,1.2816638988237e-13,,0.6935268434556222,AGN
2CXO J210158.5+363715,315.4938145867705,36.62095499640659,80.06754052799148,-6.500036863232769,0.48219862585884,0.28482198625859,0.22860712054966,3.2243712653090996e-13,,0.10548465770591892,stellar
2CXO J174539.3-285947,266.41386520440267,-28.996688944462782,359.9523964783394,-0.0381552877145039,0.99937539038101,0.99937539038101,-0.99937539038101,3.3307437178896e-15,,0.0,stellar
2CXO J041338.9+053547,63.41239326235928,5.5964297067988245,186.9144503652131,-31.218575465405788,0.067457838850718,0.091193004372267,-0.023735165521549,1.7130332221655e-13,,0.554547772560889,AGN
2CXO J111048.3-132731,167.70160829854422,-13.458761023229211,268.73971459094537,42.63401972373122,-0.29106808244847,0.051217988757027,-0.33728919425359,1.5887711289152e-13,,0.9921068373902859,AGN
2CXO J155427.6-551013,238.61520607377813,-55.170498157307705,327.08807529175124,-1.1255377268109166,0.082448469706433,-0.017489069331668,0.098688319800125,2.9327628619953e-14,,0.00621093793991082,stellar
2CXO J015750.5+374515,29.460650323048185,37.75434856470098,137.16724342336465,-23.27491936700813,-0.29356652092442,0.024984384759525,-0.31730168644597,7.8786203187465e-14,,0.8825499787993255,AGN
2CXO J104348.1-593312,160.95067796011426,-59.55353018436853,287.3951155882769,-0.588259179634003,-0.99937539038101,-0.61461586508432,-0.25359150530918,8.179346974540201e-16,,0.019706026577489114,stellar
2CXO J130926.1-232548,197.35884926194683,-23.43010615974593,308.2656604517715,39.25517987017247,-0.20487195502811,0.18613366645846,-0.38226108682074,1.2752826027966e-14,,0.3020313934093526,stellar
2CXO J010219.4-213532,15.58111135944199,-21.592372349865396,147.63222905670517,-83.9349279583261,-0.1524047470331,0.056214865708932,-0.20737039350406,7.4369627936011e-14,,0.901399866245289,AGN
2CXO J104735.6-250311,161.89855236266158,-25.05318854981841,270.41580839295005,29.886708167033785,-0.15740162398501,0.20861961274204,-0.35602748282324,7.7997497185782e-14,,0.7096025888983705,AGN
2CXO J095247.0+515053,148.19610188857098,51.84811364327639,163.93293512814208,48.55671343455478,-0.18863210493442,0.051217988757027,-0.23735165521549,8.9018878076051e-14,,0.9696465519832073,AGN
2CXO J211137.6-631438,317.9070514382141,-63.24394284701773,331.50259046977084,-39.586870272773496,-0.33603997501562,-0.01998750780762,-0.31855090568395,2.2656560687931999e-13,,0.9887425346701012,AGN
2CXO J151334.8-590119,228.39508066375743,-59.02201750870174,320.34164002789385,-1.041480141661492,-0.99312929419113,-0.99937539038101,0.99937539038101,0.0,,0.0034116967311670033,stellar
2CXO J010334.4-221614,15.893563549340456,-22.270696480119422,153.1531284310099,-84.41552083475698,0.047470331043098,0.20861961274204,-0.16239850093691,9.1791985429492e-14,,0.7051635381935151,AGN
2CXO J151339.2-590231,228.41343358393132,-59.04223587119952,320.3392581017168,-1.0636678109350308,-0.87945034353529,-0.82198625858838,-0.20112429731418,4.3395006555148e-14,,0.02500977252505026,stellar
2CXO J174702.5-285235,266.7606165293049,-28.876442221626856,0.212842808456905,-0.2349195426477055,0.99937539038101,0.99937539038101,-0.99937539038101,1.8930135901602e-15,,0.0,stellar
2CXO J230722.7-224034,346.8446551819525,-22.676340600826062,37.87392297704648,-66.03311670543219,-0.30730793254216,0.052467207995003,-0.35352904434728,8.556018069167e-14,,0.9883533912278908,AGN
2CXO J174537.9-290228,266.40830481499665,-29.0413560203191,359.9117369758765,-0.0572758511557985,0.99937539038101,0.85446595877577,0.99937539038101,9.6112303353115e-16,,0.0,stellar
2CXO J174543.9-290007,266.4330462704421,-29.002164435112302,359.9564611631628,-0.0553279778227502,0.97688944409744,0.95690193628982,0.21986258588382,4.8713033006078e-15,,0.0035672108370962134,stellar
2CXO J174537.6-290235,266.40669318523646,-29.04327642707753,359.9093637145824,-0.0570737638681331,0.99937539038101,0.99937539038101,-0.99937539038101,9.0660293512932e-16,,0.0,stellar
2CXO J104353.0-593404,160.9709258103779,-59.56799905280652,287.41097404665766,-0.5962034831312263,-0.37601499063086,0.0087445346658337,-0.37476577139288,2.9232952770812e-15,,0.012775832699916577,stellar
2CXO J053757.9-685236,84.49241539665161,-68.87687973916809,279.21235145794,-31.763072158813703,0.67957526545909,0.37851342910681,0.3735165521549,3.7133754038182e-14,,0.19833723465302797,stellar
2CXO J004211.5-124907,10.54830443177906,-12.818754644036808,113.8792500216795,-75.52776447815866,0.72454715802623,0.43222985633979,0.42598376014991,3.003047355012e-13,,0.6961887000650865,AGN
2CXO J083959.9+294803,129.99995606283835,29.801053090771408,194.20284651168703,35.37454754953491,0.40474703310431,0.22735790131168,0.1948782011243,3.3419902970839e-14,,0.22487915258868021,stellar
2CXO J184805.8-015940,282.0243623263905,-1.994275038355229,30.776329993666383,-0.1664073517943603,0.99937539038101,0.85071830106184,-0.65334166146159,0.0,,0.013382496727886216,stellar
2CXO J100458.6-075928,151.24428151474035,-7.9913832346086995,247.9794655830431,36.549739299718695,-0.09369144284822,0.7682698313554,-0.80074953154279,1.5636743599472998e-13,,0.5845354605646402,AGN
2CXO J155431.1-550935,238.62959930157285,-55.15984886533791,327.1012020815016,-1.122578721826889,0.71455340412242,0.42973141786383,0.40974391005621,5.2160745006553e-14,,0.011382825421377285,stellar
2CXO J162114.3+381059,245.3098247717046,38.183257358580256,60.958904733049664,45.09091630370531,-0.17489069331668,0.06371018113679,-0.23610243597751,1.5740918892652998e-13,,0.9609745064346155,AGN
2CXO J141356.7-652205,213.48624055964524,-65.36814723350965,311.3942446777216,-3.8609526320610903,0.6158650843223,0.32854465958776,0.35977514053716,7.545802174596e-14,,0.055565982598129844,stellar
2CXO J180830.3-434608,272.12657056716034,-43.76899046547692,349.2758836339264,-11.287892145585912,-0.078700811992505,0.072454715802623,-0.14990630855715,2.3022346921553e-13,,0.595726296051603,AGN
2CXO J042521.3-082731,66.33885698024113,-8.458589057263415,203.1183431874017,-36.224746513736775,-0.2473454091193,0.077451592754528,-0.31980012492192,1.4350429117130998e-12,,1.0,AGN
2CXO J111357.3-262622,168.48903454260858,-26.43953740289438,277.2455607546936,31.52461767209072,-0.38725796377264,0.071205496564647,-0.44472204871955,2.7213877355037e-13,,0.8225756795102648,AGN
2CXO J010226.7-220526,15.611344025619076,-22.090779156959357,149.92899577727272,-84.37604337818519,-0.054965646470956,0.11367895065584,-0.16739537788882,7.4703207996066e-14,,0.8657158361976649,AGN
2CXO J083556.3-263523,128.9849644771781,-26.5899272115855,248.6784789870816,8.415299190971973,-0.11617738913179,0.092442223610244,-0.20737039350406,9.8292398908866e-14,,0.5965724472349561,AGN
2CXO J110727.8-052135,166.8660201997318,-5.360006632564538,261.31616275622343,48.92652445634119,-0.37101811367895,0.038725796377264,-0.40474703310431,1.2891508737372e-13,,0.9902468051374982,AGN
2CXO J144010.7-001734,220.04492790372117,-0.2929704911869555,351.015577694518,52.12306625794381,0.21111805121799,0.20861961274204,0.0012492192379763,3.1075605631352996e-13,,0.748872769906354,AGN
2CXO J132713.9-424024,201.80803315578717,-42.67350723695085,309.90958726446195,19.712762543586383,-0.36102435977514,-0.026233603997502,-0.33853841349157,1.0833301202729e-13,,0.3692723770946768,stellar
2CXO J155543.3+662742,238.9302882253437,66.46173887732881,100.29178163490155,41.65372499459129,-0.58588382261087,-0.20362273579013,-0.43347907557776,5.1987427942808e-14,,0.784867238169919,AGN
2CXO J104351.7-593356,160.965479797787,-59.56562383285176,287.4074223954257,-0.5954043537542382,-0.25733916302311,-0.48219862585884,0.27982510930668,3.7099887411947e-15,,0.0009590960029884197,stellar
2CXO J174546.1-285954,266.4424047493958,-28.998475403167312,359.9638731658906,-0.0603942231017262,0.95940037476577,0.97564022485946,-0.28607120549656,3.3766238048157e-15,,0.00511811328160613,stellar
2CXO J091824.5-122425,139.6020857772653,-12.407047924339516,243.24847247332855,24.96124649870735,-0.32479700187383,-0.0087445346658339,-0.31730168644597,1.5225068937962999e-13,,0.9813566839640326,AGN
2CXO J132654.7-423802,201.72812191626255,-42.63411160513816,309.85394912081006,19.760339131330635,-0.2735790131168,-0.01998750780762,-0.25484072454716,1.2134805925549e-13,,0.45918108693882254,stellar
2CXO J002540.8-122811,6.420102626259734,-12.469747869455231,99.29822194623758,-74.14766133207107,-0.23860087445347,-0.053716427232979,-0.18738288569644,6.8676481183622e-14,,0.9415159963647927,AGN
2CXO J111245.2-261929,168.18860842661684,-26.32492235340493,276.9027685583584,31.511302605588224,-0.15990006246096,0.097439100562149,-0.25359150530918,9.1344103660907e-14,,0.789869130080878,AGN
2CXO J173036.6-213331,262.6525162055905,-21.558840723081214,4.450936533283191,6.797009635430001,0.73079325421611,0.40849469081824,0.45721424109931,2.9585175617051e-14,,0.04528757013076959,stellar
2CXO J131058.4-231733,197.74335693460057,-23.29275185900806,308.73653251140115,39.3587154752685,-0.99937539038101,0.4472204871955,-0.98563397876327,1.3188030299115e-11,,0.3050145067598314,stellar
2CXO J125804.5-171728,194.5188966574356,-17.29113581223356,305.194792434763,45.55144577858868,0.10993129294191,0.17738913179263,-0.068707058088695,1.5713881438635e-13,,0.6121334127765675,AGN
2CXO J144106.0-171138,220.27495251064465,-17.194008920369914,337.0279466518006,38.31136645917551,-0.081199250468457,0.10243597751405,-0.18238600874453,9.8318113423916e-13,,0.9926788120847994,AGN
2CXO J220714.2+101431,331.8094318347439,10.242173999090587,70.47402027220022,-35.40828533731889,0.8369768894441,0.51717676452217,0.55965021861337,1.1363662288057e-13,,0.770550103953899,AGN
2CXO J065032.6+413031,102.63616458324822,41.50884254363576,174.64354967809464,17.433527017168274,-0.84447220487196,-0.41973766396002,-0.65584009993754,3.6947082765232e-14,,0.01371269205475882,stellar
2CXO J164423.1+572605,251.09646291690785,57.43471593312834,86.53748702349262,39.52881593090416,-0.024984384759525,0.18988132417239,-0.21736414740787,6.666318393201499e-14,,0.7279966042947595,AGN
2CXO J062141.3-621829,95.42238544787403,-62.30820647008511,271.72324665079213,-27.212356469855862,-0.43347907557776,-0.013741411617739,-0.420986883198,3.1098939604278e-14,,0.464898855113071,stellar
2CXO J170051.4-460622,255.21444952861168,-46.10619620011027,340.86374779783495,-2.423609581599868,0.89818863210493,0.59837601499063,0.6371018113679,3.6663920084236e-14,,0.020294114767241793,stellar
2CXO J163147.0+453546,247.94607098345807,45.59619969672048,71.23697605833354,43.01431931119366,-0.77701436602124,-0.30855715178014,-0.6158650843223,4.0788691388066e-13,,0.044193313696458854,stellar
2CXO J212424.6-335831,321.10260453070464,-33.97535955831525,10.920931407110302,-45.371078716670674,-0.40974391005621,-0.021236727045597,-0.39100562148657,8.1303873969116e-14,,0.9285817751935314,AGN
2CXO J151313.5-590339,228.3064745483341,-59.06083023045741,320.2825499941449,-1.0511522494962555,-0.92567145534041,-0.789506558401,-0.50093691442848,6.3616650051373e-14,,0.02263283704717489,stellar
2CXO J100617.7-073710,151.57387602669604,-7.619609527773329,247.9140774422132,37.04177842588528,-0.23860087445347,0.7158026233604,-0.80824484697064,6.4317572751423e-14,,0.5360821738966302,AGN
2CXO J062143.5-622202,95.43161961913565,-62.36728714699986,271.7897684275652,-27.21539183364668,-0.841973766396,-0.42598376014991,-0.64709556527171,1.1387263977927e-14,,0.07390182883181788,stellar
2CXO J224652.1+394150,341.7174092578937,39.6973377094532,98.32239593184045,-17.148282360338573,-0.82073703935041,-0.42473454091193,-0.60462211118051,1.2475399625991999e-13,,0.025997124490127033,stellar
2CXO J010239.8-221552,15.666063560436784,-22.264538153378545,151.1971414571703,-84.50900803783446,-0.17988757026858,0.046221111805122,-0.22361024359775,1.0129178879208e-13,,0.9160459850997847,AGN
2CXO J165332.1+023518,253.3840457606393,2.588507908497233,20.98942504406361,27.262348109275315,-0.28232354778264,-0.031230480949407,-0.25234228607121,1.1757602288386e-13,,0.9783249591605682,AGN
2CXO J195949.5+404040,299.9568326851297,40.67805907906746,76.17690622276156,5.668943875633366,0.96939412866958,0.78575890068707,0.75327920049969,2.3192573132721998e-14,,0.016606597534806505,stellar
2CXO J174539.1-285949,266.4132258216744,-28.997286518829466,359.9515950604676,-0.037989256438683,0.99937539038101,0.9843847595253,0.99937539038101,3.3739576361183e-15,,0.0013863390928725702,stellar
2CXO J151353.1-590009,228.4713716039356,-59.00256251955853,320.3853239053282,-1.045176758187668,-0.97688944409744,-0.9369144284822,-0.45846346033729,1.2240865711528e-14,,0.005061164965472847,stellar
2CXO J174540.9-290125,266.4205040561975,-29.02382202676761,359.9322604032181,-0.0572458960768836,0.99937539038101,0.83822610868207,0.99937539038101,4.1934488928629006e-16,,0.00345909600298842,stellar
2CXO J135818.5-644051,209.5773412997937,-64.6808825076429,310.0064416465366,-2.7316077407544213,0.71080574640849,0.38600874453467,0.4472204871955,1.3828991289867999e-13,,0.02414104332289207,stellar
2CXO J002305.9-720648,5.77448397620168,-72.11363864281057,305.99466367414504,-44.84569970474619,-0.15865084322299,0.11992504684572,-0.2735790131168,2.9502977670436e-14,,0.5150255109929917,AGN
2CXO J130613.8+674232,196.55770075816065,67.70902529545775,120.77923673436555,49.3573503216263,-0.26983135540287,-0.12991880074953,-0.14490943160525,2.1847378051332e-13,,0.8323049577476291,AGN
2CXO J174538.7-290217,266.4115137985989,-29.038230818051343,359.91586620558985,-0.0580423564729478,0.99937539038101,0.95940037476577,-0.30855715178014,1.283072196496e-15,,0.0,stellar
2CXO J050610.4-315740,76.54347806893276,-31.961304007762397,234.43506648211329,-35.17758727818632,-0.37726420986883,-0.017489069331668,-0.36102435977514,1.9002234080112e-13,,0.9599871885057836,AGN
2CXO J105604.8+421857,164.02023520496232,42.31596564887174,172.5089284389842,62.06178658855745,-0.21111805121799,0.10993129294191,-0.31480324797002,4.8202981520993e-14,,0.8967217793275043,AGN
2CXO J191649.6-161335,289.206791567644,-16.2266736683609,21.07817699405164,-12.820204457782406,-0.094940662086196,0.032479700187383,-0.1261711430356,5.5254403481556e-14,,0.43488649924667855,stellar
2CXO J210740.5+422024,316.9187675952171,42.34030697508543,85.08781359019194,-3.514684781400658,-0.72454715802623,-0.24609618988132,-0.58088694565896,1.9726452773066e-13,,0.03823197155185288,stellar
2CXO J235221.4-464631,358.0893470413946,-46.77544774262296,329.6720941695352,-67.16705908392849,-0.19862585883823,0.062460961898813,-0.25858838226109,1.9173953549427e-13,,0.9982331524842947,AGN
2CXO J170035.3-461454,255.14733317758876,-46.24843337503768,340.7228522786128,-2.4743626747644334,-0.38101186758276,-0.25733916302311,-0.13616489693941,1.6459982398305e-14,,0.00785081625564432,stellar
2CXO J034540.0+680309,56.41677525548175,68.05258982646806,138.11569323477138,10.479258280344466,0.52841973766396,0.2998126171143,0.27232979387883,1.7744841818286e-13,,0.10824613986442744,stellar
2CXO J002534.0+242745,6.39182650558439,24.462715137264635,115.45241413865293,-38.03302371301465,0.22735790131168,0.25359150530918,-0.027482823235478,3.4103796325104997e-13,,0.5475628588326105,AGN
2CXO J130859.7-232426,197.24881009415105,-23.407354541232117,308.1383659551837,39.28683631613353,-0.16739537788882,0.031230480949407,-0.19862585883823,0.0,,0.9658286724471352,AGN
2CXO J164007.7+463600,250.03238256415895,46.600193871024274,72.48273939988087,41.51404355062745,-0.12367270455965,0.17863835103061,-0.29606495940037,8.393301898984e-14,,0.9121458008377943,AGN
2CXO J174123.7-534617,265.34908619072826,-53.771475546368286,338.1311598490792,-12.097016939499529,-0.12242348532167,0.062460961898813,-0.18363522798251,7.140858189504e-14,,0.6616722922031486,AGN
2CXO J070912.3-004625,107.30129940094952,-0.7737236083004208,215.65007154508396,3.5984198734991804,0.25733916302311,0.2261086820737,0.032479700187383,3.3196284406186997e-13,,0.10514853225410299,stellar
2CXO J223718.6+343405,339.32770146700625,34.56815677923093,93.85312940668614,-20.620720447683865,-0.081199250468457,0.0049968769519051,-0.084946908182386,9.3261495719936e-14,,0.3811725184566187,stellar
2CXO J132615.7-424655,201.56542173620164,-42.7822079956966,309.70558057266334,19.631060041386544,0.67457838850718,0.34978138663335,0.42348532167395,1.2098429196581e-13,,0.06856851126504623,stellar
2CXO J110215.0-610733,165.56282325330835,-61.12630631262335,290.13587138740854,-0.9968316616290456,-0.45471580262336,-0.09369144284822,-0.37726420986883,6.1047496729919e-14,,0.02826343469594946,stellar
2CXO J234436.2-422455,356.15084241050056,-42.41549406773363,340.3069679127317,-69.53317127798745,-0.3735165521549,-0.088694565896315,-0.29356652092442,2.2315238673250998e-13,,0.9933990425442858,AGN
2CXO J002651.2+640342,6.71333435058142,64.06174709376045,120.2470480893337,1.3182342302128645,-0.19362898188632,-0.11867582760775,-0.076202373516552,2.4318645313431e-14,,0.013982666923865761,stellar
2CXO J122700.8+214758,186.7534838201693,21.799755734801927,255.42112066628596,82.30318400200458,-0.25983760149906,0.0024984384759525,-0.26233603997502,1.0242254254918e-13,,0.970385453888303,AGN
2CXO J205554.4+253633,313.9770000972753,25.609409495171622,70.65556923636183,-12.571980121467316,-0.0062460961898814,0.087445346658338,-0.09369144284822,7.1700077350472e-14,,0.6594720971838925,AGN
2CXO J104757.7+124956,161.9903970884135,12.8324387501134,233.12048940786053,57.790910516756696,-0.316052467208,0.0,-0.31480324797002,7.3194687419605e-14,,0.992425928354641,AGN
2CXO J205649.4+314805,314.2058252262068,31.80159334625049,75.6671893105588,-8.811438787905724,-0.90318550905684,0.18238600874453,-0.92941911305434,1.3311751473091e-13,,0.19489104576017602,stellar
2CXO J112428.6-591630,171.1193301739088,-59.275008539055456,292.0182219365618,1.7415794896889367,0.47845096814491,0.32729544034978,0.1736414740787,2.1611782797315e-14,,0.007298035824039574,stellar
2CXO J094633.0+762711,146.63731365775016,76.45323786918948,134.99595800505492,35.981971688644855,-0.22860712054966,-0.038725796377264,-0.19113054341037,4.6280970840474997e-14,,0.6170462892342661,AGN
2CXO J151344.0-590045,228.4334692186876,-59.01263018375768,320.3634110072226,-1.043676672808065,-0.88819487820112,-0.7945034353529,-0.31105559025609,1.2550089498726e-14,,0.006847966076459826,stellar
2CXO J093630.6+832038,144.12645076624068,83.34422060760681,128.78983053009938,31.39581976729892,-0.30605871330418,0.018738288569644,-0.32229856339788,1.4205760930857e-13,,0.9638724917837308,AGN
2CXO J173636.1-443928,264.15064377515864,-44.657888892452775,345.6526480045573,-6.744243677125826,-0.034978138663335,0.087445346658338,-0.12242348532167,2.1325048634404998e-13,,0.4479142700397582,stellar
2CXO J215629.5-693905,329.1230966584145,-69.65152892236755,321.39821825365345,-40.627032075050415,-0.27108057464085,0.099937539038101,-0.36227357901312,4.4373080426672e-14,,0.6984146496481461,AGN
2CXO J211130.9-633419,317.878976659184,-63.572143934064414,331.1059166638228,-39.46745333416335,-0.42223610243598,-0.033728919425359,-0.39350405996252,1.3829275323448e-13,,0.9434841348600597,AGN
2CXO J225739.7-411028,344.4157924671449,-41.17475645489683,354.53290880099007,-62.77698678250312,0.72329793878826,0.41973766396002,0.43347907557776,2.3112229070762e-13,,0.8491082354550269,AGN
2CXO J132726.5-423824,201.86080390294603,-42.64007940892358,309.95560265726294,19.740100582364217,-0.1211742660837,0.062460961898813,-0.18238600874453,1.0752930468226e-13,,0.542618182521591,AGN
2CXO J234209.8-512005,355.5407042680955,-51.33482526839529,326.66901535529485,-62.48181593165438,-0.27982510930668,-0.016239850093691,-0.26483447845097,1.4966167893185e-13,,0.9824030284146626,AGN
2CXO J103141.0+350615,157.92101561691857,35.1044092501005,189.19841870279643,59.21545211111092,-0.13616489693941,0.036227357901312,-0.17114303560275,1.8997407652640998e-13,,0.9603358703451323,AGN
2CXO J133615.5-295757,204.0648524278188,-29.9657050034826,314.37047191897614,31.908549995431613,-0.25858838226109,0.12866958151156,-0.37226733291693,6.9794303133631e-14,,0.7831874864178048,AGN
2CXO J030414.0-435850,46.05839669884875,-43.98065841572917,254.01167430306347,-58.4871735471593,-0.25733916302311,0.043722673329169,-0.29731417863835,3.9229769842094996e-13,,1.0,AGN
2CXO J041457.1+054223,63.73820241496276,5.706498954509055,187.03612262278017,-30.89242675149528,-0.048719550281074,0.14865708931918,-0.1948782011243,2.8618400175905e-13,,0.9307587212917963,AGN
2CXO J213508.5-010207,323.7855111060305,-1.0352330407893973,53.44089008491858,-36.23939062136888,0.3735165521549,0.20112429731418,0.18488444722049,3.0280065168395e-13,,0.7261003114154809,AGN
2CXO J174621.6-285504,266.590063324448,-28.917874040605223,0.0999211606989806,-0.1288012117073278,0.98688319800125,0.99937539038101,-0.99937539038101,1.5452994483208e-13,,0.0013863390928725702,stellar
2CXO J215722.4-694743,329.3435317491644,-69.79533227057325,321.18580984641795,-40.60428394704588,-0.097439100562149,0.09369144284822,-0.18863210493442,1.0735112039509999e-13,,0.8761998789916641,AGN
2CXO J051716.4-520246,79.31830905889012,-52.04630720120537,259.2188089038476,-35.32183301348432,-0.28482198625859,0.034978138663335,-0.316052467208,1.0000486586305e-13,,0.9372973386671947,AGN
2CXO J174541.1-290126,266.4213206612417,-29.024078329780263,359.93241358116325,-0.0579889303352785,0.19237976264834,0.62585883822611,-0.49344159900062,0.0,,0.017952904488348003,stellar
2CXO J022237.1+422157,35.65475439408368,42.36602111271827,140.38828667415572,-17.394031062971937,0.33728919425359,0.13366645846346,0.21236727045596,5.1751415865238997e-14,,0.10372624718173284,stellar
2CXO J104348.6-593244,160.95266856343994,-59.54564957140514,287.39229837748115,-0.5808304561034608,-0.29606495940037,-0.30356027482823,0.038725796377264,1.3490570948438e-15,,0.005,stellar
2CXO J200329.2-232224,300.8717780067756,-23.373605710509235,18.56171948747592,-25.691123947542074,-0.57089319175515,-0.23985009369144,-0.38226108682074,1.8048164282266e-13,,0.7770584448254564,AGN
2CXO J080612.2-005537,121.5511570341655,-0.9270551021518558,222.55053662294245,16.129208135156766,-0.071205496564647,0.062460961898813,-0.13366645846346,3.4325787442321e-13,,0.6650896905690971,AGN
2CXO J232354.8+585000,350.9783806745338,58.83339808897767,111.80359144350868,-2.1343383387950703,-0.58338538413492,-0.49718925671455,-0.1211742660837,1.2000373423754e-14,,0.014021210277321497,stellar
2CXO J043542.8+693534,68.92855227897599,69.59297745655027,140.33733706726338,14.722836511661775,-0.20237351655215,-0.088694565896315,-0.11617738913179,9.827905418312399e-13,,0.40648732231703866,stellar
2CXO J052443.7-694025,81.18188697680688,-69.67359371592396,280.3471140591255,-32.80525339864141,0.8369768894441,0.20487195502811,0.75452841973766,1.2827590965654e-14,,0.3313236697828827,stellar
2CXO J174539.7-290142,266.4154300998282,-29.0285611963231,359.925903851684,-0.0559275835817575,0.58088694565896,0.64334790755778,-0.12492192379763,0.0,,0.0064744756102700874,stellar
2CXO J010224.7-213435,15.603105744570485,-21.576425236836588,147.74885090216853,-83.91212014180725,0.12242348532167,0.13241723922548,-0.0099937539038102,6.944103272661899e-14,,0.5826301866984575,AGN
2CXO J121434.1-651926,183.6420807536192,-65.3240285652111,299.09315114431456,-2.727448708678244,-0.21611492816989,-0.11118051217989,-0.10743285446596,1.9268796144789e-14,,0.02597632893823809,stellar
2CXO J094626.3+762536,146.61009178864322,76.42675419224602,135.0267490080578,35.99298961156428,0.51342910680824,0.25234228607121,0.29356652092442,4.1400705929929996e-14,,0.12925465486594018,stellar
2CXO J181032.7-191754,272.63662074044714,-19.298579447635483,11.18466758664418,-0.0928945189898848,-0.53216739537789,-0.11492816989382,-0.44347282948157,4.5189169088197996e-13,,0.0618002968505244,stellar
2CXO J093507.4+831225,143.78094126544363,83.2072060152345,128.94533951197923,31.44872888284848,0.99937539038101,0.66708307307933,0.99937539038101,9.4290913795818e-14,,0.5307176779031978,AGN
2CXO J030959.5+271619,47.49823498786509,27.271954611489434,157.20878484618564,-26.22559054111352,0.034978138663335,0.059962523422861,-0.023735165521549,1.0790467772541999e-13,,0.6286655314667291,AGN
2CXO J190845.7+000918,287.1908409694181,0.1550182858337211,35.04812477316031,-3.783239543837396,0.64334790755778,0.3422860712055,0.38600874453467,7.7961159666894e-14,,0.05885895446197537,stellar
2CXO J115441.5-193721,178.6732271148087,-19.622818038679387,285.0456554853628,41.2697330543234,-0.19862585883823,0.013741411617739,-0.21111805121799,3.2125474382360997e-13,,0.9860247140348727,AGN
2CXO J230744.9-223808,346.9373488351682,-22.63568865017437,38.02873217339917,-66.10401332309054,-0.35103060587133,0.017489069331668,-0.36477201748907,6.060719333038099e-14,,0.9599179025296699,AGN
2CXO J012823.9-733011,22.09962066672801,-73.50329614428871,299.33598121926804,-43.365949955750224,0.072454715802623,0.22361024359775,-0.15490318550906,4.3278650238288e-14,,0.2978241780031587,stellar
2CXO J174535.2-290250,266.39692414047704,-29.047488223564823,359.9013188225547,-0.0519788446428284,0.99937539038101,0.99937539038101,-0.99937539038101,0.0,,0.0013863390928725702,stellar
2CXO J035934.7-673756,59.89491794393064,-67.63239497350325,281.37127778965475,-40.73066475387478,0.089943785134291,0.10243597751405,-0.011242973141786,2.3156589430029997e-13,,0.5669785615402592,AGN
2CXO J195853.8+404452,299.7249259995026,40.74803065526013,76.14559081859332,5.855557190945016,0.39725171767645,0.26358525921299,0.14865708931918,1.735411129151e-14,,0.0644915375095781,stellar
2CXO J204418.4-502420,311.07652159962004,-50.40563005310437,348.6139390563393,-38.28436847995872,-0.63585259212992,-0.27482823235478,-0.43597751405372,1.5435646886866e-13,,0.5928896464338624,AGN
2CXO J203212.7+412951,308.0531399379445,41.49753150517105,80.25598760182599,1.052987055814557,0.63960024984385,0.39850093691443,0.3210493441599,2.3343838756134e-13,,0.0034682365183742936,stellar
2CXO J065912.2-554958,104.80119210505472,-55.83307939625568,265.93966007728494,-21.121561568629687,-0.44971892567146,-0.12242348532167,-0.34603372891943,5.0099660864651e-14,,0.49182642863374004,stellar
2CXO J003701.9-011911,9.258013318849464,-1.3199309070060072,114.70705775905772,-63.96138517516844,0.034978138663335,0.10993129294191,-0.076202373516552,1.2954161075987e-13,,0.7832079718800264,AGN
2CXO J112443.8-592203,171.18257498401815,-59.367622199122,292.0792188797927,1.6647600031090268,0.36727045596502,0.087445346658338,0.28607120549656,1.6576332699349e-14,,0.0064744756102700874,stellar
2CXO J104831.5-251341,162.1315268898829,-25.228217357237003,270.7288294633146,29.848847292948413,-0.27232979387883,-0.13491567770144,-0.13866333541537,2.4091591599885e-14,,0.22633275516030918,stellar
2CXO J174539.9-285937,266.4162682617243,-28.99379466500462,359.955961964181,-0.0384416042722043,0.99937539038101,0.8157401623985,0.99937539038101,4.5356765303196e-16,,0.0009590960029884197,stellar
2CXO J135048.4+683348,207.70170509059065,68.56347585646243,114.94618373612424,47.63370612908607,-0.35103060587133,0.01998750780762,-0.368519675203,1.8983888887267e-13,,0.9679186355644738,AGN
2CXO J071019.7-562504,107.5823777650279,-56.41795974071503,267.0564257131611,-19.83696969667304,-0.2261086820737,0.11118051217989,-0.32854465958776,2.4390015727496997e-13,,0.6390054486398067,AGN
2CXO J122612.6+125645,186.55261210854303,12.94592909091956,279.0951456042285,74.63804198742292,-0.19362898188632,-0.044971892567146,-0.1474078700812,7.1753391175173e-15,,0.42213062794336,stellar
2CXO J074233.3-143200,115.63911540201924,-14.533458928374202,231.71038506329467,4.366759321779465,0.067457838850718,0.15115552779513,-0.084946908182386,2.6978958454529997e-13,,0.3322929223313848,stellar
2CXO J170059.1-462128,255.24631529507397,-46.35792501502927,340.6784265218782,-2.595583926973764,-0.58338538413492,-0.30356027482823,-0.33853841349157,4.0599434399431e-14,,0.02437202653296582,stellar
2CXO J124813.0-031959,192.054347075072,-3.333262729089167,301.34677213702315,59.52857231882169,-0.32604622111181,-0.023735165521549,-0.30356027482823,6.0589919918675e-13,,0.9970818974255018,AGN
2CXO J155259.0+273459,238.24602959835968,27.583115563431694,44.42142865502814,49.9202563861354,-0.16739537788882,0.1211742660837,-0.28232354778264,1.0097370064114e-13,,0.9677821910203624,AGN
2CXO J195936.0+405002,299.90035565087976,40.83394386685299,76.28857000909855,5.786356328433063,0.01998750780762,0.042473454091193,-0.022485946283573,1.6060150683305e-14,,0.16377744077579431,stellar
2CXO J224237.5+531027,340.6564518875779,53.17415565971391,104.23130519699104,-4.9556962446231525,0.43472829481574,0.21861336664585,0.22485946283573,1.2960172572435e-14,,0.03583626692437656,stellar
2CXO J022444.0-001003,36.18356892134551,-0.1676123903343267,166.50798214100809,-54.94376190450231,-0.26358525921299,0.0062460961898814,-0.2685821361649,1.0194907511603999e-13,,0.9887229391207936,AGN
2CXO J205806.3+052317,314.52652520989136,5.38815804550517,53.733036529286174,-24.98275037394016,0.0,0.14241099312929,-0.14366021236727,1.1833248672719998e-13,,0.8464040083136415,AGN
2CXO J042902.9-613530,67.26249530772026,-61.591712417484736,272.4244316589403,-40.35597064950584,-0.39225484072455,0.059962523422861,-0.4422236102436,2.7082671064432e-13,,0.8526197764940616,AGN
2CXO J212725.4-120934,321.8560867940795,-12.1599996241145,39.91310594787664,-40.05559062901471,0.14865708931918,0.20861961274204,-0.06371018113679,8.599456297168499e-14,,0.565781221565476,AGN
2CXO J052304.5+333529,80.7691317166043,33.59156353413729,173.47704534324208,-1.5197281100993325,0.53716427232979,0.33728919425359,0.2423485321674,3.5639781925016e-14,,0.0048454350958609905,stellar
2CXO J203502.3+412816,308.75966404279893,41.47138515526738,80.55041993951102,0.6123624067413767,0.70206121174266,0.40724547158026,0.41224234853217,4.8643619104891e-13,,0.016671020087100686,stellar
2CXO J194938.2-550135,297.4093345540549,-55.02658773692897,342.8293205148972,-30.11912061866776,-0.2423485321674,-0.047470331043098,-0.19612742036227,1.1105137675857999e-12,,0.9274525001949421,AGN
2CXO J174535.7-285928,266.3987593113045,-28.991398970289804,359.9500276423568,-0.0241215008982735,0.98563397876327,0.9893816364772,-0.19362898188632,1.9588256422260998e-14,,0.0070265999654099244,stellar
2CXO J053959.4+771644,84.99781845693275,77.27900748259285,136.05610253223497,22.62391882940319,-0.12242348532167,0.10493441599001,-0.22485946283573,1.0280932050790999e-13,,0.7291775380721636,AGN
2CXO J104348.3-593250,160.95136982746726,-59.54745187398888,287.3925653773115,-0.582730536289476,-0.49968769519051,-0.19113054341037,-0.32854465958776,2.3601407913316e-15,,0.0,stellar
2CXO J093245.0+790820,143.18772550766835,79.13891495222661,132.88677512581947,33.80339353159813,-0.15615240474703,-0.0087445346658339,-0.14615865084322,4.2023288049157e-14,,0.31509140482533526,stellar
2CXO J150358.5-025243,225.99408468354363,-2.878779708401315,354.96231908814383,46.1722206803406,0.95190505933791,0.81698938163648,0.5946283572767,1.6391569083204e-13,,0.7669175391725399,AGN
2CXO J053412.8-045035,83.55355582978444,-4.843221687766417,208.36754635175544,-19.371297762646304,-0.69831355402873,-0.23485321673954,-0.55215490318551,2.7652146886768e-13,,0.10170679598658669,stellar
2CXO J161534.9-533233,243.89577090374476,-53.54264762324441,330.4679398008726,-1.9593379997232807,0.58463460337289,0.1998750780762,0.43347907557776,2.2986736504264e-12,,0.1432694038628116,stellar
2CXO J130921.3-232512,197.3391170092275,-23.42013702856025,308.2435293058736,39.26673764873818,-0.21986258588382,0.036227357901312,-0.25359150530918,3.7387681797298e-14,,0.7755352420364647,AGN
2CXO J221412.8-165321,333.55383899607364,-16.889346641822144,40.36218158218129,-52.31880470660952,0.41848844472205,0.26608369768894,0.16989381636477,6.5337347743606e-14,,0.8121228628709379,AGN
2CXO J175130.8-293736,267.87834524440586,-29.62683668999421,0.0709605883939539,-1.4571897312222526,0.72954403497814,0.2735790131168,0.56964397251718,1.2991171544109999e-14,,0.0047446443915823144,stellar
2CXO J043934.4+051949,69.8937668672354,5.330270273131834,191.39267071935785,-26.092523322529946,0.077451592754528,0.17114303560275,-0.096189881324172,3.7063734574806997e-13,,0.5821448937707355,AGN
2CXO J122429.6+130430,186.12385672093285,13.075110558156013,277.45342063157244,74.59827637856715,-0.50218613366646,-0.21736414740787,-0.31480324797002,1.2792790764725e-13,,0.7615167808622274,AGN
2CXO J142040.4+414404,215.16833063534364,41.734498052505685,77.35713884050732,66.63128451442738,-0.35103060587133,-0.026233603997502,-0.32854465958776,1.2672482171358e-13,,0.9968037488832465,AGN
2CXO J112518.7-591324,171.32808166702773,-59.223536261943686,292.1021835634542,1.8252401987887783,0.49843847595253,0.089943785134291,0.42473454091193,1.5903757900159e-14,,0.015667288772037855,stellar
2CXO J020818.7+105313,32.07828109771623,10.886954452415733,151.61217372165612,-47.65817244773639,0.40724547158026,0.26483447845097,0.15990006246096,6.228957393319e-14,,0.7828089219035022,AGN
2CXO J205128.6-083127,312.869404422201,-8.524158822165623,39.170896538414205,-30.51735206662082,0.0074953154278576,0.038725796377264,-0.02998126171143,2.7666074976297997e-13,,0.5140505454170743,AGN
2CXO J103829.8-581612,159.62422716850813,-58.27004536186872,286.1790031222875,0.2100926005984704,-0.92192379762648,-0.65708931917552,-0.67207995003123,8.3082297052134e-14,,0.0,stellar
2CXO J104347.7-593329,160.94913247116926,-59.55812586801012,287.3965867052724,-0.592682932986113,-0.36227357901312,-0.21111805121799,-0.13241723922548,5.834791050805e-16,,0.0019719662058371736,stellar
2CXO J175153.3-294244,267.9723984807098,-29.712371883776648,0.0390408304089503,-1.5711048052271557,0.99937539038101,0.6945658963148,0.99937539038101,3.4366425760361e-14,,0.0027726781857451404,stellar
2CXO J151341.5-590043,228.42309513823025,-59.01195039383107,320.3591928499654,-1.0403295976550946,-0.92442223610244,-0.87445346658339,-0.26108682073704,4.8215086116905e-14,,0.011800838353797779,stellar
2CXO J104646.6+123357,161.6944742505841,12.566066069006636,233.26729056375103,57.40606658803545,-0.13241723922548,0.087445346658338,-0.21611492816989,1.0584137487351e-13,,0.91585353378616,AGN
2CXO J233150.7-505927,352.9613448608577,-50.99089585631221,329.86431345567354,-61.77215326184072,-0.10493441599001,0.13991255465334,-0.24109931292942,1.2735787640829e-13,,0.9798126970168659,AGN
2CXO J010414.7-214753,16.061513544943466,-21.798345561475077,152.28213452349254,-83.92609177100653,-0.23735165521549,0.047470331043098,-0.28107432854466,5.6951813678384e-14,,0.9104317666758496,AGN
2CXO J155033.4+623939,237.63930867291515,62.66101452280101,96.1869748057188,44.04135199643223,0.42973141786383,0.16989381636477,0.27857589006871,1.4462170530934998e-13,,0.470046335822367,stellar
2CXO J153539.8-503501,233.915885111051,-50.58368143659907,327.6515653691657,4.235059907720889,0.54840724547158,0.53216739537789,0.022485946283573,5.795717757198199e-13,,0.3258505038163,stellar
2CXO J000027.4-500421,0.1141131385149947,-50.07275926017428,322.55917713632056,-65.067958348291,-0.1261711430356,0.15490318550906,-0.27607745159275,1.0938042238171e-13,,0.9842040923193071,AGN
2CXO J070415.9-112356,106.06646554824124,-11.398915923361276,224.53168954543892,-2.3677536140765207,-0.48219862585884,-0.20986883198001,-0.30106183635228,2.4859661265027e-13,,0.005945492614317061,stellar
2CXO J150105.5+014330,225.2732739290475,1.7252253768874797,359.1840857261624,49.88158587025831,0.16739537788882,0.17613991255465,-0.0099937539038102,1.5809016529854e-14,,0.8323498831023283,AGN
2CXO J214728.1-464142,326.867312852634,-46.69490812978164,351.83060446228984,-49.10613441321496,-0.11992504684572,0.04996876951905,-0.1686445971268,1.7295908430222e-13,,0.9592402221192596,AGN
2CXO J155459.9+662248,238.74997295979404,66.38033143762024,100.2480536982842,41.7574741548887,-0.22735790131168,0.02998126171143,-0.25608994378513,3.5975432130395e-14,,0.7531194070800946,AGN
2CXO J174538.1-290227,266.4091176770379,-29.04102961667227,359.9123858359713,-0.0577123833120557,0.99937539038101,0.84322298563398,0.99937539038101,3.0597630567728005e-16,,0.0,stellar
2CXO J175111.5-293532,267.79820559235304,-29.59244636858124,0.0649558308030343,-1.3797224799639134,0.8844472204872,0.5633978763273,0.63460337289194,,,0.05900971080939131,stellar
2CXO J122948.3+075932,187.45126888044516,7.992335348429655,286.94593551611604,70.18977076145708,-0.5683947532792,-0.18113678950656,-0.42848219862586,3.5357373984271003e-15,,0.5415261562272776,AGN
2CXO J111512.8-610558,168.80334245733775,-61.09943209248696,291.5698333663083,-0.3684084159703854,0.80824484697064,0.65209244222361,0.31855090568395,5.5412584609047e-14,,0.01503408048017025,stellar
2CXO J052455.7-693751,81.2322161166399,-69.63080528630529,280.29332042870345,-32.795633461084186,0.99937539038101,0.90943160524672,0.67582760774516,2.0129739146618e-14,,0.38632168690074276,stellar
2CXO J082658.3+635855,126.74319448234974,63.98217553683344,152.09296106374228,34.59950979323822,0.88069956277327,0.56089943785134,0.6208619612742,1.7569462632069e-13,,0.8221289087076183,AGN
2CXO J044207.0-490013,70.52908063991862,-49.00375522521767,255.64531743250316,-41.025387464487096,-0.21361648969394,-0.0012492192379763,-0.21236727045597,1.5533284973293e-13,,0.9669662649387806,AGN
2CXO J031558.4-022746,48.993551144332,-2.462923319537043,183.70005736811456,-47.53758357071245,-0.20487195502811,0.052467207995003,-0.25484072454716,5.9876116156748e-14,,0.9497896347467183,AGN
2CXO J234328.7-152449,355.869873208753,-15.413670649593907,66.06356792041767,-70.34366211260706,-0.23110555902561,0.031230480949407,-0.26108682073704,1.1042227215396999e-13,,0.9978238874644407,AGN
2CXO J124525.4+032319,191.35593175361944,3.3887943241390173,299.2078929505849,66.2170453282645,-0.14865708931918,0.014990630855715,-0.16364772017489,1.1774135490700999e-13,,0.9467709084298128,AGN
2CXO J172259.7-340439,260.74903328162566,-34.07765475704128,353.0665381083863,1.2586791934103745,-0.34103685196752,-0.10868207370394,-0.24109931292942,2.4067461162076e-13,,0.010788057793026808,stellar
2CXO J174539.9-290140,266.4164619650169,-29.028022439263257,359.92683375144577,-0.0564170608137374,0.82698313554029,0.83947532792005,-0.059962523422861,5.7541128640594e-16,,0.005,stellar
2CXO J130952.4-232301,197.46871772354905,-23.383811323037992,308.40082112199747,39.292077131385135,0.45346658338538,0.26733291692692,0.19237976264834,4.2406340789652e-15,,0.22653536631111204,stellar
2CXO J022242.1+422402,35.675692275433846,42.40064948134174,140.3902810291408,-17.356153734898044,0.22485946283573,0.19737663960025,0.028732042473454,6.0512474747862e-14,,0.1858681557992924,stellar
2CXO J191643.6-154751,289.1819373032436,-15.79758166722779,21.466744375492173,-12.617657874814256,-0.38975640224859,0.60587133041849,-0.78575890068707,1.3343636807104e-13,,0.24723770675098716,stellar
2CXO J010229.9-492426,15.624717760317369,-49.40725455591704,298.2028775972414,-67.61931065437194,0.47220487195503,0.29856339787633,0.1998750780762,4.7465380914775996e-14,,0.588832147056335,AGN
2CXO J022215.6+420830,35.56518073700704,42.14174967024174,140.40832273564058,-17.62711526297303,-0.36477201748907,-0.024984384759525,-0.3422860712055,7.618215679662e-14,,0.24958711639915457,stellar
2CXO J171648.2-624923,259.20083238616985,-62.82333806155207,328.47707697728566,-14.035650194336428,-0.14241099312929,0.19612742036227,-0.33853841349157,1.4712355425324e-13,,0.5502561976881798,AGN
2CXO J144443.8-622020,221.1828690674979,-62.338960299694,315.6665315877066,-2.301856443552452,0.96814490943161,0.60587133041849,0.87695190505934,7.005523681340699e-14,,0.021344973399520968,stellar
2CXO J015726.2-054624,29.359288271372293,-5.77347680208276,162.21362806898722,-63.49306233673462,-0.25858838226109,0.028732042473454,-0.28482198625859,9.4645224056179e-14,,0.9937519176534321,AGN
2CXO J015834.1-432744,29.64241130240839,-43.46246506554121,267.5713284013811,-68.76813599319911,-0.368519675203,0.077451592754528,-0.43472829481574,7.5136246524291e-14,,0.9489697773345901,AGN
2CXO J112829.5+583202,172.12297801158513,58.53410117020948,141.93998730851436,55.42685354156799,0.91692692067458,0.86695815115553,0.23610243597751,1.3791202470251e-13,,0.9169256112897851,AGN
2CXO J185604.1+011125,284.0174506419037,1.1902655217579836,34.51929866848305,-0.4875925247184439,-0.9156777014366,-0.5633978763273,-0.72704559650219,3.2376585230692e-14,,0.0064744756102700874,stellar
2CXO J041648.4-234831,64.20194770531293,-23.80872753722497,220.79584538674283,-43.84464638819697,-0.27482823235478,0.067457838850718,-0.33603997501562,1.6621241159999e-13,,0.9850254703793151,AGN
2CXO J051218.7+602401,78.07794913816917,60.40043106743438,150.24824775477023,12.252263659947552,0.31605246720799,0.1948782011243,0.12991880074953,1.2044454823289e-13,,0.1217837284519948,stellar
2CXO J094600.6+761950,146.50282272697206,76.33076113919392,135.14007586501415,36.03106272226567,-0.074953154278576,0.12242348532167,-0.19737663960025,1.0066571563053999e-13,,0.8023744637029582,AGN
2CXO J023031.0+183356,37.62973920956853,18.565954696859745,153.3732639025999,-38.37938293823874,0.068707058088695,0.11617738913179,-0.047470331043098,1.5604535763617e-13,,0.6720175950578602,AGN
2CXO J065054.8+411658,102.72856200552724,41.2829443257587,174.89058360572636,17.416763085650405,0.0037476577139288,0.13741411617739,-0.13366645846346,1.4121796859678e-13,,0.662256117057327,AGN
2CXO J102043.8+081421,155.18290167078294,8.239376081557754,233.71971920954985,49.68311875400442,-0.82698313554029,-0.36102435977514,-0.66458463460337,5.794033934223199e-13,,0.08440052811196633,stellar
2CXO J084206.4-173409,130.52655645068512,-17.569152113467585,242.0600528319349,14.852556546729216,-0.88569643972517,-0.46970643347908,-0.71455340412242,4.8383302364333e-14,,0.05418346292125247,stellar
2CXO J120803.9-385810,182.01659695150727,-38.9696124549278,293.7806709196479,23.130215180922725,-0.23360399750156,0.042473454091193,-0.2735790131168,2.0682212003812e-13,,0.9781128332083139,AGN
2CXO J225317.7-141559,343.3241448692679,-14.266599059778764,52.0032897850558,-59.63525414345708,-0.92692067457839,-0.58713304184884,-0.7420362273579,2.8286424627764e-13,,0.03210748513299595,stellar
2CXO J121512.2-652556,183.801008406836,-65.43247676482603,299.17413941130513,-2.825435914486314,-0.72454715802623,-0.34103685196752,-0.50843222985634,1.7454128793719e-14,,0.007043064742927429,stellar
2CXO J174537.9-290230,266.4083464928842,-29.041809196853787,359.911369149344,-0.0575430597823521,0.99937539038101,-0.63335415365397,0.99937539038101,0.0,,0.0015524632320154592,stellar
2CXO J223710.3+342348,339.2929686592797,34.39682851883644,93.73081402843708,-20.75140676248096,0.38975640224859,0.15740162398501,0.2473454091193,4.7986929842169e-14,,0.1256217541689871,stellar
2CXO J131420.1+131958,198.5838566987644,13.332877000664652,325.2660940876595,75.20259986495856,-0.87070580886946,-0.41224234853217,-0.71705184259838,1.3653936549947e-13,,0.24943077544571202,stellar
2CXO J073137.8+313944,112.90784835751458,31.662226443037987,187.4490564716262,21.809541297843747,-0.20112429731418,0.10618363522798,-0.30106183635228,1.2044495460474e-13,,0.8716897181177379,AGN
2CXO J052553.4-660451,81.47257224331076,-66.08082905764822,276.09354948901046,-33.2579846499026,-0.72204871955028,-0.47970018738289,-0.37101811367895,4.8259094934203e-14,,0.23088588376092212,stellar
2CXO J012903.9-732329,22.26652192192762,-73.39156050484564,299.24128896931506,-43.466023389674994,-0.10868207370394,0.20737039350406,-0.30980637101811,4.7900140634789e-14,,0.7558560417272389,AGN
2CXO J225940.1-350243,344.9171560078624,-35.04544862492923,7.641320898356027,-64.89398404880056,0.58213616489694,0.28732042473454,0.35352904434728,2.7111210519653e-13,,0.6062289274880515,AGN
2CXO J003631.8-332859,9.1327244919529,-33.483179197030914,328.86284536747905,-82.8785672657512,-0.40849469081824,-0.026233603997502,-0.38600874453467,7.4954081799853e-14,,0.9042309200734131,AGN
2CXO J170048.2-461444,255.2009744547736,-46.24581760269351,340.74773808928296,-2.502017484088746,-0.81698938163648,-0.39100562148657,-0.62211118051218,5.5695344811687e-15,,0.005590146815159558,stellar
2CXO J044035.9+502133,70.14976975520341,50.35927166268928,155.43394463607876,2.53974803702718,0.69206745783885,0.37101811367895,0.42848219862586,1.2243649697061e-13,,0.042475551185950096,stellar
2CXO J131017.9-232033,197.57467849328816,-23.34266846170325,308.53095777518223,39.32394554442239,-0.2211118051218,0.15490318550906,-0.36602123672705,5.4127356366665e-14,,0.846095131552543,AGN
2CXO J003930.0+031856,9.875078981168995,3.3158180015930703,117.06792677778895,-59.419943185145655,-0.069956277326671,0.076202373516552,-0.14490943160525,6.5465122690757e-14,,0.8387113716696973,AGN
2CXO J052517.2-694310,81.32154703780435,-69.71951833173664,280.3906442129822,-32.74941418283001,-0.19612742036227,0.29106808244847,-0.46346033728919,2.8075866271542e-14,,0.3808674683076751,stellar
2CXO J053846.1-691144,84.69200213685701,-69.19560061433795,279.57492977963454,-31.655658397433204,0.49718925671455,0.31230480949407,0.21361648969394,9.0479753470102e-15,,0.20395420920209734,stellar
2CXO J125342.3+273651,193.42651780550045,27.61438186995707,77.05311265374314,89.30007954129307,-0.19362898188632,0.058713304184884,-0.24984384759525,5.8752783691828e-14,,0.9003227940419319,AGN
2CXO J140659.0+341446,211.7460786164393,34.24613378343711,61.25344441407472,72.30436246380457,-0.30980637101811,0.014990630855715,-0.32354778263585,2.7259713909345e-14,,0.5909329037230415,AGN
2CXO J021831.8+570747,34.63279485598241,57.12989806172878,134.57150053232786,-3.7605353035506695,0.4159900062461,0.21111805121799,0.22361024359775,4.9789191924867e-14,,0.03044065346440052,stellar
2CXO J165402.0-415419,253.5083496176121,-41.90546137505978,343.3862545639329,1.1525964847453318,-0.65459088069956,-0.30730793254216,-0.40224859462836,1.9616498129855e-15,,0.005858305298709744,stellar
2CXO J174806.1-244617,267.0257240668842,-24.77163147353949,3.848426113978288,1.6863544316566823,0.91317926296065,0.65708931917552,0.6371018113679,1.8761128181297e-14,,0.009854575611246865,stellar
2CXO J125237.8-602235,193.15758644294957,-60.37641745153316,303.0794195398356,2.4949886405558184,0.022485946283573,0.37226733291693,-0.36477201748907,5.4332948117214e-13,,0.25940667743335266,stellar
2CXO J181123.2-191615,272.84698594371685,-19.270968911340763,11.304572778750751,-0.2535551263340722,0.84447220487195,0.83322923173017,0.022485946283573,8.5020323474344e-14,,0.008125322247207089,stellar
2CXO J124849.0-411844,192.20439985201224,-41.31245403154786,302.4028824639383,21.55660190718445,-0.96814490943161,-0.84697064334791,-0.64584634603373,1.3640394799912e-14,,0.0337892463156709,stellar
2CXO J191531.4-241123,288.88108422107507,-24.18991303870735,13.442717747040268,-15.783903819424395,-0.21486570893192,0.0024984384759525,-0.21736414740787,3.0868838925734e-14,,0.39478332143388734,stellar
2CXO J151317.2-590138,228.32200173497404,-59.02724836857585,320.3067331941688,-1.0265169812763468,-0.90443472829482,-0.87320424734541,-0.14615865084322,4.0079709625569e-14,,0.01017274704117888,stellar
2CXO J023630.1+593922,39.125423744256864,59.656331284669214,135.85098610145508,-0.553934874903744,0.8682073703935,0.57838850718301,0.56589631480325,8.5999556434531e-14,,0.009618269383215767,stellar
2CXO J125843.1+280501,194.6798267182121,28.08376180279129,63.99125980933898,88.12517489153137,-0.14490943160525,0.13991255465334,-0.27982510930668,1.3929283247028e-14,,0.4236473261714108,stellar
2CXO J122948.6+075943,187.4524830417325,7.995439400956279,286.94710613741364,70.19307582566802,-0.27982510930668,-0.0074953154278576,-0.2735790131168,6.3740307492222e-15,,0.5552669659584961,AGN
2CXO J053836.7-690929,84.65324074363383,-69.15818426476972,279.5331141785385,-31.673634642875943,0.99937539038101,0.55965021861337,-0.26108682073704,0.0,,0.6809342936644452,AGN
2CXO J170813.7-251553,257.05710404469403,-25.26487835062751,358.4429935514913,8.95813365755898,0.66208619612742,0.40099937539038,0.35602748282324,3.3312702535349997e-13,,0.1422649551236429,stellar
2CXO J064511.7+001331,101.29920774796052,0.2255298176702203,212.0195741937937,-1.2857096555929342,0.54590880699563,0.31480324797002,0.27732667083073,8.0411295363285e-14,,0.006964926673028249,stellar
2CXO J061552.2-574941,93.96755273608947,-57.82840642523964,266.6192427416751,-27.336722308062125,-0.062460961898813,0.22985633978763,-0.28856964397252,6.8331661384746e-14,,0.7380788624551249,AGN
2CXO J061720.4-574556,94.3352294698418,-57.76572953780998,266.58146586130846,-27.133760781131556,-0.36976889444097,0.036227357901312,-0.3997501561524,6.6364984743805e-14,,0.7548127821588935,AGN
2CXO J111253.2-263049,168.2217949207561,-26.513671368193645,277.0303802254276,31.354288013298,0.056214865708932,0.11617738913179,-0.059962523422861,1.3247641924109e-13,,0.6713006246576784,AGN
2CXO J123619.0+260026,189.07923155946295,26.007453984060085,230.4197322189221,86.43820662742682,-0.5633978763273,-0.20861961274204,-0.40349781386633,6.1271167758495e-14,,0.8556056089963086,AGN
2CXO J165238.1+022202,253.15888619023556,2.3672532959146677,20.64816996590136,27.349571726984102,-0.0024984384759525,0.086196127420362,-0.089943785134291,5.425092436308e-14,,0.34421761211599133,stellar
2CXO J173051.1-212514,262.71316909936263,-21.42069283444432,4.598711372408723,6.824205449237117,0.47470331043098,0.30730793254216,0.1948782011243,1.5953164882557e-14,,0.06786598954195795,stellar
2CXO J174540.3-285932,266.4179249552924,-28.99240222097829,359.9579054270952,-0.0389531394423201,0.87570268582136,0.99937539038101,-0.99937539038101,1.169849909421e-15,,0.0,stellar
2CXO J061535.7-574333,93.89908737524058,-57.72609118058874,266.49937953800674,-27.358307952765635,0.098688319800125,0.22985633978763,-0.13741411617739,6.0881986843683e-14,,0.2807399406467093,stellar
2CXO J203220.8-211019,308.08694085126115,-21.172207113632343,23.494848209439372,-31.22555116474453,0.056214865708932,0.14490943160525,-0.091193004372267,6.7203396520356e-14,,0.5146264489423023,AGN
2CXO J001046.1+210236,2.6921081035524708,21.043408191252777,110.35516757209558,-40.83304529988014,-0.14990630855715,0.098688319800125,-0.24609618988132,2.7759992936555e-13,,0.985239481007669,AGN
2CXO J192920.7+185625,292.3365008020803,18.940358044177923,54.0263024856846,0.5386221008703909,0.19237976264834,0.89818863210493,-0.84697064334791,2.1958771883654998e-13,,0.0165044523744787,stellar
2CXO J122935.8+753018,187.39935236770395,75.50512179670433,124.7554788465175,41.54570789056917,-0.32979387882573,0.012492192379763,-0.34103685196752,1.737705456827e-13,,0.9812838198310684,AGN
2CXO J064327.5-741136,100.86467273474835,-74.19339118846713,285.2127187234971,-26.56290223134255,-0.02998126171143,0.16239850093691,-0.19113054341037,2.1914458208343e-13,,0.8917717993277797,AGN
2CXO J151341.0-590037,228.42100242375025,-59.01048532863387,320.3590294282986,-1.038518334672586,-0.95690193628982,-0.92192379762648,-0.29231730168645,3.0710679764576e-14,,0.004230124344013063,stellar
2CXO J112323.2-370308,170.84689807332484,-37.05231041493303,284.03098490681606,22.56663962933197,-0.47720174890693,-0.13616489693941,-0.36352279825109,3.9512874650172e-13,,0.7724640215510508,AGN
2CXO J173056.5-213627,262.7356922787757,-21.607743625341467,4.451614648964333,6.705504735097299,0.40224859462836,0.23610243597751,0.18238600874453,5.1029969808935e-14,,0.06555826111769553,stellar
2CXO J141311.9-651913,213.2998634984156,-65.32037241976117,311.33521349362223,-3.791250955882455,0.60212367270456,0.30730793254216,0.36227357901312,4.9624352374659995e-14,,0.03895692040043104,stellar
2CXO J113111.5+363724,172.79786746566674,36.62332845539776,178.7221032975636,70.55478362567096,-0.44347282948157,-0.092442223610244,-0.36477201748907,2.4756440620218e-13,,0.959320534282476,AGN
2CXO J122433.5+124851,186.1397107794012,12.814237856978908,277.8865861922332,74.36404935281405,-0.22361024359775,0.026233603997502,-0.24859462835728,1.9994856283296998e-14,,0.5333581488224973,AGN
2CXO J031802.0+415407,49.50858924191874,41.90204876358129,150.07248128862082,-13.115826491907582,-0.40474703310431,-0.11742660836977,-0.30106183635228,5.5913549620466e-14,,0.10090418232330185,stellar
2CXO J001817.8+301332,4.574596401954523,30.22560225056846,114.48012913888611,-32.10170377088198,0.53966271080575,0.35602748282324,0.2261086820737,4.6047732432632e-13,,0.23887683413061953,stellar
2CXO J155359.5-551019,238.498178209642,-55.17218551204504,327.0354705760138,-1.0842598459623434,0.99937539038101,0.68082448469706,0.99937539038101,5.2300065598371e-14,,0.013061421490208917,stellar
2CXO J000258.7+623334,0.7447721258781712,62.55961879901949,117.3819542472642,0.2112025650852568,-0.85571517801374,0.68457214241099,-0.97314178638351,2.0541720007756e-11,,0.12738715678330634,stellar
2CXO J171125.6-393502,257.8569256812356,-39.58412283547711,347.2361336761141,-0.0374759565699272,0.99937539038101,0.53216739537789,0.99937539038101,5.2181003047309996e-14,,0.0013863390928725702,stellar
2CXO J041431.7-583810,63.63211689076968,-58.6362977442725,269.4632778028888,-43.02285931058096,-0.73953778888195,-0.23235477826359,-0.61211742660837,2.6506448612836e-13,,0.29602424033712865,stellar
2CXO J232613.8-122015,351.55828908564126,-12.338161916518567,65.28966747116657,-65.15818807247588,-0.99937539038101,-0.99937539038101,0.036227357901312,2.2416491277261e-14,,0.12618122951612026,stellar
2CXO J112346.0-591122,170.94197731667134,-59.189466172674216,291.9042362983232,1.7922589652502916,0.53716427232979,0.32854465958776,0.24484697064335,2.8855468682259e-14,,0.008015379607281667,stellar
2CXO J031952.6+411707,49.96942426324614,41.285513468477184,150.7161464621126,-13.442087684093767,0.77826358525921,0.40849469081824,0.53966271080575,9.6155504596665e-14,,0.04942935835258952,stellar
2CXO J132520.6-424600,201.3355877575904,-42.76680223514092,309.53054548289293,19.670127365039512,-0.18613366645846,0.024984384759525,-0.20986883198001,1.5419361212701e-13,,0.468413257148361,stellar
2CXO J074423.3+375514,116.0970826636418,37.92065968851389,181.75745861373295,26.167867927498538,-0.8894440974391,-0.49594003747658,-0.70455965021861,1.6740239078182e-14,,0.23238069773214684,stellar
2CXO J091434.7+084351,138.64485534421362,8.73117362786551,222.03320853625985,35.70470504334281,-0.30356027482823,0.011242973141786,-0.31355402873204,7.8404579849982e-13,,0.9966590172786176,AGN
